date,precipitation_sum,temperature_2m_max,temperature_2m_min,relative_humidity_2m_mean,province
2010-01-01,0.0,31.4,24.0,81,chanthaburi
2010-01-02,0.0,31.3,23.8,81,chanthaburi
2010-01-03,0.0,32.8,22.6,78,chanthaburi
2010-01-04,3.9,29.7,24.1,86,chanthaburi
2010-01-05,2.8,30.5,23.9,87,chanthaburi
2010-01-06,4.7,30.6,24.2,84,chanthaburi
2010-01-07,1.4,30.6,23.7,81,chanthaburi
2010-01-08,8.2,30.2,24.1,78,chanthaburi
2010-01-09,0.0,30.3,23.0,72,chanthaburi
2010-01-10,0.5,30.3,22.9,81,chanthaburi
2010-01-11,1.5,29.7,23.4,86,chanthaburi
2010-01-12,1.1,30.8,23.3,83,chanthaburi
2010-01-13,0.7,31.5,23.5,73,chanthaburi
2010-01-14,0.2,30.5,22.4,64,chanthaburi
2010-01-15,0.0,30.6,22.3,64,chanthaburi
2010-01-16,0.0,29.8,22.5,64,chanthaburi
2010-01-17,0.0,30.1,21.8,59,chanthaburi
2010-01-18,0.0,29.9,21.3,56,chanthaburi
2010-01-19,0.0,30.3,21.5,59,chanthaburi
2010-01-20,1.5,27.1,23.6,72,chanthaburi
2010-01-21,7.3,27.6,22.4,89,chanthaburi
2010-01-22,1.5,28.6,23.4,88,chanthaburi
2010-01-23,0.3,30.0,22.1,82,chanthaburi
2010-01-24,0.8,28.7,23.5,85,chanthaburi
2010-01-25,0.1,30.9,22.5,80,chanthaburi
2010-01-26,0.0,31.7,23.5,73,chanthaburi
2010-01-27,0.0,31.7,22.2,71,chanthaburi
2010-01-28,0.7,31.2,22.3,77,chanthaburi
2010-01-29,0.6,30.8,23.3,82,chanthaburi
2010-01-30,1.7,30.1,24.5,83,chanthaburi
2010-01-31,2.8,30.2,24.3,82,chanthaburi
2010-02-01,1.3,29.9,24.4,85,chanthaburi
2010-02-02,1.8,30.4,24.7,83,chanthaburi
2010-02-03,0.8,31.0,23.7,83,chanthaburi
2010-02-04,5.4,30.0,24.6,85,chanthaburi
2010-02-05,1.8,29.9,24.7,86,chanthaburi
2010-02-06,0.2,29.9,24.3,82,chanthaburi
2010-02-07,0.8,30.8,24.0,82,chanthaburi
2010-02-08,1.0,30.2,24.9,83,chanthaburi
2010-02-09,0.0,31.1,23.9,81,chanthaburi
2010-02-10,0.0,31.4,24.1,80,chanthaburi
2010-02-11,0.0,32.0,24.7,79,chanthaburi
2010-02-12,0.5,30.6,25.8,79,chanthaburi
2010-02-13,0.9,30.9,25.0,80,chanthaburi
2010-02-14,2.7,30.4,25.3,81,chanthaburi
2010-02-15,0.6,30.2,25.2,80,chanthaburi
2010-02-16,0.5,31.1,24.9,80,chanthaburi
2010-02-17,1.1,31.1,24.6,79,chanthaburi
2010-02-18,0.6,31.4,24.0,79,chanthaburi
2010-02-19,1.4,32.6,24.1,77,chanthaburi
2010-02-20,4.3,29.3,24.6,84,chanthaburi
2010-02-21,2.9,29.3,24.4,85,chanthaburi
2010-02-22,1.3,30.4,24.9,82,chanthaburi
2010-02-23,1.0,30.5,24.2,84,chanthaburi
2010-02-24,1.2,30.1,25.0,84,chanthaburi
2010-02-25,0.9,31.4,25.0,82,chanthaburi
2010-02-26,0.0,31.3,25.2,82,chanthaburi
2010-02-27,0.0,32.0,25.1,80,chanthaburi
2010-02-28,0.0,31.8,25.1,79,chanthaburi
2010-03-01,0.2,31.9,24.9,79,chanthaburi
2010-03-02,0.0,31.5,25.0,78,chanthaburi
2010-03-03,0.0,31.8,22.7,78,chanthaburi
2010-03-04,0.0,31.5,24.1,77,chanthaburi
2010-03-05,0.0,32.1,23.0,77,chanthaburi
2010-03-06,0.0,32.2,24.0,78,chanthaburi
2010-03-07,0.0,32.0,23.8,78,chanthaburi
2010-03-08,0.0,32.5,24.4,77,chanthaburi
2010-03-09,0.9,32.4,25.2,78,chanthaburi
2010-03-10,0.6,33.1,26.4,62,chanthaburi
2010-03-11,0.0,34.2,24.0,51,chanthaburi
2010-03-12,0.1,34.0,23.5,69,chanthaburi
2010-03-13,0.9,31.5,25.6,78,chanthaburi
2010-03-14,1.0,32.0,25.5,79,chanthaburi
2010-03-15,0.0,32.2,25.7,78,chanthaburi
2010-03-16,0.2,32.8,26.3,79,chanthaburi
2010-03-17,3.1,31.3,25.1,81,chanthaburi
2010-03-18,0.0,35.5,24.9,67,chanthaburi
2010-03-19,0.9,33.0,24.9,75,chanthaburi
2010-03-20,3.0,31.8,25.4,77,chanthaburi
2010-03-21,2.0,31.5,25.9,79,chanthaburi
2010-03-22,0.3,31.4,25.7,81,chanthaburi
2010-03-23,2.0,32.3,25.3,79,chanthaburi
2010-03-24,0.0,32.7,26.1,75,chanthaburi
2010-03-25,0.8,34.0,26.3,76,chanthaburi
2010-03-26,26.7,29.3,23.3,87,chanthaburi
2010-03-27,0.0,32.4,23.5,70,chanthaburi
2010-03-28,0.5,33.5,24.3,74,chanthaburi
2010-03-29,0.8,33.3,25.1,78,chanthaburi
2010-03-30,3.3,30.1,25.1,84,chanthaburi
2010-03-31,9.6,29.7,25.9,86,chanthaburi
2010-04-01,3.1,31.8,24.5,84,chanthaburi
2010-04-02,1.4,31.4,25.3,83,chanthaburi
2010-04-03,16.9,30.2,25.8,87,chanthaburi
2010-04-04,4.1,31.2,26.0,85,chanthaburi
2010-04-05,0.3,31.9,26.7,81,chanthaburi
2010-04-06,0.5,31.7,26.5,82,chanthaburi
2010-04-07,0.0,32.6,26.7,80,chanthaburi
2010-04-08,4.3,31.6,27.0,83,chanthaburi
2010-04-09,0.0,32.3,26.8,78,chanthaburi
2010-04-10,0.0,32.1,26.3,77,chanthaburi
2010-04-11,0.0,31.9,25.7,79,chanthaburi
2010-04-12,0.0,31.8,25.5,78,chanthaburi
2010-04-13,0.0,32.8,25.4,79,chanthaburi
2010-04-14,0.2,32.8,25.9,77,chanthaburi
2010-04-15,3.4,32.9,27.0,79,chanthaburi
2010-04-16,6.3,30.9,25.7,89,chanthaburi
2010-04-17,10.3,29.9,25.3,86,chanthaburi
2010-04-18,6.6,31.2,24.7,82,chanthaburi
2010-04-19,2.4,31.1,25.1,85,chanthaburi
2010-04-20,1.6,31.0,25.6,85,chanthaburi
2010-04-21,1.7,31.8,26.1,83,chanthaburi
2010-04-22,1.1,31.9,26.5,83,chanthaburi
2010-04-23,5.6,32.2,26.2,83,chanthaburi
2010-04-24,8.6,32.0,26.1,85,chanthaburi
2010-04-25,1.2,32.4,25.5,82,chanthaburi
2010-04-26,1.9,32.1,26.1,81,chanthaburi
2010-04-27,6.2,31.3,25.8,85,chanthaburi
2010-04-28,11.9,32.0,25.5,86,chanthaburi
2010-04-29,1.6,31.8,25.6,85,chanthaburi
2010-04-30,6.2,32.0,25.9,85,chanthaburi
2010-05-01,22.8,30.5,25.3,89,chanthaburi
2010-05-02,5.3,30.7,25.3,88,chanthaburi
2010-05-03,5.3,29.9,26.3,89,chanthaburi
2010-05-04,2.1,31.4,25.7,88,chanthaburi
2010-05-05,0.8,31.3,26.2,83,chanthaburi
2010-05-06,0.8,32.1,27.0,83,chanthaburi
2010-05-07,0.4,32.4,26.7,81,chanthaburi
2010-05-08,0.0,32.9,27.0,78,chanthaburi
2010-05-09,0.4,32.7,26.6,79,chanthaburi
2010-05-10,0.6,32.9,27.6,81,chanthaburi
2010-05-11,11.1,31.4,27.0,86,chanthaburi
2010-05-12,3.6,30.5,26.7,88,chanthaburi
2010-05-13,2.5,32.1,26.3,87,chanthaburi
2010-05-14,3.1,32.3,26.5,86,chanthaburi
2010-05-15,5.9,32.0,26.2,88,chanthaburi
2010-05-16,2.7,32.9,26.9,84,chanthaburi
2010-05-17,3.3,32.2,26.1,88,chanthaburi
2010-05-18,5.5,31.7,26.9,85,chanthaburi
2010-05-19,2.7,31.5,26.1,85,chanthaburi
2010-05-20,2.0,32.1,26.2,83,chanthaburi
2010-05-21,1.9,32.1,27.1,83,chanthaburi
2010-05-22,10.4,29.3,26.9,87,chanthaburi
2010-05-23,15.1,30.8,26.6,88,chanthaburi
2010-05-24,15.2,29.8,25.6,89,chanthaburi
2010-05-25,38.3,30.9,25.6,89,chanthaburi
2010-05-26,31.5,28.3,25.6,95,chanthaburi
2010-05-27,17.9,28.4,26.0,93,chanthaburi
2010-05-28,25.2,27.5,25.3,95,chanthaburi
2010-05-29,3.1,30.5,25.2,86,chanthaburi
2010-05-30,8.2,30.8,25.9,89,chanthaburi
2010-05-31,3.0,31.1,26.7,84,chanthaburi
2010-06-01,3.5,31.2,27.0,84,chanthaburi
2010-06-02,17.5,30.1,26.6,90,chanthaburi
2010-06-03,14.6,29.7,25.5,91,chanthaburi
2010-06-04,8.5,29.7,26.4,87,chanthaburi
2010-06-05,4.3,30.5,25.5,88,chanthaburi
2010-06-06,15.9,29.6,26.0,90,chanthaburi
2010-06-07,17.9,29.2,25.5,91,chanthaburi
2010-06-08,14.3,30.8,25.2,86,chanthaburi
2010-06-09,18.0,29.4,25.1,92,chanthaburi
2010-06-10,9.1,28.8,25.2,92,chanthaburi
2010-06-11,5.4,31.1,24.8,88,chanthaburi
2010-06-12,0.9,31.5,25.7,84,chanthaburi
2010-06-13,5.9,30.9,25.9,88,chanthaburi
2010-06-14,6.2,31.2,26.0,89,chanthaburi
2010-06-15,25.7,29.7,25.1,88,chanthaburi
2010-06-16,16.9,31.1,25.6,88,chanthaburi
2010-06-17,11.8,30.3,25.3,90,chanthaburi
2010-06-18,15.8,29.3,25.2,90,chanthaburi
2010-06-19,16.9,29.3,25.4,91,chanthaburi
2010-06-20,15.4,30.5,26.2,87,chanthaburi
2010-06-21,22.7,28.2,25.2,92,chanthaburi
2010-06-22,21.3,27.8,25.0,93,chanthaburi
2010-06-23,19.9,28.7,25.4,93,chanthaburi
2010-06-24,11.6,29.3,25.3,89,chanthaburi
2010-06-25,11.2,30.3,24.9,87,chanthaburi
2010-06-26,11.4,30.3,25.4,89,chanthaburi
2010-06-27,5.1,30.1,25.2,89,chanthaburi
2010-06-28,14.3,28.9,25.5,90,chanthaburi
2010-06-29,19.3,27.7,25.2,93,chanthaburi
2010-06-30,11.5,29.5,25.6,86,chanthaburi
2010-07-01,16.4,28.9,25.3,90,chanthaburi
2010-07-02,6.9,28.1,24.9,90,chanthaburi
2010-07-03,13.1,27.3,25.0,93,chanthaburi
2010-07-04,14.8,29.2,25.0,93,chanthaburi
2010-07-05,6.8,30.1,25.0,89,chanthaburi
2010-07-06,2.0,30.4,25.2,84,chanthaburi
2010-07-07,9.2,29.7,25.1,88,chanthaburi
2010-07-08,2.7,30.5,25.5,86,chanthaburi
2010-07-09,10.7,29.5,25.0,90,chanthaburi
2010-07-10,9.3,29.4,24.9,87,chanthaburi
2010-07-11,2.2,29.4,25.5,88,chanthaburi
2010-07-12,6.4,30.1,25.5,85,chanthaburi
2010-07-13,13.4,29.6,26.1,86,chanthaburi
2010-07-14,8.7,29.9,25.1,88,chanthaburi
2010-07-15,16.0,28.0,25.5,91,chanthaburi
2010-07-16,13.6,28.6,24.8,92,chanthaburi
2010-07-17,15.1,28.9,25.5,92,chanthaburi
2010-07-18,14.7,28.9,25.3,93,chanthaburi
2010-07-19,4.6,28.7,25.0,89,chanthaburi
2010-07-20,1.3,30.3,24.3,86,chanthaburi
2010-07-21,7.1,29.9,25.3,87,chanthaburi
2010-07-22,11.5,30.1,25.5,90,chanthaburi
2010-07-23,37.4,28.1,24.7,93,chanthaburi
2010-07-24,16.6,27.9,24.7,91,chanthaburi
2010-07-25,23.9,28.7,24.9,90,chanthaburi
2010-07-26,19.8,28.1,24.7,94,chanthaburi
2010-07-27,32.0,28.8,24.4,91,chanthaburi
2010-07-28,11.2,28.8,25.0,89,chanthaburi
2010-07-29,20.2,28.2,24.4,90,chanthaburi
2010-07-30,19.4,29.7,24.8,90,chanthaburi
2010-07-31,14.3,29.8,24.6,89,chanthaburi
2010-08-01,21.7,28.5,24.8,90,chanthaburi
2010-08-02,29.8,26.7,24.7,95,chanthaburi
2010-08-03,23.5,28.3,24.6,93,chanthaburi
2010-08-04,11.7,29.9,24.6,88,chanthaburi
2010-08-05,0.7,30.2,24.5,84,chanthaburi
2010-08-06,17.7,29.0,24.6,89,chanthaburi
2010-08-07,22.9,28.1,24.6,90,chanthaburi
2010-08-08,11.3,29.5,25.4,84,chanthaburi
2010-08-09,28.0,28.2,25.3,88,chanthaburi
2010-08-10,8.9,29.2,25.3,86,chanthaburi
2010-08-11,22.2,28.7,24.7,93,chanthaburi
2010-08-12,10.4,27.7,24.7,93,chanthaburi
2010-08-13,15.6,28.8,24.4,91,chanthaburi
2010-08-14,21.5,27.9,24.4,94,chanthaburi
2010-08-15,11.1,29.1,24.4,89,chanthaburi
2010-08-16,1.1,30.1,24.9,85,chanthaburi
2010-08-17,2.1,29.8,24.7,87,chanthaburi
2010-08-18,5.4,30.5,25.3,86,chanthaburi
2010-08-19,5.0,31.5,24.4,88,chanthaburi
2010-08-20,28.5,28.7,24.9,93,chanthaburi
2010-08-21,9.7,26.8,24.8,96,chanthaburi
2010-08-22,3.8,29.0,24.0,89,chanthaburi
2010-08-23,22.7,27.3,24.4,94,chanthaburi
2010-08-24,26.1,26.7,24.5,94,chanthaburi
2010-08-25,5.2,29.6,24.8,91,chanthaburi
2010-08-26,5.6,29.5,24.5,88,chanthaburi
2010-08-27,1.3,30.0,25.3,84,chanthaburi
2010-08-28,17.0,29.5,24.9,89,chanthaburi
2010-08-29,27.5,27.7,24.5,93,chanthaburi
2010-08-30,13.0,28.5,25.3,89,chanthaburi
2010-08-31,6.0,29.6,25.2,86,chanthaburi
2010-09-01,7.3,30.0,24.9,87,chanthaburi
2010-09-02,15.0,28.5,25.2,90,chanthaburi
2010-09-03,19.5,29.3,24.9,92,chanthaburi
2010-09-04,19.7,28.5,24.7,91,chanthaburi
2010-09-05,6.3,29.7,25.5,85,chanthaburi
2010-09-06,19.0,29.3,24.2,90,chanthaburi
2010-09-07,12.2,29.5,24.7,89,chanthaburi
2010-09-08,1.8,29.9,24.2,88,chanthaburi
2010-09-09,14.0,29.5,25.2,92,chanthaburi
2010-09-10,22.7,28.0,25.0,92,chanthaburi
2010-09-11,13.4,28.6,24.1,91,chanthaburi
2010-09-12,8.1,29.1,24.0,89,chanthaburi
2010-09-13,7.2,29.4,24.4,92,chanthaburi
2010-09-14,19.0,27.1,24.1,96,chanthaburi
2010-09-15,5.5,29.4,23.8,86,chanthaburi
2010-09-16,5.7,29.8,24.3,88,chanthaburi
2010-09-17,10.8,29.2,24.1,92,chanthaburi
2010-09-18,12.0,27.6,23.9,95,chanthaburi
2010-09-19,1.2,29.9,23.8,87,chanthaburi
2010-09-20,0.0,30.4,24.3,83,chanthaburi
2010-09-21,6.5,29.5,25.4,87,chanthaburi
2010-09-22,7.4,29.9,25.6,89,chanthaburi
2010-09-23,7.2,29.9,24.5,89,chanthaburi
2010-09-24,4.3,30.4,24.6,87,chanthaburi
2010-09-25,2.6,30.6,24.6,88,chanthaburi
2010-09-26,4.8,30.1,24.8,90,chanthaburi
2010-09-27,13.4,29.6,24.8,91,chanthaburi
2010-09-28,12.8,30.3,24.0,90,chanthaburi
2010-09-29,4.5,30.4,24.3,88,chanthaburi
2010-09-30,3.3,31.3,25.4,86,chanthaburi
2010-10-01,4.1,31.3,24.5,85,chanthaburi
2010-10-02,21.6,30.2,24.8,87,chanthaburi
2010-10-03,27.9,29.5,24.3,93,chanthaburi
2010-10-04,21.8,28.5,24.6,94,chanthaburi
2010-10-05,7.7,28.9,24.3,92,chanthaburi
2010-10-06,2.7,29.7,24.1,88,chanthaburi
2010-10-07,3.3,30.1,25.0,87,chanthaburi
2010-10-08,5.1,30.0,25.0,85,chanthaburi
2010-10-09,4.8,29.8,24.9,87,chanthaburi
2010-10-10,26.8,29.3,24.4,90,chanthaburi
2010-10-11,18.2,27.1,24.6,93,chanthaburi
2010-10-12,82.0,27.5,24.4,94,chanthaburi
2010-10-13,24.0,28.3,24.3,91,chanthaburi
2010-10-14,59.3,25.3,23.8,98,chanthaburi
2010-10-15,20.1,25.1,23.3,97,chanthaburi
2010-10-16,12.5,27.5,22.9,92,chanthaburi
2010-10-17,23.5,26.9,23.1,94,chanthaburi
2010-10-18,11.4,27.7,24.1,91,chanthaburi
2010-10-19,2.2,29.4,23.2,89,chanthaburi
2010-10-20,13.9,29.5,24.7,90,chanthaburi
2010-10-21,3.0,29.9,24.1,87,chanthaburi
2010-10-22,25.2,28.9,23.6,93,chanthaburi
2010-10-23,2.3,30.2,23.9,87,chanthaburi
2010-10-24,10.7,30.0,23.9,90,chanthaburi
2010-10-25,7.4,29.8,24.2,90,chanthaburi
2010-10-26,17.3,29.0,24.4,90,chanthaburi
2010-10-27,3.0,29.8,24.3,86,chanthaburi
2010-10-28,0.5,28.7,24.0,81,chanthaburi
2010-10-29,0.0,27.5,23.0,69,chanthaburi
2010-10-30,0.0,26.6,20.9,67,chanthaburi
2010-10-31,0.0,24.2,20.7,67,chanthaburi
2010-11-01,0.0,24.5,21.3,70,chanthaburi
2010-11-02,0.0,27.5,22.6,73,chanthaburi
2010-11-03,0.0,27.7,23.2,69,chanthaburi
2010-11-04,0.0,27.0,21.9,64,chanthaburi
2010-11-05,0.0,27.7,21.8,66,chanthaburi
2010-11-06,0.7,28.3,22.0,69,chanthaburi
2010-11-07,0.0,29.8,22.6,73,chanthaburi
2010-11-08,0.0,27.4,24.2,75,chanthaburi
2010-11-09,0.0,26.3,24.0,72,chanthaburi
2010-11-10,4.8,28.9,23.1,70,chanthaburi
2010-11-11,0.0,29.1,23.0,78,chanthaburi
2010-11-12,0.0,30.3,22.9,76,chanthaburi
2010-11-13,0.1,30.7,23.8,72,chanthaburi
2010-11-14,0.0,31.6,24.5,72,chanthaburi
2010-11-15,0.0,30.5,25.1,73,chanthaburi
2010-11-16,0.3,30.8,24.3,78,chanthaburi
2010-11-17,0.2,30.7,24.0,72,chanthaburi
2010-11-18,2.2,31.0,24.6,78,chanthaburi
2010-11-19,0.4,30.4,24.3,81,chanthaburi
2010-11-20,2.5,27.1,23.7,88,chanthaburi
2010-11-21,0.0,31.0,22.5,82,chanthaburi
2010-11-22,0.0,30.7,23.2,83,chanthaburi
2010-11-23,0.2,31.2,23.5,82,chanthaburi
2010-11-24,0.2,31.0,23.7,82,chanthaburi
2010-11-25,0.0,31.8,23.3,75,chanthaburi
2010-11-26,0.0,30.4,23.4,73,chanthaburi
2010-11-27,0.0,30.3,23.3,70,chanthaburi
2010-11-28,0.0,31.0,24.8,65,chanthaburi
2010-11-29,0.0,31.1,24.8,69,chanthaburi
2010-11-30,0.1,29.9,25.0,72,chanthaburi
2010-12-01,0.0,30.3,24.8,72,chanthaburi
2010-12-02,0.0,31.1,23.8,67,chanthaburi
2010-12-03,0.0,29.8,23.6,68,chanthaburi
2010-12-04,0.0,30.9,23.3,63,chanthaburi
2010-12-05,0.0,30.9,23.5,66,chanthaburi
2010-12-06,0.0,32.1,25.0,71,chanthaburi
2010-12-07,0.9,30.5,25.2,72,chanthaburi
2010-12-08,0.0,30.6,23.9,66,chanthaburi
2010-12-09,0.0,30.7,22.7,66,chanthaburi
2010-12-10,0.0,30.2,22.3,77,chanthaburi
2010-12-11,1.2,29.0,23.1,82,chanthaburi
2010-12-12,0.0,29.6,23.4,80,chanthaburi
2010-12-13,0.0,30.4,23.0,81,chanthaburi
2010-12-14,0.3,30.9,23.3,81,chanthaburi
2010-12-15,2.9,30.4,24.3,86,chanthaburi
2010-12-16,8.8,28.7,23.8,88,chanthaburi
2010-12-17,2.7,23.4,20.8,65,chanthaburi
2010-12-18,0.0,27.0,19.9,64,chanthaburi
2010-12-19,0.2,29.1,21.4,69,chanthaburi
2010-12-20,0.0,30.8,22.0,72,chanthaburi
2010-12-21,1.8,31.8,22.0,78,chanthaburi
2010-12-22,0.0,31.3,22.0,82,chanthaburi
2010-12-23,0.0,31.0,22.7,80,chanthaburi
2010-12-24,0.0,31.1,22.9,80,chanthaburi
2010-12-25,0.2,31.7,22.7,79,chanthaburi
2010-12-26,0.0,30.8,22.8,66,chanthaburi
2010-12-27,0.0,29.2,21.1,56,chanthaburi
2010-12-28,0.0,30.0,21.7,56,chanthaburi
2010-12-29,0.0,30.9,21.5,59,chanthaburi
2010-12-30,0.0,31.0,22.0,58,chanthaburi
2010-12-31,0.0,30.3,21.9,54,chanthaburi
2011-01-01,0.0,31.0,21.7,57,chanthaburi
2011-01-02,0.0,31.5,22.1,62,chanthaburi
2011-01-03,0.0,31.7,21.0,62,chanthaburi
2011-01-04,0.0,32.0,21.1,63,chanthaburi
2011-01-05,0.0,31.8,23.0,64,chanthaburi
2011-01-06,0.9,28.8,24.3,72,chanthaburi
2011-01-07,0.0,29.9,22.9,61,chanthaburi
2011-01-08,0.0,30.9,22.0,56,chanthaburi
2011-01-09,0.0,30.9,22.3,58,chanthaburi
2011-01-10,0.0,30.3,21.4,59,chanthaburi
2011-01-11,0.0,30.3,21.4,64,chanthaburi
2011-01-12,0.0,26.8,23.4,65,chanthaburi
2011-01-13,0.0,30.1,21.2,61,chanthaburi
2011-01-14,0.0,30.9,19.9,66,chanthaburi
2011-01-15,0.0,29.8,20.1,61,chanthaburi
2011-01-16,0.0,29.0,19.3,54,chanthaburi
2011-01-17,0.0,28.9,19.7,54,chanthaburi
2011-01-18,0.0,29.5,20.0,59,chanthaburi
2011-01-19,0.0,30.6,18.1,63,chanthaburi
2011-01-20,0.0,31.1,18.0,66,chanthaburi
2011-01-21,0.0,31.4,18.9,61,chanthaburi
2011-01-22,0.0,31.8,23.0,60,chanthaburi
2011-01-23,0.0,32.0,22.5,62,chanthaburi
2011-01-24,0.0,32.7,24.4,56,chanthaburi
2011-01-25,0.0,31.7,23.5,58,chanthaburi
2011-01-26,0.0,31.2,23.4,54,chanthaburi
2011-01-27,0.0,32.9,24.2,54,chanthaburi
2011-01-28,0.0,33.3,24.5,52,chanthaburi
2011-01-29,0.0,32.5,22.9,52,chanthaburi
2011-01-30,0.0,30.2,20.9,49,chanthaburi
2011-01-31,0.0,30.7,20.7,52,chanthaburi
2011-02-01,0.0,31.5,21.3,52,chanthaburi
2011-02-02,0.0,31.7,22.4,52,chanthaburi
2011-02-03,0.0,32.3,22.8,56,chanthaburi
2011-02-04,0.0,32.1,21.1,66,chanthaburi
2011-02-05,0.0,31.8,20.7,68,chanthaburi
2011-02-06,0.0,31.1,21.2,73,chanthaburi
2011-02-07,1.5,29.5,22.9,82,chanthaburi
2011-02-08,0.8,28.7,23.1,84,chanthaburi
2011-02-09,0.8,29.9,22.5,83,chanthaburi
2011-02-10,0.6,29.6,23.1,83,chanthaburi
2011-02-11,0.7,31.1,24.4,80,chanthaburi
2011-02-12,0.5,30.2,24.4,79,chanthaburi
2011-02-13,1.9,29.6,23.8,81,chanthaburi
2011-02-14,10.7,29.7,23.4,82,chanthaburi
2011-02-15,39.6,28.7,23.1,93,chanthaburi
2011-02-16,2.5,29.7,22.3,86,chanthaburi
2011-02-17,1.0,29.6,23.8,86,chanthaburi
2011-02-18,0.7,29.3,24.9,85,chanthaburi
2011-02-19,0.1,29.7,24.7,85,chanthaburi
2011-02-20,1.7,29.2,24.3,85,chanthaburi
2011-02-21,34.5,27.2,23.3,93,chanthaburi
2011-02-22,7.5,28.9,23.0,90,chanthaburi
2011-02-23,13.6,28.1,23.6,90,chanthaburi
2011-02-24,3.8,28.4,23.3,90,chanthaburi
2011-02-25,2.6,29.7,24.6,84,chanthaburi
2011-02-26,4.0,27.5,24.0,87,chanthaburi
2011-02-27,4.5,28.7,23.8,88,chanthaburi
2011-02-28,1.1,28.4,23.3,88,chanthaburi
2011-03-01,1.4,29.3,23.9,85,chanthaburi
2011-03-02,0.9,29.9,24.7,85,chanthaburi
2011-03-03,7.1,30.0,24.5,87,chanthaburi
2011-03-04,6.0,29.0,23.9,90,chanthaburi
2011-03-05,0.0,31.4,23.6,84,chanthaburi
2011-03-06,2.5,29.9,24.2,87,chanthaburi
2011-03-07,5.4,30.0,24.9,88,chanthaburi
2011-03-08,25.0,26.1,23.9,93,chanthaburi
2011-03-09,2.0,29.7,23.6,88,chanthaburi
2011-03-10,0.0,31.1,24.2,82,chanthaburi
2011-03-11,0.2,31.6,24.2,79,chanthaburi
2011-03-12,1.1,30.6,24.4,82,chanthaburi
2011-03-13,3.1,30.1,24.6,87,chanthaburi
2011-03-14,1.1,29.9,24.6,86,chanthaburi
2011-03-15,15.4,29.0,24.1,86,chanthaburi
2011-03-16,3.3,27.1,23.0,80,chanthaburi
2011-03-17,0.1,25.6,20.7,65,chanthaburi
2011-03-18,8.7,25.5,18.5,74,chanthaburi
2011-03-19,0.0,30.1,20.9,75,chanthaburi
2011-03-20,0.2,30.2,22.1,82,chanthaburi
2011-03-21,3.4,29.7,24.6,87,chanthaburi
2011-03-22,12.9,30.5,24.3,90,chanthaburi
2011-03-23,60.4,28.9,23.9,92,chanthaburi
2011-03-24,2.1,30.1,23.6,79,chanthaburi
2011-03-25,0.2,29.2,24.2,71,chanthaburi
2011-03-26,1.3,26.9,22.7,70,chanthaburi
2011-03-27,0.1,28.9,22.4,66,chanthaburi
2011-03-28,0.7,24.5,20.0,67,chanthaburi
2011-03-29,0.1,23.9,19.9,65,chanthaburi
2011-03-30,0.8,25.0,18.5,69,chanthaburi
2011-03-31,0.5,28.6,19.6,70,chanthaburi
2011-04-01,0.0,30.0,22.2,72,chanthaburi
2011-04-02,0.0,30.1,22.4,83,chanthaburi
2011-04-03,6.8,29.1,24.5,88,chanthaburi
2011-04-04,4.8,29.9,23.7,90,chanthaburi
2011-04-05,5.1,29.5,23.6,91,chanthaburi
2011-04-06,10.6,28.2,23.4,92,chanthaburi
2011-04-07,8.3,28.8,24.3,89,chanthaburi
2011-04-08,21.8,28.6,23.5,93,chanthaburi
2011-04-09,9.9,29.7,23.4,90,chanthaburi
2011-04-10,1.7,29.4,23.1,89,chanthaburi
2011-04-11,1.5,30.1,23.5,87,chanthaburi
2011-04-12,3.1,28.3,25.1,87,chanthaburi
2011-04-13,7.5,28.6,24.3,89,chanthaburi
2011-04-14,0.8,29.7,23.9,86,chanthaburi
2011-04-15,0.4,30.0,24.1,84,chanthaburi
2011-04-16,0.6,30.6,24.0,83,chanthaburi
2011-04-17,7.6,29.4,25.5,88,chanthaburi
2011-04-18,0.8,30.7,25.7,84,chanthaburi
2011-04-19,1.7,30.4,25.1,84,chanthaburi
2011-04-20,3.8,30.7,25.3,86,chanthaburi
2011-04-21,13.5,28.3,24.4,92,chanthaburi
2011-04-22,2.0,29.8,24.7,88,chanthaburi
2011-04-23,15.8,29.0,24.6,91,chanthaburi
2011-04-24,2.7,29.7,24.2,88,chanthaburi
2011-04-25,9.1,29.2,24.3,90,chanthaburi
2011-04-26,3.7,30.5,24.0,88,chanthaburi
2011-04-27,1.3,30.6,24.9,86,chanthaburi
2011-04-28,2.1,31.1,24.9,85,chanthaburi
2011-04-29,8.9,29.3,25.1,91,chanthaburi
2011-04-30,2.5,31.0,24.8,87,chanthaburi
2011-05-01,3.3,29.4,25.1,87,chanthaburi
2011-05-02,0.4,31.3,24.2,83,chanthaburi
2011-05-03,0.6,31.2,26.4,82,chanthaburi
2011-05-04,4.9,31.2,26.2,85,chanthaburi
2011-05-05,1.2,30.7,25.1,85,chanthaburi
2011-05-06,10.2,29.3,25.5,90,chanthaburi
2011-05-07,23.8,28.3,25.2,91,chanthaburi
2011-05-08,26.3,27.6,24.8,93,chanthaburi
2011-05-09,27.2,28.4,24.9,93,chanthaburi
2011-05-10,18.9,28.8,24.9,90,chanthaburi
2011-05-11,4.4,29.7,25.1,86,chanthaburi
2011-05-12,12.4,29.2,26.0,90,chanthaburi
2011-05-13,7.7,29.1,24.8,91,chanthaburi
2011-05-14,6.6,27.9,24.9,92,chanthaburi
2011-05-15,1.9,29.4,25.1,89,chanthaburi
2011-05-16,2.1,30.2,25.1,86,chanthaburi
2011-05-17,13.6,30.5,24.6,87,chanthaburi
2011-05-18,13.6,29.1,24.9,91,chanthaburi
2011-05-19,12.1,29.4,25.3,89,chanthaburi
2011-05-20,1.8,30.4,24.4,86,chanthaburi
2011-05-21,2.6,30.4,25.2,86,chanthaburi
2011-05-22,7.7,30.5,25.5,87,chanthaburi
2011-05-23,4.0,30.7,25.8,85,chanthaburi
2011-05-24,7.9,30.3,25.6,87,chanthaburi
2011-05-25,14.0,28.5,25.1,91,chanthaburi
2011-05-26,11.8,29.2,24.9,92,chanthaburi
2011-05-27,17.3,30.0,24.9,90,chanthaburi
2011-05-28,8.7,29.9,25.0,88,chanthaburi
2011-05-29,32.5,30.0,24.8,90,chanthaburi
2011-05-30,33.0,28.6,24.7,92,chanthaburi
2011-05-31,15.2,29.7,24.8,89,chanthaburi
2011-06-01,9.8,29.3,25.1,89,chanthaburi
2011-06-02,8.2,29.4,24.8,90,chanthaburi
2011-06-03,16.1,29.0,24.7,91,chanthaburi
2011-06-04,4.6,29.8,25.5,89,chanthaburi
2011-06-05,7.6,29.6,25.3,88,chanthaburi
2011-06-06,17.1,29.5,24.8,90,chanthaburi
2011-06-07,10.9,29.3,25.1,90,chanthaburi
2011-06-08,8.9,29.4,24.7,88,chanthaburi
2011-06-09,7.3,30.6,24.7,86,chanthaburi
2011-06-10,17.4,28.8,25.1,90,chanthaburi
2011-06-11,18.7,29.2,25.2,88,chanthaburi
2011-06-12,25.8,27.8,24.9,93,chanthaburi
2011-06-13,19.0,27.7,24.6,94,chanthaburi
2011-06-14,10.3,27.9,23.9,92,chanthaburi
2011-06-15,11.5,28.8,24.9,88,chanthaburi
2011-06-16,15.1,29.4,25.0,88,chanthaburi
2011-06-17,37.7,27.7,25.3,91,chanthaburi
2011-06-18,28.3,28.0,24.9,93,chanthaburi
2011-06-19,28.0,28.9,24.7,92,chanthaburi
2011-06-20,15.9,28.9,24.8,90,chanthaburi
2011-06-21,7.6,29.0,24.8,88,chanthaburi
2011-06-22,1.7,29.4,26.0,85,chanthaburi
2011-06-23,2.7,29.2,26.3,83,chanthaburi
2011-06-24,6.8,29.5,26.3,84,chanthaburi
2011-06-25,3.7,29.2,26.2,84,chanthaburi
2011-06-26,4.3,28.4,25.8,89,chanthaburi
2011-06-27,20.1,27.3,25.2,94,chanthaburi
2011-06-28,10.2,29.0,25.0,90,chanthaburi
2011-06-29,22.3,27.8,25.2,91,chanthaburi
2011-06-30,20.7,27.1,24.4,95,chanthaburi
2011-07-01,26.9,26.7,24.4,96,chanthaburi
2011-07-02,20.0,27.4,24.1,93,chanthaburi
2011-07-03,12.7,27.6,23.4,92,chanthaburi
2011-07-04,1.3,29.6,23.3,87,chanthaburi
2011-07-05,2.1,29.9,24.9,83,chanthaburi
2011-07-06,0.5,30.3,25.2,82,chanthaburi
2011-07-07,1.7,30.7,25.8,82,chanthaburi
2011-07-08,6.1,30.2,26.4,84,chanthaburi
2011-07-09,20.0,28.9,25.6,88,chanthaburi
2011-07-10,16.3,28.8,24.6,90,chanthaburi
2011-07-11,4.7,29.7,25.5,85,chanthaburi
2011-07-12,26.0,27.9,24.7,93,chanthaburi
2011-07-13,16.2,28.8,24.9,92,chanthaburi
2011-07-14,34.1,27.8,24.6,94,chanthaburi
2011-07-15,18.0,27.4,24.8,92,chanthaburi
2011-07-16,18.0,28.7,24.9,90,chanthaburi
2011-07-17,6.0,29.1,25.1,83,chanthaburi
2011-07-18,4.6,29.3,25.7,83,chanthaburi
2011-07-19,11.4,29.6,25.3,88,chanthaburi
2011-07-20,17.9,28.6,24.8,90,chanthaburi
2011-07-21,13.7,29.3,24.6,90,chanthaburi
2011-07-22,17.2,27.8,24.2,92,chanthaburi
2011-07-23,13.7,28.9,25.0,87,chanthaburi
2011-07-24,23.8,27.6,23.8,91,chanthaburi
2011-07-25,18.1,27.9,24.3,93,chanthaburi
2011-07-26,2.5,28.6,24.2,88,chanthaburi
2011-07-27,23.7,29.1,25.0,89,chanthaburi
2011-07-28,9.6,28.9,24.3,88,chanthaburi
2011-07-29,16.5,28.4,25.0,88,chanthaburi
2011-07-30,21.0,27.7,24.9,87,chanthaburi
2011-07-31,10.6,27.8,25.4,86,chanthaburi
2011-08-01,21.0,26.7,24.7,94,chanthaburi
2011-08-02,10.8,28.9,24.9,88,chanthaburi
2011-08-03,1.9,29.6,25.2,84,chanthaburi
2011-08-04,4.0,29.8,25.3,84,chanthaburi
2011-08-05,2.9,29.8,25.4,85,chanthaburi
2011-08-06,36.6,29.0,24.3,90,chanthaburi
2011-08-07,23.7,28.6,24.7,91,chanthaburi
2011-08-08,8.5,29.1,24.7,89,chanthaburi
2011-08-09,15.9,29.2,25.5,89,chanthaburi
2011-08-10,15.1,27.2,24.9,92,chanthaburi
2011-08-11,13.3,27.8,24.9,91,chanthaburi
2011-08-12,10.6,28.0,24.1,89,chanthaburi
2011-08-13,9.8,28.6,24.2,87,chanthaburi
2011-08-14,9.5,29.2,25.1,88,chanthaburi
2011-08-15,26.6,27.0,24.0,94,chanthaburi
2011-08-16,18.3,28.2,23.9,90,chanthaburi
2011-08-17,11.1,28.3,23.6,87,chanthaburi
2011-08-18,17.6,28.3,24.1,91,chanthaburi
2011-08-19,14.8,28.3,24.3,92,chanthaburi
2011-08-20,7.9,29.0,24.0,87,chanthaburi
2011-08-21,9.1,29.3,24.0,88,chanthaburi
2011-08-22,7.8,30.1,25.2,86,chanthaburi
2011-08-23,14.9,30.8,24.5,86,chanthaburi
2011-08-24,10.5,30.7,25.4,87,chanthaburi
2011-08-25,17.0,30.5,24.6,87,chanthaburi
2011-08-26,18.3,29.9,24.0,91,chanthaburi
2011-08-27,21.0,27.7,24.1,95,chanthaburi
2011-08-28,31.6,26.3,24.1,96,chanthaburi
2011-08-29,22.3,26.8,24.5,93,chanthaburi
2011-08-30,10.5,29.2,25.2,86,chanthaburi
2011-08-31,23.1,27.9,24.5,90,chanthaburi
2011-09-01,11.3,28.4,25.0,88,chanthaburi
2011-09-02,23.9,28.0,24.5,90,chanthaburi
2011-09-03,5.3,29.4,25.7,84,chanthaburi
2011-09-04,18.6,28.5,24.5,88,chanthaburi
2011-09-05,16.3,28.6,24.9,89,chanthaburi
2011-09-06,20.7,28.8,24.2,90,chanthaburi
2011-09-07,15.6,29.4,24.5,86,chanthaburi
2011-09-08,39.7,28.0,24.5,92,chanthaburi
2011-09-09,23.9,29.3,24.6,93,chanthaburi
2011-09-10,37.8,25.9,24.0,96,chanthaburi
2011-09-11,48.5,26.6,24.3,97,chanthaburi
2011-09-12,28.1,27.6,24.2,94,chanthaburi
2011-09-13,13.2,28.1,24.2,91,chanthaburi
2011-09-14,7.5,28.1,24.3,87,chanthaburi
2011-09-15,9.6,28.2,25.3,87,chanthaburi
2011-09-16,8.3,29.7,24.6,86,chanthaburi
2011-09-17,18.4,28.5,25.7,86,chanthaburi
2011-09-18,16.0,28.9,25.8,87,chanthaburi
2011-09-19,19.7,28.8,24.3,91,chanthaburi
2011-09-20,34.7,27.6,24.7,94,chanthaburi
2011-09-21,29.9,25.8,24.5,97,chanthaburi
2011-09-22,29.6,26.3,24.2,96,chanthaburi
2011-09-23,24.7,26.1,23.7,96,chanthaburi
2011-09-24,23.9,26.2,23.9,94,chanthaburi
2011-09-25,19.1,29.9,23.0,91,chanthaburi
2011-09-26,16.5,29.4,23.4,91,chanthaburi
2011-09-27,18.5,26.5,24.2,96,chanthaburi
2011-09-28,14.0,27.2,24.1,92,chanthaburi
2011-09-29,6.8,28.6,25.0,87,chanthaburi
2011-09-30,8.6,28.4,25.5,86,chanthaburi
2011-10-01,5.0,28.8,25.4,86,chanthaburi
2011-10-02,14.8,29.1,23.9,90,chanthaburi
2011-10-03,18.8,29.1,24.3,93,chanthaburi
2011-10-04,0.4,27.3,23.1,87,chanthaburi
2011-10-05,12.8,29.4,24.0,89,chanthaburi
2011-10-06,21.5,27.3,23.8,93,chanthaburi
2011-10-07,18.3,28.1,23.7,92,chanthaburi
2011-10-08,13.4,28.7,23.7,92,chanthaburi
2011-10-09,8.6,27.9,24.0,92,chanthaburi
2011-10-10,18.7,28.9,23.7,93,chanthaburi
2011-10-11,12.3,27.8,23.8,92,chanthaburi
2011-10-12,15.1,27.6,23.6,93,chanthaburi
2011-10-13,13.6,26.7,24.3,93,chanthaburi
2011-10-14,31.1,27.5,24.0,95,chanthaburi
2011-10-15,27.2,27.5,23.8,94,chanthaburi
2011-10-16,9.6,28.6,23.7,91,chanthaburi
2011-10-17,0.8,29.4,23.3,87,chanthaburi
2011-10-18,0.0,29.9,24.8,81,chanthaburi
2011-10-19,0.0,30.4,25.0,76,chanthaburi
2011-10-20,2.2,30.1,24.8,82,chanthaburi
2011-10-21,0.4,30.0,24.2,83,chanthaburi
2011-10-22,0.4,30.3,24.4,84,chanthaburi
2011-10-23,5.5,30.2,23.8,85,chanthaburi
2011-10-24,1.2,30.3,24.3,84,chanthaburi
2011-10-25,0.4,31.0,24.7,84,chanthaburi
2011-10-26,0.0,30.8,25.1,79,chanthaburi
2011-10-27,0.0,30.8,24.7,81,chanthaburi
2011-10-28,0.1,30.5,24.8,78,chanthaburi
2011-10-29,0.0,31.1,24.8,75,chanthaburi
2011-10-30,0.5,30.6,24.5,77,chanthaburi
2011-10-31,0.0,31.2,24.5,75,chanthaburi
2011-11-01,0.0,31.0,24.4,75,chanthaburi
2011-11-02,0.1,31.1,24.3,77,chanthaburi
2011-11-03,0.0,31.2,24.5,74,chanthaburi
2011-11-04,0.0,31.3,24.0,74,chanthaburi
2011-11-05,0.0,31.9,23.6,75,chanthaburi
2011-11-06,2.0,30.4,24.9,78,chanthaburi
2011-11-07,4.7,30.7,24.9,87,chanthaburi
2011-11-08,21.4,28.6,24.4,92,chanthaburi
2011-11-09,3.4,28.3,23.4,89,chanthaburi
2011-11-10,0.0,29.6,23.9,78,chanthaburi
2011-11-11,0.0,29.3,22.7,75,chanthaburi
2011-11-12,0.0,29.0,22.0,81,chanthaburi
2011-11-13,0.0,30.2,23.0,76,chanthaburi
2011-11-14,0.0,30.6,23.6,72,chanthaburi
2011-11-15,0.0,31.0,24.5,72,chanthaburi
2011-11-16,0.0,31.0,24.1,72,chanthaburi
2011-11-17,0.0,31.7,23.8,73,chanthaburi
2011-11-18,0.0,32.0,22.5,75,chanthaburi
2011-11-19,0.3,32.2,23.3,74,chanthaburi
2011-11-20,0.0,31.4,24.0,71,chanthaburi
2011-11-21,0.0,31.3,24.1,65,chanthaburi
2011-11-22,0.0,32.1,25.2,66,chanthaburi
2011-11-23,0.3,31.7,25.5,67,chanthaburi
2011-11-24,0.0,30.2,24.7,62,chanthaburi
2011-11-25,0.0,30.8,23.7,59,chanthaburi
2011-11-26,0.0,31.4,24.1,65,chanthaburi
2011-11-27,0.0,32.0,25.1,67,chanthaburi
2011-11-28,0.0,31.8,23.7,73,chanthaburi
2011-11-29,0.0,30.7,23.2,77,chanthaburi
2011-11-30,0.0,32.8,22.1,73,chanthaburi
2011-12-01,0.0,32.2,21.8,69,chanthaburi
2011-12-02,0.0,30.4,21.9,66,chanthaburi
2011-12-03,0.0,29.9,22.1,61,chanthaburi
2011-12-04,0.0,29.4,22.2,63,chanthaburi
2011-12-05,0.0,30.4,21.8,65,chanthaburi
2011-12-06,0.0,30.9,21.8,66,chanthaburi
2011-12-07,0.0,30.6,23.3,70,chanthaburi
2011-12-08,1.6,31.1,24.9,77,chanthaburi
2011-12-09,1.3,28.1,22.8,73,chanthaburi
2011-12-10,0.0,28.8,21.2,59,chanthaburi
2011-12-11,0.0,26.5,18.9,56,chanthaburi
2011-12-12,0.0,26.7,18.6,57,chanthaburi
2011-12-13,0.0,27.8,18.7,60,chanthaburi
2011-12-14,0.0,28.8,21.9,59,chanthaburi
2011-12-15,0.0,30.3,23.6,61,chanthaburi
2011-12-16,0.0,30.3,23.7,61,chanthaburi
2011-12-17,0.0,29.4,21.8,57,chanthaburi
2011-12-18,0.0,29.3,21.7,57,chanthaburi
2011-12-19,0.0,29.3,21.3,58,chanthaburi
2011-12-20,0.0,29.1,21.1,59,chanthaburi
2011-12-21,0.0,28.9,22.6,61,chanthaburi
2011-12-22,0.0,31.4,23.6,62,chanthaburi
2011-12-23,0.0,30.9,23.6,61,chanthaburi
2011-12-24,0.0,29.1,22.8,59,chanthaburi
2011-12-25,0.0,27.3,19.2,53,chanthaburi
2011-12-26,0.0,27.4,18.5,54,chanthaburi
2011-12-27,0.0,29.7,20.2,56,chanthaburi
2011-12-28,0.0,31.4,22.3,59,chanthaburi
2011-12-29,0.0,31.5,23.0,62,chanthaburi
2011-12-30,0.0,31.6,23.7,59,chanthaburi
2011-12-31,0.0,31.8,23.3,58,chanthaburi
2012-01-01,0.3,29.3,24.3,64,chanthaburi
2012-01-02,0.0,31.5,23.5,67,chanthaburi
2012-01-03,10.5,30.4,22.9,88,chanthaburi
2012-01-04,0.0,29.6,23.6,85,chanthaburi
2012-01-05,0.2,30.9,23.0,78,chanthaburi
2012-01-06,0.0,31.2,23.0,72,chanthaburi
2012-01-07,0.0,30.9,22.5,65,chanthaburi
2012-01-08,0.0,29.7,21.5,62,chanthaburi
2012-01-09,0.0,29.9,21.0,60,chanthaburi
2012-01-10,0.0,30.0,22.2,58,chanthaburi
2012-01-11,0.0,30.6,23.1,58,chanthaburi
2012-01-12,0.6,28.1,22.5,63,chanthaburi
2012-01-13,0.0,31.4,22.2,65,chanthaburi
2012-01-14,0.0,31.7,23.2,69,chanthaburi
2012-01-15,0.0,29.7,25.0,78,chanthaburi
2012-01-16,8.6,30.5,23.9,87,chanthaburi
2012-01-17,10.0,28.9,23.2,92,chanthaburi
2012-01-18,0.8,29.1,22.9,90,chanthaburi
2012-01-19,9.3,28.7,24.2,91,chanthaburi
2012-01-20,10.6,28.8,23.1,91,chanthaburi
2012-01-21,1.9,28.9,22.9,88,chanthaburi
2012-01-22,0.5,29.2,23.4,86,chanthaburi
2012-01-23,12.6,28.9,23.6,90,chanthaburi
2012-01-24,6.6,29.0,22.8,91,chanthaburi
2012-01-25,1.2,29.3,23.5,87,chanthaburi
2012-01-26,0.1,29.5,23.0,83,chanthaburi
2012-01-27,0.0,29.4,22.8,83,chanthaburi
2012-01-28,0.0,30.3,22.8,83,chanthaburi
2012-01-29,1.6,29.9,23.7,86,chanthaburi
2012-01-30,43.9,26.2,23.8,93,chanthaburi
2012-01-31,0.0,27.2,23.9,82,chanthaburi
2012-02-01,0.0,30.0,22.4,75,chanthaburi
2012-02-02,6.5,28.8,22.5,87,chanthaburi
2012-02-03,7.6,28.6,23.4,89,chanthaburi
2012-02-04,3.6,29.0,23.0,90,chanthaburi
2012-02-05,7.5,29.6,23.7,88,chanthaburi
2012-02-06,0.0,29.1,25.0,84,chanthaburi
2012-02-07,0.8,29.4,24.5,86,chanthaburi
2012-02-08,1.1,29.5,24.6,88,chanthaburi
2012-02-09,4.8,28.0,23.7,89,chanthaburi
2012-02-10,0.6,28.6,24.2,86,chanthaburi
2012-02-11,0.6,29.3,23.5,87,chanthaburi
2012-02-12,0.1,30.5,23.5,83,chanthaburi
2012-02-13,0.0,30.4,23.5,83,chanthaburi
2012-02-14,0.3,30.3,23.8,83,chanthaburi
2012-02-15,2.5,29.4,24.8,87,chanthaburi
2012-02-16,1.8,30.7,24.4,85,chanthaburi
2012-02-17,1.8,30.1,24.2,88,chanthaburi
2012-02-18,31.9,27.1,23.3,94,chanthaburi
2012-02-19,4.4,29.6,22.5,77,chanthaburi
2012-02-20,0.0,29.5,21.8,71,chanthaburi
2012-02-21,0.0,31.0,20.3,77,chanthaburi
2012-02-22,0.0,31.6,22.0,81,chanthaburi
2012-02-23,3.6,30.0,24.0,88,chanthaburi
2012-02-24,0.9,30.6,24.9,87,chanthaburi
2012-02-25,1.8,30.9,25.3,86,chanthaburi
2012-02-26,1.7,30.8,25.1,86,chanthaburi
2012-02-27,2.2,29.8,24.8,87,chanthaburi
2012-02-28,0.5,29.3,24.3,86,chanthaburi
2012-02-29,0.7,30.5,24.0,84,chanthaburi
2012-03-01,2.4,30.1,25.1,84,chanthaburi
2012-03-02,4.5,30.3,24.9,85,chanthaburi
2012-03-03,0.1,30.4,24.4,84,chanthaburi
2012-03-04,1.8,30.5,24.8,84,chanthaburi
2012-03-05,1.0,30.8,24.9,82,chanthaburi
2012-03-06,0.8,30.4,24.4,84,chanthaburi
2012-03-07,1.3,30.7,24.7,84,chanthaburi
2012-03-08,5.8,29.3,25.8,86,chanthaburi
2012-03-09,16.8,30.6,24.3,88,chanthaburi
2012-03-10,7.5,28.7,24.2,90,chanthaburi
2012-03-11,0.9,31.2,24.4,83,chanthaburi
2012-03-12,5.2,31.6,24.6,82,chanthaburi
2012-03-13,1.4,32.1,24.9,79,chanthaburi
2012-03-14,0.4,31.5,25.1,83,chanthaburi
2012-03-15,1.8,29.6,24.7,85,chanthaburi
2012-03-16,1.0,30.4,24.6,85,chanthaburi
2012-03-17,3.9,30.4,24.4,85,chanthaburi
2012-03-18,1.5,30.2,24.4,83,chanthaburi
2012-03-19,1.1,30.4,24.2,83,chanthaburi
2012-03-20,0.7,30.8,25.0,84,chanthaburi
2012-03-21,0.6,31.2,25.3,81,chanthaburi
2012-03-22,0.0,31.0,23.6,80,chanthaburi
2012-03-23,0.3,31.4,24.1,79,chanthaburi
2012-03-24,8.5,30.5,25.2,87,chanthaburi
2012-03-25,4.8,28.4,24.8,84,chanthaburi
2012-03-26,0.2,32.3,24.6,77,chanthaburi
2012-03-27,0.6,32.5,24.2,74,chanthaburi
2012-03-28,0.0,32.9,24.8,74,chanthaburi
2012-03-29,1.6,31.4,25.8,83,chanthaburi
2012-03-30,0.2,32.4,26.0,79,chanthaburi
2012-03-31,11.0,32.1,25.3,80,chanthaburi
2012-04-01,0.0,31.2,24.8,72,chanthaburi
2012-04-02,0.0,32.1,24.6,71,chanthaburi
2012-04-03,10.6,30.4,25.3,81,chanthaburi
2012-04-04,13.5,28.0,24.5,92,chanthaburi
2012-04-05,4.6,30.0,24.7,88,chanthaburi
2012-04-06,5.8,30.5,24.8,87,chanthaburi
2012-04-07,3.7,30.7,24.1,86,chanthaburi
2012-04-08,2.9,31.8,24.1,80,chanthaburi
2012-04-09,5.1,30.8,24.5,85,chanthaburi
2012-04-10,9.3,30.9,24.1,87,chanthaburi
2012-04-11,4.4,29.3,23.9,89,chanthaburi
2012-04-12,1.7,30.8,24.9,86,chanthaburi
2012-04-13,6.6,30.1,25.2,89,chanthaburi
2012-04-14,5.1,30.1,25.3,89,chanthaburi
2012-04-15,3.4,30.8,25.1,87,chanthaburi
2012-04-16,3.7,30.9,26.1,84,chanthaburi
2012-04-17,0.6,30.9,25.5,85,chanthaburi
2012-04-18,1.6,31.1,25.6,83,chanthaburi
2012-04-19,0.7,31.4,26.0,82,chanthaburi
2012-04-20,0.3,31.6,26.5,81,chanthaburi
2012-04-21,3.3,31.0,26.3,85,chanthaburi
2012-04-22,3.1,31.4,26.6,85,chanthaburi
2012-04-23,4.7,30.7,25.7,85,chanthaburi
2012-04-24,1.3,30.4,26.1,86,chanthaburi
2012-04-25,1.2,31.5,27.0,82,chanthaburi
2012-04-26,1.7,31.4,26.5,84,chanthaburi
2012-04-27,5.8,29.6,26.4,86,chanthaburi
2012-04-28,6.6,29.5,26.2,89,chanthaburi
2012-04-29,6.7,30.1,26.1,86,chanthaburi
2012-04-30,10.8,29.4,25.9,90,chanthaburi
2012-05-01,3.2,30.2,25.6,88,chanthaburi
2012-05-02,13.8,30.2,25.8,88,chanthaburi
2012-05-03,10.0,29.0,25.3,88,chanthaburi
2012-05-04,6.4,29.8,25.5,87,chanthaburi
2012-05-05,11.7,28.6,25.3,91,chanthaburi
2012-05-06,11.4,29.2,24.9,92,chanthaburi
2012-05-07,10.3,28.8,25.2,91,chanthaburi
2012-05-08,19.1,27.6,24.8,93,chanthaburi
2012-05-09,10.7,29.6,23.6,90,chanthaburi
2012-05-10,10.8,30.4,24.6,89,chanthaburi
2012-05-11,7.6,30.7,25.3,88,chanthaburi
2012-05-12,9.9,29.5,24.8,90,chanthaburi
2012-05-13,12.0,29.8,25.1,89,chanthaburi
2012-05-14,7.0,30.5,26.1,84,chanthaburi
2012-05-15,14.7,30.8,25.9,86,chanthaburi
2012-05-16,31.3,28.9,24.6,90,chanthaburi
2012-05-17,21.9,27.8,24.5,93,chanthaburi
2012-05-18,14.3,29.3,25.1,90,chanthaburi
2012-05-19,12.3,28.8,25.1,92,chanthaburi
2012-05-20,8.2,30.3,24.7,87,chanthaburi
2012-05-21,12.1,29.9,25.4,87,chanthaburi
2012-05-22,22.4,30.1,25.0,87,chanthaburi
2012-05-23,15.4,29.7,25.4,88,chanthaburi
2012-05-24,18.7,28.9,25.7,90,chanthaburi
2012-05-25,20.9,27.5,25.2,93,chanthaburi
2012-05-26,27.5,27.8,25.1,94,chanthaburi
2012-05-27,30.6,28.1,24.9,94,chanthaburi
2012-05-28,28.2,26.7,25.0,96,chanthaburi
2012-05-29,22.0,28.0,24.9,93,chanthaburi
2012-05-30,14.2,29.0,25.5,89,chanthaburi
2012-05-31,16.2,29.3,25.1,89,chanthaburi
2012-06-01,22.2,29.1,24.8,91,chanthaburi
2012-06-02,19.7,28.7,25.2,92,chanthaburi
2012-06-03,17.6,28.4,25.8,91,chanthaburi
2012-06-04,21.3,28.6,25.7,89,chanthaburi
2012-06-05,4.1,29.2,25.6,87,chanthaburi
2012-06-06,22.4,28.5,25.8,89,chanthaburi
2012-06-07,45.5,27.0,24.7,94,chanthaburi
2012-06-08,9.7,28.9,25.7,88,chanthaburi
2012-06-09,18.8,29.0,25.4,91,chanthaburi
2012-06-10,17.5,29.4,25.0,89,chanthaburi
2012-06-11,10.8,28.3,24.9,89,chanthaburi
2012-06-12,11.1,28.7,24.3,86,chanthaburi
2012-06-13,1.2,29.4,26.2,81,chanthaburi
2012-06-14,0.8,29.6,26.3,84,chanthaburi
2012-06-15,1.7,29.5,26.2,83,chanthaburi
2012-06-16,15.6,27.6,26.0,88,chanthaburi
2012-06-17,23.5,28.5,25.2,90,chanthaburi
2012-06-18,12.6,28.9,25.4,86,chanthaburi
2012-06-19,4.9,28.8,25.9,85,chanthaburi
2012-06-20,2.6,29.1,25.8,83,chanthaburi
2012-06-21,3.9,29.3,25.7,84,chanthaburi
2012-06-22,7.8,29.4,25.0,86,chanthaburi
2012-06-23,2.2,29.3,25.2,85,chanthaburi
2012-06-24,1.9,29.2,25.9,83,chanthaburi
2012-06-25,7.9,29.0,25.5,87,chanthaburi
2012-06-26,12.0,28.2,26.0,87,chanthaburi
2012-06-27,9.1,29.2,25.6,85,chanthaburi
2012-06-28,22.1,29.0,24.6,89,chanthaburi
2012-06-29,19.9,28.3,24.8,88,chanthaburi
2012-06-30,25.4,27.3,25.0,92,chanthaburi
2012-07-01,20.7,27.4,25.0,90,chanthaburi
2012-07-02,17.1,29.2,24.3,89,chanthaburi
2012-07-03,7.4,27.8,24.2,91,chanthaburi
2012-07-04,34.6,27.6,24.1,92,chanthaburi
2012-07-05,21.1,27.9,24.3,95,chanthaburi
2012-07-06,19.1,28.1,24.5,92,chanthaburi
2012-07-07,12.7,28.0,24.9,92,chanthaburi
2012-07-08,19.3,27.0,24.5,95,chanthaburi
2012-07-09,14.1,28.3,23.9,93,chanthaburi
2012-07-10,2.0,29.7,24.8,86,chanthaburi
2012-07-11,9.6,29.7,24.6,88,chanthaburi
2012-07-12,30.0,27.2,24.6,92,chanthaburi
2012-07-13,22.8,25.8,24.4,96,chanthaburi
2012-07-14,10.0,28.9,24.9,87,chanthaburi
2012-07-15,2.6,29.4,24.7,84,chanthaburi
2012-07-16,0.7,30.2,25.0,83,chanthaburi
2012-07-17,7.0,30.2,24.9,87,chanthaburi
2012-07-18,19.7,29.3,26.0,87,chanthaburi
2012-07-19,7.3,28.7,24.7,87,chanthaburi
2012-07-20,4.5,29.4,25.3,85,chanthaburi
2012-07-21,7.6,29.3,25.9,84,chanthaburi
2012-07-22,4.1,29.3,26.3,85,chanthaburi
2012-07-23,2.4,29.1,26.3,83,chanthaburi
2012-07-24,8.0,28.6,26.1,84,chanthaburi
2012-07-25,11.3,28.3,25.2,86,chanthaburi
2012-07-26,28.6,27.7,25.3,90,chanthaburi
2012-07-27,13.2,29.0,24.5,88,chanthaburi
2012-07-28,16.7,27.5,25.0,89,chanthaburi
2012-07-29,15.2,27.8,24.3,90,chanthaburi
2012-07-30,3.1,28.4,24.9,85,chanthaburi
2012-07-31,2.1,28.7,26.4,81,chanthaburi
2012-08-01,2.5,28.2,25.6,83,chanthaburi
2012-08-02,9.3,28.5,25.1,87,chanthaburi
2012-08-03,7.2,28.4,25.1,87,chanthaburi
2012-08-04,3.1,29.8,25.6,84,chanthaburi
2012-08-05,3.3,29.5,26.0,84,chanthaburi
2012-08-06,4.8,29.1,26.1,85,chanthaburi
2012-08-07,3.4,29.2,26.2,83,chanthaburi
2012-08-08,8.2,28.4,26.1,84,chanthaburi
2012-08-09,13.2,27.4,25.8,87,chanthaburi
2012-08-10,17.2,28.1,25.7,87,chanthaburi
2012-08-11,0.8,29.6,25.4,82,chanthaburi
2012-08-12,11.1,28.9,25.1,87,chanthaburi
2012-08-13,6.2,29.4,25.6,85,chanthaburi
2012-08-14,17.2,29.1,24.5,88,chanthaburi
2012-08-15,7.5,29.4,24.2,88,chanthaburi
2012-08-16,18.0,29.1,25.8,86,chanthaburi
2012-08-17,15.2,28.7,24.7,90,chanthaburi
2012-08-18,9.1,28.4,25.3,87,chanthaburi
2012-08-19,12.6,28.2,24.9,91,chanthaburi
2012-08-20,6.0,29.7,24.0,89,chanthaburi
2012-08-21,14.5,29.3,24.9,90,chanthaburi
2012-08-22,14.6,29.6,24.1,90,chanthaburi
2012-08-23,12.2,28.8,25.2,90,chanthaburi
2012-08-24,14.9,29.1,24.9,90,chanthaburi
2012-08-25,19.4,28.6,24.9,90,chanthaburi
2012-08-26,9.2,27.9,24.9,87,chanthaburi
2012-08-27,9.8,28.2,24.9,88,chanthaburi
2012-08-28,15.1,28.6,24.4,88,chanthaburi
2012-08-29,17.0,27.9,24.8,89,chanthaburi
2012-08-30,9.7,29.0,24.2,86,chanthaburi
2012-08-31,10.2,29.0,25.6,85,chanthaburi
2012-09-01,4.1,29.7,25.0,85,chanthaburi
2012-09-02,40.4,26.8,24.4,93,chanthaburi
2012-09-03,14.0,29.0,24.1,91,chanthaburi
2012-09-04,6.8,27.9,25.4,87,chanthaburi
2012-09-05,22.8,28.0,24.1,92,chanthaburi
2012-09-06,20.4,27.1,23.7,95,chanthaburi
2012-09-07,16.5,26.6,24.3,95,chanthaburi
2012-09-08,4.1,28.6,23.9,87,chanthaburi
2012-09-09,5.5,30.1,24.5,87,chanthaburi
2012-09-10,8.8,29.9,24.3,91,chanthaburi
2012-09-11,7.5,29.6,24.2,91,chanthaburi
2012-09-12,17.6,27.7,24.1,92,chanthaburi
2012-09-13,32.5,27.6,24.2,94,chanthaburi
2012-09-14,24.0,28.2,24.2,92,chanthaburi
2012-09-15,36.6,26.2,24.0,98,chanthaburi
2012-09-16,25.2,25.5,23.9,96,chanthaburi
2012-09-17,17.0,26.9,24.0,93,chanthaburi
2012-09-18,20.3,27.6,23.7,93,chanthaburi
2012-09-19,27.4,27.8,23.7,93,chanthaburi
2012-09-20,27.7,27.8,23.9,92,chanthaburi
2012-09-21,17.3,27.3,23.7,91,chanthaburi
2012-09-22,14.2,27.9,23.7,90,chanthaburi
2012-09-23,11.3,29.1,24.1,90,chanthaburi
2012-09-24,21.6,28.8,24.8,93,chanthaburi
2012-09-25,30.9,29.0,24.1,93,chanthaburi
2012-09-26,16.7,30.2,23.6,89,chanthaburi
2012-09-27,35.5,29.4,23.7,94,chanthaburi
2012-09-28,125.8,26.0,23.6,95,chanthaburi
2012-09-29,8.8,26.8,23.6,95,chanthaburi
2012-09-30,7.4,28.6,23.2,92,chanthaburi
2012-10-01,17.0,29.3,23.6,97,chanthaburi
2012-10-02,3.1,29.7,23.4,91,chanthaburi
2012-10-03,7.9,29.5,24.3,88,chanthaburi
2012-10-04,12.0,29.4,24.6,90,chanthaburi
2012-10-05,8.4,29.8,24.5,90,chanthaburi
2012-10-06,24.9,28.5,23.8,94,chanthaburi
2012-10-07,10.4,28.2,22.6,92,chanthaburi
2012-10-08,6.2,27.9,22.5,92,chanthaburi
2012-10-09,14.9,28.6,22.7,90,chanthaburi
2012-10-10,8.5,30.1,23.4,89,chanthaburi
2012-10-11,2.6,30.7,24.0,88,chanthaburi
2012-10-12,0.3,30.9,24.2,87,chanthaburi
2012-10-13,0.9,30.2,24.3,87,chanthaburi
2012-10-14,5.6,28.9,24.3,90,chanthaburi
2012-10-15,4.8,28.3,24.3,92,chanthaburi
2012-10-16,2.7,29.2,23.8,88,chanthaburi
2012-10-17,4.8,31.0,24.3,89,chanthaburi
2012-10-18,0.0,30.4,23.9,82,chanthaburi
2012-10-19,0.0,31.0,22.3,81,chanthaburi
2012-10-20,0.0,31.3,23.4,81,chanthaburi
2012-10-21,0.0,31.2,24.0,84,chanthaburi
2012-10-22,0.6,31.3,23.9,84,chanthaburi
2012-10-23,7.6,28.3,24.4,89,chanthaburi
2012-10-24,9.6,30.3,24.3,89,chanthaburi
2012-10-25,0.0,31.0,23.9,87,chanthaburi
2012-10-26,0.0,31.0,24.0,84,chanthaburi
2012-10-27,0.0,31.5,24.0,80,chanthaburi
2012-10-28,0.3,30.9,24.7,83,chanthaburi
2012-10-29,3.9,31.2,25.1,84,chanthaburi
2012-10-30,5.9,30.9,24.2,88,chanthaburi
2012-10-31,16.4,28.5,24.2,89,chanthaburi
2012-11-01,1.6,28.9,24.6,81,chanthaburi
2012-11-02,0.4,30.7,24.4,80,chanthaburi
2012-11-03,3.8,30.8,24.1,83,chanthaburi
2012-11-04,5.0,30.6,24.3,87,chanthaburi
2012-11-05,2.5,30.2,24.1,87,chanthaburi
2012-11-06,4.0,29.6,24.5,89,chanthaburi
2012-11-07,1.6,30.4,24.5,89,chanthaburi
2012-11-08,0.9,30.3,24.2,87,chanthaburi
2012-11-09,1.9,30.0,24.7,87,chanthaburi
2012-11-10,0.9,31.2,24.3,87,chanthaburi
2012-11-11,4.0,31.0,25.0,90,chanthaburi
2012-11-12,8.3,29.9,24.8,91,chanthaburi
2012-11-13,0.3,31.6,24.6,83,chanthaburi
2012-11-14,0.4,31.4,24.8,82,chanthaburi
2012-11-15,0.3,30.8,24.1,82,chanthaburi
2012-11-16,7.0,29.5,25.0,86,chanthaburi
2012-11-17,10.1,27.7,24.2,91,chanthaburi
2012-11-18,7.3,29.0,24.9,89,chanthaburi
2012-11-19,16.9,29.8,24.4,90,chanthaburi
2012-11-20,4.4,28.5,24.0,92,chanthaburi
2012-11-21,1.4,30.2,24.1,89,chanthaburi
2012-11-22,0.8,29.8,24.2,89,chanthaburi
2012-11-23,6.5,30.3,24.4,92,chanthaburi
2012-11-24,21.7,27.7,24.5,93,chanthaburi
2012-11-25,3.0,29.7,23.9,90,chanthaburi
2012-11-26,5.5,30.3,24.5,91,chanthaburi
2012-11-27,1.3,30.1,23.8,88,chanthaburi
2012-11-28,1.9,29.7,24.2,88,chanthaburi
2012-11-29,0.2,29.5,23.9,88,chanthaburi
2012-11-30,0.0,30.3,23.7,83,chanthaburi
2012-12-01,0.4,30.3,24.3,85,chanthaburi
2012-12-02,0.0,30.5,23.8,85,chanthaburi
2012-12-03,1.2,30.1,24.1,85,chanthaburi
2012-12-04,0.4,29.7,24.9,84,chanthaburi
2012-12-05,0.0,30.8,23.0,83,chanthaburi
2012-12-06,0.7,29.9,24.2,83,chanthaburi
2012-12-07,0.3,30.1,23.7,84,chanthaburi
2012-12-08,0.1,30.3,23.4,83,chanthaburi
2012-12-09,0.2,30.1,23.4,80,chanthaburi
2012-12-10,4.8,30.1,23.3,84,chanthaburi
2012-12-11,0.2,30.3,23.5,84,chanthaburi
2012-12-12,0.0,30.5,23.2,81,chanthaburi
2012-12-13,0.0,30.8,22.1,73,chanthaburi
2012-12-14,0.0,31.6,23.3,73,chanthaburi
2012-12-15,0.0,32.5,24.5,77,chanthaburi
2012-12-16,0.0,32.0,24.7,83,chanthaburi
2012-12-17,0.0,32.6,23.6,81,chanthaburi
2012-12-18,0.0,32.5,24.1,81,chanthaburi
2012-12-19,0.0,32.2,24.0,73,chanthaburi
2012-12-20,0.0,31.9,23.6,72,chanthaburi
2012-12-21,0.0,32.4,23.0,73,chanthaburi
2012-12-22,0.0,32.5,24.3,72,chanthaburi
2012-12-23,0.1,31.7,24.2,71,chanthaburi
2012-12-24,0.0,29.2,21.7,57,chanthaburi
2012-12-25,0.0,29.9,21.6,58,chanthaburi
2012-12-26,0.0,30.8,22.5,62,chanthaburi
2012-12-27,0.0,31.7,23.2,66,chanthaburi
2012-12-28,0.0,32.1,22.6,69,chanthaburi
2012-12-29,0.0,32.7,23.1,68,chanthaburi
2012-12-30,0.6,32.2,24.7,72,chanthaburi
2012-12-31,0.0,28.5,22.0,52,chanthaburi
2013-01-01,0.0,30.0,21.7,58,chanthaburi
2013-01-02,0.0,31.5,22.6,62,chanthaburi
2013-01-03,0.0,31.8,22.3,63,chanthaburi
2013-01-04,0.0,31.1,22.5,64,chanthaburi
2013-01-05,0.0,30.7,22.1,65,chanthaburi
2013-01-06,0.0,30.5,21.4,66,chanthaburi
2013-01-07,0.0,31.4,22.5,68,chanthaburi
2013-01-08,0.0,30.1,23.7,77,chanthaburi
2013-01-09,0.1,30.4,23.4,77,chanthaburi
2013-01-10,1.2,29.9,23.4,82,chanthaburi
2013-01-11,0.0,31.4,23.3,74,chanthaburi
2013-01-12,0.9,29.5,23.7,83,chanthaburi
2013-01-13,1.1,29.5,22.6,83,chanthaburi
2013-01-14,0.7,29.8,23.1,83,chanthaburi
2013-01-15,1.5,31.2,22.7,78,chanthaburi
2013-01-16,0.0,31.4,23.2,75,chanthaburi
2013-01-17,0.0,31.3,21.7,61,chanthaburi
2013-01-18,0.0,30.1,22.1,49,chanthaburi
2013-01-19,0.0,30.3,20.8,55,chanthaburi
2013-01-20,0.0,31.4,20.4,61,chanthaburi
2013-01-21,0.0,32.5,21.4,67,chanthaburi
2013-01-22,0.0,32.8,22.6,76,chanthaburi
2013-01-23,0.1,32.1,23.0,80,chanthaburi
2013-01-24,1.7,30.8,24.4,83,chanthaburi
2013-01-25,4.0,29.9,23.9,85,chanthaburi
2013-01-26,2.1,28.2,23.3,88,chanthaburi
2013-01-27,13.4,28.7,23.3,87,chanthaburi
2013-01-28,8.2,25.7,22.9,93,chanthaburi
2013-01-29,0.0,29.9,22.6,79,chanthaburi
2013-01-30,0.7,30.0,22.6,80,chanthaburi
2013-01-31,2.1,28.6,22.6,87,chanthaburi
2013-02-01,0.0,30.9,23.1,79,chanthaburi
2013-02-02,0.0,31.8,22.9,79,chanthaburi
2013-02-03,0.0,31.1,23.9,75,chanthaburi
2013-02-04,0.0,33.0,23.6,73,chanthaburi
2013-02-05,0.9,30.9,24.4,82,chanthaburi
2013-02-06,0.8,30.0,24.4,84,chanthaburi
2013-02-07,1.7,29.9,24.9,84,chanthaburi
2013-02-08,0.1,31.8,24.4,83,chanthaburi
2013-02-09,6.4,30.1,24.7,85,chanthaburi
2013-02-10,1.5,30.8,23.9,84,chanthaburi
2013-02-11,0.8,31.7,24.5,81,chanthaburi
2013-02-12,0.0,32.3,24.4,77,chanthaburi
2013-02-13,0.2,32.1,24.3,75,chanthaburi
2013-02-14,0.0,33.6,23.9,75,chanthaburi
2013-02-15,3.3,32.5,24.7,82,chanthaburi
2013-02-16,3.8,30.5,24.9,84,chanthaburi
2013-02-17,2.1,30.5,24.7,85,chanthaburi
2013-02-18,1.2,30.6,24.2,83,chanthaburi
2013-02-19,1.0,31.0,25.2,81,chanthaburi
2013-02-20,0.7,30.7,24.4,81,chanthaburi
2013-02-21,0.6,30.9,24.3,82,chanthaburi
2013-02-22,0.0,33.0,24.1,70,chanthaburi
2013-02-23,0.0,29.6,24.1,61,chanthaburi
2013-02-24,0.0,31.5,24.1,59,chanthaburi
2013-02-25,0.0,34.7,24.8,69,chanthaburi
2013-02-26,0.8,32.0,24.2,81,chanthaburi
2013-02-27,1.8,30.7,25.4,85,chanthaburi
2013-02-28,2.0,30.3,24.8,85,chanthaburi
2013-03-01,0.4,30.4,24.9,84,chanthaburi
2013-03-02,0.8,31.5,25.6,82,chanthaburi
2013-03-03,13.5,31.4,24.7,88,chanthaburi
2013-03-04,0.4,30.7,24.1,72,chanthaburi
2013-03-05,0.0,31.2,23.7,61,chanthaburi
2013-03-06,0.0,32.7,23.9,61,chanthaburi
2013-03-07,0.0,33.3,22.9,74,chanthaburi
2013-03-08,1.1,31.6,24.5,81,chanthaburi
2013-03-09,1.8,29.4,24.8,83,chanthaburi
2013-03-10,0.3,30.1,24.4,84,chanthaburi
2013-03-11,1.0,30.8,24.4,83,chanthaburi
2013-03-12,0.6,31.4,25.0,81,chanthaburi
2013-03-13,0.1,31.4,25.4,78,chanthaburi
2013-03-14,5.2,32.0,25.0,81,chanthaburi
2013-03-15,14.6,30.2,24.3,87,chanthaburi
2013-03-16,15.0,30.2,24.6,89,chanthaburi
2013-03-17,1.5,30.2,24.6,86,chanthaburi
2013-03-18,1.7,30.2,25.6,84,chanthaburi
2013-03-19,0.5,31.1,25.3,80,chanthaburi
2013-03-20,0.0,31.3,25.2,81,chanthaburi
2013-03-21,0.1,31.8,24.8,81,chanthaburi
2013-03-22,1.4,30.4,25.7,82,chanthaburi
2013-03-23,0.0,32.2,25.4,79,chanthaburi
2013-03-24,0.2,32.0,26.2,79,chanthaburi
2013-03-25,0.5,31.7,25.9,81,chanthaburi
2013-03-26,2.9,32.4,25.3,82,chanthaburi
2013-03-27,0.5,32.0,25.8,81,chanthaburi
2013-03-28,3.3,32.2,26.0,80,chanthaburi
2013-03-29,0.9,31.9,26.3,80,chanthaburi
2013-03-30,0.1,32.3,25.8,80,chanthaburi
2013-03-31,1.0,32.9,26.5,81,chanthaburi
2013-04-01,9.0,31.6,26.1,85,chanthaburi
2013-04-02,4.5,32.6,25.6,85,chanthaburi
2013-04-03,1.1,32.0,26.0,84,chanthaburi
2013-04-04,0.4,32.2,27.5,80,chanthaburi
2013-04-05,0.7,31.8,26.1,81,chanthaburi
2013-04-06,0.2,33.9,26.0,78,chanthaburi
2013-04-07,0.0,33.9,26.8,78,chanthaburi
2013-04-08,0.0,33.1,25.3,79,chanthaburi
2013-04-09,0.0,33.2,25.8,77,chanthaburi
2013-04-10,7.9,29.6,26.1,85,chanthaburi
2013-04-11,19.1,28.6,25.8,90,chanthaburi
2013-04-12,13.5,32.0,24.5,85,chanthaburi
2013-04-13,7.6,31.4,24.8,83,chanthaburi
2013-04-14,3.2,30.5,25.5,85,chanthaburi
2013-04-15,1.0,29.4,24.7,86,chanthaburi
2013-04-16,26.7,26.8,24.3,95,chanthaburi
2013-04-17,45.3,25.6,24.5,97,chanthaburi
2013-04-18,0.7,31.0,23.9,85,chanthaburi
2013-04-19,1.5,31.6,24.0,85,chanthaburi
2013-04-20,2.7,31.3,25.2,86,chanthaburi
2013-04-21,3.4,31.2,25.9,84,chanthaburi
2013-04-22,4.5,31.1,26.4,83,chanthaburi
2013-04-23,6.1,31.1,25.2,88,chanthaburi
2013-04-24,1.4,30.8,25.3,86,chanthaburi
2013-04-25,10.6,30.6,24.8,89,chanthaburi
2013-04-26,1.2,31.2,25.2,84,chanthaburi
2013-04-27,2.7,30.8,26.0,83,chanthaburi
2013-04-28,1.8,31.0,25.2,82,chanthaburi
2013-04-29,2.8,30.5,26.2,86,chanthaburi
2013-04-30,0.9,31.1,26.0,83,chanthaburi
2013-05-01,1.0,31.1,26.4,79,chanthaburi
2013-05-02,4.1,31.2,26.7,84,chanthaburi
2013-05-03,7.2,30.2,26.8,84,chanthaburi
2013-05-04,6.8,30.8,25.9,87,chanthaburi
2013-05-05,4.0,32.0,25.7,85,chanthaburi
2013-05-06,5.0,31.8,25.4,84,chanthaburi
2013-05-07,4.5,30.3,26.3,85,chanthaburi
2013-05-08,3.6,31.0,25.7,86,chanthaburi
2013-05-09,8.4,30.2,26.7,86,chanthaburi
2013-05-10,0.8,31.5,26.0,85,chanthaburi
2013-05-11,4.2,31.6,25.6,85,chanthaburi
2013-05-12,15.6,29.1,25.8,88,chanthaburi
2013-05-13,6.2,30.5,26.0,86,chanthaburi
2013-05-14,4.5,30.7,26.1,86,chanthaburi
2013-05-15,2.4,31.6,26.3,83,chanthaburi
2013-05-16,16.7,30.7,26.4,88,chanthaburi
2013-05-17,14.1,30.8,25.8,86,chanthaburi
2013-05-18,10.0,29.2,26.0,87,chanthaburi
2013-05-19,19.6,28.2,25.5,90,chanthaburi
2013-05-20,15.7,29.2,25.3,91,chanthaburi
2013-05-21,8.4,29.9,25.2,87,chanthaburi
2013-05-22,8.4,30.6,26.4,84,chanthaburi
2013-05-23,9.3,29.8,25.6,89,chanthaburi
2013-05-24,21.9,29.3,25.4,91,chanthaburi
2013-05-25,14.1,28.9,25.3,92,chanthaburi
2013-05-26,7.6,29.8,25.4,87,chanthaburi
2013-05-27,4.2,30.1,25.4,86,chanthaburi
2013-05-28,6.6,30.5,25.2,86,chanthaburi
2013-05-29,5.0,30.9,25.6,86,chanthaburi
2013-05-30,12.3,30.1,25.9,89,chanthaburi
2013-05-31,16.8,28.8,24.7,91,chanthaburi
2013-06-01,12.8,30.8,24.6,88,chanthaburi
2013-06-02,12.2,27.6,24.4,92,chanthaburi
2013-06-03,5.4,29.9,25.0,90,chanthaburi
2013-06-04,19.4,28.4,24.8,95,chanthaburi
2013-06-05,11.1,27.7,24.6,94,chanthaburi
2013-06-06,7.1,30.1,24.6,91,chanthaburi
2013-06-07,16.1,29.7,25.0,89,chanthaburi
2013-06-08,1.5,30.8,26.1,85,chanthaburi
2013-06-09,6.7,31.0,26.0,85,chanthaburi
2013-06-10,2.8,30.6,26.3,83,chanthaburi
2013-06-11,21.0,30.2,25.4,88,chanthaburi
2013-06-12,27.6,28.2,25.2,94,chanthaburi
2013-06-13,39.3,26.6,24.8,98,chanthaburi
2013-06-14,27.6,29.2,24.6,92,chanthaburi
2013-06-15,25.9,27.5,24.6,97,chanthaburi
2013-06-16,19.8,28.6,24.1,94,chanthaburi
2013-06-17,34.2,27.7,24.7,92,chanthaburi
2013-06-18,15.5,28.7,24.9,90,chanthaburi
2013-06-19,16.8,29.2,25.8,89,chanthaburi
2013-06-20,18.4,29.3,25.6,89,chanthaburi
2013-06-21,27.4,27.9,25.2,92,chanthaburi
2013-06-22,17.0,27.9,24.9,92,chanthaburi
2013-06-23,29.4,26.8,24.7,94,chanthaburi
2013-06-24,17.1,28.6,25.3,92,chanthaburi
2013-06-25,6.1,29.2,25.0,88,chanthaburi
2013-06-26,19.5,28.4,24.5,90,chanthaburi
2013-06-27,23.5,29.5,24.4,90,chanthaburi
2013-06-28,7.6,30.2,24.9,87,chanthaburi
2013-06-29,2.8,30.4,25.3,85,chanthaburi
2013-06-30,0.9,30.2,25.5,84,chanthaburi
2013-07-01,4.7,30.2,25.8,84,chanthaburi
2013-07-02,12.0,29.1,25.7,86,chanthaburi
2013-07-03,17.2,29.2,25.6,88,chanthaburi
2013-07-04,6.7,28.7,24.1,92,chanthaburi
2013-07-05,7.5,28.2,24.9,89,chanthaburi
2013-07-06,11.6,28.6,25.4,92,chanthaburi
2013-07-07,22.0,26.7,24.2,94,chanthaburi
2013-07-08,37.6,25.4,24.2,98,chanthaburi
2013-07-09,28.6,25.9,24.0,96,chanthaburi
2013-07-10,19.4,26.1,23.7,95,chanthaburi
2013-07-11,11.3,27.1,23.3,93,chanthaburi
2013-07-12,4.7,30.1,23.6,88,chanthaburi
2013-07-13,1.3,30.7,24.4,83,chanthaburi
2013-07-14,11.7,29.1,25.6,85,chanthaburi
2013-07-15,21.7,28.3,24.6,89,chanthaburi
2013-07-16,22.7,28.1,24.3,91,chanthaburi
2013-07-17,5.5,29.7,24.5,84,chanthaburi
2013-07-18,9.1,29.3,25.7,82,chanthaburi
2013-07-19,25.3,26.9,24.3,88,chanthaburi
2013-07-20,17.2,28.8,25.6,87,chanthaburi
2013-07-21,12.1,27.2,24.7,90,chanthaburi
2013-07-22,32.2,28.0,24.5,92,chanthaburi
2013-07-23,56.3,26.6,24.3,97,chanthaburi
2013-07-24,54.8,26.8,24.3,93,chanthaburi
2013-07-25,11.2,28.6,25.2,89,chanthaburi
2013-07-26,9.7,29.1,24.8,85,chanthaburi
2013-07-27,9.9,28.6,25.2,88,chanthaburi
2013-07-28,15.4,29.0,24.7,91,chanthaburi
2013-07-29,12.3,28.8,25.0,89,chanthaburi
2013-07-30,13.5,28.5,25.2,89,chanthaburi
2013-07-31,30.4,27.4,24.2,94,chanthaburi
2013-08-01,14.8,27.8,24.6,91,chanthaburi
2013-08-02,19.1,29.0,24.6,90,chanthaburi
2013-08-03,29.7,27.0,24.3,94,chanthaburi
2013-08-04,10.9,28.2,24.1,91,chanthaburi
2013-08-05,4.9,29.3,24.0,87,chanthaburi
2013-08-06,14.4,29.5,24.6,88,chanthaburi
2013-08-07,16.2,30.3,25.7,87,chanthaburi
2013-08-08,25.8,28.1,23.8,91,chanthaburi
2013-08-09,18.0,26.8,24.4,94,chanthaburi
2013-08-10,12.4,28.6,24.1,90,chanthaburi
2013-08-11,14.9,28.9,24.4,90,chanthaburi
2013-08-12,18.0,28.3,24.3,92,chanthaburi
2013-08-13,20.4,27.6,24.2,93,chanthaburi
2013-08-14,26.8,27.3,24.1,93,chanthaburi
2013-08-15,13.7,29.0,24.4,91,chanthaburi
2013-08-16,1.7,29.6,24.9,85,chanthaburi
2013-08-17,1.5,29.6,25.2,82,chanthaburi
2013-08-18,4.1,29.2,26.2,82,chanthaburi
2013-08-19,2.6,29.2,26.5,80,chanthaburi
2013-08-20,1.4,28.7,25.9,78,chanthaburi
2013-08-21,12.1,28.4,25.0,84,chanthaburi
2013-08-22,20.4,27.8,24.5,89,chanthaburi
2013-08-23,16.2,27.2,24.8,91,chanthaburi
2013-08-24,19.6,27.8,24.4,90,chanthaburi
2013-08-25,12.8,28.3,24.5,89,chanthaburi
2013-08-26,1.9,29.5,24.7,85,chanthaburi
2013-08-27,16.2,27.2,24.5,95,chanthaburi
2013-08-28,14.8,28.5,24.1,91,chanthaburi
2013-08-29,18.1,29.2,24.7,90,chanthaburi
2013-08-30,11.1,29.0,25.1,90,chanthaburi
2013-08-31,12.0,28.2,24.5,90,chanthaburi
2013-09-01,5.1,29.3,24.9,86,chanthaburi
2013-09-02,1.8,30.1,24.6,85,chanthaburi
2013-09-03,3.9,30.3,24.8,88,chanthaburi
2013-09-04,1.4,30.1,25.6,87,chanthaburi
2013-09-05,3.7,29.2,25.5,89,chanthaburi
2013-09-06,6.6,29.4,25.1,89,chanthaburi
2013-09-07,17.9,27.2,24.2,93,chanthaburi
2013-09-08,8.8,29.0,24.1,91,chanthaburi
2013-09-09,4.3,29.4,23.2,87,chanthaburi
2013-09-10,13.0,29.5,23.6,90,chanthaburi
2013-09-11,15.0,28.8,23.9,91,chanthaburi
2013-09-12,15.7,26.8,24.3,94,chanthaburi
2013-09-13,19.9,27.3,24.5,94,chanthaburi
2013-09-14,24.5,27.0,24.5,93,chanthaburi
2013-09-15,39.1,27.5,24.3,93,chanthaburi
2013-09-16,15.9,28.0,24.5,91,chanthaburi
2013-09-17,13.1,27.8,24.3,92,chanthaburi
2013-09-18,15.7,27.7,24.8,94,chanthaburi
2013-09-19,60.3,26.3,24.4,97,chanthaburi
2013-09-20,38.2,25.2,24.1,97,chanthaburi
2013-09-21,45.5,27.2,24.5,93,chanthaburi
2013-09-22,14.3,28.8,24.8,88,chanthaburi
2013-09-23,9.6,28.1,24.5,90,chanthaburi
2013-09-24,19.3,28.1,24.4,90,chanthaburi
2013-09-25,14.3,28.3,24.3,88,chanthaburi
2013-09-26,5.8,29.2,25.3,88,chanthaburi
2013-09-27,10.2,28.8,24.2,88,chanthaburi
2013-09-28,8.8,28.2,24.3,92,chanthaburi
2013-09-29,17.7,29.1,24.5,89,chanthaburi
2013-09-30,15.5,27.0,23.6,92,chanthaburi
2013-10-01,20.5,28.2,23.5,91,chanthaburi
2013-10-02,20.1,29.0,23.3,93,chanthaburi
2013-10-03,20.7,25.8,23.8,97,chanthaburi
2013-10-04,63.3,25.3,23.5,98,chanthaburi
2013-10-05,20.1,27.3,23.5,91,chanthaburi
2013-10-06,37.1,26.3,23.8,94,chanthaburi
2013-10-07,17.3,26.8,23.3,95,chanthaburi
2013-10-08,16.5,28.4,23.5,93,chanthaburi
2013-10-09,5.2,29.0,23.0,87,chanthaburi
2013-10-10,6.5,29.8,24.3,89,chanthaburi
2013-10-11,0.1,31.2,23.8,83,chanthaburi
2013-10-12,1.2,30.7,22.7,83,chanthaburi
2013-10-13,5.8,30.5,24.6,87,chanthaburi
2013-10-14,2.9,30.7,24.7,87,chanthaburi
2013-10-15,13.1,29.4,24.2,91,chanthaburi
2013-10-16,45.1,26.2,24.6,94,chanthaburi
2013-10-17,1.4,28.8,24.5,91,chanthaburi
2013-10-18,4.5,29.8,23.8,87,chanthaburi
2013-10-19,1.7,30.0,24.4,86,chanthaburi
2013-10-20,2.7,29.9,24.3,86,chanthaburi
2013-10-21,2.9,29.9,24.5,85,chanthaburi
2013-10-22,0.6,30.3,24.0,85,chanthaburi
2013-10-23,0.7,29.9,24.5,84,chanthaburi
2013-10-24,0.5,30.0,24.2,84,chanthaburi
2013-10-25,2.8,29.4,23.1,86,chanthaburi
2013-10-26,0.0,28.7,23.4,78,chanthaburi
2013-10-27,0.2,29.3,23.7,79,chanthaburi
2013-10-28,0.1,29.5,24.1,80,chanthaburi
2013-10-29,0.5,30.2,23.8,82,chanthaburi
2013-10-30,0.0,31.0,23.8,79,chanthaburi
2013-10-31,0.6,31.3,24.0,80,chanthaburi
2013-11-01,0.0,31.0,23.8,83,chanthaburi
2013-11-02,0.0,31.1,23.9,80,chanthaburi
2013-11-03,0.0,31.1,22.7,72,chanthaburi
2013-11-04,0.0,30.5,23.1,70,chanthaburi
2013-11-05,0.0,30.5,23.5,69,chanthaburi
2013-11-06,1.4,31.1,25.0,76,chanthaburi
2013-11-07,23.4,26.8,23.7,86,chanthaburi
2013-11-08,8.5,29.5,23.7,89,chanthaburi
2013-11-09,0.6,30.3,23.4,88,chanthaburi
2013-11-10,0.0,30.6,23.6,81,chanthaburi
2013-11-11,0.0,30.1,23.6,84,chanthaburi
2013-11-12,0.5,30.5,23.8,85,chanthaburi
2013-11-13,6.6,29.6,24.6,90,chanthaburi
2013-11-14,0.5,30.4,24.4,87,chanthaburi
2013-11-15,0.1,27.7,23.7,80,chanthaburi
2013-11-16,0.2,27.9,22.6,80,chanthaburi
2013-11-17,0.0,29.6,24.6,78,chanthaburi
2013-11-18,0.0,29.6,23.8,77,chanthaburi
2013-11-19,0.0,29.7,23.9,73,chanthaburi
2013-11-20,0.0,29.9,23.4,74,chanthaburi
2013-11-21,0.0,29.8,24.1,73,chanthaburi
2013-11-22,0.0,29.8,24.5,74,chanthaburi
2013-11-23,0.2,30.5,24.9,77,chanthaburi
2013-11-24,7.1,30.4,23.9,89,chanthaburi
2013-11-25,0.9,29.9,23.5,88,chanthaburi
2013-11-26,0.1,30.1,24.1,87,chanthaburi
2013-11-27,0.5,31.1,23.5,84,chanthaburi
2013-11-28,1.8,29.3,25.1,82,chanthaburi
2013-11-29,0.0,28.4,22.9,70,chanthaburi
2013-11-30,0.0,28.5,21.8,69,chanthaburi
2013-12-01,0.0,27.8,21.6,71,chanthaburi
2013-12-02,0.0,26.8,20.0,66,chanthaburi
2013-12-03,0.0,27.0,20.1,66,chanthaburi
2013-12-04,0.0,28.7,21.1,66,chanthaburi
2013-12-05,0.0,28.9,22.0,72,chanthaburi
2013-12-06,0.0,29.0,22.1,71,chanthaburi
2013-12-07,0.0,28.8,21.2,67,chanthaburi
2013-12-08,0.0,29.0,21.1,66,chanthaburi
2013-12-09,0.0,30.1,20.1,74,chanthaburi
2013-12-10,0.0,30.1,20.3,72,chanthaburi
2013-12-11,0.0,30.6,20.6,73,chanthaburi
2013-12-12,0.0,30.9,21.1,74,chanthaburi
2013-12-13,0.0,31.2,21.0,73,chanthaburi
2013-12-14,0.0,31.9,21.9,75,chanthaburi
2013-12-15,0.3,29.4,24.0,82,chanthaburi
2013-12-16,8.7,27.8,24.0,88,chanthaburi
2013-12-17,2.4,23.6,19.5,76,chanthaburi
2013-12-18,0.0,25.7,18.0,64,chanthaburi
2013-12-19,0.0,25.4,19.5,66,chanthaburi
2013-12-20,0.0,25.9,18.4,64,chanthaburi
2013-12-21,0.0,25.7,17.6,62,chanthaburi
2013-12-22,0.0,26.7,17.9,62,chanthaburi
2013-12-23,0.0,27.8,18.9,63,chanthaburi
2013-12-24,0.0,27.8,20.0,63,chanthaburi
2013-12-25,0.0,27.2,19.2,63,chanthaburi
2013-12-26,0.0,27.4,19.2,57,chanthaburi
2013-12-27,0.0,26.2,18.2,59,chanthaburi
2013-12-28,0.0,26.2,17.2,63,chanthaburi
2013-12-29,0.0,26.8,17.8,63,chanthaburi
2013-12-30,0.0,26.7,20.1,61,chanthaburi
2013-12-31,0.0,27.6,20.6,59,chanthaburi
2014-01-01,0.0,28.9,18.9,62,chanthaburi
2014-01-02,0.0,30.3,19.4,69,chanthaburi
2014-01-03,0.0,31.8,19.8,75,chanthaburi
2014-01-04,0.0,31.4,19.9,76,chanthaburi
2014-01-05,0.0,31.1,20.9,70,chanthaburi
2014-01-06,0.0,31.5,20.7,74,chanthaburi
2014-01-07,0.0,31.6,21.9,79,chanthaburi
2014-01-08,0.0,31.9,21.6,78,chanthaburi
2014-01-09,0.0,32.6,20.8,65,chanthaburi
2014-01-10,0.0,31.1,21.5,62,chanthaburi
2014-01-11,0.0,31.1,22.7,59,chanthaburi
2014-01-12,0.0,31.5,23.9,58,chanthaburi
2014-01-13,0.0,30.3,23.2,59,chanthaburi
2014-01-14,0.0,28.6,20.0,57,chanthaburi
2014-01-15,0.0,27.6,18.9,52,chanthaburi
2014-01-16,0.0,27.9,18.5,53,chanthaburi
2014-01-17,0.0,28.7,18.8,57,chanthaburi
2014-01-18,0.0,27.0,19.1,59,chanthaburi
2014-01-19,0.0,27.6,18.1,53,chanthaburi
2014-01-20,0.0,27.9,18.7,54,chanthaburi
2014-01-21,0.0,26.5,18.8,54,chanthaburi
2014-01-22,0.0,26.0,16.9,49,chanthaburi
2014-01-23,0.0,26.6,16.8,50,chanthaburi
2014-01-24,0.0,28.1,15.4,58,chanthaburi
2014-01-25,0.0,28.7,15.7,67,chanthaburi
2014-01-26,0.0,29.3,16.8,72,chanthaburi
2014-01-27,0.0,30.3,17.8,71,chanthaburi
2014-01-28,0.0,31.0,19.1,69,chanthaburi
2014-01-29,0.0,31.1,19.2,71,chanthaburi
2014-01-30,0.0,30.9,19.2,64,chanthaburi
2014-01-31,0.0,30.9,19.0,65,chanthaburi
2014-02-01,0.0,30.2,19.7,74,chanthaburi
2014-02-02,0.0,29.6,20.3,79,chanthaburi
2014-02-03,0.0,30.6,20.7,78,chanthaburi
2014-02-04,0.0,30.1,22.1,79,chanthaburi
2014-02-05,0.0,29.5,23.5,79,chanthaburi
2014-02-06,1.4,28.8,23.0,81,chanthaburi
2014-02-07,0.9,29.1,23.6,81,chanthaburi
2014-02-08,0.0,29.3,22.8,79,chanthaburi
2014-02-09,0.0,30.7,21.8,78,chanthaburi
2014-02-10,0.0,31.0,21.5,80,chanthaburi
2014-02-11,0.0,30.7,22.8,78,chanthaburi
2014-02-12,1.6,29.2,23.6,83,chanthaburi
2014-02-13,1.7,29.8,22.7,82,chanthaburi
2014-02-14,5.9,28.5,23.1,84,chanthaburi
2014-02-15,0.9,29.3,22.8,83,chanthaburi
2014-02-16,1.3,28.8,23.3,84,chanthaburi
2014-02-17,0.2,29.1,23.5,83,chanthaburi
2014-02-18,1.2,29.2,23.2,82,chanthaburi
2014-02-19,1.8,30.1,23.6,81,chanthaburi
2014-02-20,6.1,26.8,21.4,79,chanthaburi
2014-02-21,1.0,26.7,19.4,76,chanthaburi
2014-02-22,0.0,31.1,21.3,72,chanthaburi
2014-02-23,0.0,30.4,21.4,83,chanthaburi
2014-02-24,2.5,29.2,23.6,83,chanthaburi
2014-02-25,0.6,29.6,23.6,84,chanthaburi
2014-02-26,0.2,30.2,23.3,82,chanthaburi
2014-02-27,1.2,29.1,24.3,82,chanthaburi
2014-02-28,0.4,29.4,23.2,81,chanthaburi
2014-03-01,0.0,29.9,24.2,79,chanthaburi
2014-03-02,0.0,30.9,24.4,79,chanthaburi
2014-03-03,0.0,30.7,23.0,77,chanthaburi
2014-03-04,0.0,31.4,23.0,78,chanthaburi
2014-03-05,0.9,31.3,23.6,81,chanthaburi
2014-03-06,0.5,30.2,24.5,81,chanthaburi
2014-03-07,0.0,30.4,24.0,79,chanthaburi
2014-03-08,0.2,30.4,24.0,79,chanthaburi
2014-03-09,0.5,30.8,24.0,78,chanthaburi
2014-03-10,0.1,30.2,23.5,79,chanthaburi
2014-03-11,0.4,30.1,24.3,79,chanthaburi
2014-03-12,0.1,31.0,23.5,78,chanthaburi
2014-03-13,0.0,31.6,24.1,77,chanthaburi
2014-03-14,0.2,32.1,24.2,79,chanthaburi
2014-03-15,1.2,32.6,25.2,81,chanthaburi
2014-03-16,1.0,33.6,25.0,82,chanthaburi
2014-03-17,0.6,32.2,24.9,80,chanthaburi
2014-03-18,4.3,31.3,25.4,82,chanthaburi
2014-03-19,5.5,31.1,26.4,80,chanthaburi
2014-03-20,0.0,31.8,25.8,79,chanthaburi
2014-03-21,3.4,32.5,25.2,82,chanthaburi
2014-03-22,11.9,28.6,24.6,88,chanthaburi
2014-03-23,0.2,31.9,23.9,77,chanthaburi
2014-03-24,1.6,31.4,24.1,79,chanthaburi
2014-03-25,7.2,31.3,24.2,80,chanthaburi
2014-03-26,0.9,31.1,25.2,82,chanthaburi
2014-03-27,0.5,31.4,25.4,83,chanthaburi
2014-03-28,13.2,29.5,25.8,86,chanthaburi
2014-03-29,1.3,31.6,25.2,84,chanthaburi
2014-03-30,0.9,31.3,26.2,83,chanthaburi
2014-03-31,0.7,31.5,26.0,82,chanthaburi
2014-04-01,1.3,31.3,26.1,81,chanthaburi
2014-04-02,0.0,31.9,25.9,81,chanthaburi
2014-04-03,10.0,31.1,26.3,82,chanthaburi
2014-04-04,6.3,31.4,25.5,85,chanthaburi
2014-04-05,13.1,30.3,24.7,89,chanthaburi
2014-04-06,2.5,30.6,24.4,85,chanthaburi
2014-04-07,1.3,30.6,25.3,82,chanthaburi
2014-04-08,1.9,30.4,25.3,87,chanthaburi
2014-04-09,0.5,30.4,25.2,85,chanthaburi
2014-04-10,0.7,30.6,25.3,84,chanthaburi
2014-04-11,3.5,30.8,25.4,84,chanthaburi
2014-04-12,16.5,29.4,25.5,88,chanthaburi
2014-04-13,6.2,30.2,24.8,87,chanthaburi
2014-04-14,6.8,30.5,25.2,87,chanthaburi
2014-04-15,16.8,29.9,25.1,89,chanthaburi
2014-04-16,1.7,30.6,24.8,88,chanthaburi
2014-04-17,0.9,30.2,25.1,86,chanthaburi
2014-04-18,2.9,30.5,25.1,86,chanthaburi
2014-04-19,3.4,31.1,24.7,85,chanthaburi
2014-04-20,0.6,30.8,26.1,84,chanthaburi
2014-04-21,0.1,31.5,25.4,82,chanthaburi
2014-04-22,0.7,31.7,25.7,83,chanthaburi
2014-04-23,0.6,32.0,26.1,83,chanthaburi
2014-04-24,1.0,31.7,26.0,84,chanthaburi
2014-04-25,1.2,31.8,26.6,80,chanthaburi
2014-04-26,0.2,32.1,25.6,80,chanthaburi
2014-04-27,1.6,31.6,26.4,81,chanthaburi
2014-04-28,0.1,33.1,25.6,78,chanthaburi
2014-04-29,4.2,30.7,26.3,85,chanthaburi
2014-04-30,1.5,31.4,25.4,82,chanthaburi
2014-05-01,0.2,31.3,25.4,82,chanthaburi
2014-05-02,2.9,31.3,25.5,83,chanthaburi
2014-05-03,10.0,28.2,25.7,89,chanthaburi
2014-05-04,0.7,32.0,25.2,82,chanthaburi
2014-05-05,1.2,33.2,25.4,83,chanthaburi
2014-05-06,6.6,31.1,25.8,87,chanthaburi
2014-05-07,0.5,31.3,25.8,85,chanthaburi
2014-05-08,0.8,32.0,25.3,82,chanthaburi
2014-05-09,1.4,31.2,25.9,83,chanthaburi
2014-05-10,5.9,30.8,26.3,85,chanthaburi
2014-05-11,11.3,29.8,26.9,85,chanthaburi
2014-05-12,1.8,30.2,26.2,87,chanthaburi
2014-05-13,8.3,29.5,26.3,88,chanthaburi
2014-05-14,8.1,30.5,26.0,86,chanthaburi
2014-05-15,12.8,30.9,26.8,86,chanthaburi
2014-05-16,6.4,30.9,26.4,87,chanthaburi
2014-05-17,13.3,29.3,26.1,88,chanthaburi
2014-05-18,14.1,29.2,26.1,90,chanthaburi
2014-05-19,1.7,31.0,24.8,88,chanthaburi
2014-05-20,0.5,31.5,26.0,81,chanthaburi
2014-05-21,8.7,31.0,25.7,84,chanthaburi
2014-05-22,12.6,31.2,25.4,84,chanthaburi
2014-05-23,10.8,30.4,25.7,86,chanthaburi
2014-05-24,6.3,31.0,25.2,84,chanthaburi
2014-05-25,1.1,32.0,27.0,86,chanthaburi
2014-05-26,9.3,30.9,26.9,87,chanthaburi
2014-05-27,16.6,29.9,26.4,89,chanthaburi
2014-05-28,5.0,31.0,25.6,87,chanthaburi
2014-05-29,4.9,30.8,25.5,87,chanthaburi
2014-05-30,7.6,31.0,25.5,86,chanthaburi
2014-05-31,8.8,30.7,26.2,85,chanthaburi
2014-06-01,16.0,30.1,25.4,87,chanthaburi
2014-06-02,4.8,31.3,25.5,84,chanthaburi
2014-06-03,10.2,31.2,26.9,86,chanthaburi
2014-06-04,9.8,30.5,25.8,87,chanthaburi
2014-06-05,24.4,28.3,25.6,93,chanthaburi
2014-06-06,12.4,29.0,25.4,90,chanthaburi
2014-06-07,6.8,30.1,26.1,90,chanthaburi
2014-06-08,12.1,30.2,25.4,89,chanthaburi
2014-06-09,12.2,30.0,26.0,88,chanthaburi
2014-06-10,6.8,30.2,26.1,86,chanthaburi
2014-06-11,24.6,29.6,25.7,92,chanthaburi
2014-06-12,37.5,28.8,25.6,93,chanthaburi
2014-06-13,27.5,27.9,25.3,94,chanthaburi
2014-06-14,31.4,28.0,25.2,96,chanthaburi
2014-06-15,17.8,29.7,25.3,92,chanthaburi
2014-06-16,57.7,26.0,24.9,98,chanthaburi
2014-06-17,27.2,29.7,25.0,90,chanthaburi
2014-06-18,15.7,28.6,25.0,92,chanthaburi
2014-06-19,5.8,30.1,25.0,87,chanthaburi
2014-06-20,8.0,29.3,26.2,88,chanthaburi
2014-06-21,9.4,29.1,26.5,87,chanthaburi
2014-06-22,21.8,28.6,25.8,90,chanthaburi
2014-06-23,19.4,28.8,24.9,90,chanthaburi
2014-06-24,31.5,28.1,25.3,90,chanthaburi
2014-06-25,19.3,27.9,25.3,91,chanthaburi
2014-06-26,2.0,28.2,25.3,86,chanthaburi
2014-06-27,2.6,28.8,25.3,88,chanthaburi
2014-06-28,6.6,29.9,25.9,87,chanthaburi
2014-06-29,12.9,30.1,26.6,86,chanthaburi
2014-06-30,7.3,29.5,26.5,86,chanthaburi
2014-07-01,10.3,29.4,25.0,89,chanthaburi
2014-07-02,7.2,30.3,25.6,88,chanthaburi
2014-07-03,9.8,29.8,26.1,85,chanthaburi
2014-07-04,17.4,29.4,24.7,87,chanthaburi
2014-07-05,14.4,28.9,26.0,87,chanthaburi
2014-07-06,24.2,29.5,25.6,88,chanthaburi
2014-07-07,17.3,29.2,26.3,86,chanthaburi
2014-07-08,39.2,27.3,25.7,90,chanthaburi
2014-07-09,24.4,27.9,25.4,88,chanthaburi
2014-07-10,7.2,28.2,25.3,86,chanthaburi
2014-07-11,20.0,28.6,25.6,91,chanthaburi
2014-07-12,17.1,29.2,25.3,90,chanthaburi
2014-07-13,24.6,27.8,24.7,93,chanthaburi
2014-07-14,17.0,27.6,24.6,95,chanthaburi
2014-07-15,21.8,28.1,24.5,93,chanthaburi
2014-07-16,5.0,29.2,24.5,85,chanthaburi
2014-07-17,9.7,29.7,25.1,85,chanthaburi
2014-07-18,34.5,27.7,25.4,90,chanthaburi
2014-07-19,14.0,27.7,25.7,89,chanthaburi
2014-07-20,11.7,28.0,25.3,91,chanthaburi
2014-07-21,13.5,27.9,24.7,93,chanthaburi
2014-07-22,24.0,27.4,24.3,94,chanthaburi
2014-07-23,26.9,27.7,24.6,93,chanthaburi
2014-07-24,24.4,27.2,24.5,92,chanthaburi
2014-07-25,19.4,28.8,25.0,88,chanthaburi
2014-07-26,10.1,29.0,25.0,90,chanthaburi
2014-07-27,8.9,29.3,25.6,85,chanthaburi
2014-07-28,12.9,27.8,25.1,89,chanthaburi
2014-07-29,22.6,28.1,24.8,92,chanthaburi
2014-07-30,19.1,28.2,24.7,91,chanthaburi
2014-07-31,23.2,28.2,25.3,92,chanthaburi
2014-08-01,11.9,29.2,25.5,89,chanthaburi
2014-08-02,14.7,28.6,25.1,87,chanthaburi
2014-08-03,13.6,28.3,25.0,87,chanthaburi
2014-08-04,17.8,27.3,25.0,93,chanthaburi
2014-08-05,37.8,26.6,24.5,96,chanthaburi
2014-08-06,35.9,26.6,24.4,94,chanthaburi
2014-08-07,28.3,26.4,24.2,95,chanthaburi
2014-08-08,6.3,28.3,25.0,87,chanthaburi
2014-08-09,3.9,29.1,25.5,83,chanthaburi
2014-08-10,0.4,29.7,25.3,82,chanthaburi
2014-08-11,5.6,29.7,25.4,85,chanthaburi
2014-08-12,2.3,29.5,25.2,84,chanthaburi
2014-08-13,8.4,29.4,25.6,86,chanthaburi
2014-08-14,9.4,28.7,25.4,90,chanthaburi
2014-08-15,6.0,29.2,24.8,89,chanthaburi
2014-08-16,6.0,29.8,25.0,89,chanthaburi
2014-08-17,1.9,30.1,25.0,88,chanthaburi
2014-08-18,2.6,30.4,25.2,87,chanthaburi
2014-08-19,6.9,28.8,25.4,91,chanthaburi
2014-08-20,16.7,27.5,25.0,91,chanthaburi
2014-08-21,6.6,28.8,25.1,90,chanthaburi
2014-08-22,1.7,30.4,24.1,85,chanthaburi
2014-08-23,5.0,31.0,25.3,87,chanthaburi
2014-08-24,6.9,30.5,25.4,86,chanthaburi
2014-08-25,7.8,30.0,25.4,89,chanthaburi
2014-08-26,12.6,27.7,25.2,94,chanthaburi
2014-08-27,10.4,27.4,24.2,93,chanthaburi
2014-08-28,16.0,28.1,24.2,92,chanthaburi
2014-08-29,9.4,28.5,24.2,87,chanthaburi
2014-08-30,12.6,26.9,23.9,89,chanthaburi
2014-08-31,21.6,28.6,23.4,92,chanthaburi
2014-09-01,32.9,28.1,23.9,93,chanthaburi
2014-09-02,34.1,26.9,23.7,95,chanthaburi
2014-09-03,14.3,28.2,24.1,89,chanthaburi
2014-09-04,10.1,29.5,24.7,87,chanthaburi
2014-09-05,15.8,29.5,24.0,90,chanthaburi
2014-09-06,16.3,28.1,24.1,90,chanthaburi
2014-09-07,14.0,26.9,24.0,90,chanthaburi
2014-09-08,18.2,28.6,24.3,86,chanthaburi
2014-09-09,8.7,28.8,24.9,84,chanthaburi
2014-09-10,16.0,28.5,24.6,87,chanthaburi
2014-09-11,7.3,28.1,24.1,88,chanthaburi
2014-09-12,21.9,27.8,24.4,91,chanthaburi
2014-09-13,22.3,28.7,24.1,91,chanthaburi
2014-09-14,27.7,28.6,24.4,89,chanthaburi
2014-09-15,12.6,28.6,24.3,91,chanthaburi
2014-09-16,24.3,27.8,24.2,92,chanthaburi
2014-09-17,20.9,27.9,25.1,87,chanthaburi
2014-09-18,6.1,29.2,24.3,90,chanthaburi
2014-09-19,4.0,30.9,24.7,87,chanthaburi
2014-09-20,3.4,29.8,24.5,88,chanthaburi
2014-09-21,3.7,29.4,25.0,88,chanthaburi
2014-09-22,9.1,29.3,25.3,89,chanthaburi
2014-09-23,8.6,29.6,25.2,90,chanthaburi
2014-09-24,3.9,29.7,24.3,90,chanthaburi
2014-09-25,3.4,29.4,24.6,91,chanthaburi
2014-09-26,3.1,29.3,24.5,87,chanthaburi
2014-09-27,2.7,30.5,24.6,86,chanthaburi
2014-09-28,7.8,30.2,24.8,88,chanthaburi
2014-09-29,8.7,29.5,24.4,92,chanthaburi
2014-09-30,5.4,29.4,24.4,91,chanthaburi
2014-10-01,7.0,30.2,24.2,88,chanthaburi
2014-10-02,11.5,29.5,24.3,89,chanthaburi
2014-10-03,9.0,30.4,23.8,89,chanthaburi
2014-10-04,19.2,29.5,23.7,91,chanthaburi
2014-10-05,33.1,29.7,24.3,92,chanthaburi
2014-10-06,19.1,26.1,24.0,96,chanthaburi
2014-10-07,13.6,28.7,23.5,92,chanthaburi
2014-10-08,40.0,25.5,23.5,97,chanthaburi
2014-10-09,11.8,28.4,23.3,88,chanthaburi
2014-10-10,4.7,30.9,23.9,87,chanthaburi
2014-10-11,28.1,27.7,24.0,91,chanthaburi
2014-10-12,0.0,30.8,24.6,80,chanthaburi
2014-10-13,2.3,30.4,23.7,84,chanthaburi
2014-10-14,0.2,30.1,24.8,78,chanthaburi
2014-10-15,0.0,30.6,24.5,75,chanthaburi
2014-10-16,0.0,30.9,24.7,77,chanthaburi
2014-10-17,2.2,31.2,24.8,81,chanthaburi
2014-10-18,2.2,31.0,24.8,80,chanthaburi
2014-10-19,9.5,27.9,24.7,90,chanthaburi
2014-10-20,5.1,29.9,24.1,91,chanthaburi
2014-10-21,2.5,30.8,23.9,88,chanthaburi
2014-10-22,11.5,30.7,25.0,89,chanthaburi
2014-10-23,8.7,28.6,24.3,94,chanthaburi
2014-10-24,3.9,29.2,23.5,88,chanthaburi
2014-10-25,7.4,28.3,24.2,93,chanthaburi
2014-10-26,3.9,28.5,24.0,91,chanthaburi
2014-10-27,11.6,30.3,24.5,90,chanthaburi
2014-10-28,5.8,28.7,24.2,91,chanthaburi
2014-10-29,2.9,29.3,23.8,90,chanthaburi
2014-10-30,1.0,30.5,24.3,87,chanthaburi
2014-10-31,13.3,29.4,24.4,90,chanthaburi
2014-11-01,3.7,30.1,24.7,89,chanthaburi
2014-11-02,5.7,30.6,24.7,89,chanthaburi
2014-11-03,13.0,30.0,24.6,91,chanthaburi
2014-11-04,1.7,28.6,24.5,89,chanthaburi
2014-11-05,2.5,30.3,24.1,87,chanthaburi
2014-11-06,0.3,31.1,24.7,83,chanthaburi
2014-11-07,2.1,30.1,24.5,89,chanthaburi
2014-11-08,0.1,31.1,24.8,83,chanthaburi
2014-11-09,0.0,30.7,24.4,85,chanthaburi
2014-11-10,0.5,30.5,24.4,83,chanthaburi
2014-11-11,0.4,30.7,24.0,84,chanthaburi
2014-11-12,0.2,31.0,24.7,85,chanthaburi
2014-11-13,0.1,31.0,24.5,80,chanthaburi
2014-11-14,0.0,29.2,24.7,74,chanthaburi
2014-11-15,0.0,30.9,24.4,74,chanthaburi
2014-11-16,0.0,30.0,24.8,76,chanthaburi
2014-11-17,0.0,30.9,24.6,74,chanthaburi
2014-11-18,0.0,30.4,24.1,67,chanthaburi
2014-11-19,0.0,29.8,22.8,66,chanthaburi
2014-11-20,0.0,30.1,23.1,68,chanthaburi
2014-11-21,0.0,31.2,23.9,69,chanthaburi
2014-11-22,0.0,31.3,24.1,72,chanthaburi
2014-11-23,0.0,31.5,24.0,74,chanthaburi
2014-11-24,0.0,32.5,24.1,76,chanthaburi
2014-11-25,0.3,31.8,24.9,77,chanthaburi
2014-11-26,7.6,30.3,25.1,88,chanthaburi
2014-11-27,14.0,28.5,24.1,92,chanthaburi
2014-11-28,3.7,31.2,24.4,90,chanthaburi
2014-11-29,3.9,30.7,24.1,90,chanthaburi
2014-11-30,3.6,30.2,24.6,90,chanthaburi
2014-12-01,3.1,30.6,24.3,85,chanthaburi
2014-12-02,7.0,29.6,25.3,84,chanthaburi
2014-12-03,7.5,29.3,24.5,88,chanthaburi
2014-12-04,2.1,28.5,24.5,88,chanthaburi
2014-12-05,2.1,28.8,24.2,84,chanthaburi
2014-12-06,0.0,30.0,24.3,82,chanthaburi
2014-12-07,0.0,30.7,23.5,83,chanthaburi
2014-12-08,0.0,30.2,23.6,78,chanthaburi
2014-12-09,0.0,29.7,22.9,74,chanthaburi
2014-12-10,0.0,30.0,22.3,73,chanthaburi
2014-12-11,0.0,30.0,22.4,70,chanthaburi
2014-12-12,0.0,29.8,23.2,65,chanthaburi
2014-12-13,1.6,26.7,21.8,62,chanthaburi
2014-12-14,0.0,29.1,21.6,62,chanthaburi
2014-12-15,0.0,30.0,22.3,67,chanthaburi
2014-12-16,0.0,30.3,22.9,66,chanthaburi
2014-12-17,0.0,27.3,21.0,56,chanthaburi
2014-12-18,0.0,27.2,20.1,54,chanthaburi
2014-12-19,0.0,27.6,21.0,58,chanthaburi
2014-12-20,0.0,27.8,21.0,62,chanthaburi
2014-12-21,0.0,30.0,23.1,57,chanthaburi
2014-12-22,0.0,27.7,20.6,55,chanthaburi
2014-12-23,0.0,28.2,20.0,56,chanthaburi
2014-12-24,0.0,29.1,22.6,57,chanthaburi
2014-12-25,0.5,32.3,23.5,64,chanthaburi
2014-12-26,0.0,32.4,24.0,73,chanthaburi
2014-12-27,0.0,32.5,23.8,76,chanthaburi
2014-12-28,0.0,30.7,24.3,71,chanthaburi
2014-12-29,0.0,28.5,21.8,58,chanthaburi
2014-12-30,0.0,29.6,21.0,57,chanthaburi
2014-12-31,0.0,29.2,20.3,56,chanthaburi
2015-01-01,0.0,28.6,20.5,56,chanthaburi
2015-01-02,0.0,28.6,19.6,53,chanthaburi
2015-01-03,0.0,29.4,20.0,61,chanthaburi
2015-01-04,0.0,31.0,21.7,65,chanthaburi
2015-01-05,0.0,31.5,20.9,73,chanthaburi
2015-01-06,0.0,31.3,22.8,75,chanthaburi
2015-01-07,13.4,31.0,23.5,86,chanthaburi
2015-01-08,0.4,30.1,23.4,83,chanthaburi
2015-01-09,0.0,30.5,22.9,72,chanthaburi
2015-01-10,0.0,30.4,22.6,76,chanthaburi
2015-01-11,0.0,30.1,23.5,71,chanthaburi
2015-01-12,0.0,28.8,21.5,58,chanthaburi
2015-01-13,0.0,28.0,20.4,53,chanthaburi
2015-01-14,0.0,28.1,20.3,49,chanthaburi
2015-01-15,0.0,29.1,20.0,54,chanthaburi
2015-01-16,0.0,28.8,19.5,48,chanthaburi
2015-01-17,0.0,29.0,18.6,53,chanthaburi
2015-01-18,0.0,29.3,19.9,60,chanthaburi
2015-01-19,0.0,29.6,20.4,57,chanthaburi
2015-01-20,0.0,29.9,20.7,61,chanthaburi
2015-01-21,0.0,31.1,19.0,65,chanthaburi
2015-01-22,0.0,31.0,18.7,61,chanthaburi
2015-01-23,0.1,30.0,18.8,74,chanthaburi
2015-01-24,0.0,29.1,19.5,81,chanthaburi
2015-01-25,0.0,30.3,20.5,81,chanthaburi
2015-01-26,0.0,30.0,21.4,83,chanthaburi
2015-01-27,0.1,30.6,21.8,83,chanthaburi
2015-01-28,0.4,30.3,22.4,83,chanthaburi
2015-01-29,0.1,31.1,22.9,82,chanthaburi
2015-01-30,1.6,31.3,23.8,81,chanthaburi
2015-01-31,1.2,31.2,23.1,79,chanthaburi
2015-02-01,0.0,31.3,21.9,68,chanthaburi
2015-02-02,0.0,31.4,21.3,63,chanthaburi
2015-02-03,0.0,32.2,22.0,63,chanthaburi
2015-02-04,0.0,32.3,21.6,65,chanthaburi
2015-02-05,0.0,31.8,22.6,62,chanthaburi
2015-02-06,0.0,31.2,21.1,56,chanthaburi
2015-02-07,0.0,31.1,19.5,65,chanthaburi
2015-02-08,0.0,31.7,19.6,66,chanthaburi
2015-02-09,0.2,31.5,21.5,64,chanthaburi
2015-02-10,0.2,31.2,21.0,64,chanthaburi
2015-02-11,0.2,30.9,21.3,74,chanthaburi
2015-02-12,1.4,29.4,22.4,80,chanthaburi
2015-02-13,1.7,28.5,23.2,82,chanthaburi
2015-02-14,7.0,26.9,23.6,85,chanthaburi
2015-02-15,0.5,28.8,23.6,81,chanthaburi
2015-02-16,0.8,29.6,22.8,80,chanthaburi
2015-02-17,1.0,29.5,23.2,82,chanthaburi
2015-02-18,1.2,29.4,24.2,82,chanthaburi
2015-02-19,22.4,27.3,22.9,90,chanthaburi
2015-02-20,1.0,27.8,22.6,88,chanthaburi
2015-02-21,0.7,29.1,22.8,86,chanthaburi
2015-02-22,2.2,29.2,23.4,84,chanthaburi
2015-02-23,0.9,30.1,23.2,84,chanthaburi
2015-02-24,1.7,30.0,24.2,85,chanthaburi
2015-02-25,0.0,30.2,24.6,84,chanthaburi
2015-02-26,1.1,29.7,24.6,84,chanthaburi
2015-02-27,2.7,30.8,24.6,84,chanthaburi
2015-02-28,1.7,31.1,24.9,83,chanthaburi
2015-03-01,3.3,31.7,24.9,82,chanthaburi
2015-03-02,2.2,28.4,25.3,87,chanthaburi
2015-03-03,0.1,30.1,24.4,80,chanthaburi
2015-03-04,0.6,30.5,24.6,82,chanthaburi
2015-03-05,0.0,31.2,24.4,81,chanthaburi
2015-03-06,1.6,30.8,25.1,81,chanthaburi
2015-03-07,0.0,31.1,25.2,80,chanthaburi
2015-03-08,2.2,29.8,25.2,82,chanthaburi
2015-03-09,0.4,31.1,24.7,81,chanthaburi
2015-03-10,0.3,31.2,24.6,79,chanthaburi
2015-03-11,1.1,30.8,25.1,81,chanthaburi
2015-03-12,1.7,29.8,25.1,82,chanthaburi
2015-03-13,0.9,30.4,24.5,83,chanthaburi
2015-03-14,0.2,29.8,25.1,82,chanthaburi
2015-03-15,0.2,30.4,24.7,82,chanthaburi
2015-03-16,0.9,31.1,25.8,80,chanthaburi
2015-03-17,1.7,30.6,25.7,82,chanthaburi
2015-03-18,0.0,31.4,25.1,78,chanthaburi
2015-03-19,0.0,32.0,24.6,78,chanthaburi
2015-03-20,0.0,31.9,25.1,79,chanthaburi
2015-03-21,0.5,31.4,26.4,78,chanthaburi
2015-03-22,3.3,30.7,24.8,82,chanthaburi
2015-03-23,4.0,30.5,25.0,83,chanthaburi
2015-03-24,19.6,28.4,24.8,87,chanthaburi
2015-03-25,3.5,30.2,24.1,85,chanthaburi
2015-03-26,1.5,31.6,24.5,83,chanthaburi
2015-03-27,0.0,32.7,24.4,77,chanthaburi
2015-03-28,6.1,31.1,25.3,79,chanthaburi
2015-03-29,5.3,30.4,24.2,86,chanthaburi
2015-03-30,1.5,31.5,24.4,83,chanthaburi
2015-03-31,4.6,30.8,25.2,83,chanthaburi
2015-04-01,4.2,31.0,25.6,87,chanthaburi
2015-04-02,0.5,30.8,25.6,84,chanthaburi
2015-04-03,1.1,31.9,25.8,80,chanthaburi
2015-04-04,0.0,31.7,25.2,80,chanthaburi
2015-04-05,0.2,32.2,25.5,80,chanthaburi
2015-04-06,1.1,32.7,26.2,78,chanthaburi
2015-04-07,1.9,31.9,26.7,82,chanthaburi
2015-04-08,7.0,30.9,25.6,88,chanthaburi
2015-04-09,0.8,30.9,24.1,86,chanthaburi
2015-04-10,1.5,31.3,26.2,82,chanthaburi
2015-04-11,18.8,28.9,25.2,88,chanthaburi
2015-04-12,16.6,29.1,23.9,91,chanthaburi
2015-04-13,0.0,30.6,24.7,76,chanthaburi
2015-04-14,0.0,31.5,24.2,71,chanthaburi
2015-04-15,0.0,31.4,25.1,78,chanthaburi
2015-04-16,1.1,30.7,25.3,82,chanthaburi
2015-04-17,0.6,30.5,25.2,84,chanthaburi
2015-04-18,0.8,31.1,25.9,79,chanthaburi
2015-04-19,0.0,31.7,24.8,79,chanthaburi
2015-04-20,0.0,32.0,25.8,78,chanthaburi
2015-04-21,0.0,32.7,25.4,81,chanthaburi
2015-04-22,0.3,33.2,26.1,80,chanthaburi
2015-04-23,12.3,29.9,24.7,87,chanthaburi
2015-04-24,5.2,32.0,24.5,84,chanthaburi
2015-04-25,13.9,28.4,24.7,92,chanthaburi
2015-04-26,2.2,31.4,24.8,86,chanthaburi
2015-04-27,8.2,30.6,25.3,86,chanthaburi
2015-04-28,2.0,30.7,25.2,83,chanthaburi
2015-04-29,4.7,29.9,26.0,85,chanthaburi
2015-04-30,4.3,31.2,24.9,86,chanthaburi
2015-05-01,8.7,30.4,26.2,86,chanthaburi
2015-05-02,4.6,30.0,26.4,87,chanthaburi
2015-05-03,12.1,29.4,26.1,88,chanthaburi
2015-05-04,2.3,30.4,26.3,87,chanthaburi
2015-05-05,5.8,30.2,26.0,87,chanthaburi
2015-05-06,5.7,31.4,26.2,84,chanthaburi
2015-05-07,3.4,30.9,26.4,87,chanthaburi
2015-05-08,11.8,30.0,26.2,88,chanthaburi
2015-05-09,11.7,28.8,25.6,89,chanthaburi
2015-05-10,7.4,29.4,25.9,89,chanthaburi
2015-05-11,4.4,30.9,25.9,87,chanthaburi
2015-05-12,3.3,31.2,26.5,85,chanthaburi
2015-05-13,8.8,28.8,26.5,91,chanthaburi
2015-05-14,17.4,28.8,25.0,92,chanthaburi
2015-05-15,0.6,30.6,25.4,88,chanthaburi
2015-05-16,0.4,30.8,25.6,84,chanthaburi
2015-05-17,1.7,30.4,26.1,85,chanthaburi
2015-05-18,9.5,30.4,25.0,86,chanthaburi
2015-05-19,5.8,31.3,25.6,83,chanthaburi
2015-05-20,13.0,30.8,26.1,85,chanthaburi
2015-05-21,7.9,31.2,26.3,84,chanthaburi
2015-05-22,16.8,29.7,25.8,89,chanthaburi
2015-05-23,12.3,29.2,25.7,88,chanthaburi
2015-05-24,18.1,30.0,25.8,87,chanthaburi
2015-05-25,8.6,29.8,25.9,90,chanthaburi
2015-05-26,20.7,27.8,25.5,92,chanthaburi
2015-05-27,6.7,29.9,25.8,87,chanthaburi
2015-05-28,5.1,30.2,25.5,85,chanthaburi
2015-05-29,9.5,30.3,25.5,85,chanthaburi
2015-05-30,5.4,30.3,26.2,83,chanthaburi
2015-05-31,8.4,30.5,24.9,85,chanthaburi
2015-06-01,5.8,31.1,25.5,86,chanthaburi
2015-06-02,19.9,30.0,25.4,89,chanthaburi
2015-06-03,6.9,30.2,25.6,89,chanthaburi
2015-06-04,0.2,30.9,25.3,85,chanthaburi
2015-06-05,0.0,31.4,26.8,83,chanthaburi
2015-06-06,0.0,31.5,26.2,83,chanthaburi
2015-06-07,0.4,31.3,26.5,84,chanthaburi
2015-06-08,13.2,28.7,26.1,88,chanthaburi
2015-06-09,2.1,30.8,25.8,85,chanthaburi
2015-06-10,0.8,31.2,26.1,85,chanthaburi
2015-06-11,1.4,31.2,26.7,83,chanthaburi
2015-06-12,10.6,29.8,25.9,88,chanthaburi
2015-06-13,8.1,29.9,25.8,89,chanthaburi
2015-06-14,8.2,30.0,26.1,89,chanthaburi
2015-06-15,17.6,27.5,24.7,95,chanthaburi
2015-06-16,20.1,27.3,24.4,94,chanthaburi
2015-06-17,24.0,26.4,24.6,97,chanthaburi
2015-06-18,21.1,27.5,24.5,91,chanthaburi
2015-06-19,13.8,29.3,25.2,86,chanthaburi
2015-06-20,20.5,29.7,25.0,88,chanthaburi
2015-06-21,11.5,29.7,26.5,85,chanthaburi
2015-06-22,15.5,30.0,26.4,85,chanthaburi
2015-06-23,18.0,28.3,26.4,87,chanthaburi
2015-06-24,54.9,28.2,25.1,93,chanthaburi
2015-06-25,18.3,28.9,25.0,89,chanthaburi
2015-06-26,30.2,27.1,24.7,95,chanthaburi
2015-06-27,16.2,27.6,24.7,95,chanthaburi
2015-06-28,3.4,30.1,24.5,87,chanthaburi
2015-06-29,9.3,29.6,25.3,87,chanthaburi
2015-06-30,1.2,30.6,26.3,81,chanthaburi
2015-07-01,4.5,29.9,26.5,83,chanthaburi
2015-07-02,6.7,29.8,26.6,84,chanthaburi
2015-07-03,7.2,30.5,26.5,83,chanthaburi
2015-07-04,2.4,30.6,26.7,82,chanthaburi
2015-07-05,11.3,29.6,26.6,82,chanthaburi
2015-07-06,21.5,28.3,25.4,89,chanthaburi
2015-07-07,11.9,29.3,25.8,87,chanthaburi
2015-07-08,9.7,28.8,26.7,88,chanthaburi
2015-07-09,4.3,29.4,26.9,85,chanthaburi
2015-07-10,4.0,30.0,27.2,81,chanthaburi
2015-07-11,7.8,29.9,26.8,83,chanthaburi
2015-07-12,14.9,30.0,26.6,85,chanthaburi
2015-07-13,36.1,28.3,25.8,91,chanthaburi
2015-07-14,17.8,28.4,25.6,92,chanthaburi
2015-07-15,29.5,27.7,25.3,92,chanthaburi
2015-07-16,14.4,29.4,25.4,89,chanthaburi
2015-07-17,27.3,27.2,25.2,94,chanthaburi
2015-07-18,24.4,28.0,25.2,93,chanthaburi
2015-07-19,31.4,26.4,24.9,97,chanthaburi
2015-07-20,24.2,28.4,24.5,92,chanthaburi
2015-07-21,20.6,27.1,24.6,93,chanthaburi
2015-07-22,1.0,29.8,25.3,83,chanthaburi
2015-07-23,0.7,30.0,25.1,86,chanthaburi
2015-07-24,0.0,30.4,25.7,85,chanthaburi
2015-07-25,0.1,30.1,25.6,83,chanthaburi
2015-07-26,8.9,29.8,25.7,84,chanthaburi
2015-07-27,3.1,29.5,25.2,86,chanthaburi
2015-07-28,5.3,28.3,24.4,90,chanthaburi
2015-07-29,1.6,29.4,25.0,88,chanthaburi
2015-07-30,22.2,27.3,24.4,94,chanthaburi
2015-07-31,20.0,27.5,24.0,94,chanthaburi
2015-08-01,11.8,27.8,23.7,88,chanthaburi
2015-08-02,12.5,29.0,23.9,90,chanthaburi
2015-08-03,22.9,28.9,23.9,92,chanthaburi
2015-08-04,13.1,29.6,24.7,87,chanthaburi
2015-08-05,16.8,28.6,24.7,87,chanthaburi
2015-08-06,7.1,28.9,25.8,83,chanthaburi
2015-08-07,10.5,29.4,24.7,87,chanthaburi
2015-08-08,20.1,27.7,24.7,89,chanthaburi
2015-08-09,16.8,28.5,25.7,86,chanthaburi
2015-08-10,24.6,27.5,25.6,90,chanthaburi
2015-08-11,23.0,29.2,24.5,91,chanthaburi
2015-08-12,11.8,29.0,24.6,92,chanthaburi
2015-08-13,5.9,28.9,24.7,90,chanthaburi
2015-08-14,1.3,30.0,24.8,87,chanthaburi
2015-08-15,9.8,29.9,25.4,88,chanthaburi
2015-08-16,0.9,30.5,25.2,88,chanthaburi
2015-08-17,7.1,30.0,25.9,87,chanthaburi
2015-08-18,6.0,30.8,25.4,84,chanthaburi
2015-08-19,17.9,31.7,25.4,85,chanthaburi
2015-08-20,11.7,30.2,24.8,87,chanthaburi
2015-08-21,14.9,29.2,25.3,88,chanthaburi
2015-08-22,9.0,28.9,25.7,83,chanthaburi
2015-08-23,2.7,29.8,26.0,81,chanthaburi
2015-08-24,4.4,29.9,26.4,84,chanthaburi
2015-08-25,39.2,28.5,25.2,91,chanthaburi
2015-08-26,26.9,27.6,24.6,93,chanthaburi
2015-08-27,1.2,28.9,24.7,82,chanthaburi
2015-08-28,12.6,29.4,24.5,87,chanthaburi
2015-08-29,13.3,29.0,24.6,87,chanthaburi
2015-08-30,14.2,30.0,24.9,87,chanthaburi
2015-08-31,20.9,29.4,24.7,87,chanthaburi
2015-09-01,24.6,27.9,24.8,92,chanthaburi
2015-09-02,5.1,29.4,24.8,88,chanthaburi
2015-09-03,13.4,29.5,25.3,89,chanthaburi
2015-09-04,19.2,28.9,24.8,90,chanthaburi
2015-09-05,8.1,28.7,24.6,89,chanthaburi
2015-09-06,3.2,30.1,25.3,84,chanthaburi
2015-09-07,2.6,30.7,25.8,84,chanthaburi
2015-09-08,15.0,31.3,24.9,85,chanthaburi
2015-09-09,23.6,29.5,24.3,90,chanthaburi
2015-09-10,35.4,26.0,24.2,97,chanthaburi
2015-09-11,13.3,28.3,24.1,92,chanthaburi
2015-09-12,9.5,28.1,24.8,90,chanthaburi
2015-09-13,26.8,29.5,24.0,93,chanthaburi
2015-09-14,31.3,28.4,24.2,93,chanthaburi
2015-09-15,33.8,26.4,24.1,96,chanthaburi
2015-09-16,39.6,27.9,23.8,94,chanthaburi
2015-09-17,70.1,27.4,24.0,96,chanthaburi
2015-09-18,36.6,28.3,24.4,92,chanthaburi
2015-09-19,0.0,31.9,24.3,85,chanthaburi
2015-09-20,1.6,32.6,24.7,86,chanthaburi
2015-09-21,7.0,31.0,26.0,88,chanthaburi
2015-09-22,18.5,27.7,25.7,93,chanthaburi
2015-09-23,7.5,29.7,25.2,88,chanthaburi
2015-09-24,21.8,29.1,25.1,89,chanthaburi
2015-09-25,10.6,29.5,25.4,85,chanthaburi
2015-09-26,34.6,29.5,24.3,88,chanthaburi
2015-09-27,18.1,29.3,24.4,90,chanthaburi
2015-09-28,20.8,28.1,24.4,94,chanthaburi
2015-09-29,16.4,28.0,24.2,91,chanthaburi
2015-09-30,6.5,28.8,24.2,89,chanthaburi
2015-10-01,8.4,28.8,24.3,91,chanthaburi
2015-10-02,7.1,27.9,24.6,92,chanthaburi
2015-10-03,18.3,28.8,24.6,92,chanthaburi
2015-10-04,33.7,26.2,24.4,98,chanthaburi
2015-10-05,23.1,26.9,24.5,95,chanthaburi
2015-10-06,11.9,28.2,24.1,92,chanthaburi
2015-10-07,7.4,29.1,25.0,90,chanthaburi
2015-10-08,2.9,29.1,25.5,90,chanthaburi
2015-10-09,19.7,28.4,24.4,94,chanthaburi
2015-10-10,11.5,28.1,23.9,93,chanthaburi
2015-10-11,7.7,29.1,24.6,92,chanthaburi
2015-10-12,0.4,30.1,23.7,83,chanthaburi
2015-10-13,0.9,30.0,24.9,78,chanthaburi
2015-10-14,0.4,30.3,25.2,78,chanthaburi
2015-10-15,1.3,30.3,24.8,83,chanthaburi
2015-10-16,0.0,29.5,24.9,85,chanthaburi
2015-10-17,2.7,31.0,24.2,85,chanthaburi
2015-10-18,1.6,29.7,24.8,88,chanthaburi
2015-10-19,7.2,30.3,24.6,88,chanthaburi
2015-10-20,2.7,29.7,24.3,90,chanthaburi
2015-10-21,1.6,30.4,24.3,87,chanthaburi
2015-10-22,1.7,30.0,24.7,90,chanthaburi
2015-10-23,0.6,30.5,24.0,86,chanthaburi
2015-10-24,3.1,30.2,24.3,86,chanthaburi
2015-10-25,0.3,30.5,23.6,83,chanthaburi
2015-10-26,0.0,30.9,24.6,81,chanthaburi
2015-10-27,5.3,30.4,25.1,85,chanthaburi
2015-10-28,4.8,31.3,24.9,88,chanthaburi
2015-10-29,0.8,31.1,24.5,86,chanthaburi
2015-10-30,0.0,31.9,24.4,82,chanthaburi
2015-10-31,0.0,32.1,24.4,78,chanthaburi
2015-11-01,0.0,31.3,24.0,79,chanthaburi
2015-11-02,0.0,31.2,25.6,75,chanthaburi
2015-11-03,0.3,29.2,25.3,78,chanthaburi
2015-11-04,0.3,31.5,24.9,77,chanthaburi
2015-11-05,5.9,31.1,24.9,85,chanthaburi
2015-11-06,3.0,29.3,24.4,90,chanthaburi
2015-11-07,1.8,29.0,24.0,90,chanthaburi
2015-11-08,7.5,30.8,24.3,89,chanthaburi
2015-11-09,1.1,30.9,24.7,88,chanthaburi
2015-11-10,1.5,30.5,24.3,88,chanthaburi
2015-11-11,1.6,31.2,23.7,85,chanthaburi
2015-11-12,1.5,31.2,24.8,87,chanthaburi
2015-11-13,11.9,29.9,24.9,90,chanthaburi
2015-11-14,4.9,30.4,24.7,88,chanthaburi
2015-11-15,6.8,30.6,24.4,89,chanthaburi
2015-11-16,3.1,30.2,24.6,89,chanthaburi
2015-11-17,0.9,30.5,24.7,86,chanthaburi
2015-11-18,0.2,30.9,24.3,85,chanthaburi
2015-11-19,1.8,31.7,23.7,85,chanthaburi
2015-11-20,0.0,31.7,24.3,82,chanthaburi
2015-11-21,0.0,31.7,24.3,79,chanthaburi
2015-11-22,0.5,31.8,24.5,79,chanthaburi
2015-11-23,0.1,31.2,24.4,83,chanthaburi
2015-11-24,0.0,31.8,24.5,79,chanthaburi
2015-11-25,1.0,32.0,25.3,81,chanthaburi
2015-11-26,0.0,31.5,25.4,76,chanthaburi
2015-11-27,0.0,31.5,25.2,66,chanthaburi
2015-11-28,0.0,31.4,25.1,69,chanthaburi
2015-11-29,0.0,32.2,25.8,70,chanthaburi
2015-11-30,0.0,32.4,25.9,70,chanthaburi
2015-12-01,2.0,31.3,25.0,83,chanthaburi
2015-12-02,1.9,30.4,24.6,88,chanthaburi
2015-12-03,2.2,31.3,24.9,86,chanthaburi
2015-12-04,0.7,30.0,24.9,87,chanthaburi
2015-12-05,7.3,30.9,24.9,86,chanthaburi
2015-12-06,0.0,31.6,24.6,78,chanthaburi
2015-12-07,0.0,31.4,24.4,65,chanthaburi
2015-12-08,0.0,31.7,24.0,65,chanthaburi
2015-12-09,0.0,31.3,24.8,69,chanthaburi
2015-12-10,0.0,32.5,23.9,79,chanthaburi
2015-12-11,1.1,30.7,25.1,85,chanthaburi
2015-12-12,1.1,30.1,24.3,87,chanthaburi
2015-12-13,1.8,30.8,24.4,85,chanthaburi
2015-12-14,0.5,31.6,24.6,83,chanthaburi
2015-12-15,0.0,32.6,24.4,81,chanthaburi
2015-12-16,0.1,31.2,24.2,74,chanthaburi
2015-12-17,0.0,29.3,23.3,57,chanthaburi
2015-12-18,0.0,28.8,21.0,56,chanthaburi
2015-12-19,0.0,29.0,21.2,60,chanthaburi
2015-12-20,0.0,29.7,21.5,63,chanthaburi
2015-12-21,0.0,30.9,22.7,64,chanthaburi
2015-12-22,1.4,28.9,24.9,74,chanthaburi
2015-12-23,0.1,31.1,24.1,78,chanthaburi
2015-12-24,0.0,31.4,23.3,80,chanthaburi
2015-12-25,0.2,31.3,24.1,83,chanthaburi
2015-12-26,0.0,31.4,23.7,81,chanthaburi
2015-12-27,0.0,33.2,23.7,75,chanthaburi
2015-12-28,0.2,32.7,23.0,67,chanthaburi
2015-12-29,0.0,32.1,22.3,69,chanthaburi
2015-12-30,0.0,32.3,21.8,65,chanthaburi
2015-12-31,0.0,31.4,24.0,58,chanthaburi
2016-01-01,0.0,31.3,22.5,57,chanthaburi
2016-01-02,0.0,31.9,22.8,61,chanthaburi
2016-01-03,0.0,32.5,22.9,64,chanthaburi
2016-01-04,0.0,32.7,22.5,71,chanthaburi
2016-01-05,0.0,31.2,23.2,79,chanthaburi
2016-01-06,0.8,31.0,23.5,83,chanthaburi
2016-01-07,2.0,31.0,24.8,85,chanthaburi
2016-01-08,2.2,29.4,23.5,87,chanthaburi
2016-01-09,0.2,29.0,23.2,87,chanthaburi
2016-01-10,1.5,29.8,23.0,85,chanthaburi
2016-01-11,0.0,30.0,23.5,81,chanthaburi
2016-01-12,0.0,31.1,22.4,80,chanthaburi
2016-01-13,1.6,30.2,24.2,80,chanthaburi
2016-01-14,0.1,30.8,23.4,83,chanthaburi
2016-01-15,8.9,29.9,24.8,87,chanthaburi
2016-01-16,0.9,29.6,24.0,88,chanthaburi
2016-01-17,16.2,28.3,25.5,89,chanthaburi
2016-01-18,12.9,29.7,24.2,92,chanthaburi
2016-01-19,2.6,30.2,24.1,90,chanthaburi
2016-01-20,0.9,29.7,23.8,90,chanthaburi
2016-01-21,1.6,30.1,24.0,87,chanthaburi
2016-01-22,0.6,30.6,24.2,85,chanthaburi
2016-01-23,0.2,30.9,24.6,84,chanthaburi
2016-01-24,3.0,26.3,19.9,69,chanthaburi
2016-01-25,0.0,23.6,16.6,56,chanthaburi
2016-01-26,0.0,26.4,16.9,58,chanthaburi
2016-01-27,0.0,28.5,18.7,61,chanthaburi
2016-01-28,0.0,30.5,21.4,70,chanthaburi
2016-01-29,0.1,31.5,21.7,79,chanthaburi
2016-01-30,0.8,30.5,22.6,85,chanthaburi
2016-01-31,0.5,29.5,23.9,86,chanthaburi
2016-02-01,1.6,31.0,23.4,86,chanthaburi
2016-02-02,0.0,31.5,23.8,72,chanthaburi
2016-02-03,0.0,31.3,22.4,56,chanthaburi
2016-02-04,0.0,32.0,22.8,61,chanthaburi
2016-02-05,0.0,32.2,23.9,60,chanthaburi
2016-02-06,0.0,29.1,21.9,51,chanthaburi
2016-02-07,0.0,26.2,17.0,44,chanthaburi
2016-02-08,0.0,26.3,16.6,45,chanthaburi
2016-02-09,0.0,28.7,17.7,54,chanthaburi
2016-02-10,0.0,30.7,17.6,65,chanthaburi
2016-02-11,0.0,32.1,18.7,72,chanthaburi
2016-02-12,0.0,31.6,20.8,80,chanthaburi
2016-02-13,0.0,31.3,22.3,83,chanthaburi
2016-02-14,0.2,31.0,23.8,85,chanthaburi
2016-02-15,0.5,31.9,23.5,84,chanthaburi
2016-02-16,1.6,31.1,23.9,83,chanthaburi
2016-02-17,0.0,33.4,23.7,74,chanthaburi
2016-02-18,0.1,33.0,23.6,74,chanthaburi
2016-02-19,0.4,32.0,23.7,79,chanthaburi
2016-02-20,0.8,31.9,23.1,81,chanthaburi
2016-02-21,1.3,31.3,23.4,81,chanthaburi
2016-02-22,0.9,30.1,24.8,78,chanthaburi
2016-02-23,0.2,31.3,24.6,78,chanthaburi
2016-02-24,4.3,31.1,24.4,83,chanthaburi
2016-02-25,0.0,32.5,23.3,56,chanthaburi
2016-02-26,0.0,32.0,22.5,51,chanthaburi
2016-02-27,0.0,32.1,22.6,49,chanthaburi
2016-02-28,0.0,33.3,24.2,51,chanthaburi
2016-02-29,0.0,32.5,23.8,48,chanthaburi
2016-03-01,0.0,32.3,23.2,51,chanthaburi
2016-03-02,0.0,33.5,21.9,60,chanthaburi
2016-03-03,0.0,33.3,21.7,71,chanthaburi
2016-03-04,0.3,31.7,23.9,80,chanthaburi
2016-03-05,0.9,31.1,25.2,80,chanthaburi
2016-03-06,0.6,31.7,25.6,82,chanthaburi
2016-03-07,0.5,31.8,25.6,81,chanthaburi
2016-03-08,1.5,31.3,26.1,81,chanthaburi
2016-03-09,0.0,32.5,25.3,80,chanthaburi
2016-03-10,0.0,32.8,25.1,79,chanthaburi
2016-03-11,1.6,32.7,25.3,82,chanthaburi
2016-03-12,0.4,31.0,26.2,79,chanthaburi
2016-03-13,0.2,31.3,25.1,77,chanthaburi
2016-03-14,0.2,32.5,26.3,77,chanthaburi
2016-03-15,0.1,32.0,26.2,77,chanthaburi
2016-03-16,0.6,31.8,26.6,78,chanthaburi
2016-03-17,0.0,32.9,25.7,77,chanthaburi
2016-03-18,0.1,32.3,26.2,78,chanthaburi
2016-03-19,0.6,32.4,26.6,79,chanthaburi
2016-03-20,0.8,32.4,26.8,79,chanthaburi
2016-03-21,0.0,32.7,25.7,75,chanthaburi
2016-03-22,0.0,32.8,25.7,76,chanthaburi
2016-03-23,0.0,32.7,25.7,77,chanthaburi
2016-03-24,0.0,33.7,25.5,79,chanthaburi
2016-03-25,7.2,32.3,25.6,81,chanthaburi
2016-03-26,8.2,31.6,23.8,75,chanthaburi
2016-03-27,0.6,32.8,24.2,76,chanthaburi
2016-03-28,0.8,32.6,24.7,73,chanthaburi
2016-03-29,5.3,29.9,25.0,83,chanthaburi
2016-03-30,1.9,30.9,24.3,82,chanthaburi
2016-03-31,2.0,30.7,25.5,82,chanthaburi
2016-04-01,0.7,30.6,25.0,83,chanthaburi
2016-04-02,0.6,31.4,25.2,79,chanthaburi
2016-04-03,0.4,31.9,25.9,79,chanthaburi
2016-04-04,0.3,32.5,26.2,79,chanthaburi
2016-04-05,0.2,32.6,26.0,76,chanthaburi
2016-04-06,0.0,32.8,25.5,78,chanthaburi
2016-04-07,0.0,32.7,26.3,74,chanthaburi
2016-04-08,1.3,32.3,25.0,79,chanthaburi
2016-04-09,0.1,32.9,26.0,76,chanthaburi
2016-04-10,0.0,32.9,26.2,75,chanthaburi
2016-04-11,0.3,33.7,26.3,78,chanthaburi
2016-04-12,0.0,33.3,26.8,78,chanthaburi
2016-04-13,0.4,34.1,26.4,77,chanthaburi
2016-04-14,0.4,33.5,27.1,76,chanthaburi
2016-04-15,0.0,34.2,26.8,76,chanthaburi
2016-04-16,0.0,33.8,27.0,77,chanthaburi
2016-04-17,0.0,33.9,27.3,77,chanthaburi
2016-04-18,0.0,34.2,26.9,73,chanthaburi
2016-04-19,1.3,34.0,26.6,74,chanthaburi
2016-04-20,1.1,32.8,27.3,77,chanthaburi
2016-04-21,0.2,33.3,26.4,76,chanthaburi
2016-04-22,0.5,32.8,27.5,78,chanthaburi
2016-04-23,0.0,32.9,27.2,75,chanthaburi
2016-04-24,0.0,33.2,26.3,74,chanthaburi
2016-04-25,0.0,33.7,26.3,71,chanthaburi
2016-04-26,0.0,34.3,26.6,73,chanthaburi
2016-04-27,0.0,33.9,27.5,72,chanthaburi
2016-04-28,0.0,34.3,26.7,73,chanthaburi
2016-04-29,0.3,34.5,27.4,73,chanthaburi
2016-04-30,25.9,32.3,26.5,84,chanthaburi
2016-05-01,0.6,32.6,25.3,81,chanthaburi
2016-05-02,0.8,32.8,26.5,79,chanthaburi
2016-05-03,1.4,32.8,26.7,79,chanthaburi
2016-05-04,0.5,33.2,26.5,79,chanthaburi
2016-05-05,0.8,33.7,26.1,78,chanthaburi
2016-05-06,7.3,32.2,26.6,82,chanthaburi
2016-05-07,1.5,33.2,26.7,81,chanthaburi
2016-05-08,9.5,32.0,26.9,84,chanthaburi
2016-05-09,1.9,32.5,27.0,82,chanthaburi
2016-05-10,1.5,32.3,27.3,82,chanthaburi
2016-05-11,0.2,33.3,27.0,79,chanthaburi
2016-05-12,0.4,33.3,28.2,77,chanthaburi
2016-05-13,7.1,32.0,27.5,81,chanthaburi
2016-05-14,1.5,33.7,26.6,77,chanthaburi
2016-05-15,6.5,32.4,26.0,84,chanthaburi
2016-05-16,12.3,31.1,26.4,87,chanthaburi
2016-05-17,13.3,31.2,25.3,88,chanthaburi
2016-05-18,16.3,30.3,25.9,89,chanthaburi
2016-05-19,3.2,32.0,26.0,86,chanthaburi
2016-05-20,11.5,30.9,25.7,88,chanthaburi
2016-05-21,4.9,33.4,25.6,80,chanthaburi
2016-05-22,17.4,30.4,26.0,83,chanthaburi
2016-05-23,23.2,30.7,25.4,90,chanthaburi
2016-05-24,19.1,28.2,25.8,92,chanthaburi
2016-05-25,18.5,29.4,26.1,87,chanthaburi
2016-05-26,19.4,29.8,25.8,93,chanthaburi
2016-05-27,18.8,28.1,25.7,93,chanthaburi
2016-05-28,28.9,28.4,25.4,94,chanthaburi
2016-05-29,25.1,27.8,25.2,96,chanthaburi
2016-05-30,14.0,27.5,25.3,94,chanthaburi
2016-05-31,8.4,28.1,25.7,91,chanthaburi
2016-06-01,4.0,29.3,25.6,87,chanthaburi
2016-06-02,6.4,30.2,26.5,87,chanthaburi
2016-06-03,11.9,28.9,25.0,91,chanthaburi
2016-06-04,17.2,29.0,25.7,91,chanthaburi
2016-06-05,13.1,29.1,25.3,89,chanthaburi
2016-06-06,7.0,30.6,24.9,86,chanthaburi
2016-06-07,23.9,29.9,25.0,88,chanthaburi
2016-06-08,1.5,31.0,26.1,83,chanthaburi
2016-06-09,1.5,30.8,26.6,82,chanthaburi
2016-06-10,0.7,31.1,26.7,83,chanthaburi
2016-06-11,2.2,30.7,26.7,84,chanthaburi
2016-06-12,4.6,30.5,26.5,85,chanthaburi
2016-06-13,4.6,30.5,26.6,85,chanthaburi
2016-06-14,8.1,30.0,26.8,83,chanthaburi
2016-06-15,17.2,29.1,25.9,87,chanthaburi
2016-06-16,22.8,27.7,25.3,92,chanthaburi
2016-06-17,28.6,27.0,24.6,96,chanthaburi
2016-06-18,4.8,29.4,24.6,89,chanthaburi
2016-06-19,5.1,31.1,24.7,85,chanthaburi
2016-06-20,16.8,29.1,24.9,90,chanthaburi
2016-06-21,37.8,27.9,24.5,89,chanthaburi
2016-06-22,11.6,29.4,25.1,88,chanthaburi
2016-06-23,25.3,27.7,24.8,93,chanthaburi
2016-06-24,32.4,26.0,24.6,99,chanthaburi
2016-06-25,14.3,28.3,24.6,93,chanthaburi
2016-06-26,11.1,29.5,24.6,90,chanthaburi
2016-06-27,22.8,26.7,24.7,94,chanthaburi
2016-06-28,45.4,27.0,24.6,97,chanthaburi
2016-06-29,41.8,26.9,24.6,95,chanthaburi
2016-06-30,35.7,28.4,24.5,93,chanthaburi
2016-07-01,15.3,27.8,25.1,92,chanthaburi
2016-07-02,15.6,28.8,24.7,92,chanthaburi
2016-07-03,3.7,29.9,24.8,88,chanthaburi
2016-07-04,2.3,30.2,25.3,85,chanthaburi
2016-07-05,10.3,28.3,25.1,87,chanthaburi
2016-07-06,32.9,27.4,24.6,96,chanthaburi
2016-07-07,41.0,27.6,24.5,94,chanthaburi
2016-07-08,28.2,28.5,24.9,90,chanthaburi
2016-07-09,21.4,28.6,24.9,88,chanthaburi
2016-07-10,31.6,26.5,25.2,93,chanthaburi
2016-07-11,27.0,27.6,24.7,92,chanthaburi
2016-07-12,12.9,29.7,24.7,90,chanthaburi
2016-07-13,28.6,27.5,24.5,93,chanthaburi
2016-07-14,16.4,29.8,24.8,88,chanthaburi
2016-07-15,3.8,30.1,25.0,86,chanthaburi
2016-07-16,2.8,30.6,25.0,85,chanthaburi
2016-07-17,9.0,30.5,25.9,86,chanthaburi
2016-07-18,8.1,30.1,26.1,89,chanthaburi
2016-07-19,10.8,30.3,25.6,86,chanthaburi
2016-07-20,12.2,29.1,24.7,89,chanthaburi
2016-07-21,6.4,28.8,24.4,92,chanthaburi
2016-07-22,2.9,30.7,24.7,86,chanthaburi
2016-07-23,8.4,29.2,24.5,89,chanthaburi
2016-07-24,3.5,31.1,24.6,85,chanthaburi
2016-07-25,4.8,31.0,25.8,84,chanthaburi
2016-07-26,16.0,30.3,24.5,85,chanthaburi
2016-07-27,21.8,28.0,25.0,90,chanthaburi
2016-07-28,20.7,28.3,24.4,93,chanthaburi
2016-07-29,39.8,26.5,24.7,95,chanthaburi
2016-07-30,9.0,29.4,23.9,91,chanthaburi
2016-07-31,0.1,30.8,25.8,80,chanthaburi
2016-08-01,6.2,29.9,25.0,82,chanthaburi
2016-08-02,17.3,29.4,25.5,85,chanthaburi
2016-08-03,26.2,28.8,25.0,86,chanthaburi
2016-08-04,20.2,28.3,25.7,87,chanthaburi
2016-08-05,16.8,27.3,24.8,94,chanthaburi
2016-08-06,7.1,29.5,24.1,89,chanthaburi
2016-08-07,32.7,28.1,24.5,91,chanthaburi
2016-08-08,8.4,29.2,25.0,86,chanthaburi
2016-08-09,16.3,29.7,25.5,87,chanthaburi
2016-08-10,15.1,29.8,24.9,88,chanthaburi
2016-08-11,12.7,29.9,26.7,85,chanthaburi
2016-08-12,18.3,29.1,25.7,87,chanthaburi
2016-08-13,17.7,29.5,26.4,87,chanthaburi
2016-08-14,17.3,29.0,26.4,86,chanthaburi
2016-08-15,18.3,28.6,26.4,87,chanthaburi
2016-08-16,14.6,28.3,26.1,88,chanthaburi
2016-08-17,5.9,29.6,26.5,86,chanthaburi
2016-08-18,5.0,29.2,26.6,85,chanthaburi
2016-08-19,14.8,28.9,26.7,86,chanthaburi
2016-08-20,2.6,29.8,26.4,85,chanthaburi
2016-08-21,2.9,30.2,25.8,85,chanthaburi
2016-08-22,20.1,30.1,25.7,88,chanthaburi
2016-08-23,20.5,30.3,25.1,90,chanthaburi
2016-08-24,19.7,29.1,24.8,91,chanthaburi
2016-08-25,13.2,29.5,25.4,88,chanthaburi
2016-08-26,7.5,30.1,25.6,88,chanthaburi
2016-08-27,16.9,29.4,25.7,88,chanthaburi
2016-08-28,12.5,29.8,24.9,88,chanthaburi
2016-08-29,20.9,28.1,25.3,91,chanthaburi
2016-08-30,12.9,28.0,25.3,93,chanthaburi
2016-08-31,23.8,28.8,25.2,90,chanthaburi
2016-09-01,4.5,29.9,25.2,88,chanthaburi
2016-09-02,18.3,29.5,26.3,87,chanthaburi
2016-09-03,11.1,29.7,25.7,86,chanthaburi
2016-09-04,8.3,29.9,25.6,86,chanthaburi
2016-09-05,7.1,28.7,26.5,86,chanthaburi
2016-09-06,21.0,29.0,25.5,89,chanthaburi
2016-09-07,27.2,27.5,25.0,94,chanthaburi
2016-09-08,25.1,28.2,25.4,89,chanthaburi
2016-09-09,19.1,27.6,24.6,91,chanthaburi
2016-09-10,9.6,29.4,24.6,89,chanthaburi
2016-09-11,25.1,28.7,24.9,91,chanthaburi
2016-09-12,57.0,27.0,24.1,96,chanthaburi
2016-09-13,69.4,25.9,23.7,95,chanthaburi
2016-09-14,13.4,28.6,24.0,88,chanthaburi
2016-09-15,11.1,29.0,25.5,85,chanthaburi
2016-09-16,16.3,28.3,24.4,90,chanthaburi
2016-09-17,26.8,30.2,24.2,90,chanthaburi
2016-09-18,13.9,30.1,24.5,89,chanthaburi
2016-09-19,11.4,28.9,24.2,90,chanthaburi
2016-09-20,13.7,28.6,24.3,92,chanthaburi
2016-09-21,20.0,28.9,24.3,94,chanthaburi
2016-09-22,14.7,28.2,24.2,93,chanthaburi
2016-09-23,16.6,28.6,24.0,93,chanthaburi
2016-09-24,5.2,28.2,23.9,93,chanthaburi
2016-09-25,5.9,28.9,24.6,90,chanthaburi
2016-09-26,18.2,28.2,24.3,93,chanthaburi
2016-09-27,26.9,28.1,24.0,93,chanthaburi
2016-09-28,29.0,27.6,24.3,92,chanthaburi
2016-09-29,10.3,28.4,24.1,90,chanthaburi
2016-09-30,6.7,29.3,24.4,90,chanthaburi
2016-10-01,11.9,29.4,24.5,92,chanthaburi
2016-10-02,23.7,28.9,24.5,93,chanthaburi
2016-10-03,15.8,28.3,24.2,93,chanthaburi
2016-10-04,15.8,28.6,24.2,93,chanthaburi
2016-10-05,13.7,29.2,24.2,92,chanthaburi
2016-10-06,24.4,28.0,24.2,94,chanthaburi
2016-10-07,17.8,28.5,23.9,92,chanthaburi
2016-10-08,16.8,27.3,24.4,92,chanthaburi
2016-10-09,13.5,27.8,24.0,93,chanthaburi
2016-10-10,5.8,27.9,24.3,94,chanthaburi
2016-10-11,16.7,28.7,24.6,93,chanthaburi
2016-10-12,17.2,28.0,24.2,95,chanthaburi
2016-10-13,9.6,29.0,23.4,92,chanthaburi
2016-10-14,0.0,30.5,24.4,84,chanthaburi
2016-10-15,3.2,29.9,24.5,84,chanthaburi
2016-10-16,9.2,28.3,24.7,92,chanthaburi
2016-10-17,21.0,29.8,24.2,90,chanthaburi
2016-10-18,5.5,30.0,24.2,92,chanthaburi
2016-10-19,11.2,28.7,23.7,91,chanthaburi
2016-10-20,15.2,28.8,24.6,90,chanthaburi
2016-10-21,16.1,28.6,24.8,91,chanthaburi
2016-10-22,27.5,28.0,25.2,91,chanthaburi
2016-10-23,8.3,29.5,24.9,88,chanthaburi
2016-10-24,23.1,29.0,24.4,91,chanthaburi
2016-10-25,11.9,28.3,24.0,94,chanthaburi
2016-10-26,8.8,28.9,24.1,91,chanthaburi
2016-10-27,1.2,29.8,24.5,89,chanthaburi
2016-10-28,4.8,30.8,24.3,88,chanthaburi
2016-10-29,10.0,29.3,24.5,91,chanthaburi
2016-10-30,5.4,28.7,24.6,88,chanthaburi
2016-10-31,4.1,30.0,24.4,89,chanthaburi
2016-11-01,3.3,29.7,24.4,87,chanthaburi
2016-11-02,0.2,29.4,24.4,81,chanthaburi
2016-11-03,1.2,29.4,24.2,79,chanthaburi
2016-11-04,0.0,28.1,23.6,79,chanthaburi
2016-11-05,2.2,29.6,24.0,83,chanthaburi
2016-11-06,6.3,29.1,24.6,89,chanthaburi
2016-11-07,24.0,28.0,24.8,92,chanthaburi
2016-11-08,6.0,28.6,24.2,91,chanthaburi
2016-11-09,3.9,29.1,24.4,89,chanthaburi
2016-11-10,13.4,28.8,24.1,92,chanthaburi
2016-11-11,0.0,29.9,23.6,79,chanthaburi
2016-11-12,0.0,30.7,23.8,79,chanthaburi
2016-11-13,0.0,30.9,24.6,81,chanthaburi
2016-11-14,0.0,31.1,23.8,83,chanthaburi
2016-11-15,0.0,31.2,23.7,82,chanthaburi
2016-11-16,0.0,31.2,23.9,80,chanthaburi
2016-11-17,0.0,30.9,23.2,78,chanthaburi
2016-11-18,0.0,31.4,24.8,80,chanthaburi
2016-11-19,7.1,30.5,25.1,87,chanthaburi
2016-11-20,6.3,30.6,24.9,88,chanthaburi
2016-11-21,5.9,30.6,24.9,89,chanthaburi
2016-11-22,11.5,30.1,24.8,90,chanthaburi
2016-11-23,23.0,27.3,24.7,93,chanthaburi
2016-11-24,2.3,30.3,24.3,89,chanthaburi
2016-11-25,0.3,30.2,24.6,85,chanthaburi
2016-11-26,0.8,30.8,24.2,86,chanthaburi
2016-11-27,0.0,28.8,23.8,76,chanthaburi
2016-11-28,0.0,29.1,23.3,77,chanthaburi
2016-11-29,0.0,29.1,22.9,73,chanthaburi
2016-11-30,0.0,29.1,22.8,73,chanthaburi
2016-12-01,0.5,26.8,22.9,71,chanthaburi
2016-12-02,2.3,27.1,22.5,73,chanthaburi
2016-12-03,0.0,29.1,23.3,72,chanthaburi
2016-12-04,0.0,29.8,24.1,75,chanthaburi
2016-12-05,0.0,29.6,24.4,75,chanthaburi
2016-12-06,0.5,28.5,24.4,73,chanthaburi
2016-12-07,0.0,28.5,23.0,71,chanthaburi
2016-12-08,0.0,27.9,23.8,73,chanthaburi
2016-12-09,0.0,29.5,22.8,70,chanthaburi
2016-12-10,0.0,30.5,22.7,75,chanthaburi
2016-12-11,0.0,29.7,23.2,77,chanthaburi
2016-12-12,0.0,30.2,22.8,76,chanthaburi
2016-12-13,2.3,27.3,23.4,86,chanthaburi
2016-12-14,16.5,28.7,23.0,90,chanthaburi
2016-12-15,1.5,27.2,23.6,85,chanthaburi
2016-12-16,5.0,24.6,21.9,82,chanthaburi
2016-12-17,0.0,24.4,20.9,72,chanthaburi
2016-12-18,0.0,28.9,21.5,73,chanthaburi
2016-12-19,0.0,30.4,23.0,74,chanthaburi
2016-12-20,0.1,31.0,23.5,75,chanthaburi
2016-12-21,0.0,31.0,23.6,78,chanthaburi
2016-12-22,0.0,30.7,24.3,80,chanthaburi
2016-12-23,0.0,30.9,24.1,76,chanthaburi
2016-12-24,0.0,30.7,23.5,75,chanthaburi
2016-12-25,0.0,31.7,23.0,75,chanthaburi
2016-12-26,0.0,31.6,23.3,76,chanthaburi
2016-12-27,0.0,30.6,23.1,73,chanthaburi
2016-12-28,0.0,28.2,21.8,61,chanthaburi
2016-12-29,0.0,27.8,20.9,59,chanthaburi
2016-12-30,0.8,27.0,21.3,59,chanthaburi
2016-12-31,0.1,28.3,22.2,63,chanthaburi
2017-01-01,0.0,30.3,22.0,64,chanthaburi
2017-01-02,0.0,32.0,23.2,63,chanthaburi
2017-01-03,0.0,31.6,24.3,63,chanthaburi
2017-01-04,0.0,31.7,23.8,62,chanthaburi
2017-01-05,0.3,32.2,24.4,63,chanthaburi
2017-01-06,2.1,30.8,23.7,72,chanthaburi
2017-01-07,0.1,31.2,24.2,69,chanthaburi
2017-01-08,0.6,30.9,23.6,78,chanthaburi
2017-01-09,1.6,32.4,23.1,78,chanthaburi
2017-01-10,4.4,30.5,23.4,86,chanthaburi
2017-01-11,33.2,26.1,22.8,94,chanthaburi
2017-01-12,0.3,29.5,22.2,88,chanthaburi
2017-01-13,1.2,30.3,22.4,85,chanthaburi
2017-01-14,1.2,31.5,23.3,88,chanthaburi
2017-01-15,0.2,31.7,23.5,75,chanthaburi
2017-01-16,4.6,30.0,23.7,79,chanthaburi
2017-01-17,11.1,28.8,22.7,84,chanthaburi
2017-01-18,0.0,29.8,23.4,70,chanthaburi
2017-01-19,0.0,30.9,22.6,68,chanthaburi
2017-01-20,0.0,31.5,23.0,67,chanthaburi
2017-01-21,0.0,29.6,24.1,63,chanthaburi
2017-01-22,0.0,30.1,23.1,63,chanthaburi
2017-01-23,0.0,28.3,22.1,64,chanthaburi
2017-01-24,0.0,30.6,21.5,60,chanthaburi
2017-01-25,0.0,31.8,23.2,62,chanthaburi
2017-01-26,0.0,31.2,23.3,63,chanthaburi
2017-01-27,0.0,30.4,22.6,59,chanthaburi
2017-01-28,0.0,30.2,20.9,54,chanthaburi
2017-01-29,0.0,31.6,18.7,60,chanthaburi
2017-01-30,0.0,31.8,19.5,66,chanthaburi
2017-01-31,0.0,31.5,20.5,61,chanthaburi
2017-02-01,0.0,31.6,21.3,56,chanthaburi
2017-02-02,3.1,31.3,21.6,68,chanthaburi
2017-02-03,0.4,30.0,21.9,74,chanthaburi
2017-02-04,0.0,31.6,22.7,70,chanthaburi
2017-02-05,0.0,32.6,22.1,70,chanthaburi
2017-02-06,0.0,33.7,20.4,69,chanthaburi
2017-02-07,0.0,31.1,19.9,82,chanthaburi
2017-02-08,0.0,31.9,19.9,78,chanthaburi
2017-02-09,0.0,32.9,20.3,74,chanthaburi
2017-02-10,0.0,32.8,21.1,70,chanthaburi
2017-02-11,0.0,32.1,22.5,54,chanthaburi
2017-02-12,0.0,30.1,20.3,51,chanthaburi
2017-02-13,0.0,29.8,19.7,52,chanthaburi
2017-02-14,0.0,30.6,20.2,54,chanthaburi
2017-02-15,0.0,31.3,21.2,51,chanthaburi
2017-02-16,0.0,31.8,21.7,53,chanthaburi
2017-02-17,0.0,32.5,20.4,58,chanthaburi
2017-02-18,0.0,33.8,20.4,69,chanthaburi
2017-02-19,0.0,33.8,21.3,71,chanthaburi
2017-02-20,0.8,30.9,21.8,82,chanthaburi
2017-02-21,0.7,31.2,22.8,82,chanthaburi
2017-02-22,9.1,30.3,23.3,87,chanthaburi
2017-02-23,12.6,30.3,23.0,89,chanthaburi
2017-02-24,14.4,29.1,23.3,91,chanthaburi
2017-02-25,10.0,30.5,23.1,89,chanthaburi
2017-02-26,2.3,31.7,22.9,86,chanthaburi
2017-02-27,0.2,32.5,22.7,68,chanthaburi
2017-02-28,0.0,33.3,23.9,63,chanthaburi
2017-03-01,0.0,33.4,22.8,69,chanthaburi
2017-03-02,0.0,32.9,22.8,58,chanthaburi
2017-03-03,0.0,33.7,21.4,62,chanthaburi
2017-03-04,3.9,30.3,22.3,84,chanthaburi
2017-03-05,2.7,30.2,23.5,84,chanthaburi
2017-03-06,0.2,31.2,23.4,83,chanthaburi
2017-03-07,2.8,30.7,23.7,84,chanthaburi
2017-03-08,2.8,29.0,23.2,85,chanthaburi
2017-03-09,1.9,29.8,22.9,82,chanthaburi
2017-03-10,2.1,30.1,22.6,81,chanthaburi
2017-03-11,2.2,30.3,23.1,84,chanthaburi
2017-03-12,0.4,31.6,23.8,79,chanthaburi
2017-03-13,0.0,31.5,22.8,82,chanthaburi
2017-03-14,1.7,32.6,23.4,83,chanthaburi
2017-03-15,4.6,33.0,23.7,82,chanthaburi
2017-03-16,2.6,31.9,24.0,82,chanthaburi
2017-03-17,9.0,29.0,23.4,87,chanthaburi
2017-03-18,5.6,29.8,23.4,87,chanthaburi
2017-03-19,5.6,31.1,23.4,86,chanthaburi
2017-03-20,6.4,28.2,23.6,91,chanthaburi
2017-03-21,2.6,31.0,24.0,88,chanthaburi
2017-03-22,2.8,31.2,22.6,86,chanthaburi
2017-03-23,3.1,30.4,24.5,87,chanthaburi
2017-03-24,2.9,31.0,24.0,89,chanthaburi
2017-03-25,5.4,32.2,23.8,90,chanthaburi
2017-03-26,20.1,32.7,23.9,91,chanthaburi
2017-03-27,10.4,26.0,22.8,94,chanthaburi
2017-03-28,0.5,31.3,21.4,77,chanthaburi
2017-03-29,16.7,27.9,22.9,92,chanthaburi
2017-03-30,20.5,30.1,23.1,91,chanthaburi
2017-03-31,15.3,29.8,22.8,93,chanthaburi
2017-04-01,15.5,28.9,23.2,88,chanthaburi
2017-04-02,2.9,30.3,22.9,80,chanthaburi
2017-04-03,0.2,28.8,23.7,78,chanthaburi
2017-04-04,1.6,30.9,23.4,80,chanthaburi
2017-04-05,28.4,31.2,23.7,88,chanthaburi
2017-04-06,7.2,30.9,23.8,91,chanthaburi
2017-04-07,23.9,29.8,23.0,93,chanthaburi
2017-04-08,5.4,31.1,23.4,88,chanthaburi
2017-04-09,5.0,30.2,24.3,91,chanthaburi
2017-04-10,4.7,30.5,24.6,87,chanthaburi
2017-04-11,0.9,31.3,24.3,87,chanthaburi
2017-04-12,1.9,31.3,24.6,85,chanthaburi
2017-04-13,2.6,32.0,23.9,85,chanthaburi
2017-04-14,12.9,30.1,23.7,88,chanthaburi
2017-04-15,2.6,31.8,23.2,85,chanthaburi
2017-04-16,3.4,31.0,23.1,86,chanthaburi
2017-04-17,0.8,31.2,24.0,87,chanthaburi
2017-04-18,0.0,31.1,23.6,85,chanthaburi
2017-04-19,2.6,30.7,24.5,85,chanthaburi
2017-04-20,5.9,30.7,25.0,87,chanthaburi
2017-04-21,3.0,30.3,25.0,86,chanthaburi
2017-04-22,2.0,32.0,24.6,84,chanthaburi
2017-04-23,1.5,31.2,24.0,84,chanthaburi
2017-04-24,12.1,28.8,24.6,92,chanthaburi
2017-04-25,10.3,31.0,24.6,89,chanthaburi
2017-04-26,1.8,30.7,24.6,87,chanthaburi
2017-04-27,10.5,30.8,24.2,89,chanthaburi
2017-04-28,17.2,31.3,24.6,91,chanthaburi
2017-04-29,16.6,30.6,23.2,90,chanthaburi
2017-04-30,3.9,31.8,23.7,86,chanthaburi
2017-05-01,7.5,29.8,24.0,90,chanthaburi
2017-05-02,8.8,31.4,24.4,90,chanthaburi
2017-05-03,1.5,32.0,24.9,86,chanthaburi
2017-05-04,9.6,31.5,25.3,87,chanthaburi
2017-05-05,1.2,31.1,24.7,86,chanthaburi
2017-05-06,5.6,32.4,23.7,85,chanthaburi
2017-05-07,6.5,32.0,24.3,87,chanthaburi
2017-05-08,7.4,31.8,23.9,88,chanthaburi
2017-05-09,15.1,31.2,23.9,89,chanthaburi
2017-05-10,17.4,30.8,24.0,91,chanthaburi
2017-05-11,14.4,31.8,24.4,92,chanthaburi
2017-05-12,6.4,31.1,24.0,88,chanthaburi
2017-05-13,21.2,31.4,24.1,92,chanthaburi
2017-05-14,8.8,31.1,23.5,90,chanthaburi
2017-05-15,5.9,29.6,24.1,92,chanthaburi
2017-05-16,17.9,28.8,24.2,95,chanthaburi
2017-05-17,28.8,27.8,24.3,96,chanthaburi
2017-05-18,24.1,27.6,24.6,95,chanthaburi
2017-05-19,14.8,28.0,24.7,94,chanthaburi
2017-05-20,13.5,30.2,24.7,93,chanthaburi
2017-05-21,7.0,31.1,24.5,90,chanthaburi
2017-05-22,9.4,29.9,25.2,91,chanthaburi
2017-05-23,21.3,29.2,24.7,92,chanthaburi
2017-05-24,11.1,29.7,25.1,93,chanthaburi
2017-05-25,21.6,30.0,24.7,96,chanthaburi
2017-05-26,22.8,27.0,24.4,98,chanthaburi
2017-05-27,81.4,27.1,23.6,98,chanthaburi
2017-05-28,23.0,28.9,24.4,95,chanthaburi
2017-05-29,36.4,26.5,23.5,98,chanthaburi
2017-05-30,16.5,29.3,24.6,95,chanthaburi
2017-05-31,9.9,29.7,24.0,93,chanthaburi
2017-06-01,4.1,29.9,24.2,89,chanthaburi
2017-06-02,9.8,29.7,24.9,89,chanthaburi
2017-06-03,7.6,29.6,24.8,88,chanthaburi
2017-06-04,14.3,28.5,24.6,92,chanthaburi
2017-06-05,17.4,27.8,24.6,96,chanthaburi
2017-06-06,33.6,27.7,24.3,97,chanthaburi
2017-06-07,31.6,27.9,24.4,94,chanthaburi
2017-06-08,11.1,28.7,23.8,91,chanthaburi
2017-06-09,14.8,28.9,24.4,90,chanthaburi
2017-06-10,2.3,30.4,24.5,84,chanthaburi
2017-06-11,2.0,29.8,24.6,85,chanthaburi
2017-06-12,0.0,31.1,24.1,85,chanthaburi
2017-06-13,0.3,30.0,24.5,84,chanthaburi
2017-06-14,1.4,30.4,24.7,85,chanthaburi
2017-06-15,1.1,30.1,24.5,83,chanthaburi
2017-06-16,1.9,31.0,23.2,86,chanthaburi
2017-06-17,2.2,31.4,23.3,87,chanthaburi
2017-06-18,17.8,29.7,24.9,92,chanthaburi
2017-06-19,2.5,29.8,24.9,87,chanthaburi
2017-06-20,12.9,29.1,24.4,89,chanthaburi
2017-06-21,17.8,30.1,24.4,90,chanthaburi
2017-06-22,17.7,29.2,23.8,93,chanthaburi
2017-06-23,9.9,28.8,24.2,91,chanthaburi
2017-06-24,24.5,29.3,23.7,92,chanthaburi
2017-06-25,25.9,27.7,23.8,94,chanthaburi
2017-06-26,17.4,27.9,23.7,92,chanthaburi
2017-06-27,10.3,29.1,23.5,89,chanthaburi
2017-06-28,8.8,28.9,23.9,90,chanthaburi
2017-06-29,21.3,28.5,24.2,92,chanthaburi
2017-06-30,5.8,28.9,24.1,90,chanthaburi
2017-07-01,11.3,29.6,24.4,90,chanthaburi
2017-07-02,3.9,30.6,24.1,87,chanthaburi
2017-07-03,11.8,29.8,23.9,87,chanthaburi
2017-07-04,17.1,27.8,24.6,95,chanthaburi
2017-07-05,18.7,27.8,23.5,94,chanthaburi
2017-07-06,14.8,29.2,24.0,88,chanthaburi
2017-07-07,22.4,27.0,23.7,97,chanthaburi
2017-07-08,9.3,28.2,23.8,94,chanthaburi
2017-07-09,9.2,29.2,24.5,90,chanthaburi
2017-07-10,7.5,29.3,24.0,90,chanthaburi
2017-07-11,29.6,28.5,23.2,90,chanthaburi
2017-07-12,9.1,28.4,23.9,93,chanthaburi
2017-07-13,12.0,27.8,23.8,94,chanthaburi
2017-07-14,18.8,26.6,24.1,95,chanthaburi
2017-07-15,5.0,28.0,25.0,86,chanthaburi
2017-07-16,23.4,28.3,24.7,92,chanthaburi
2017-07-17,32.5,26.2,23.9,93,chanthaburi
2017-07-18,20.1,26.7,23.4,94,chanthaburi
2017-07-19,30.1,26.1,22.7,98,chanthaburi
2017-07-20,34.6,26.6,23.5,97,chanthaburi
2017-07-21,10.4,27.7,22.8,93,chanthaburi
2017-07-22,6.6,28.9,23.8,90,chanthaburi
2017-07-23,10.1,29.7,24.0,91,chanthaburi
2017-07-24,31.6,28.2,23.4,92,chanthaburi
2017-07-25,39.7,27.1,23.9,97,chanthaburi
2017-07-26,35.0,26.1,24.1,97,chanthaburi
2017-07-27,25.3,28.0,24.0,92,chanthaburi
2017-07-28,9.9,28.8,24.9,88,chanthaburi
2017-07-29,5.5,28.2,25.4,86,chanthaburi
2017-07-30,9.4,28.7,25.1,87,chanthaburi
2017-07-31,3.6,29.9,25.7,86,chanthaburi
2017-08-01,5.7,29.6,24.7,87,chanthaburi
2017-08-02,8.4,29.6,24.8,87,chanthaburi
2017-08-03,22.5,28.9,25.1,90,chanthaburi
2017-08-04,31.1,27.9,24.3,93,chanthaburi
2017-08-05,17.3,26.6,24.5,94,chanthaburi
2017-08-06,19.1,28.2,24.1,94,chanthaburi
2017-08-07,7.7,30.1,23.7,89,chanthaburi
2017-08-08,2.3,29.5,24.3,88,chanthaburi
2017-08-09,11.1,30.1,23.9,89,chanthaburi
2017-08-10,8.3,30.1,24.6,89,chanthaburi
2017-08-11,10.6,30.3,24.1,91,chanthaburi
2017-08-12,10.2,30.7,24.0,88,chanthaburi
2017-08-13,7.4,30.4,23.6,89,chanthaburi
2017-08-14,9.0,30.2,24.0,90,chanthaburi
2017-08-15,16.9,29.5,24.4,91,chanthaburi
2017-08-16,25.2,28.5,23.9,94,chanthaburi
2017-08-17,26.8,26.3,23.7,96,chanthaburi
2017-08-18,11.1,28.7,23.4,92,chanthaburi
2017-08-19,7.2,29.1,23.4,93,chanthaburi
2017-08-20,33.0,26.9,23.4,94,chanthaburi
2017-08-21,11.5,29.0,23.5,90,chanthaburi
2017-08-22,15.6,29.2,23.4,89,chanthaburi
2017-08-23,43.6,28.9,23.5,90,chanthaburi
2017-08-24,24.0,28.5,24.2,91,chanthaburi
2017-08-25,49.2,28.2,23.8,94,chanthaburi
2017-08-26,24.0,28.0,23.4,94,chanthaburi
2017-08-27,32.4,26.9,23.1,96,chanthaburi
2017-08-28,28.2,26.4,23.0,94,chanthaburi
2017-08-29,12.8,28.3,23.3,94,chanthaburi
2017-08-30,3.0,29.3,23.1,90,chanthaburi
2017-08-31,2.7,29.8,24.3,89,chanthaburi
2017-09-01,8.2,29.5,23.9,89,chanthaburi
2017-09-02,7.7,30.1,23.6,88,chanthaburi
2017-09-03,10.5,29.3,24.3,95,chanthaburi
2017-09-04,4.7,28.8,24.4,91,chanthaburi
2017-09-05,9.2,29.8,24.7,90,chanthaburi
2017-09-06,7.3,29.8,24.8,88,chanthaburi
2017-09-07,6.9,29.6,24.3,90,chanthaburi
2017-09-08,7.2,31.1,23.9,91,chanthaburi
2017-09-09,12.7,30.9,24.7,92,chanthaburi
2017-09-10,12.7,31.5,24.1,92,chanthaburi
2017-09-11,3.3,30.4,24.0,92,chanthaburi
2017-09-12,1.5,30.5,23.8,89,chanthaburi
2017-09-13,1.3,30.3,24.2,88,chanthaburi
2017-09-14,4.9,31.8,24.0,90,chanthaburi
2017-09-15,13.8,29.9,23.9,93,chanthaburi
2017-09-16,20.5,28.8,24.1,95,chanthaburi
2017-09-17,18.9,27.4,23.9,96,chanthaburi
2017-09-18,12.2,30.8,23.1,87,chanthaburi
2017-09-19,0.6,32.1,23.6,85,chanthaburi
2017-09-20,15.7,28.6,23.5,94,chanthaburi
2017-09-21,8.7,31.3,22.9,88,chanthaburi
2017-09-22,18.5,28.8,23.5,95,chanthaburi
2017-09-23,9.1,27.5,23.4,96,chanthaburi
2017-09-24,10.6,27.0,23.7,94,chanthaburi
2017-09-25,30.6,26.4,23.7,95,chanthaburi
2017-09-26,28.6,27.7,23.7,94,chanthaburi
2017-09-27,7.8,29.4,24.0,94,chanthaburi
2017-09-28,10.5,30.9,23.9,92,chanthaburi
2017-09-29,30.9,31.4,23.5,91,chanthaburi
2017-09-30,12.9,28.6,23.7,93,chanthaburi
2017-10-01,7.8,29.8,23.5,91,chanthaburi
2017-10-02,29.5,28.0,23.4,96,chanthaburi
2017-10-03,25.8,25.7,23.1,98,chanthaburi
2017-10-04,22.7,26.6,22.8,97,chanthaburi
2017-10-05,8.5,28.2,23.2,95,chanthaburi
2017-10-06,7.9,30.6,23.0,92,chanthaburi
2017-10-07,9.1,29.0,24.1,94,chanthaburi
2017-10-08,8.6,30.2,23.2,92,chanthaburi
2017-10-09,3.4,29.7,23.3,90,chanthaburi
2017-10-10,9.9,29.9,23.9,92,chanthaburi
2017-10-11,5.7,29.5,23.7,93,chanthaburi
2017-10-12,4.4,30.4,23.3,90,chanthaburi
2017-10-13,10.1,29.9,24.2,94,chanthaburi
2017-10-14,27.7,28.0,23.4,94,chanthaburi
2017-10-15,17.6,28.5,23.2,93,chanthaburi
2017-10-16,3.4,29.6,23.1,86,chanthaburi
2017-10-17,17.7,28.4,23.8,94,chanthaburi
2017-10-18,9.6,29.1,23.1,90,chanthaburi
2017-10-19,3.6,30.8,23.6,87,chanthaburi
2017-10-20,8.0,30.0,23.9,91,chanthaburi
2017-10-21,2.3,30.7,23.6,88,chanthaburi
2017-10-22,19.2,31.1,23.2,90,chanthaburi
2017-10-23,4.3,31.4,23.4,90,chanthaburi
2017-10-24,12.2,28.5,23.8,93,chanthaburi
2017-10-25,2.3,29.9,23.2,86,chanthaburi
2017-10-26,3.2,31.3,23.9,83,chanthaburi
2017-10-27,0.0,30.2,23.5,79,chanthaburi
2017-10-28,0.8,30.5,23.9,81,chanthaburi
2017-10-29,0.2,30.5,23.4,77,chanthaburi
2017-10-30,0.0,28.5,23.1,72,chanthaburi
2017-10-31,0.0,29.1,21.8,69,chanthaburi
2017-11-01,0.0,26.6,22.7,75,chanthaburi
2017-11-02,0.0,28.4,22.7,78,chanthaburi
2017-11-03,0.0,28.9,22.8,68,chanthaburi
2017-11-04,0.0,28.3,22.1,58,chanthaburi
2017-11-05,1.9,24.1,21.6,79,chanthaburi
2017-11-06,0.0,27.5,21.6,78,chanthaburi
2017-11-07,0.0,27.3,23.4,74,chanthaburi
2017-11-08,1.6,27.9,23.6,79,chanthaburi
2017-11-09,0.1,30.7,22.8,78,chanthaburi
2017-11-10,0.9,31.3,23.9,79,chanthaburi
2017-11-11,10.0,29.9,23.9,88,chanthaburi
2017-11-12,5.6,30.8,23.6,91,chanthaburi
2017-11-13,10.2,27.7,23.2,95,chanthaburi
2017-11-14,4.0,30.7,22.6,92,chanthaburi
2017-11-15,10.5,29.8,23.3,92,chanthaburi
2017-11-16,0.9,29.9,23.6,91,chanthaburi
2017-11-17,0.9,31.1,23.0,89,chanthaburi
2017-11-18,4.1,31.3,23.3,91,chanthaburi
2017-11-19,9.0,28.0,24.3,95,chanthaburi
2017-11-20,13.8,27.5,23.3,93,chanthaburi
2017-11-21,1.5,30.1,22.9,87,chanthaburi
2017-11-22,2.9,29.5,23.9,83,chanthaburi
2017-11-23,0.3,29.8,22.5,80,chanthaburi
2017-11-24,0.3,28.5,21.5,71,chanthaburi
2017-11-25,0.0,26.7,20.5,71,chanthaburi
2017-11-26,0.0,29.0,21.1,72,chanthaburi
2017-11-27,0.0,29.0,21.7,72,chanthaburi
2017-11-28,0.0,30.2,22.7,75,chanthaburi
2017-11-29,0.0,29.4,24.2,76,chanthaburi
2017-11-30,0.2,30.5,24.5,76,chanthaburi
2017-12-01,0.0,30.9,23.7,74,chanthaburi
2017-12-02,0.0,30.3,23.3,71,chanthaburi
2017-12-03,0.0,30.3,23.0,69,chanthaburi
2017-12-04,0.0,29.3,24.2,72,chanthaburi
2017-12-05,0.5,29.5,23.5,70,chanthaburi
2017-12-06,0.0,30.3,22.1,68,chanthaburi
2017-12-07,0.0,31.0,23.5,69,chanthaburi
2017-12-08,0.0,31.1,23.9,71,chanthaburi
2017-12-09,0.0,28.8,22.6,67,chanthaburi
2017-12-10,0.0,30.0,21.7,69,chanthaburi
2017-12-11,0.0,31.2,20.9,79,chanthaburi
2017-12-12,1.1,29.7,21.8,85,chanthaburi
2017-12-13,2.0,30.3,22.4,89,chanthaburi
2017-12-14,4.2,29.0,22.7,92,chanthaburi
2017-12-15,3.3,29.5,22.6,89,chanthaburi
2017-12-16,0.0,30.2,23.1,75,chanthaburi
2017-12-17,0.0,26.6,20.3,59,chanthaburi
2017-12-18,0.0,24.4,16.5,54,chanthaburi
2017-12-19,0.0,23.2,14.9,53,chanthaburi
2017-12-20,0.0,23.4,14.8,48,chanthaburi
2017-12-21,0.0,24.9,16.1,53,chanthaburi
2017-12-22,0.0,27.0,19.0,58,chanthaburi
2017-12-23,0.0,30.2,21.4,62,chanthaburi
2017-12-24,0.0,31.1,23.7,62,chanthaburi
2017-12-25,0.0,28.2,20.6,59,chanthaburi
2017-12-26,17.9,24.1,18.1,84,chanthaburi
2017-12-27,1.8,26.8,19.5,82,chanthaburi
2017-12-28,0.7,30.0,21.8,76,chanthaburi
2017-12-29,0.0,30.5,23.0,70,chanthaburi
2017-12-30,0.0,31.4,23.5,67,chanthaburi
2017-12-31,0.0,30.1,23.4,63,chanthaburi
2018-01-01,0.0,29.8,21.1,62,chanthaburi
2018-01-02,0.0,30.7,22.1,61,chanthaburi
2018-01-03,0.0,31.7,22.9,64,chanthaburi
2018-01-04,0.0,32.4,22.2,70,chanthaburi
2018-01-05,0.0,33.1,22.6,71,chanthaburi
2018-01-06,4.8,30.6,23.9,89,chanthaburi
2018-01-07,6.0,29.6,22.9,89,chanthaburi
2018-01-08,2.1,30.1,22.7,88,chanthaburi
2018-01-09,9.8,30.8,23.2,90,chanthaburi
2018-01-10,19.1,27.7,20.6,89,chanthaburi
2018-01-11,0.0,26.2,19.8,65,chanthaburi
2018-01-12,0.0,25.7,17.7,60,chanthaburi
2018-01-13,0.0,26.5,17.3,63,chanthaburi
2018-01-14,0.0,27.9,18.1,66,chanthaburi
2018-01-15,0.0,28.9,19.9,67,chanthaburi
2018-01-16,0.0,30.9,21.4,67,chanthaburi
2018-01-17,0.0,31.9,20.6,75,chanthaburi
2018-01-18,0.0,31.8,22.2,65,chanthaburi
2018-01-19,0.1,31.5,21.9,62,chanthaburi
2018-01-20,0.0,32.1,23.2,63,chanthaburi
2018-01-21,0.7,31.4,22.0,78,chanthaburi
2018-01-22,4.2,30.8,23.4,89,chanthaburi
2018-01-23,0.5,31.4,23.1,85,chanthaburi
2018-01-24,6.6,27.3,23.4,93,chanthaburi
2018-01-25,11.1,30.1,22.8,93,chanthaburi
2018-01-26,7.2,30.8,22.6,91,chanthaburi
2018-01-27,1.7,28.9,22.8,92,chanthaburi
2018-01-28,9.6,28.4,22.6,92,chanthaburi
2018-01-29,16.5,28.4,22.5,93,chanthaburi
2018-01-30,3.8,28.5,23.3,93,chanthaburi
2018-01-31,3.5,29.3,22.8,92,chanthaburi
2018-02-01,0.0,28.0,20.9,79,chanthaburi
2018-02-02,0.1,28.0,20.9,72,chanthaburi
2018-02-03,0.0,27.3,20.2,62,chanthaburi
2018-02-04,0.0,27.6,19.0,59,chanthaburi
2018-02-05,0.0,27.3,19.8,59,chanthaburi
2018-02-06,0.0,26.7,16.9,60,chanthaburi
2018-02-07,0.0,29.3,17.9,64,chanthaburi
2018-02-08,0.2,29.4,18.0,77,chanthaburi
2018-02-09,0.4,27.9,19.5,84,chanthaburi
2018-02-10,1.0,28.4,20.3,85,chanthaburi
2018-02-11,1.6,29.6,20.7,87,chanthaburi
2018-02-12,0.0,31.8,22.2,69,chanthaburi
2018-02-13,0.0,30.5,20.6,57,chanthaburi
2018-02-14,0.0,31.5,21.0,65,chanthaburi
2018-02-15,0.0,31.1,19.3,81,chanthaburi
2018-02-16,0.0,31.0,19.9,84,chanthaburi
2018-02-17,0.0,31.7,21.9,81,chanthaburi
2018-02-18,4.4,31.0,22.4,86,chanthaburi
2018-02-19,6.8,29.1,23.2,91,chanthaburi
2018-02-20,1.5,29.7,22.5,86,chanthaburi
2018-02-21,3.1,29.5,23.0,87,chanthaburi
2018-02-22,4.6,31.8,23.1,86,chanthaburi
2018-02-23,18.7,30.1,22.4,93,chanthaburi
2018-02-24,1.0,30.9,22.9,84,chanthaburi
2018-02-25,2.0,32.0,22.5,84,chanthaburi
2018-02-26,6.9,29.7,23.2,89,chanthaburi
2018-02-27,2.8,29.2,22.2,91,chanthaburi
2018-02-28,5.0,31.6,22.1,87,chanthaburi
2018-03-01,1.1,31.1,23.3,89,chanthaburi
2018-03-02,0.9,30.1,23.4,87,chanthaburi
2018-03-03,2.1,30.3,23.5,87,chanthaburi
2018-03-04,0.6,31.0,23.7,85,chanthaburi
2018-03-05,5.3,31.2,24.0,89,chanthaburi
2018-03-06,14.2,29.4,24.1,91,chanthaburi
2018-03-07,6.1,29.4,23.5,93,chanthaburi
2018-03-08,1.6,31.1,22.9,89,chanthaburi
2018-03-09,1.7,30.9,22.1,78,chanthaburi
2018-03-10,0.0,30.1,21.2,61,chanthaburi
2018-03-11,0.0,31.7,22.2,68,chanthaburi
2018-03-12,0.3,31.1,22.2,82,chanthaburi
2018-03-13,11.5,30.5,23.0,88,chanthaburi
2018-03-14,6.4,28.7,23.8,88,chanthaburi
2018-03-15,2.8,29.2,23.3,89,chanthaburi
2018-03-16,2.6,30.7,22.2,87,chanthaburi
2018-03-17,2.0,30.8,22.6,87,chanthaburi
2018-03-18,10.9,30.5,22.7,90,chanthaburi
2018-03-19,6.3,30.3,23.5,88,chanthaburi
2018-03-20,1.7,30.8,23.7,87,chanthaburi
2018-03-21,14.4,30.5,23.7,90,chanthaburi
2018-03-22,5.2,30.4,23.0,87,chanthaburi
2018-03-23,0.3,30.4,22.9,83,chanthaburi
2018-03-24,0.1,32.1,22.6,79,chanthaburi
2018-03-25,2.6,30.0,22.6,87,chanthaburi
2018-03-26,6.2,30.7,23.2,91,chanthaburi
2018-03-27,12.9,29.9,22.5,90,chanthaburi
2018-03-28,4.8,29.9,22.7,90,chanthaburi
2018-03-29,10.3,28.6,23.4,91,chanthaburi
2018-03-30,7.9,29.5,23.1,91,chanthaburi
2018-03-31,11.1,29.7,23.4,91,chanthaburi
2018-04-01,13.7,27.6,22.4,93,chanthaburi
2018-04-02,19.6,29.8,22.7,91,chanthaburi
2018-04-03,5.5,29.6,22.6,91,chanthaburi
2018-04-04,7.8,30.1,23.2,90,chanthaburi
2018-04-05,3.2,30.3,23.1,89,chanthaburi
2018-04-06,9.6,30.9,22.9,89,chanthaburi
2018-04-07,9.7,26.3,22.4,84,chanthaburi
2018-04-08,0.0,29.0,19.7,64,chanthaburi
2018-04-09,0.0,31.0,21.9,68,chanthaburi
2018-04-10,0.2,31.5,21.7,80,chanthaburi
2018-04-11,3.3,30.4,23.4,86,chanthaburi
2018-04-12,2.0,31.0,24.3,86,chanthaburi
2018-04-13,4.8,31.2,24.4,87,chanthaburi
2018-04-14,0.1,32.5,24.2,87,chanthaburi
2018-04-15,2.1,31.5,25.1,87,chanthaburi
2018-04-16,7.8,32.9,24.3,88,chanthaburi
2018-04-17,18.7,29.3,23.3,94,chanthaburi
2018-04-18,1.0,31.1,22.2,83,chanthaburi
2018-04-19,4.1,31.1,23.1,89,chanthaburi
2018-04-20,10.6,30.9,23.7,90,chanthaburi
2018-04-21,8.5,29.9,24.3,92,chanthaburi
2018-04-22,10.4,29.6,23.9,91,chanthaburi
2018-04-23,1.5,31.8,24.3,85,chanthaburi
2018-04-24,4.4,31.8,24.0,86,chanthaburi
2018-04-25,8.9,30.5,24.8,87,chanthaburi
2018-04-26,8.0,31.1,24.6,90,chanthaburi
2018-04-27,4.6,32.2,24.1,88,chanthaburi
2018-04-28,29.5,27.3,23.3,96,chanthaburi
2018-04-29,23.5,29.2,23.1,95,chanthaburi
2018-04-30,14.8,29.6,23.3,95,chanthaburi
2018-05-01,21.0,29.7,23.7,91,chanthaburi
2018-05-02,4.2,29.8,23.3,92,chanthaburi
2018-05-03,12.3,31.3,24.0,91,chanthaburi
2018-05-04,12.4,30.3,23.5,94,chanthaburi
2018-05-05,11.3,31.4,24.2,91,chanthaburi
2018-05-06,11.6,28.9,24.1,94,chanthaburi
2018-05-07,3.2,30.2,24.5,90,chanthaburi
2018-05-08,4.6,29.7,25.0,90,chanthaburi
2018-05-09,7.0,30.2,24.9,90,chanthaburi
2018-05-10,6.4,29.7,23.9,93,chanthaburi
2018-05-11,9.7,29.8,23.8,94,chanthaburi
2018-05-12,4.4,31.9,23.4,88,chanthaburi
2018-05-13,5.4,31.8,23.9,89,chanthaburi
2018-05-14,8.8,30.4,23.9,91,chanthaburi
2018-05-15,7.5,31.0,24.1,89,chanthaburi
2018-05-16,10.1,29.9,24.3,92,chanthaburi
2018-05-17,9.7,30.5,24.2,91,chanthaburi
2018-05-18,12.2,30.5,23.8,91,chanthaburi
2018-05-19,10.4,30.4,23.7,89,chanthaburi
2018-05-20,5.8,31.5,24.2,89,chanthaburi
2018-05-21,13.6,31.5,23.9,91,chanthaburi
2018-05-22,7.1,30.0,24.2,93,chanthaburi
2018-05-23,3.3,32.1,24.7,87,chanthaburi
2018-05-24,17.2,29.6,23.9,91,chanthaburi
2018-05-25,1.4,31.2,23.7,87,chanthaburi
2018-05-26,11.1,28.3,24.3,95,chanthaburi
2018-05-27,10.0,32.1,23.9,88,chanthaburi
2018-05-28,6.4,32.6,24.0,90,chanthaburi
2018-05-29,6.2,30.0,25.1,90,chanthaburi
2018-05-30,0.1,31.4,24.2,85,chanthaburi
2018-05-31,7.3,31.1,24.5,92,chanthaburi
2018-06-01,10.3,29.0,24.0,93,chanthaburi
2018-06-02,12.0,29.8,24.1,91,chanthaburi
2018-06-03,16.0,30.4,24.1,93,chanthaburi
2018-06-04,15.3,29.2,24.6,92,chanthaburi
2018-06-05,23.1,28.8,23.9,95,chanthaburi
2018-06-06,7.3,30.2,24.6,90,chanthaburi
2018-06-07,23.1,29.4,25.6,91,chanthaburi
2018-06-08,19.6,27.4,25.4,90,chanthaburi
2018-06-09,20.3,27.2,25.1,92,chanthaburi
2018-06-10,27.1,27.5,24.6,95,chanthaburi
2018-06-11,22.2,28.8,24.8,93,chanthaburi
2018-06-12,10.3,28.6,24.9,93,chanthaburi
2018-06-13,5.0,30.2,25.5,86,chanthaburi
2018-06-14,3.5,30.2,25.2,86,chanthaburi
2018-06-15,30.5,29.1,25.3,88,chanthaburi
2018-06-16,33.1,27.7,24.4,95,chanthaburi
2018-06-17,15.3,28.3,24.7,92,chanthaburi
2018-06-18,15.5,28.9,23.9,92,chanthaburi
2018-06-19,21.4,27.7,24.3,96,chanthaburi
2018-06-20,13.8,28.4,24.2,91,chanthaburi
2018-06-21,25.5,28.6,23.4,90,chanthaburi
2018-06-22,1.7,30.1,24.3,88,chanthaburi
2018-06-23,4.0,30.5,24.3,88,chanthaburi
2018-06-24,5.8,29.9,24.5,89,chanthaburi
2018-06-25,9.3,29.6,23.9,89,chanthaburi
2018-06-26,14.2,27.0,24.0,96,chanthaburi
2018-06-27,14.8,27.0,23.7,95,chanthaburi
2018-06-28,5.8,29.5,22.9,93,chanthaburi
2018-06-29,3.3,30.0,23.5,88,chanthaburi
2018-06-30,8.3,28.9,23.8,88,chanthaburi
2018-07-01,9.4,29.1,23.8,88,chanthaburi
2018-07-02,17.9,29.6,23.6,92,chanthaburi
2018-07-03,21.6,28.1,23.5,92,chanthaburi
2018-07-04,25.6,28.0,23.8,93,chanthaburi
2018-07-05,20.8,28.9,23.5,90,chanthaburi
2018-07-06,29.7,27.7,23.9,93,chanthaburi
2018-07-07,6.6,28.5,24.7,86,chanthaburi
2018-07-08,6.8,29.0,24.8,86,chanthaburi
2018-07-09,43.4,29.4,23.5,92,chanthaburi
2018-07-10,33.6,27.6,23.7,96,chanthaburi
2018-07-11,11.1,28.1,24.0,89,chanthaburi
2018-07-12,24.6,27.8,25.3,90,chanthaburi
2018-07-13,20.5,28.2,25.2,90,chanthaburi
2018-07-14,21.8,28.4,24.8,92,chanthaburi
2018-07-15,15.1,28.0,23.9,91,chanthaburi
2018-07-16,8.4,27.7,24.9,92,chanthaburi
2018-07-17,8.5,26.7,24.7,96,chanthaburi
2018-07-18,29.7,27.0,24.5,95,chanthaburi
2018-07-19,21.0,27.4,24.5,94,chanthaburi
2018-07-20,28.3,28.1,24.1,94,chanthaburi
2018-07-21,23.0,28.3,24.2,93,chanthaburi
2018-07-22,33.2,27.1,24.9,93,chanthaburi
2018-07-23,28.8,27.4,24.6,93,chanthaburi
2018-07-24,27.5,28.4,25.2,91,chanthaburi
2018-07-25,30.1,27.4,24.2,94,chanthaburi
2018-07-26,7.4,28.8,25.2,90,chanthaburi
2018-07-27,17.3,27.9,24.5,93,chanthaburi
2018-07-28,21.5,28.0,24.6,93,chanthaburi
2018-07-29,12.1,27.3,24.5,92,chanthaburi
2018-07-30,25.5,27.2,23.9,96,chanthaburi
2018-07-31,2.8,29.5,24.0,88,chanthaburi
2018-08-01,25.4,27.6,24.0,93,chanthaburi
2018-08-02,4.3,29.4,24.2,85,chanthaburi
2018-08-03,16.4,28.9,25.0,87,chanthaburi
2018-08-04,19.8,27.3,24.1,91,chanthaburi
2018-08-05,21.1,27.2,23.4,92,chanthaburi
2018-08-06,31.5,27.4,23.2,97,chanthaburi
2018-08-07,29.4,27.8,23.9,95,chanthaburi
2018-08-08,19.5,27.6,23.7,94,chanthaburi
2018-08-09,26.6,26.6,23.8,94,chanthaburi
2018-08-10,15.6,28.5,24.5,88,chanthaburi
2018-08-11,16.0,28.1,24.9,87,chanthaburi
2018-08-12,36.7,27.1,23.6,94,chanthaburi
2018-08-13,26.0,28.1,23.9,95,chanthaburi
2018-08-14,28.1,26.8,23.9,96,chanthaburi
2018-08-15,25.2,26.9,23.8,95,chanthaburi
2018-08-16,11.2,27.7,24.6,92,chanthaburi
2018-08-17,19.5,28.5,25.1,90,chanthaburi
2018-08-18,25.3,27.5,24.2,95,chanthaburi
2018-08-19,16.1,26.9,23.9,96,chanthaburi
2018-08-20,11.3,27.0,23.9,97,chanthaburi
2018-08-21,16.6,29.0,24.5,92,chanthaburi
2018-08-22,12.3,29.0,24.3,90,chanthaburi
2018-08-23,25.6,28.1,24.0,94,chanthaburi
2018-08-24,14.1,27.4,24.1,92,chanthaburi
2018-08-25,14.7,27.4,23.6,92,chanthaburi
2018-08-26,15.8,26.7,23.8,94,chanthaburi
2018-08-27,19.8,28.4,23.8,95,chanthaburi
2018-08-28,1.1,28.8,24.1,87,chanthaburi
2018-08-29,24.0,28.1,24.9,88,chanthaburi
2018-08-30,18.4,27.4,25.4,87,chanthaburi
2018-08-31,17.2,29.1,23.7,90,chanthaburi
2018-09-01,6.2,29.2,24.2,87,chanthaburi
2018-09-02,7.7,29.9,24.1,89,chanthaburi
2018-09-03,29.1,27.1,23.2,94,chanthaburi
2018-09-04,26.6,26.7,23.1,95,chanthaburi
2018-09-05,4.9,28.9,23.4,88,chanthaburi
2018-09-06,2.7,29.3,24.0,87,chanthaburi
2018-09-07,11.5,30.0,23.1,91,chanthaburi
2018-09-08,12.5,27.4,23.0,95,chanthaburi
2018-09-09,15.8,29.3,22.6,93,chanthaburi
2018-09-10,10.0,28.9,22.8,91,chanthaburi
2018-09-11,14.6,29.1,23.2,92,chanthaburi
2018-09-12,13.7,28.5,23.4,95,chanthaburi
2018-09-13,29.1,28.8,22.5,93,chanthaburi
2018-09-14,37.7,27.5,22.8,97,chanthaburi
2018-09-15,35.2,26.5,22.9,97,chanthaburi
2018-09-16,24.3,28.6,22.9,94,chanthaburi
2018-09-17,21.2,28.0,24.1,92,chanthaburi
2018-09-18,23.5,27.5,23.5,96,chanthaburi
2018-09-19,7.2,27.4,22.7,94,chanthaburi
2018-09-20,6.1,30.4,22.7,91,chanthaburi
2018-09-21,2.9,31.1,23.7,90,chanthaburi
2018-09-22,23.9,27.8,23.1,95,chanthaburi
2018-09-23,16.8,30.4,23.0,94,chanthaburi
2018-09-24,14.7,29.7,22.9,93,chanthaburi
2018-09-25,9.0,28.5,23.0,92,chanthaburi
2018-09-26,1.8,29.9,23.7,88,chanthaburi
2018-09-27,1.4,29.9,23.7,90,chanthaburi
2018-09-28,8.6,31.0,23.8,91,chanthaburi
2018-09-29,8.3,30.4,23.7,91,chanthaburi
2018-09-30,19.1,30.5,23.7,92,chanthaburi
2018-10-01,8.2,28.8,24.0,93,chanthaburi
2018-10-02,8.4,30.8,23.4,91,chanthaburi
2018-10-03,9.4,29.9,23.5,90,chanthaburi
2018-10-04,6.9,30.8,24.1,84,chanthaburi
2018-10-05,5.0,29.0,23.9,89,chanthaburi
2018-10-06,34.7,30.3,22.9,92,chanthaburi
2018-10-07,3.9,31.2,22.5,91,chanthaburi
2018-10-08,3.6,30.5,22.4,90,chanthaburi
2018-10-09,0.5,31.5,23.7,88,chanthaburi
2018-10-10,2.6,31.4,23.9,90,chanthaburi
2018-10-11,2.2,30.9,22.9,86,chanthaburi
2018-10-12,1.0,31.4,24.7,80,chanthaburi
2018-10-13,6.5,30.8,24.1,87,chanthaburi
2018-10-14,7.4,31.2,23.2,89,chanthaburi
2018-10-15,2.9,30.0,22.8,92,chanthaburi
2018-10-16,8.5,30.2,23.1,92,chanthaburi
2018-10-17,1.5,30.1,23.7,92,chanthaburi
2018-10-18,1.1,30.8,24.1,89,chanthaburi
2018-10-19,7.4,29.0,24.0,93,chanthaburi
2018-10-20,36.8,27.6,23.6,95,chanthaburi
2018-10-21,19.1,28.2,22.9,94,chanthaburi
2018-10-22,5.1,30.3,22.9,92,chanthaburi
2018-10-23,13.9,29.9,23.4,94,chanthaburi
2018-10-24,7.9,29.8,23.9,94,chanthaburi
2018-10-25,1.7,30.4,23.6,90,chanthaburi
2018-10-26,8.5,30.7,23.5,94,chanthaburi
2018-10-27,0.5,31.5,22.3,81,chanthaburi
2018-10-28,0.6,31.5,24.7,79,chanthaburi
2018-10-29,0.5,31.0,23.8,81,chanthaburi
2018-10-30,0.0,30.5,23.7,73,chanthaburi
2018-10-31,0.0,28.7,22.3,65,chanthaburi
2018-11-01,0.0,28.2,21.2,67,chanthaburi
2018-11-02,0.0,29.6,21.8,68,chanthaburi
2018-11-03,0.0,30.5,22.6,70,chanthaburi
2018-11-04,0.0,31.5,23.0,72,chanthaburi
2018-11-05,0.0,31.9,22.6,72,chanthaburi
2018-11-06,0.0,32.3,24.5,69,chanthaburi
2018-11-07,0.0,31.8,23.8,70,chanthaburi
2018-11-08,1.5,31.7,23.9,79,chanthaburi
2018-11-09,4.6,31.0,24.3,86,chanthaburi
2018-11-10,3.6,30.5,23.4,87,chanthaburi
2018-11-11,0.7,31.4,22.1,82,chanthaburi
2018-11-12,0.5,31.0,22.9,82,chanthaburi
2018-11-13,6.7,30.2,23.2,90,chanthaburi
2018-11-14,5.8,30.3,23.5,91,chanthaburi
2018-11-15,1.5,30.7,23.6,88,chanthaburi
2018-11-16,2.7,30.5,23.2,90,chanthaburi
2018-11-17,1.9,31.4,23.6,88,chanthaburi
2018-11-18,5.5,31.0,23.6,91,chanthaburi
2018-11-19,7.2,31.2,22.9,90,chanthaburi
2018-11-20,2.4,31.6,23.8,87,chanthaburi
2018-11-21,0.0,31.7,22.6,84,chanthaburi
2018-11-22,1.2,31.2,23.1,86,chanthaburi
2018-11-23,0.0,31.5,24.0,73,chanthaburi
2018-11-24,0.0,31.5,22.8,69,chanthaburi
2018-11-25,0.0,31.2,21.4,67,chanthaburi
2018-11-26,0.0,29.2,23.8,63,chanthaburi
2018-11-27,0.0,27.0,22.5,70,chanthaburi
2018-11-28,1.3,29.6,21.5,73,chanthaburi
2018-11-29,0.0,31.7,22.9,72,chanthaburi
2018-11-30,0.0,32.2,24.3,70,chanthaburi
2018-12-01,0.8,32.3,22.8,79,chanthaburi
2018-12-02,0.0,33.0,23.8,75,chanthaburi
2018-12-03,0.0,33.3,23.0,74,chanthaburi
2018-12-04,0.1,33.3,23.7,70,chanthaburi
2018-12-05,0.1,32.9,23.3,71,chanthaburi
2018-12-06,0.0,33.7,21.7,69,chanthaburi
2018-12-07,6.1,32.0,23.1,81,chanthaburi
2018-12-08,1.4,30.4,23.2,84,chanthaburi
2018-12-09,0.1,31.8,24.4,72,chanthaburi
2018-12-10,0.8,31.3,24.8,76,chanthaburi
2018-12-11,1.0,31.9,24.0,80,chanthaburi
2018-12-12,0.5,31.6,24.2,74,chanthaburi
2018-12-13,0.0,30.6,22.6,62,chanthaburi
2018-12-14,0.0,30.7,21.7,61,chanthaburi
2018-12-15,0.0,31.6,22.8,60,chanthaburi
2018-12-16,0.1,32.3,23.5,61,chanthaburi
2018-12-17,0.0,31.3,23.7,62,chanthaburi
2018-12-18,0.0,31.5,22.7,60,chanthaburi
2018-12-19,0.0,32.9,23.7,66,chanthaburi
2018-12-20,0.2,32.6,22.5,78,chanthaburi
2018-12-21,0.9,30.8,22.8,86,chanthaburi
2018-12-22,1.3,33.2,23.3,83,chanthaburi
2018-12-23,0.0,33.8,24.1,74,chanthaburi
2018-12-24,0.0,32.4,24.4,61,chanthaburi
2018-12-25,0.0,32.9,24.5,58,chanthaburi
2018-12-26,0.0,33.3,22.0,71,chanthaburi
2018-12-27,0.2,33.1,22.7,75,chanthaburi
2018-12-28,9.9,29.0,23.7,89,chanthaburi
2018-12-29,0.3,32.0,21.9,76,chanthaburi
2018-12-30,0.1,30.9,22.9,62,chanthaburi
2018-12-31,0.0,29.5,22.1,57,chanthaburi
2019-01-01,0.0,28.8,19.5,55,chanthaburi
2019-01-02,0.0,28.4,19.7,57,chanthaburi
2019-01-03,0.0,27.0,21.9,58,chanthaburi
2019-01-04,0.5,26.6,23.1,65,chanthaburi
2019-01-05,0.0,31.5,23.3,70,chanthaburi
2019-01-06,0.3,33.1,23.3,74,chanthaburi
2019-01-07,2.1,33.1,23.0,80,chanthaburi
2019-01-08,1.8,32.5,23.0,83,chanthaburi
2019-01-09,3.8,31.0,22.6,87,chanthaburi
2019-01-10,0.1,33.1,22.9,81,chanthaburi
2019-01-11,1.4,29.5,22.7,86,chanthaburi
2019-01-12,0.6,32.9,22.5,80,chanthaburi
2019-01-13,0.7,32.8,23.5,83,chanthaburi
2019-01-14,0.0,33.2,22.6,83,chanthaburi
2019-01-15,0.0,33.0,22.7,81,chanthaburi
2019-01-16,0.0,34.1,22.3,74,chanthaburi
2019-01-17,0.5,33.5,22.6,73,chanthaburi
2019-01-18,0.0,33.0,23.5,55,chanthaburi
2019-01-19,0.0,32.4,23.9,57,chanthaburi
2019-01-20,0.1,33.7,21.8,65,chanthaburi
2019-01-21,0.1,32.8,23.0,74,chanthaburi
2019-01-22,0.0,33.5,22.8,63,chanthaburi
2019-01-23,0.0,32.6,22.3,53,chanthaburi
2019-01-24,0.0,32.5,21.6,53,chanthaburi
2019-01-25,0.0,32.6,19.6,60,chanthaburi
2019-01-26,0.0,31.3,19.8,50,chanthaburi
2019-01-27,0.0,31.3,21.8,50,chanthaburi
2019-01-28,0.0,31.3,21.8,50,chanthaburi
2019-01-29,0.0,32.9,23.0,56,chanthaburi
2019-01-30,0.8,31.8,22.3,79,chanthaburi
2019-01-31,3.6,32.6,22.9,82,chanthaburi
2019-02-01,1.3,33.4,22.2,82,chanthaburi
2019-02-02,0.0,32.2,22.6,80,chanthaburi
2019-02-03,1.1,32.0,23.1,81,chanthaburi
2019-02-04,5.9,31.2,23.6,85,chanthaburi
2019-02-05,7.3,29.4,24.1,89,chanthaburi
2019-02-06,3.2,29.8,23.4,85,chanthaburi
2019-02-07,1.4,30.0,23.6,84,chanthaburi
2019-02-08,1.0,31.6,23.0,84,chanthaburi
2019-02-09,0.6,31.2,23.9,83,chanthaburi
2019-02-10,6.4,31.6,24.5,89,chanthaburi
2019-02-11,1.5,31.9,24.1,83,chanthaburi
2019-02-12,1.8,33.6,22.2,76,chanthaburi
2019-02-13,0.2,33.2,22.5,80,chanthaburi
2019-02-14,1.3,29.7,22.9,84,chanthaburi
2019-02-15,1.7,30.0,22.5,84,chanthaburi
2019-02-16,0.8,29.5,21.6,82,chanthaburi
2019-02-17,1.4,30.0,22.4,83,chanthaburi
2019-02-18,0.1,30.7,22.3,80,chanthaburi
2019-02-19,1.2,30.2,22.5,85,chanthaburi
2019-02-20,0.9,31.1,22.3,83,chanthaburi
2019-02-21,1.1,31.3,22.7,82,chanthaburi
2019-02-22,1.0,31.4,22.9,82,chanthaburi
2019-02-23,2.1,30.3,24.3,85,chanthaburi
2019-02-24,2.7,31.3,23.7,84,chanthaburi
2019-02-25,3.1,30.5,24.1,85,chanthaburi
2019-02-26,1.5,30.3,22.9,78,chanthaburi
2019-02-27,1.2,31.0,21.8,79,chanthaburi
2019-02-28,0.7,30.8,22.2,82,chanthaburi
2019-03-01,2.4,30.3,22.9,82,chanthaburi
2019-03-02,1.9,29.8,23.9,83,chanthaburi
2019-03-03,1.6,30.5,23.9,82,chanthaburi
2019-03-04,1.2,30.2,24.3,82,chanthaburi
2019-03-05,0.1,31.0,22.4,80,chanthaburi
2019-03-06,0.0,31.8,22.0,77,chanthaburi
2019-03-07,0.0,31.4,20.8,80,chanthaburi
2019-03-08,0.0,31.7,22.2,80,chanthaburi
2019-03-09,0.4,31.8,21.7,79,chanthaburi
2019-03-10,0.0,31.2,22.2,78,chanthaburi
2019-03-11,0.0,32.4,21.3,79,chanthaburi
2019-03-12,0.0,33.2,20.7,78,chanthaburi
2019-03-13,0.0,32.5,21.6,80,chanthaburi
2019-03-14,0.9,32.0,23.0,78,chanthaburi
2019-03-15,5.8,33.0,23.9,80,chanthaburi
2019-03-16,48.2,26.3,23.0,97,chanthaburi
2019-03-17,1.1,30.5,21.9,87,chanthaburi
2019-03-18,3.1,29.7,23.8,90,chanthaburi
2019-03-19,0.7,30.2,23.6,87,chanthaburi
2019-03-20,2.0,29.9,22.6,87,chanthaburi
2019-03-21,0.1,32.1,23.7,82,chanthaburi
2019-03-22,0.3,32.6,24.3,82,chanthaburi
2019-03-23,2.9,32.7,24.3,83,chanthaburi
2019-03-24,21.9,30.4,24.8,92,chanthaburi
2019-03-25,33.2,29.1,23.7,95,chanthaburi
2019-03-26,3.4,32.0,23.2,86,chanthaburi
2019-03-27,7.0,29.2,23.6,92,chanthaburi
2019-03-28,1.5,30.9,23.7,87,chanthaburi
2019-03-29,2.0,30.8,24.3,87,chanthaburi
2019-03-30,0.1,31.8,23.7,83,chanthaburi
2019-03-31,0.8,32.2,24.2,84,chanthaburi
2019-04-01,26.1,30.5,23.7,92,chanthaburi
2019-04-02,16.3,30.9,23.6,92,chanthaburi
2019-04-03,7.8,29.7,23.4,92,chanthaburi
2019-04-04,6.5,30.8,23.3,92,chanthaburi
2019-04-05,10.8,30.0,23.9,91,chanthaburi
2019-04-06,8.5,31.0,23.4,91,chanthaburi
2019-04-07,12.5,29.9,23.7,92,chanthaburi
2019-04-08,5.0,31.8,23.5,88,chanthaburi
2019-04-09,1.5,31.4,24.2,86,chanthaburi
2019-04-10,0.7,31.6,25.0,87,chanthaburi
2019-04-11,1.9,31.7,25.1,85,chanthaburi
2019-04-12,0.0,31.8,24.8,85,chanthaburi
2019-04-13,4.1,31.8,24.6,85,chanthaburi
2019-04-14,1.5,30.7,25.0,88,chanthaburi
2019-04-15,0.8,32.3,25.0,84,chanthaburi
2019-04-16,12.1,31.8,24.6,87,chanthaburi
2019-04-17,1.6,32.7,25.2,83,chanthaburi
2019-04-18,3.6,31.3,25.4,88,chanthaburi
2019-04-19,2.4,32.3,26.1,84,chanthaburi
2019-04-20,0.7,31.9,25.6,86,chanthaburi
2019-04-21,3.3,32.1,25.8,85,chanthaburi
2019-04-22,0.7,33.0,25.8,87,chanthaburi
2019-04-23,1.7,32.0,24.6,87,chanthaburi
2019-04-24,3.4,33.1,25.0,86,chanthaburi
2019-04-25,2.7,32.5,26.3,88,chanthaburi
2019-04-26,2.3,32.3,25.7,86,chanthaburi
2019-04-27,1.5,32.3,25.4,85,chanthaburi
2019-04-28,1.1,31.2,25.9,83,chanthaburi
2019-04-29,2.9,33.2,24.6,84,chanthaburi
2019-04-30,3.3,31.6,26.0,84,chanthaburi
2019-05-01,8.9,32.5,25.3,86,chanthaburi
2019-05-02,7.4,32.1,25.1,87,chanthaburi
2019-05-03,2.8,31.3,25.2,86,chanthaburi
2019-05-04,9.3,30.5,25.6,90,chanthaburi
2019-05-05,6.6,31.5,25.3,85,chanthaburi
2019-05-06,12.3,31.1,25.0,88,chanthaburi
2019-05-07,1.5,32.0,25.5,87,chanthaburi
2019-05-08,12.3,30.3,25.6,88,chanthaburi
2019-05-09,11.8,29.4,25.1,91,chanthaburi
2019-05-10,5.6,30.6,25.3,90,chanthaburi
2019-05-11,19.2,30.1,25.1,92,chanthaburi
2019-05-12,20.8,28.6,24.6,96,chanthaburi
2019-05-13,10.2,27.0,24.2,96,chanthaburi
2019-05-14,9.3,29.3,23.9,91,chanthaburi
2019-05-15,10.8,29.0,24.1,94,chanthaburi
2019-05-16,17.4,27.8,24.2,94,chanthaburi
2019-05-17,8.1,29.8,24.8,90,chanthaburi
2019-05-18,5.3,30.4,25.2,88,chanthaburi
2019-05-19,1.4,31.6,25.8,85,chanthaburi
2019-05-20,4.1,30.8,25.9,85,chanthaburi
2019-05-21,2.1,30.3,25.5,89,chanthaburi
2019-05-22,12.1,29.2,24.3,93,chanthaburi
2019-05-23,8.5,27.3,24.8,97,chanthaburi
2019-05-24,10.8,30.1,24.5,93,chanthaburi
2019-05-25,9.0,29.9,24.4,90,chanthaburi
2019-05-26,21.2,29.4,24.9,93,chanthaburi
2019-05-27,7.1,29.7,24.8,92,chanthaburi
2019-05-28,12.7,28.4,24.9,94,chanthaburi
2019-05-29,7.0,30.3,24.6,90,chanthaburi
2019-05-30,9.2,29.4,24.4,91,chanthaburi
2019-05-31,1.2,31.6,24.3,86,chanthaburi
2019-06-01,0.7,30.9,25.2,88,chanthaburi
2019-06-02,0.5,31.4,24.8,87,chanthaburi
2019-06-03,1.2,31.5,24.4,86,chanthaburi
2019-06-04,6.2,31.5,25.0,90,chanthaburi
2019-06-05,13.6,30.7,24.3,93,chanthaburi
2019-06-06,21.2,30.6,24.1,93,chanthaburi
2019-06-07,21.1,29.6,23.8,96,chanthaburi
2019-06-08,12.9,28.9,24.3,93,chanthaburi
2019-06-09,27.4,28.7,24.6,94,chanthaburi
2019-06-10,13.1,28.0,25.3,94,chanthaburi
2019-06-11,23.8,29.0,25.1,91,chanthaburi
2019-06-12,13.2,28.9,25.3,93,chanthaburi
2019-06-13,12.9,30.5,24.9,89,chanthaburi
2019-06-14,15.4,29.2,24.6,91,chanthaburi
2019-06-15,7.8,30.7,25.6,87,chanthaburi
2019-06-16,7.9,30.2,25.5,88,chanthaburi
2019-06-17,23.4,27.4,25.1,97,chanthaburi
2019-06-18,25.2,27.8,24.8,96,chanthaburi
2019-06-19,9.9,28.2,24.5,94,chanthaburi
2019-06-20,2.3,30.6,24.4,87,chanthaburi
2019-06-21,9.4,30.9,24.4,89,chanthaburi
2019-06-22,8.3,29.7,24.8,91,chanthaburi
2019-06-23,29.7,29.8,24.4,93,chanthaburi
2019-06-24,19.8,28.7,24.2,95,chanthaburi
2019-06-25,15.4,29.0,24.9,94,chanthaburi
2019-06-26,23.7,28.5,24.7,93,chanthaburi
2019-06-27,14.8,29.4,25.7,88,chanthaburi
2019-06-28,18.1,28.2,24.7,94,chanthaburi
2019-06-29,12.7,27.0,24.5,95,chanthaburi
2019-06-30,25.4,28.2,24.1,94,chanthaburi
2019-07-01,25.1,29.6,24.3,90,chanthaburi
2019-07-02,17.0,29.3,24.2,92,chanthaburi
2019-07-03,29.5,26.7,24.0,95,chanthaburi
2019-07-04,21.4,28.4,24.1,94,chanthaburi
2019-07-05,21.3,27.3,24.3,96,chanthaburi
2019-07-06,2.4,29.6,24.0,88,chanthaburi
2019-07-07,8.8,30.7,24.9,87,chanthaburi
2019-07-08,7.0,30.1,24.2,87,chanthaburi
2019-07-09,3.1,29.6,24.6,87,chanthaburi
2019-07-10,3.8,30.3,24.3,86,chanthaburi
2019-07-11,1.5,30.5,24.4,84,chanthaburi
2019-07-12,0.3,31.2,23.8,83,chanthaburi
2019-07-13,5.2,30.5,23.9,86,chanthaburi
2019-07-14,8.3,30.4,23.4,86,chanthaburi
2019-07-15,13.4,29.7,23.8,88,chanthaburi
2019-07-16,11.6,30.2,24.9,86,chanthaburi
2019-07-17,28.5,29.0,23.9,92,chanthaburi
2019-07-18,35.3,28.0,24.0,96,chanthaburi
2019-07-19,16.8,28.2,24.3,93,chanthaburi
2019-07-20,20.8,27.8,24.5,93,chanthaburi
2019-07-21,13.3,29.1,24.5,91,chanthaburi
2019-07-22,20.5,29.4,24.1,92,chanthaburi
2019-07-23,9.6,29.5,25.1,91,chanthaburi
2019-07-24,21.4,29.7,23.3,90,chanthaburi
2019-07-25,10.4,29.2,23.7,94,chanthaburi
2019-07-26,2.6,29.6,24.3,89,chanthaburi
2019-07-27,18.9,30.0,22.9,92,chanthaburi
2019-07-28,17.3,30.1,23.2,87,chanthaburi
2019-07-29,23.4,29.0,23.2,90,chanthaburi
2019-07-30,4.7,30.2,23.6,86,chanthaburi
2019-07-31,13.0,30.3,25.6,83,chanthaburi
2019-08-01,5.2,29.4,25.0,84,chanthaburi
2019-08-02,7.0,28.8,25.6,86,chanthaburi
2019-08-03,11.4,28.3,24.2,86,chanthaburi
2019-08-04,10.9,28.8,25.2,87,chanthaburi
2019-08-05,16.6,28.3,24.4,94,chanthaburi
2019-08-06,19.6,28.2,24.4,93,chanthaburi
2019-08-07,12.1,28.7,24.7,91,chanthaburi
2019-08-08,36.0,27.9,24.5,93,chanthaburi
2019-08-09,21.8,28.8,24.8,91,chanthaburi
2019-08-10,51.1,27.6,24.8,94,chanthaburi
2019-08-11,26.7,28.3,24.5,94,chanthaburi
2019-08-12,17.5,27.3,24.4,94,chanthaburi
2019-08-13,16.8,27.8,24.2,95,chanthaburi
2019-08-14,19.6,29.4,25.0,90,chanthaburi
2019-08-15,17.5,29.7,25.1,92,chanthaburi
2019-08-16,26.5,29.7,24.3,92,chanthaburi
2019-08-17,21.9,27.4,24.3,94,chanthaburi
2019-08-18,3.3,29.7,24.0,88,chanthaburi
2019-08-19,1.7,30.3,24.7,86,chanthaburi
2019-08-20,28.7,28.0,23.9,94,chanthaburi
2019-08-21,30.3,28.1,24.0,93,chanthaburi
2019-08-22,16.2,28.4,24.3,91,chanthaburi
2019-08-23,18.2,28.7,24.6,93,chanthaburi
2019-08-24,18.3,27.3,24.5,95,chanthaburi
2019-08-25,15.9,27.6,24.1,92,chanthaburi
2019-08-26,15.2,26.3,23.9,94,chanthaburi
2019-08-27,7.3,28.7,24.6,89,chanthaburi
2019-08-28,6.0,29.2,24.3,87,chanthaburi
2019-08-29,40.6,26.7,24.3,96,chanthaburi
2019-08-30,19.3,27.1,24.2,95,chanthaburi
2019-08-31,14.6,27.6,24.2,93,chanthaburi
2019-09-01,26.5,26.7,23.9,95,chanthaburi
2019-09-02,15.5,27.1,23.5,97,chanthaburi
2019-09-03,15.2,26.7,24.2,96,chanthaburi
2019-09-04,31.3,26.1,24.1,98,chanthaburi
2019-09-05,20.3,28.4,24.2,93,chanthaburi
2019-09-06,16.1,26.9,24.2,94,chanthaburi
2019-09-07,4.5,29.3,23.8,87,chanthaburi
2019-09-08,29.6,28.7,23.8,93,chanthaburi
2019-09-09,22.1,27.5,24.3,92,chanthaburi
2019-09-10,20.3,28.4,23.4,94,chanthaburi
2019-09-11,5.9,29.9,23.5,88,chanthaburi
2019-09-12,0.2,31.1,23.7,85,chanthaburi
2019-09-13,22.8,30.3,23.7,88,chanthaburi
2019-09-14,34.7,26.7,23.7,97,chanthaburi
2019-09-15,41.5,27.7,22.7,95,chanthaburi
2019-09-16,15.7,29.5,23.3,93,chanthaburi
2019-09-17,22.9,27.3,24.2,98,chanthaburi
2019-09-18,9.2,29.6,24.0,92,chanthaburi
2019-09-19,9.6,27.2,23.2,96,chanthaburi
2019-09-20,14.8,27.1,22.9,96,chanthaburi
2019-09-21,25.4,26.7,23.5,96,chanthaburi
2019-09-22,36.4,26.9,23.2,97,chanthaburi
2019-09-23,10.9,30.7,22.7,91,chanthaburi
2019-09-24,3.3,30.7,23.5,86,chanthaburi
2019-09-25,0.4,31.2,24.2,80,chanthaburi
2019-09-26,1.4,31.8,24.1,83,chanthaburi
2019-09-27,5.3,29.4,23.6,87,chanthaburi
2019-09-28,1.1,32.2,23.7,85,chanthaburi
2019-09-29,6.1,30.2,24.0,88,chanthaburi
2019-09-30,5.5,30.7,24.2,92,chanthaburi
2019-10-01,8.9,30.2,23.5,91,chanthaburi
2019-10-02,1.7,30.2,23.8,89,chanthaburi
2019-10-03,15.5,29.7,23.4,94,chanthaburi
2019-10-04,12.4,28.8,23.8,94,chanthaburi
2019-10-05,15.9,29.2,23.1,94,chanthaburi
2019-10-06,14.1,30.0,22.7,92,chanthaburi
2019-10-07,6.7,30.0,22.4,90,chanthaburi
2019-10-08,3.9,30.6,22.3,90,chanthaburi
2019-10-09,6.5,31.6,23.4,91,chanthaburi
2019-10-10,14.1,28.4,23.4,94,chanthaburi
2019-10-11,8.8,29.5,23.7,93,chanthaburi
2019-10-12,20.4,29.8,22.9,92,chanthaburi
2019-10-13,8.2,30.9,23.4,93,chanthaburi
2019-10-14,1.5,30.9,21.9,90,chanthaburi
2019-10-15,2.8,31.3,23.7,82,chanthaburi
2019-10-16,3.4,31.0,24.1,83,chanthaburi
2019-10-17,0.0,31.2,24.5,82,chanthaburi
2019-10-18,0.9,30.8,24.8,81,chanthaburi
2019-10-19,0.6,31.4,24.5,80,chanthaburi
2019-10-20,1.7,31.4,23.5,81,chanthaburi
2019-10-21,0.4,32.2,24.7,82,chanthaburi
2019-10-22,0.5,32.8,23.3,83,chanthaburi
2019-10-23,2.3,30.2,23.3,89,chanthaburi
2019-10-24,3.3,30.2,23.7,91,chanthaburi
2019-10-25,5.9,31.1,24.0,90,chanthaburi
2019-10-26,0.1,33.0,23.7,79,chanthaburi
2019-10-27,2.0,32.6,23.6,85,chanthaburi
2019-10-28,3.0,31.4,23.7,89,chanthaburi
2019-10-29,1.7,31.4,23.7,80,chanthaburi
2019-10-30,0.0,31.7,23.9,67,chanthaburi
2019-10-31,0.5,31.1,22.2,70,chanthaburi
2019-11-01,1.6,27.9,21.7,84,chanthaburi
2019-11-02,4.4,30.7,22.5,84,chanthaburi
2019-11-03,4.4,31.1,22.9,90,chanthaburi
2019-11-04,0.2,31.6,22.6,83,chanthaburi
2019-11-05,0.3,31.4,23.3,78,chanthaburi
2019-11-06,1.2,31.0,23.2,84,chanthaburi
2019-11-07,3.1,31.8,23.3,81,chanthaburi
2019-11-08,0.0,31.1,22.9,71,chanthaburi
2019-11-09,0.0,29.1,22.2,68,chanthaburi
2019-11-10,0.0,30.2,20.8,63,chanthaburi
2019-11-11,0.0,30.7,21.0,65,chanthaburi
2019-11-12,0.0,31.9,23.7,67,chanthaburi
2019-11-13,2.7,30.0,24.3,79,chanthaburi
2019-11-14,0.1,31.4,23.7,76,chanthaburi
2019-11-15,0.0,31.5,23.6,66,chanthaburi
2019-11-16,0.0,31.6,21.6,70,chanthaburi
2019-11-17,1.5,30.9,22.5,77,chanthaburi
2019-11-18,1.3,31.7,23.3,83,chanthaburi
2019-11-19,0.6,31.5,22.7,76,chanthaburi
2019-11-20,0.0,31.5,23.6,63,chanthaburi
2019-11-21,0.0,31.2,23.3,64,chanthaburi
2019-11-22,0.0,32.2,22.8,64,chanthaburi
2019-11-23,0.0,32.6,21.7,62,chanthaburi
2019-11-24,0.0,33.4,21.2,64,chanthaburi
2019-11-25,0.1,33.2,24.9,60,chanthaburi
2019-11-26,0.0,32.8,23.6,57,chanthaburi
2019-11-27,0.2,32.3,24.4,65,chanthaburi
2019-11-28,0.0,32.7,25.3,63,chanthaburi
2019-11-29,0.0,32.8,25.0,60,chanthaburi
2019-11-30,0.0,33.1,25.0,60,chanthaburi
2019-12-01,0.0,33.3,25.1,62,chanthaburi
2019-12-02,0.0,31.7,24.7,64,chanthaburi
2019-12-03,0.0,28.8,21.5,56,chanthaburi
2019-12-04,0.0,27.7,19.3,55,chanthaburi
2019-12-05,0.0,27.2,18.7,55,chanthaburi
2019-12-06,0.0,26.9,18.5,51,chanthaburi
2019-12-07,0.0,26.3,17.1,50,chanthaburi
2019-12-08,0.0,26.9,17.9,51,chanthaburi
2019-12-09,0.0,27.7,18.6,54,chanthaburi
2019-12-10,0.0,28.7,19.4,56,chanthaburi
2019-12-11,0.0,29.8,20.2,58,chanthaburi
2019-12-12,0.0,30.3,20.7,59,chanthaburi
2019-12-13,0.0,31.4,21.5,60,chanthaburi
2019-12-14,0.0,32.0,21.9,59,chanthaburi
2019-12-15,0.0,32.5,23.9,58,chanthaburi
2019-12-16,0.0,33.4,24.2,61,chanthaburi
2019-12-17,0.0,33.3,23.9,61,chanthaburi
2019-12-18,0.0,33.7,23.5,69,chanthaburi
2019-12-19,2.6,32.0,23.6,84,chanthaburi
2019-12-20,4.0,33.2,23.3,81,chanthaburi
2019-12-21,0.1,33.5,22.9,79,chanthaburi
2019-12-22,0.3,32.9,22.2,81,chanthaburi
2019-12-23,1.1,31.3,22.4,86,chanthaburi
2019-12-24,0.3,32.9,22.2,83,chanthaburi
2019-12-25,0.0,32.6,22.8,83,chanthaburi
2019-12-26,1.6,30.6,23.2,86,chanthaburi
2019-12-27,1.3,33.2,22.4,80,chanthaburi
2019-12-28,0.7,33.3,22.6,74,chanthaburi
2019-12-29,0.0,33.1,22.4,68,chanthaburi
2019-12-30,0.0,33.5,21.0,63,chanthaburi
2019-12-31,0.0,33.3,24.6,56,chanthaburi
2020-01-01,0.0,33.2,23.9,55,chanthaburi
2020-01-02,0.0,33.1,23.3,53,chanthaburi
2020-01-03,0.0,33.6,24.7,54,chanthaburi
2020-01-04,0.0,33.7,23.0,54,chanthaburi
2020-01-05,0.0,33.9,22.9,57,chanthaburi
2020-01-06,0.0,33.8,22.2,62,chanthaburi
2020-01-07,0.0,34.1,21.3,65,chanthaburi
2020-01-08,0.1,34.0,23.5,74,chanthaburi
2020-01-09,0.0,35.1,23.2,75,chanthaburi
2020-01-10,3.3,34.2,23.6,82,chanthaburi
2020-01-11,3.7,30.7,24.1,88,chanthaburi
2020-01-12,0.6,33.5,23.9,80,chanthaburi
2020-01-13,0.0,32.9,23.4,80,chanthaburi
2020-01-14,0.0,33.1,22.8,79,chanthaburi
2020-01-15,0.1,33.9,21.2,77,chanthaburi
2020-01-16,0.1,33.5,21.9,78,chanthaburi
2020-01-17,0.0,34.5,22.0,78,chanthaburi
2020-01-18,0.0,34.2,22.7,79,chanthaburi
2020-01-19,0.2,34.8,22.7,77,chanthaburi
2020-01-20,0.0,34.9,23.5,73,chanthaburi
2020-01-21,0.3,33.8,23.4,80,chanthaburi
2020-01-22,0.0,35.2,22.1,77,chanthaburi
2020-01-23,2.0,32.3,23.6,81,chanthaburi
2020-01-24,2.3,31.3,23.7,84,chanthaburi
2020-01-25,1.7,29.9,23.3,81,chanthaburi
2020-01-26,1.5,31.2,23.6,79,chanthaburi
2020-01-27,0.3,31.1,22.3,79,chanthaburi
2020-01-28,0.4,29.4,22.1,80,chanthaburi
2020-01-29,0.4,30.7,22.0,81,chanthaburi
2020-01-30,0.5,33.5,22.4,68,chanthaburi
2020-01-31,2.2,33.7,22.1,66,chanthaburi
2020-02-01,0.0,34.1,22.8,61,chanthaburi
2020-02-02,0.1,34.4,21.4,74,chanthaburi
2020-02-03,0.2,32.8,20.7,78,chanthaburi
2020-02-04,0.5,31.4,22.0,78,chanthaburi
2020-02-05,2.0,31.8,21.3,78,chanthaburi
2020-02-06,1.6,30.3,21.9,84,chanthaburi
2020-02-07,0.0,33.8,22.0,80,chanthaburi
2020-02-08,0.1,34.1,21.6,79,chanthaburi
2020-02-09,0.0,34.8,22.1,61,chanthaburi
2020-02-10,0.0,32.5,23.6,47,chanthaburi
2020-02-11,0.4,35.5,24.6,55,chanthaburi
2020-02-12,0.4,31.6,22.8,79,chanthaburi
2020-02-13,0.7,31.8,24.0,79,chanthaburi
2020-02-14,1.3,30.8,24.1,79,chanthaburi
2020-02-15,0.0,31.8,22.9,79,chanthaburi
2020-02-16,0.0,32.8,21.8,79,chanthaburi
2020-02-17,3.6,34.4,21.6,77,chanthaburi
2020-02-18,0.3,34.5,21.9,59,chanthaburi
2020-02-19,0.0,34.5,23.6,47,chanthaburi
2020-02-20,0.0,34.5,22.2,48,chanthaburi
2020-02-21,0.0,33.8,23.2,44,chanthaburi
2020-02-22,0.0,34.0,23.4,42,chanthaburi
2020-02-23,0.0,34.2,23.6,41,chanthaburi
2020-02-24,0.0,34.7,23.2,53,chanthaburi
2020-02-25,0.4,33.3,20.7,77,chanthaburi
2020-02-26,0.7,33.3,21.9,77,chanthaburi
2020-02-27,2.0,30.6,23.0,82,chanthaburi
2020-02-28,9.2,29.3,22.4,89,chanthaburi
2020-02-29,2.1,31.3,21.7,85,chanthaburi
2020-03-01,1.7,30.4,23.6,84,chanthaburi
2020-03-02,1.6,30.7,23.4,84,chanthaburi
2020-03-03,0.9,30.4,23.9,84,chanthaburi
2020-03-04,1.0,29.8,23.6,83,chanthaburi
2020-03-05,2.6,31.7,23.5,83,chanthaburi
2020-03-06,4.1,29.2,23.3,87,chanthaburi
2020-03-07,0.5,33.0,22.7,81,chanthaburi
2020-03-08,0.2,32.4,23.5,81,chanthaburi
2020-03-09,0.0,34.2,23.4,81,chanthaburi
2020-03-10,0.0,32.8,23.5,80,chanthaburi
2020-03-11,0.0,33.6,22.9,80,chanthaburi
2020-03-12,6.2,32.3,24.9,84,chanthaburi
2020-03-13,0.6,33.2,25.4,80,chanthaburi
2020-03-14,0.7,32.8,25.4,80,chanthaburi
2020-03-15,18.4,31.9,24.3,89,chanthaburi
2020-03-16,3.4,31.0,23.2,87,chanthaburi
2020-03-17,4.8,30.8,23.9,87,chanthaburi
2020-03-18,2.6,30.6,24.7,82,chanthaburi
2020-03-19,3.5,30.9,24.2,83,chanthaburi
2020-03-20,3.6,31.7,24.0,85,chanthaburi
2020-03-21,1.8,30.5,23.7,84,chanthaburi
2020-03-22,0.9,31.0,23.2,82,chanthaburi
2020-03-23,1.4,32.0,23.4,82,chanthaburi
2020-03-24,1.6,31.9,24.0,81,chanthaburi
2020-03-25,1.1,31.8,23.9,82,chanthaburi
2020-03-26,1.6,31.6,23.2,83,chanthaburi
2020-03-27,0.1,32.8,24.5,81,chanthaburi
2020-03-28,0.4,32.5,24.3,81,chanthaburi
2020-03-29,0.8,32.5,24.4,81,chanthaburi
2020-03-30,5.6,31.5,25.2,83,chanthaburi
2020-03-31,0.0,33.8,24.6,78,chanthaburi
2020-04-01,0.2,33.3,25.0,79,chanthaburi
2020-04-02,3.8,34.0,25.1,81,chanthaburi
2020-04-03,4.0,32.7,24.5,82,chanthaburi
2020-04-04,8.0,33.0,24.9,87,chanthaburi
2020-04-05,4.7,32.4,25.3,84,chanthaburi
2020-04-06,3.5,32.3,24.9,83,chanthaburi
2020-04-07,0.9,32.0,25.0,79,chanthaburi
2020-04-08,3.5,31.1,23.7,84,chanthaburi
2020-04-09,4.0,33.0,24.0,84,chanthaburi
2020-04-10,13.0,31.1,23.9,91,chanthaburi
2020-04-11,5.9,31.0,24.5,89,chanthaburi
2020-04-12,2.6,31.6,25.0,88,chanthaburi
2020-04-13,18.4,28.8,24.2,92,chanthaburi
2020-04-14,1.6,32.7,24.1,83,chanthaburi
2020-04-15,5.0,30.5,24.0,92,chanthaburi
2020-04-16,1.7,30.1,23.9,89,chanthaburi
2020-04-17,10.5,28.5,24.1,93,chanthaburi
2020-04-18,1.3,31.6,23.4,88,chanthaburi
2020-04-19,3.8,31.6,24.2,85,chanthaburi
2020-04-20,1.7,32.3,24.5,84,chanthaburi
2020-04-21,1.0,32.5,24.6,84,chanthaburi
2020-04-22,1.1,31.7,25.7,83,chanthaburi
2020-04-23,10.9,33.3,24.5,84,chanthaburi
2020-04-24,9.9,31.4,24.1,91,chanthaburi
2020-04-25,4.5,32.2,24.3,88,chanthaburi
2020-04-26,2.0,33.8,24.2,83,chanthaburi
2020-04-27,24.3,30.9,23.8,92,chanthaburi
2020-04-28,0.1,34.0,24.1,80,chanthaburi
2020-04-29,6.7,29.7,24.3,91,chanthaburi
2020-04-30,1.4,30.2,24.3,89,chanthaburi
2020-05-01,4.3,30.3,24.3,90,chanthaburi
2020-05-02,2.0,31.0,24.6,86,chanthaburi
2020-05-03,11.0,30.3,24.5,90,chanthaburi
2020-05-04,6.7,32.8,24.8,89,chanthaburi
2020-05-05,6.6,30.9,25.3,88,chanthaburi
2020-05-06,0.2,33.3,26.2,82,chanthaburi
2020-05-07,1.4,32.8,25.7,82,chanthaburi
2020-05-08,1.3,32.7,25.9,85,chanthaburi
2020-05-09,0.3,32.6,26.2,83,chanthaburi
2020-05-10,0.4,33.0,25.7,86,chanthaburi
2020-05-11,3.0,31.6,25.1,87,chanthaburi
2020-05-12,0.5,33.7,24.7,78,chanthaburi
2020-05-13,2.5,33.4,24.5,84,chanthaburi
2020-05-14,10.5,33.0,25.5,90,chanthaburi
2020-05-15,1.8,32.0,25.1,88,chanthaburi
2020-05-16,10.0,31.7,25.8,89,chanthaburi
2020-05-17,10.3,30.8,25.7,88,chanthaburi
2020-05-18,12.0,30.5,25.2,91,chanthaburi
2020-05-19,5.3,32.0,25.7,86,chanthaburi
2020-05-20,6.1,31.6,26.1,86,chanthaburi
2020-05-21,7.8,29.8,24.9,89,chanthaburi
2020-05-22,8.2,31.8,25.4,85,chanthaburi
2020-05-23,10.0,31.4,26.0,91,chanthaburi
2020-05-24,14.9,31.4,25.8,92,chanthaburi
2020-05-25,9.1,28.6,25.3,95,chanthaburi
2020-05-26,14.0,29.9,25.4,92,chanthaburi
2020-05-27,7.8,29.1,25.2,92,chanthaburi
2020-05-28,4.4,30.3,24.7,91,chanthaburi
2020-05-29,28.8,30.5,24.5,91,chanthaburi
2020-05-30,16.5,30.5,24.0,91,chanthaburi
2020-05-31,17.6,30.4,24.5,91,chanthaburi
2020-06-01,6.1,31.0,25.0,89,chanthaburi
2020-06-02,10.7,29.2,24.9,93,chanthaburi
2020-06-03,20.7,29.0,24.4,94,chanthaburi
2020-06-04,6.1,29.7,24.6,91,chanthaburi
2020-06-05,18.9,29.1,24.6,94,chanthaburi
2020-06-06,12.5,28.8,24.7,94,chanthaburi
2020-06-07,14.8,27.6,24.5,96,chanthaburi
2020-06-08,4.4,30.5,24.2,87,chanthaburi
2020-06-09,13.4,28.5,24.5,93,chanthaburi
2020-06-10,8.0,28.6,24.6,92,chanthaburi
2020-06-11,1.0,30.8,24.2,85,chanthaburi
2020-06-12,9.5,30.1,25.0,86,chanthaburi
2020-06-13,11.8,29.9,24.4,88,chanthaburi
2020-06-14,18.6,29.0,24.8,92,chanthaburi
2020-06-15,30.4,27.3,24.3,98,chanthaburi
2020-06-16,16.9,28.3,24.4,95,chanthaburi
2020-06-17,22.1,27.2,24.4,96,chanthaburi
2020-06-18,7.4,29.6,24.1,90,chanthaburi
2020-06-19,1.7,30.8,23.9,88,chanthaburi
2020-06-20,11.2,30.0,24.6,91,chanthaburi
2020-06-21,9.7,29.9,24.6,91,chanthaburi
2020-06-22,21.2,29.7,24.4,93,chanthaburi
2020-06-23,14.3,28.2,24.3,93,chanthaburi
2020-06-24,6.6,30.8,23.9,89,chanthaburi
2020-06-25,10.1,30.1,24.8,90,chanthaburi
2020-06-26,22.5,27.5,24.1,96,chanthaburi
2020-06-27,13.0,28.7,23.2,93,chanthaburi
2020-06-28,22.1,28.0,24.1,95,chanthaburi
2020-06-29,32.5,26.8,23.9,98,chanthaburi
2020-06-30,41.1,28.4,23.3,93,chanthaburi
2020-07-01,13.1,29.3,24.3,87,chanthaburi
2020-07-02,32.4,27.8,24.5,93,chanthaburi
2020-07-03,27.6,27.1,24.3,97,chanthaburi
2020-07-04,5.4,29.2,23.6,93,chanthaburi
2020-07-05,2.9,30.6,24.1,86,chanthaburi
2020-07-06,9.5,31.2,23.8,90,chanthaburi
2020-07-07,14.8,29.7,24.3,92,chanthaburi
2020-07-08,4.3,30.5,23.8,87,chanthaburi
2020-07-09,8.3,29.7,24.0,87,chanthaburi
2020-07-10,13.3,30.5,24.5,91,chanthaburi
2020-07-11,11.1,30.2,24.3,91,chanthaburi
2020-07-12,6.1,29.5,24.3,91,chanthaburi
2020-07-13,18.4,29.0,24.2,93,chanthaburi
2020-07-14,11.0,28.6,23.3,90,chanthaburi
2020-07-15,4.2,30.0,23.7,87,chanthaburi
2020-07-16,14.0,29.7,24.0,93,chanthaburi
2020-07-17,1.3,30.6,24.1,88,chanthaburi
2020-07-18,6.4,30.9,23.8,89,chanthaburi
2020-07-19,3.1,31.1,24.5,87,chanthaburi
2020-07-20,9.6,29.7,24.6,91,chanthaburi
2020-07-21,20.3,31.2,24.4,92,chanthaburi
2020-07-22,17.6,29.8,23.9,91,chanthaburi
2020-07-23,9.0,30.4,23.9,89,chanthaburi
2020-07-24,8.0,28.7,24.3,92,chanthaburi
2020-07-25,6.2,30.6,24.0,89,chanthaburi
2020-07-26,13.4,29.6,24.6,92,chanthaburi
2020-07-27,4.5,30.1,24.1,90,chanthaburi
2020-07-28,20.8,29.1,24.3,94,chanthaburi
2020-07-29,10.7,29.9,24.3,92,chanthaburi
2020-07-30,8.2,30.2,23.9,87,chanthaburi
2020-07-31,15.3,29.8,24.7,86,chanthaburi
2020-08-01,30.1,27.2,24.6,95,chanthaburi
2020-08-02,36.2,26.7,24.7,94,chanthaburi
2020-08-03,34.5,27.5,24.8,96,chanthaburi
2020-08-04,34.9,26.5,24.3,98,chanthaburi
2020-08-05,25.9,29.0,24.5,94,chanthaburi
2020-08-06,18.1,29.0,24.1,92,chanthaburi
2020-08-07,16.4,27.3,24.0,93,chanthaburi
2020-08-08,27.5,26.2,23.9,95,chanthaburi
2020-08-09,6.3,28.6,24.4,91,chanthaburi
2020-08-10,22.4,28.2,24.0,93,chanthaburi
2020-08-11,19.5,28.8,24.9,89,chanthaburi
2020-08-12,29.6,27.7,24.4,96,chanthaburi
2020-08-13,30.9,27.5,23.8,97,chanthaburi
2020-08-14,11.6,28.0,23.5,93,chanthaburi
2020-08-15,16.5,26.8,23.7,97,chanthaburi
2020-08-16,4.2,29.0,23.7,90,chanthaburi
2020-08-17,4.6,29.5,24.1,90,chanthaburi
2020-08-18,8.6,29.6,23.9,89,chanthaburi
2020-08-19,2.4,29.9,24.0,87,chanthaburi
2020-08-20,4.7,27.8,24.2,92,chanthaburi
2020-08-21,2.2,29.3,23.8,90,chanthaburi
2020-08-22,3.5,30.6,23.6,88,chanthaburi
2020-08-23,10.8,29.7,24.7,90,chanthaburi
2020-08-24,2.0,31.0,24.7,86,chanthaburi
2020-08-25,2.9,30.4,23.6,87,chanthaburi
2020-08-26,0.9,31.1,24.2,85,chanthaburi
2020-08-27,0.5,31.4,24.2,84,chanthaburi
2020-08-28,22.9,29.9,24.6,93,chanthaburi
2020-08-29,7.7,30.5,24.5,91,chanthaburi
2020-08-30,1.8,30.8,24.8,88,chanthaburi
2020-08-31,4.1,30.0,24.6,90,chanthaburi
2020-09-01,14.5,29.2,24.4,93,chanthaburi
2020-09-02,20.4,29.1,24.1,94,chanthaburi
2020-09-03,4.5,29.3,24.7,92,chanthaburi
2020-09-04,34.4,30.4,23.5,92,chanthaburi
2020-09-05,11.3,30.1,24.4,92,chanthaburi
2020-09-06,26.1,29.9,24.1,92,chanthaburi
2020-09-07,7.8,30.6,24.3,89,chanthaburi
2020-09-08,21.2,28.5,24.3,93,chanthaburi
2020-09-09,5.6,30.3,24.1,91,chanthaburi
2020-09-10,8.5,30.3,24.1,92,chanthaburi
2020-09-11,10.1,29.3,24.4,93,chanthaburi
2020-09-12,10.1,30.1,23.7,90,chanthaburi
2020-09-13,20.4,28.7,23.7,94,chanthaburi
2020-09-14,16.2,30.5,23.9,91,chanthaburi
2020-09-15,16.0,27.5,24.1,95,chanthaburi
2020-09-16,8.6,28.6,23.4,93,chanthaburi
2020-09-17,26.6,29.8,24.1,94,chanthaburi
2020-09-18,25.6,27.3,24.2,98,chanthaburi
2020-09-19,60.5,25.8,24.0,98,chanthaburi
2020-09-20,41.4,26.7,23.5,97,chanthaburi
2020-09-21,3.6,29.6,23.2,91,chanthaburi
2020-09-22,13.3,30.5,23.0,91,chanthaburi
2020-09-23,16.8,30.2,23.8,93,chanthaburi
2020-09-24,28.5,27.9,23.0,94,chanthaburi
2020-09-25,1.3,30.6,24.1,87,chanthaburi
2020-09-26,13.8,29.9,23.9,93,chanthaburi
2020-09-27,24.9,30.5,23.1,93,chanthaburi
2020-09-28,54.2,26.8,22.9,97,chanthaburi
2020-09-29,18.7,26.5,23.6,97,chanthaburi
2020-09-30,5.0,28.4,24.2,90,chanthaburi
2020-10-01,11.9,29.6,24.3,90,chanthaburi
2020-10-02,33.1,29.7,23.3,94,chanthaburi
2020-10-03,22.9,28.3,23.6,97,chanthaburi
2020-10-04,9.6,29.2,23.9,91,chanthaburi
2020-10-05,6.2,28.4,24.2,93,chanthaburi
2020-10-06,9.1,28.6,23.3,94,chanthaburi
2020-10-07,12.7,28.1,23.3,97,chanthaburi
2020-10-08,7.6,26.9,23.4,94,chanthaburi
2020-10-09,33.9,27.2,23.3,97,chanthaburi
2020-10-10,42.4,25.7,23.2,98,chanthaburi
2020-10-11,17.8,28.6,23.0,94,chanthaburi
2020-10-12,0.4,29.9,22.8,83,chanthaburi
2020-10-13,4.8,25.7,22.0,92,chanthaburi
2020-10-14,10.3,28.5,22.2,92,chanthaburi
2020-10-15,21.3,28.2,23.2,96,chanthaburi
2020-10-16,30.9,26.7,23.6,98,chanthaburi
2020-10-17,47.8,27.1,22.9,98,chanthaburi
2020-10-18,13.4,26.6,22.6,97,chanthaburi
2020-10-19,3.7,28.7,22.6,94,chanthaburi
2020-10-20,15.8,29.5,22.8,92,chanthaburi
2020-10-21,0.0,29.5,22.9,82,chanthaburi
2020-10-22,0.0,30.1,23.1,76,chanthaburi
2020-10-23,0.0,28.6,22.6,71,chanthaburi
2020-10-24,0.0,29.4,22.0,70,chanthaburi
2020-10-25,0.0,29.9,21.1,70,chanthaburi
2020-10-26,0.0,30.8,20.5,72,chanthaburi
2020-10-27,7.8,30.1,21.9,85,chanthaburi
2020-10-28,0.0,30.0,22.7,85,chanthaburi
2020-10-29,8.6,29.2,23.7,91,chanthaburi
2020-10-30,4.2,29.5,23.4,93,chanthaburi
2020-10-31,12.1,30.0,23.1,93,chanthaburi
2020-11-01,17.0,31.1,23.0,85,chanthaburi
2020-11-02,0.4,30.9,24.6,79,chanthaburi
2020-11-03,0.0,30.7,24.4,76,chanthaburi
2020-11-04,0.7,30.2,23.6,79,chanthaburi
2020-11-05,0.0,30.3,23.2,75,chanthaburi
2020-11-06,0.0,30.6,23.1,72,chanthaburi
2020-11-07,3.9,28.7,23.6,78,chanthaburi
2020-11-08,2.0,29.1,22.0,82,chanthaburi
2020-11-09,0.0,29.3,22.5,71,chanthaburi
2020-11-10,0.0,27.7,21.9,64,chanthaburi
2020-11-11,1.0,26.0,21.2,71,chanthaburi
2020-11-12,2.6,27.6,19.6,84,chanthaburi
2020-11-13,0.0,28.9,22.3,69,chanthaburi
2020-11-14,0.0,28.8,21.4,63,chanthaburi
2020-11-15,0.0,29.5,21.7,67,chanthaburi
2020-11-16,0.0,31.4,22.4,71,chanthaburi
2020-11-17,0.0,32.0,23.6,73,chanthaburi
2020-11-18,0.6,32.5,23.8,76,chanthaburi
2020-11-19,0.5,32.9,23.1,81,chanthaburi
2020-11-20,22.8,30.1,24.0,92,chanthaburi
2020-11-21,14.5,30.3,23.6,95,chanthaburi
2020-11-22,2.7,28.2,23.7,94,chanthaburi
2020-11-23,0.0,31.5,23.2,81,chanthaburi
2020-11-24,0.0,31.0,23.5,74,chanthaburi
2020-11-25,0.0,31.3,24.0,71,chanthaburi
2020-11-26,0.0,31.3,23.5,71,chanthaburi
2020-11-27,0.0,31.1,23.6,69,chanthaburi
2020-11-28,0.0,30.6,23.3,65,chanthaburi
2020-11-29,0.4,28.6,23.0,67,chanthaburi
2020-11-30,0.6,27.0,21.9,67,chanthaburi
2020-12-01,1.4,28.5,22.2,69,chanthaburi
2020-12-02,0.7,30.2,22.3,69,chanthaburi
2020-12-03,0.0,29.5,23.2,65,chanthaburi
2020-12-04,0.0,28.4,21.1,59,chanthaburi
2020-12-05,0.0,27.6,19.0,61,chanthaburi
2020-12-06,0.0,28.6,20.1,63,chanthaburi
2020-12-07,0.0,29.9,21.3,62,chanthaburi
2020-12-08,0.0,30.7,22.1,65,chanthaburi
2020-12-09,0.0,29.9,21.2,62,chanthaburi
2020-12-10,0.0,31.3,21.3,62,chanthaburi
2020-12-11,0.0,32.1,23.7,64,chanthaburi
2020-12-12,0.7,32.8,24.0,76,chanthaburi
2020-12-13,8.3,30.7,23.2,89,chanthaburi
2020-12-14,4.7,31.0,23.2,91,chanthaburi
2020-12-15,4.3,29.7,23.4,90,chanthaburi
2020-12-16,2.0,31.8,22.9,78,chanthaburi
2020-12-17,0.0,30.2,22.8,66,chanthaburi
2020-12-18,0.0,30.9,22.6,62,chanthaburi
2020-12-19,0.0,29.2,21.3,61,chanthaburi
2020-12-20,0.0,26.8,18.9,55,chanthaburi
2020-12-21,0.0,26.2,16.4,57,chanthaburi
2020-12-22,0.0,27.9,17.6,55,chanthaburi
2020-12-23,0.0,29.7,20.4,58,chanthaburi
2020-12-24,0.0,30.0,22.1,63,chanthaburi
2020-12-25,5.5,30.5,22.2,73,chanthaburi
2020-12-26,1.7,31.4,23.8,74,chanthaburi
2020-12-27,1.4,31.6,23.1,81,chanthaburi
2020-12-28,0.1,33.1,22.6,81,chanthaburi
2020-12-29,0.0,34.2,22.7,79,chanthaburi
2020-12-30,0.0,32.1,22.0,64,chanthaburi
2020-12-31,0.0,27.8,19.9,53,chanthaburi
2021-01-01,0.0,25.7,17.6,54,chanthaburi
2021-01-02,0.0,28.0,18.7,54,chanthaburi
2021-01-03,0.0,30.1,21.1,53,chanthaburi
2021-01-04,0.0,31.6,21.7,58,chanthaburi
2021-01-05,0.0,26.8,22.5,64,chanthaburi
2021-01-06,0.0,32.8,21.8,62,chanthaburi
2021-01-07,0.0,33.0,24.0,58,chanthaburi
2021-01-08,0.0,32.1,23.3,59,chanthaburi
2021-01-09,0.0,29.0,18.5,52,chanthaburi
2021-01-10,0.0,30.0,19.5,54,chanthaburi
2021-01-11,0.0,28.7,19.4,55,chanthaburi
2021-01-12,0.0,24.8,13.5,49,chanthaburi
2021-01-13,0.0,27.4,15.8,49,chanthaburi
2021-01-14,0.0,30.2,18.3,58,chanthaburi
2021-01-15,0.0,31.7,17.5,70,chanthaburi
2021-01-16,0.1,30.9,19.2,81,chanthaburi
2021-01-17,0.0,32.1,20.1,64,chanthaburi
2021-01-18,0.0,28.4,19.2,53,chanthaburi
2021-01-19,0.0,28.7,17.7,51,chanthaburi
2021-01-20,0.0,30.4,18.5,58,chanthaburi
2021-01-21,0.0,31.7,17.3,65,chanthaburi
2021-01-22,0.0,32.2,18.4,71,chanthaburi
2021-01-23,0.0,32.5,19.6,74,chanthaburi
2021-01-24,1.3,29.8,21.9,84,chanthaburi
2021-01-25,2.4,30.6,22.5,86,chanthaburi
2021-01-26,1.0,32.1,23.2,84,chanthaburi
2021-01-27,0.8,33.9,22.5,81,chanthaburi
2021-01-28,0.8,33.6,23.1,79,chanthaburi
2021-01-29,0.0,32.3,23.1,60,chanthaburi
2021-01-30,0.0,32.5,22.1,56,chanthaburi
2021-01-31,0.0,33.0,22.2,57,chanthaburi
2021-02-01,0.0,33.4,21.9,59,chanthaburi
2021-02-02,0.0,33.9,21.0,68,chanthaburi
2021-02-03,0.0,34.2,21.1,76,chanthaburi
2021-02-04,0.0,33.4,21.5,66,chanthaburi
2021-02-05,0.0,33.6,21.1,56,chanthaburi
2021-02-06,0.0,33.8,21.9,65,chanthaburi
2021-02-07,0.0,33.6,21.5,76,chanthaburi
2021-02-08,2.0,31.0,22.8,84,chanthaburi
2021-02-09,10.3,27.8,22.3,91,chanthaburi
2021-02-10,0.9,28.7,22.1,74,chanthaburi
2021-02-11,0.0,31.9,22.2,58,chanthaburi
2021-02-12,0.0,33.0,20.6,57,chanthaburi
2021-02-13,0.0,32.9,18.0,73,chanthaburi
2021-02-14,0.3,31.1,20.3,80,chanthaburi
2021-02-15,1.0,30.0,21.2,82,chanthaburi
2021-02-16,2.0,29.0,21.8,83,chanthaburi
2021-02-17,13.4,29.4,22.3,88,chanthaburi
2021-02-18,0.0,33.2,22.1,59,chanthaburi
2021-02-19,0.0,31.9,20.9,50,chanthaburi
2021-02-20,0.0,32.6,21.0,48,chanthaburi
2021-02-21,0.0,32.2,19.5,66,chanthaburi
2021-02-22,0.0,31.2,19.3,79,chanthaburi
2021-02-23,0.1,30.8,20.7,79,chanthaburi
2021-02-24,0.5,30.4,21.8,81,chanthaburi
2021-02-25,0.0,31.6,21.5,79,chanthaburi
2021-02-26,0.0,32.6,22.0,82,chanthaburi
2021-02-27,0.0,33.2,22.0,78,chanthaburi
2021-02-28,0.2,31.3,23.1,78,chanthaburi
2021-03-01,17.8,30.7,23.6,90,chanthaburi
2021-03-02,9.2,30.9,22.9,90,chanthaburi
2021-03-03,13.6,27.8,23.7,92,chanthaburi
2021-03-04,1.5,31.4,23.1,85,chanthaburi
2021-03-05,1.1,31.2,23.3,84,chanthaburi
2021-03-06,0.0,33.1,23.3,83,chanthaburi
2021-03-07,1.3,31.8,23.1,84,chanthaburi
2021-03-08,13.4,30.5,23.3,90,chanthaburi
2021-03-09,7.8,31.2,22.7,92,chanthaburi
2021-03-10,4.9,29.4,23.5,91,chanthaburi
2021-03-11,3.5,29.8,22.9,89,chanthaburi
2021-03-12,2.1,30.0,22.7,89,chanthaburi
2021-03-13,5.0,30.3,23.1,89,chanthaburi
2021-03-14,4.1,29.8,23.2,87,chanthaburi
2021-03-15,1.7,30.3,23.2,87,chanthaburi
2021-03-16,2.9,29.6,23.6,89,chanthaburi
2021-03-17,4.3,29.4,23.7,89,chanthaburi
2021-03-18,1.7,30.7,23.6,87,chanthaburi
2021-03-19,0.9,30.7,24.0,85,chanthaburi
2021-03-20,1.3,30.7,24.2,83,chanthaburi
2021-03-21,1.3,32.5,24.7,83,chanthaburi
2021-03-22,5.7,32.2,24.0,83,chanthaburi
2021-03-23,0.0,32.4,23.1,62,chanthaburi
2021-03-24,0.0,34.5,23.5,63,chanthaburi
2021-03-25,2.9,31.5,22.9,82,chanthaburi
2021-03-26,3.3,30.1,23.8,86,chanthaburi
2021-03-27,1.4,31.8,23.7,84,chanthaburi
2021-03-28,0.9,30.6,24.6,86,chanthaburi
2021-03-29,0.1,32.0,24.5,83,chanthaburi
2021-03-30,0.6,31.6,24.9,81,chanthaburi
2021-03-31,0.1,32.6,24.9,82,chanthaburi
2021-04-01,0.9,32.0,25.0,81,chanthaburi
2021-04-02,2.0,32.6,25.5,80,chanthaburi
2021-04-03,1.3,34.2,24.7,80,chanthaburi
2021-04-04,15.6,29.3,25.1,90,chanthaburi
2021-04-05,15.9,32.6,24.3,88,chanthaburi
2021-04-06,7.2,29.4,23.5,92,chanthaburi
2021-04-07,4.3,29.3,23.7,90,chanthaburi
2021-04-08,10.4,30.4,23.7,91,chanthaburi
2021-04-09,11.7,30.8,23.7,92,chanthaburi
2021-04-10,6.0,29.9,23.6,92,chanthaburi
2021-04-11,17.4,31.4,23.3,93,chanthaburi
2021-04-12,14.1,30.1,23.1,92,chanthaburi
2021-04-13,8.3,30.5,22.7,90,chanthaburi
2021-04-14,8.9,30.4,24.1,88,chanthaburi
2021-04-15,2.1,31.2,23.6,86,chanthaburi
2021-04-16,1.6,31.0,24.7,83,chanthaburi
2021-04-17,13.9,29.5,24.5,91,chanthaburi
2021-04-18,0.9,30.4,24.4,87,chanthaburi
2021-04-19,5.0,29.1,24.6,92,chanthaburi
2021-04-20,10.1,28.8,24.2,93,chanthaburi
2021-04-21,1.0,31.4,24.1,86,chanthaburi
2021-04-22,9.1,30.8,25.0,86,chanthaburi
2021-04-23,6.4,30.7,24.7,89,chanthaburi
2021-04-24,16.2,29.3,24.5,93,chanthaburi
2021-04-25,3.3,29.7,24.4,88,chanthaburi
2021-04-26,3.8,29.4,24.9,89,chanthaburi
2021-04-27,18.1,30.0,24.4,93,chanthaburi
2021-04-28,16.8,28.9,23.2,91,chanthaburi
2021-04-29,16.2,29.6,23.4,95,chanthaburi
2021-04-30,15.2,30.2,23.0,93,chanthaburi
2021-05-01,10.6,30.4,23.5,94,chanthaburi
2021-05-02,8.0,30.2,23.8,90,chanthaburi
2021-05-03,9.0,31.0,23.8,90,chanthaburi
2021-05-04,7.3,31.9,24.7,90,chanthaburi
2021-05-05,2.9,32.0,23.7,90,chanthaburi
2021-05-06,40.0,30.6,22.8,92,chanthaburi
2021-05-07,2.6,31.5,24.7,86,chanthaburi
2021-05-08,13.3,31.8,24.3,92,chanthaburi
2021-05-09,3.4,31.0,24.3,91,chanthaburi
2021-05-10,6.3,31.3,24.7,90,chanthaburi
2021-05-11,5.4,31.7,24.6,87,chanthaburi
2021-05-12,2.0,31.8,24.5,85,chanthaburi
2021-05-13,4.9,31.7,24.5,87,chanthaburi
2021-05-14,4.2,31.6,24.8,87,chanthaburi
2021-05-15,19.7,29.8,24.9,96,chanthaburi
2021-05-16,13.9,31.0,24.3,95,chanthaburi
2021-05-17,4.9,31.8,25.3,89,chanthaburi
2021-05-18,18.0,29.2,25.1,94,chanthaburi
2021-05-19,16.5,31.2,24.3,91,chanthaburi
2021-05-20,11.9,29.8,24.5,95,chanthaburi
2021-05-21,17.7,29.9,24.4,90,chanthaburi
2021-05-22,10.3,29.9,25.1,88,chanthaburi
2021-05-23,8.2,30.4,25.1,82,chanthaburi
2021-05-24,7.8,30.6,25.0,85,chanthaburi
2021-05-25,30.9,29.8,24.6,92,chanthaburi
2021-05-26,16.2,27.2,25.3,94,chanthaburi
2021-05-27,41.8,28.6,23.8,96,chanthaburi
2021-05-28,39.8,27.4,22.9,97,chanthaburi
2021-05-29,8.1,29.6,24.4,90,chanthaburi
2021-05-30,4.2,30.0,25.3,89,chanthaburi
2021-05-31,13.3,30.2,25.4,89,chanthaburi
2021-06-01,4.3,31.1,25.3,87,chanthaburi
2021-06-02,1.7,31.1,25.5,89,chanthaburi
2021-06-03,2.6,31.3,25.9,87,chanthaburi
2021-06-04,8.6,31.4,26.0,88,chanthaburi
2021-06-05,7.6,30.3,25.6,90,chanthaburi
2021-06-06,15.2,30.3,25.4,89,chanthaburi
2021-06-07,34.3,26.8,24.6,97,chanthaburi
2021-06-08,15.8,28.1,24.1,93,chanthaburi
2021-06-09,10.9,28.9,24.1,90,chanthaburi
2021-06-10,41.3,26.4,23.8,96,chanthaburi
2021-06-11,17.7,29.0,25.2,91,chanthaburi
2021-06-12,11.3,29.5,23.8,88,chanthaburi
2021-06-13,8.4,28.5,24.9,92,chanthaburi
2021-06-14,11.3,28.8,24.3,93,chanthaburi
2021-06-15,11.6,28.8,24.4,90,chanthaburi
2021-06-16,5.9,29.7,24.7,87,chanthaburi
2021-06-17,3.1,30.4,24.8,86,chanthaburi
2021-06-18,1.7,29.9,24.9,88,chanthaburi
2021-06-19,7.4,30.2,24.3,87,chanthaburi
2021-06-20,10.6,30.9,23.2,89,chanthaburi
2021-06-21,35.8,29.5,23.6,91,chanthaburi
2021-06-22,22.7,29.6,23.4,90,chanthaburi
2021-06-23,19.5,28.4,24.2,92,chanthaburi
2021-06-24,2.5,30.0,24.6,86,chanthaburi
2021-06-25,2.7,29.9,24.0,85,chanthaburi
2021-06-26,4.1,29.5,24.5,86,chanthaburi
2021-06-27,3.4,29.9,24.5,87,chanthaburi
2021-06-28,4.9,30.2,24.5,89,chanthaburi
2021-06-29,5.7,30.2,24.3,86,chanthaburi
2021-06-30,23.2,29.3,24.4,91,chanthaburi
2021-07-01,2.8,30.7,24.5,87,chanthaburi
2021-07-02,9.3,29.9,23.6,89,chanthaburi
2021-07-03,1.3,31.8,23.9,87,chanthaburi
2021-07-04,2.7,31.2,24.8,87,chanthaburi
2021-07-05,8.4,31.2,25.0,89,chanthaburi
2021-07-06,31.5,28.9,24.5,94,chanthaburi
2021-07-07,31.8,27.9,24.0,97,chanthaburi
2021-07-08,27.0,27.6,24.3,96,chanthaburi
2021-07-09,30.6,28.1,23.4,96,chanthaburi
2021-07-10,41.4,25.3,23.1,99,chanthaburi
2021-07-11,26.5,28.6,22.7,93,chanthaburi
2021-07-12,5.3,29.8,23.5,90,chanthaburi
2021-07-13,10.1,31.3,23.2,91,chanthaburi
2021-07-14,10.7,28.7,24.0,92,chanthaburi
2021-07-15,34.7,25.4,23.5,98,chanthaburi
2021-07-16,17.1,27.7,23.5,93,chanthaburi
2021-07-17,11.0,29.8,24.2,88,chanthaburi
2021-07-18,16.2,29.0,24.1,90,chanthaburi
2021-07-19,3.8,29.5,25.6,84,chanthaburi
2021-07-20,11.0,27.9,24.4,89,chanthaburi
2021-07-21,24.8,26.8,24.3,95,chanthaburi
2021-07-22,7.0,29.8,24.6,90,chanthaburi
2021-07-23,18.4,29.2,24.4,91,chanthaburi
2021-07-24,27.3,27.5,24.1,96,chanthaburi
2021-07-25,9.9,28.4,24.5,93,chanthaburi
2021-07-26,8.0,29.6,25.1,91,chanthaburi
2021-07-27,23.2,28.4,24.5,93,chanthaburi
2021-07-28,33.2,28.8,25.0,92,chanthaburi
2021-07-29,27.6,29.5,25.0,92,chanthaburi
2021-07-30,25.3,28.3,24.3,93,chanthaburi
2021-07-31,12.4,29.6,25.1,90,chanthaburi
2021-08-01,15.8,28.9,25.3,88,chanthaburi
2021-08-02,13.4,29.2,25.3,86,chanthaburi
2021-08-03,26.9,27.6,25.6,90,chanthaburi
2021-08-04,17.5,28.7,25.7,91,chanthaburi
2021-08-05,14.5,27.8,25.2,93,chanthaburi
2021-08-06,16.5,29.5,24.3,91,chanthaburi
2021-08-07,4.7,30.3,25.1,87,chanthaburi
2021-08-08,7.1,30.1,25.2,88,chanthaburi
2021-08-09,5.7,30.2,25.7,87,chanthaburi
2021-08-10,13.9,29.6,24.6,90,chanthaburi
2021-08-11,21.1,29.1,24.5,94,chanthaburi
2021-08-12,14.3,28.2,24.5,94,chanthaburi
2021-08-13,24.8,28.6,24.2,93,chanthaburi
2021-08-14,18.9,28.7,23.9,93,chanthaburi
2021-08-15,33.4,25.6,23.8,99,chanthaburi
2021-08-16,8.5,29.3,23.8,91,chanthaburi
2021-08-17,0.8,32.0,22.7,85,chanthaburi
2021-08-18,2.3,31.7,23.6,85,chanthaburi
2021-08-19,13.1,29.4,24.1,92,chanthaburi
2021-08-20,14.8,30.4,23.8,91,chanthaburi
2021-08-21,9.6,29.1,24.4,92,chanthaburi
2021-08-22,10.4,29.1,23.9,91,chanthaburi
2021-08-23,12.4,28.3,23.6,93,chanthaburi
2021-08-24,12.9,29.4,23.8,92,chanthaburi
2021-08-25,33.7,28.5,23.5,96,chanthaburi
2021-08-26,59.2,26.2,22.8,99,chanthaburi
2021-08-27,78.9,25.1,22.3,99,chanthaburi
2021-08-28,24.3,27.8,22.4,95,chanthaburi
2021-08-29,2.7,29.5,22.7,90,chanthaburi
2021-08-30,9.6,28.3,23.5,94,chanthaburi
2021-08-31,23.6,28.5,23.9,96,chanthaburi
2021-09-01,8.4,27.0,23.3,96,chanthaburi
2021-09-02,27.7,27.9,23.4,95,chanthaburi
2021-09-03,18.2,26.0,23.7,96,chanthaburi
2021-09-04,1.9,29.1,23.9,87,chanthaburi
2021-09-05,3.7,27.7,23.9,94,chanthaburi
2021-09-06,5.2,29.6,23.7,93,chanthaburi
2021-09-07,41.2,28.6,23.2,93,chanthaburi
2021-09-08,14.1,26.7,22.9,96,chanthaburi
2021-09-09,35.0,26.2,22.6,98,chanthaburi
2021-09-10,28.0,28.5,23.9,95,chanthaburi
2021-09-11,13.8,26.9,24.1,95,chanthaburi
2021-09-12,0.5,28.9,24.0,88,chanthaburi
2021-09-13,18.8,30.1,24.6,89,chanthaburi
2021-09-14,27.1,27.9,24.1,95,chanthaburi
2021-09-15,27.5,26.5,23.3,98,chanthaburi
2021-09-16,25.5,27.1,23.2,95,chanthaburi
2021-09-17,0.7,30.1,23.4,88,chanthaburi
2021-09-18,6.2,31.3,23.5,89,chanthaburi
2021-09-19,17.2,26.8,23.2,96,chanthaburi
2021-09-20,25.3,25.8,23.7,97,chanthaburi
2021-09-21,12.1,29.3,23.3,95,chanthaburi
2021-09-22,18.2,27.2,23.7,96,chanthaburi
2021-09-23,9.3,28.8,23.8,92,chanthaburi
2021-09-24,22.9,27.3,23.6,97,chanthaburi
2021-09-25,41.6,25.2,23.6,99,chanthaburi
2021-09-26,20.0,25.7,23.3,99,chanthaburi
2021-09-27,9.4,30.2,22.5,93,chanthaburi
2021-09-28,6.9,30.8,23.1,93,chanthaburi
2021-09-29,9.1,31.3,23.3,90,chanthaburi
2021-09-30,6.8,29.0,24.3,94,chanthaburi
2021-10-01,6.5,30.4,23.9,92,chanthaburi
2021-10-02,27.8,28.2,23.7,97,chanthaburi
2021-10-03,10.9,30.5,23.6,92,chanthaburi
2021-10-04,10.3,31.7,22.7,90,chanthaburi
2021-10-05,15.5,30.9,24.0,93,chanthaburi
2021-10-06,16.5,30.2,23.8,93,chanthaburi
2021-10-07,13.5,28.9,23.6,93,chanthaburi
2021-10-08,1.0,29.5,23.9,89,chanthaburi
2021-10-09,19.0,26.2,24.1,95,chanthaburi
2021-10-10,7.4,29.2,24.1,88,chanthaburi
2021-10-11,41.6,27.8,24.0,96,chanthaburi
2021-10-12,43.0,27.3,24.0,97,chanthaburi
2021-10-13,29.1,29.2,23.3,93,chanthaburi
2021-10-14,37.5,26.4,23.5,97,chanthaburi
2021-10-15,62.3,25.4,23.3,99,chanthaburi
2021-10-16,3.6,30.6,23.1,89,chanthaburi
2021-10-17,28.0,24.4,21.1,98,chanthaburi
2021-10-18,9.5,28.4,20.6,90,chanthaburi
2021-10-19,2.5,30.2,22.8,87,chanthaburi
2021-10-20,8.8,29.6,23.0,92,chanthaburi
2021-10-21,7.8,30.2,23.4,91,chanthaburi
2021-10-22,12.3,28.7,23.0,96,chanthaburi
2021-10-23,8.0,26.0,22.7,95,chanthaburi
2021-10-24,0.0,29.8,22.1,80,chanthaburi
2021-10-25,0.0,30.9,23.2,76,chanthaburi
2021-10-26,0.0,30.2,23.5,74,chanthaburi
2021-10-27,0.0,30.1,22.8,76,chanthaburi
2021-10-28,10.7,28.5,23.1,86,chanthaburi
2021-10-29,3.8,31.4,22.3,86,chanthaburi
2021-10-30,12.4,31.7,23.2,91,chanthaburi
2021-10-31,18.1,29.9,22.9,92,chanthaburi
2021-11-01,11.2,30.2,23.8,92,chanthaburi
2021-11-02,2.4,31.7,23.2,85,chanthaburi
2021-11-03,0.0,31.3,22.8,81,chanthaburi
2021-11-04,0.7,30.9,23.5,82,chanthaburi
2021-11-05,9.0,31.3,23.3,87,chanthaburi
2021-11-06,16.1,29.3,22.9,93,chanthaburi
2021-11-07,3.4,31.2,23.4,91,chanthaburi
2021-11-08,14.3,29.7,23.1,92,chanthaburi
2021-11-09,0.1,29.9,23.3,82,chanthaburi
2021-11-10,0.2,29.2,22.4,74,chanthaburi
2021-11-11,0.6,29.7,22.1,73,chanthaburi
2021-11-12,1.6,28.9,22.9,82,chanthaburi
2021-11-13,0.1,29.2,23.7,77,chanthaburi
2021-11-14,1.3,29.0,23.6,80,chanthaburi
2021-11-15,2.0,30.3,22.9,81,chanthaburi
2021-11-16,11.0,29.5,23.6,84,chanthaburi
2021-11-17,1.4,31.3,24.2,80,chanthaburi
2021-11-18,11.9,30.2,23.3,87,chanthaburi
2021-11-19,6.6,31.2,22.9,87,chanthaburi
2021-11-20,1.4,31.8,23.2,89,chanthaburi
2021-11-21,1.2,32.1,23.0,87,chanthaburi
2021-11-22,15.1,31.2,23.3,91,chanthaburi
2021-11-23,1.5,30.6,23.3,81,chanthaburi
2021-11-24,0.0,30.2,22.5,68,chanthaburi
2021-11-25,0.0,30.4,22.1,68,chanthaburi
2021-11-26,0.0,30.0,22.3,70,chanthaburi
2021-11-27,0.0,28.6,21.3,68,chanthaburi
2021-11-28,0.0,29.8,21.2,67,chanthaburi
2021-11-29,12.4,25.8,21.2,79,chanthaburi
2021-11-30,32.1,24.9,20.8,88,chanthaburi
2021-12-01,0.0,26.8,21.6,67,chanthaburi
2021-12-02,0.0,27.5,20.5,66,chanthaburi
2021-12-03,0.0,27.1,20.0,68,chanthaburi
2021-12-04,0.0,26.3,18.8,65,chanthaburi
2021-12-05,0.0,26.1,17.9,66,chanthaburi
2021-12-06,0.0,27.3,19.0,68,chanthaburi
2021-12-07,0.0,28.0,20.4,64,chanthaburi
2021-12-08,0.0,28.6,20.2,65,chanthaburi
2021-12-09,0.0,31.0,21.5,66,chanthaburi
2021-12-10,0.0,31.2,23.0,66,chanthaburi
2021-12-11,0.0,30.4,22.5,63,chanthaburi
2021-12-12,0.0,30.0,21.6,64,chanthaburi
2021-12-13,0.0,29.1,22.7,62,chanthaburi
2021-12-14,0.0,30.0,21.4,60,chanthaburi
2021-12-15,0.0,31.0,22.1,63,chanthaburi
2021-12-16,0.0,32.6,22.4,65,chanthaburi
2021-12-17,0.0,32.9,23.7,64,chanthaburi
2021-12-18,0.0,30.6,23.1,61,chanthaburi
2021-12-19,0.0,28.1,20.6,58,chanthaburi
2021-12-20,0.0,28.5,19.4,56,chanthaburi
2021-12-21,0.0,30.9,20.6,62,chanthaburi
2021-12-22,0.1,30.8,21.7,77,chanthaburi
2021-12-23,2.5,31.9,22.3,82,chanthaburi
2021-12-24,13.7,29.8,21.1,87,chanthaburi
2021-12-25,4.2,29.4,21.4,90,chanthaburi
2021-12-26,6.3,31.2,21.4,85,chanthaburi
2021-12-27,0.0,30.9,22.5,71,chanthaburi
2021-12-28,0.0,30.5,22.1,62,chanthaburi
2021-12-29,0.0,32.0,22.7,60,chanthaburi
2021-12-30,0.0,31.0,23.4,60,chanthaburi
2021-12-31,0.0,30.7,22.3,61,chanthaburi
2022-01-01,0.0,30.2,21.6,59,chanthaburi
2022-01-02,0.0,30.5,21.4,61,chanthaburi
2022-01-03,0.0,31.7,22.2,60,chanthaburi
2022-01-04,0.0,32.8,22.2,61,chanthaburi
2022-01-05,0.0,32.1,22.2,61,chanthaburi
2022-01-06,0.0,32.7,20.9,58,chanthaburi
2022-01-07,0.0,33.7,20.7,68,chanthaburi
2022-01-08,0.0,33.2,22.3,60,chanthaburi
2022-01-09,0.0,33.0,20.0,59,chanthaburi
2022-01-10,0.0,34.6,20.9,61,chanthaburi
2022-01-11,0.2,33.7,20.9,78,chanthaburi
2022-01-12,0.8,32.8,22.7,79,chanthaburi
2022-01-13,0.0,33.7,20.7,70,chanthaburi
2022-01-14,0.0,33.4,20.9,71,chanthaburi
2022-01-15,0.0,33.1,20.2,72,chanthaburi
2022-01-16,0.0,32.9,20.1,73,chanthaburi
2022-01-17,0.0,33.4,20.9,71,chanthaburi
2022-01-18,0.0,33.8,20.8,67,chanthaburi
2022-01-19,0.0,33.0,22.0,56,chanthaburi
2022-01-20,0.8,33.0,21.2,69,chanthaburi
2022-01-21,2.2,30.1,22.0,83,chanthaburi
2022-01-22,9.7,29.7,20.6,86,chanthaburi
2022-01-23,2.4,29.4,21.4,86,chanthaburi
2022-01-24,0.1,31.1,21.0,81,chanthaburi
2022-01-25,0.3,32.6,20.3,79,chanthaburi
2022-01-26,2.8,31.1,21.6,85,chanthaburi
2022-01-27,2.3,31.5,22.2,86,chanthaburi
2022-01-28,0.9,31.7,22.6,84,chanthaburi
2022-01-29,0.3,30.9,22.8,84,chanthaburi
2022-01-30,0.3,31.1,22.3,83,chanthaburi
2022-01-31,1.2,30.5,22.2,81,chanthaburi
2022-02-01,1.2,31.8,21.8,80,chanthaburi
2022-02-02,3.2,31.1,22.6,86,chanthaburi
2022-02-03,1.4,32.6,21.9,83,chanthaburi
2022-02-04,6.8,32.7,22.1,86,chanthaburi
2022-02-05,0.0,33.7,21.6,71,chanthaburi
2022-02-06,0.0,33.5,22.4,64,chanthaburi
2022-02-07,0.1,34.4,21.7,73,chanthaburi
2022-02-08,4.1,31.5,22.5,84,chanthaburi
2022-02-09,7.5,31.6,23.2,87,chanthaburi
2022-02-10,9.5,30.6,22.5,91,chanthaburi
2022-02-11,11.5,31.3,22.9,91,chanthaburi
2022-02-12,15.7,28.2,22.6,93,chanthaburi
2022-02-13,10.2,30.4,22.0,94,chanthaburi
2022-02-14,45.3,30.5,22.5,92,chanthaburi
2022-02-15,9.2,27.5,22.2,92,chanthaburi
2022-02-16,15.4,29.0,21.5,92,chanthaburi
2022-02-17,6.8,29.5,21.9,92,chanthaburi
2022-02-18,6.1,31.1,22.4,88,chanthaburi
2022-02-19,1.6,30.0,23.0,86,chanthaburi
2022-02-20,0.8,30.4,23.5,84,chanthaburi
2022-02-21,8.2,27.5,21.8,92,chanthaburi
2022-02-22,0.0,27.7,19.8,75,chanthaburi
2022-02-23,0.0,28.6,21.9,66,chanthaburi
2022-02-24,0.0,28.5,20.3,60,chanthaburi
2022-02-25,0.0,29.1,20.8,57,chanthaburi
2022-02-26,0.0,31.2,21.9,60,chanthaburi
2022-02-27,0.0,32.9,23.3,63,chanthaburi
2022-02-28,0.2,33.5,21.6,78,chanthaburi
2022-03-01,1.4,30.9,22.9,86,chanthaburi
2022-03-02,1.7,30.0,23.2,86,chanthaburi
2022-03-03,11.2,31.1,23.0,92,chanthaburi
2022-03-04,6.0,31.7,23.2,90,chanthaburi
2022-03-05,4.0,30.8,23.2,88,chanthaburi
2022-03-06,8.3,31.7,23.5,89,chanthaburi
2022-03-07,12.0,28.6,23.1,92,chanthaburi
2022-03-08,4.9,30.3,23.1,86,chanthaburi
2022-03-09,0.9,32.2,22.3,82,chanthaburi
2022-03-10,1.7,29.5,23.3,89,chanthaburi
2022-03-11,3.2,29.7,23.2,90,chanthaburi
2022-03-12,1.3,31.7,22.9,87,chanthaburi
2022-03-13,7.5,31.5,23.5,89,chanthaburi
2022-03-14,2.4,31.2,24.0,87,chanthaburi
2022-03-15,1.9,31.9,23.7,85,chanthaburi
2022-03-16,2.6,29.6,23.2,89,chanthaburi
2022-03-17,3.3,31.4,23.3,87,chanthaburi
2022-03-18,10.9,29.9,24.3,88,chanthaburi
2022-03-19,0.6,32.1,22.4,82,chanthaburi
2022-03-20,15.1,33.1,23.4,85,chanthaburi
2022-03-21,4.4,29.8,23.1,90,chanthaburi
2022-03-22,10.4,30.3,23.4,89,chanthaburi
2022-03-23,16.5,27.5,23.3,94,chanthaburi
2022-03-24,1.8,29.7,23.1,89,chanthaburi
2022-03-25,1.7,31.4,23.2,85,chanthaburi
2022-03-26,2.8,31.9,23.9,85,chanthaburi
2022-03-27,2.1,32.1,24.2,84,chanthaburi
2022-03-28,5.3,32.5,23.6,87,chanthaburi
2022-03-29,16.8,31.5,23.4,92,chanthaburi
2022-03-30,7.3,31.4,23.0,90,chanthaburi
2022-03-31,3.2,32.9,23.3,87,chanthaburi
2022-04-01,6.0,32.8,22.9,86,chanthaburi
2022-04-02,0.0,25.7,20.2,76,chanthaburi
2022-04-03,0.8,27.7,18.1,68,chanthaburi
2022-04-04,0.0,30.3,20.1,62,chanthaburi
2022-04-05,0.1,31.9,23.2,65,chanthaburi
2022-04-06,0.6,33.8,23.7,74,chanthaburi
2022-04-07,1.3,32.4,23.9,77,chanthaburi
2022-04-08,0.0,33.4,23.2,63,chanthaburi
2022-04-09,0.1,34.1,22.6,73,chanthaburi
2022-04-10,0.7,32.4,22.7,80,chanthaburi
2022-04-11,4.4,32.1,23.5,82,chanthaburi
2022-04-12,0.2,31.9,24.0,83,chanthaburi
2022-04-13,2.3,31.5,24.2,85,chanthaburi
2022-04-14,3.1,32.7,24.5,84,chanthaburi
2022-04-15,0.0,33.8,23.8,80,chanthaburi
2022-04-16,1.0,33.4,24.8,79,chanthaburi
2022-04-17,18.3,30.1,24.7,90,chanthaburi
2022-04-18,15.8,31.1,23.8,91,chanthaburi
2022-04-19,3.0,31.8,23.5,82,chanthaburi
2022-04-20,0.5,32.6,22.8,79,chanthaburi
2022-04-21,13.9,31.5,22.7,88,chanthaburi
2022-04-22,12.7,30.7,24.3,91,chanthaburi
2022-04-23,6.9,32.0,23.5,87,chanthaburi
2022-04-24,7.6,31.4,24.2,87,chanthaburi
2022-04-25,3.7,31.1,24.7,86,chanthaburi
2022-04-26,2.9,31.5,24.9,86,chanthaburi
2022-04-27,2.2,32.8,25.0,82,chanthaburi
2022-04-28,29.6,33.0,23.9,90,chanthaburi
2022-04-29,3.5,32.9,23.3,89,chanthaburi
2022-04-30,13.3,32.3,23.6,88,chanthaburi
2022-05-01,25.0,30.5,23.2,93,chanthaburi
2022-05-02,19.6,27.7,22.4,89,chanthaburi
2022-05-03,2.0,25.6,20.6,81,chanthaburi
2022-05-04,2.2,28.0,20.6,80,chanthaburi
2022-05-05,0.4,29.4,22.2,81,chanthaburi
2022-05-06,7.6,30.9,23.4,90,chanthaburi
2022-05-07,10.0,32.7,24.1,89,chanthaburi
2022-05-08,6.2,32.6,23.6,89,chanthaburi
2022-05-09,16.5,31.7,23.5,90,chanthaburi
2022-05-10,7.6,30.7,23.8,89,chanthaburi
2022-05-11,25.7,29.2,23.7,93,chanthaburi
2022-05-12,5.2,30.5,24.0,88,chanthaburi
2022-05-13,10.3,31.4,24.3,87,chanthaburi
2022-05-14,4.5,31.5,24.4,85,chanthaburi
2022-05-15,13.2,29.9,25.4,90,chanthaburi
2022-05-16,5.1,30.4,24.1,89,chanthaburi
2022-05-17,7.9,29.1,23.4,91,chanthaburi
2022-05-18,12.3,29.6,23.3,89,chanthaburi
2022-05-19,35.0,27.3,23.3,95,chanthaburi
2022-05-20,36.3,28.5,23.2,92,chanthaburi
2022-05-21,48.3,27.6,23.2,95,chanthaburi
2022-05-22,63.3,26.6,22.6,98,chanthaburi
2022-05-23,28.8,27.9,22.1,93,chanthaburi
2022-05-24,15.1,29.6,24.0,88,chanthaburi
2022-05-25,5.9,30.4,23.8,87,chanthaburi
2022-05-26,10.2,29.1,25.5,87,chanthaburi
2022-05-27,26.2,29.1,23.4,92,chanthaburi
2022-05-28,13.1,27.4,23.4,91,chanthaburi
2022-05-29,10.5,29.3,23.0,89,chanthaburi
2022-05-30,23.3,30.0,23.9,87,chanthaburi
2022-05-31,21.0,30.1,24.0,89,chanthaburi
2022-06-01,5.1,31.1,23.8,87,chanthaburi
2022-06-02,5.5,29.8,24.6,86,chanthaburi
2022-06-03,5.8,29.4,24.0,87,chanthaburi
2022-06-04,18.7,27.4,23.7,96,chanthaburi
2022-06-05,6.7,30.1,23.4,87,chanthaburi
2022-06-06,5.6,30.5,23.4,86,chanthaburi
2022-06-07,5.0,29.9,23.9,86,chanthaburi
2022-06-08,7.0,30.4,24.1,86,chanthaburi
2022-06-09,0.9,31.2,24.8,84,chanthaburi
2022-06-10,2.9,30.9,24.7,87,chanthaburi
2022-06-11,6.2,30.9,24.5,89,chanthaburi
2022-06-12,4.2,31.3,24.2,86,chanthaburi
2022-06-13,4.3,31.4,24.0,87,chanthaburi
2022-06-14,2.5,31.0,24.6,85,chanthaburi
2022-06-15,5.2,29.3,24.7,87,chanthaburi
2022-06-16,4.7,30.6,23.8,88,chanthaburi
2022-06-17,0.5,31.3,24.0,85,chanthaburi
2022-06-18,2.2,31.5,25.1,85,chanthaburi
2022-06-19,2.8,31.2,24.4,87,chanthaburi
2022-06-20,11.7,31.2,23.6,90,chanthaburi
2022-06-21,0.8,30.8,24.4,87,chanthaburi
2022-06-22,6.3,29.8,24.3,87,chanthaburi
2022-06-23,13.3,29.5,23.2,89,chanthaburi
2022-06-24,20.6,29.6,23.1,90,chanthaburi
2022-06-25,5.0,29.6,23.9,89,chanthaburi
2022-06-26,8.4,29.3,24.0,92,chanthaburi
2022-06-27,8.8,29.1,24.0,90,chanthaburi
2022-06-28,6.3,29.3,23.3,88,chanthaburi
2022-06-29,2.5,30.8,24.3,85,chanthaburi
2022-06-30,32.7,30.0,23.9,90,chanthaburi
2022-07-01,19.4,29.6,24.1,89,chanthaburi
2022-07-02,31.1,26.7,23.7,97,chanthaburi
2022-07-03,37.1,28.0,23.5,96,chanthaburi
2022-07-04,22.3,28.8,23.3,93,chanthaburi
2022-07-05,18.8,28.3,24.0,91,chanthaburi
2022-07-06,5.4,29.7,24.7,86,chanthaburi
2022-07-07,29.4,29.7,23.2,91,chanthaburi
2022-07-08,21.7,30.5,23.7,89,chanthaburi
2022-07-09,14.6,29.3,23.9,94,chanthaburi
2022-07-10,32.5,26.5,23.0,93,chanthaburi
2022-07-11,24.0,27.6,23.3,94,chanthaburi
2022-07-12,28.1,26.8,23.5,96,chanthaburi
2022-07-13,20.1,26.0,23.6,97,chanthaburi
2022-07-14,47.2,28.9,23.4,92,chanthaburi
2022-07-15,8.9,28.2,24.0,91,chanthaburi
2022-07-16,14.1,29.1,23.0,90,chanthaburi
2022-07-17,14.7,28.6,23.8,91,chanthaburi
2022-07-18,1.3,30.6,24.4,87,chanthaburi
2022-07-19,17.4,29.6,24.3,91,chanthaburi
2022-07-20,27.4,29.0,24.4,95,chanthaburi
2022-07-21,53.1,25.6,23.3,99,chanthaburi
2022-07-22,24.9,28.7,22.8,88,chanthaburi
2022-07-23,3.5,29.8,23.1,89,chanthaburi
2022-07-24,9.1,31.5,23.1,89,chanthaburi
2022-07-25,7.3,31.8,23.1,88,chanthaburi
2022-07-26,8.2,31.4,23.5,91,chanthaburi
2022-07-27,6.0,31.3,23.8,90,chanthaburi
2022-07-28,12.9,27.5,23.7,92,chanthaburi
2022-07-29,0.3,30.8,23.8,87,chanthaburi
2022-07-30,2.3,30.6,24.1,84,chanthaburi
2022-07-31,18.4,28.7,23.7,90,chanthaburi
2022-08-01,29.0,27.6,23.5,95,chanthaburi
2022-08-02,31.8,26.4,23.6,98,chanthaburi
2022-08-03,17.5,26.3,23.3,95,chanthaburi
2022-08-04,15.2,29.9,23.4,89,chanthaburi
2022-08-05,44.0,28.0,23.3,94,chanthaburi
2022-08-06,44.7,28.0,23.0,93,chanthaburi
2022-08-07,35.9,26.4,22.5,97,chanthaburi
2022-08-08,44.0,26.6,22.9,96,chanthaburi
2022-08-09,11.3,26.4,23.0,92,chanthaburi
2022-08-10,19.0,27.3,22.3,92,chanthaburi
2022-08-11,57.7,25.0,22.8,98,chanthaburi
2022-08-12,21.9,28.8,22.7,89,chanthaburi
2022-08-13,3.9,29.4,22.9,86,chanthaburi
2022-08-14,0.2,30.7,23.1,83,chanthaburi
2022-08-15,17.8,29.4,23.8,91,chanthaburi
2022-08-16,29.4,27.9,23.6,96,chanthaburi
2022-08-17,16.5,27.8,23.4,92,chanthaburi
2022-08-18,21.1,29.5,23.3,88,chanthaburi
2022-08-19,9.2,30.3,23.4,88,chanthaburi
2022-08-20,31.7,27.1,23.9,96,chanthaburi
2022-08-21,28.4,30.0,22.9,91,chanthaburi
2022-08-22,29.0,28.5,23.3,92,chanthaburi
2022-08-23,1.8,30.9,23.6,86,chanthaburi
2022-08-24,7.7,30.4,24.2,90,chanthaburi
2022-08-25,25.8,28.2,23.5,92,chanthaburi
2022-08-26,33.7,28.3,23.1,95,chanthaburi
2022-08-27,10.9,29.8,23.4,91,chanthaburi
2022-08-28,17.2,31.6,23.1,91,chanthaburi
2022-08-29,12.3,31.5,23.3,90,chanthaburi
2022-08-30,7.8,30.6,23.1,91,chanthaburi
2022-08-31,8.6,30.4,23.3,91,chanthaburi
2022-09-01,7.6,31.5,23.3,89,chanthaburi
2022-09-02,6.7,31.2,23.8,88,chanthaburi
2022-09-03,10.2,29.4,23.8,92,chanthaburi
2022-09-04,20.5,27.8,23.8,94,chanthaburi
2022-09-05,14.4,27.3,23.6,93,chanthaburi
2022-09-06,10.9,28.5,23.4,92,chanthaburi
2022-09-07,54.4,26.5,22.8,98,chanthaburi
2022-09-08,111.8,26.7,22.8,96,chanthaburi
2022-09-09,1.9,29.3,22.7,89,chanthaburi
2022-09-10,12.2,30.3,22.8,92,chanthaburi
2022-09-11,7.7,31.1,22.4,89,chanthaburi
2022-09-12,16.1,27.5,23.1,95,chanthaburi
2022-09-13,15.6,29.9,23.2,93,chanthaburi
2022-09-14,11.2,28.2,23.3,91,chanthaburi
2022-09-15,17.7,28.6,23.3,90,chanthaburi
2022-09-16,5.9,29.9,23.8,87,chanthaburi
2022-09-17,38.1,27.9,23.0,91,chanthaburi
2022-09-18,34.3,26.4,23.0,95,chanthaburi
2022-09-19,32.3,28.5,22.6,91,chanthaburi
2022-09-20,10.3,29.4,23.3,93,chanthaburi
2022-09-21,8.6,29.5,22.6,93,chanthaburi
2022-09-22,19.9,28.1,22.7,94,chanthaburi
2022-09-23,10.5,28.9,22.8,91,chanthaburi
2022-09-24,16.1,28.0,23.8,92,chanthaburi
2022-09-25,14.6,28.1,22.9,94,chanthaburi
2022-09-26,21.2,27.4,22.8,97,chanthaburi
2022-09-27,33.7,28.3,22.9,95,chanthaburi
2022-09-28,3.2,27.4,22.7,91,chanthaburi
2022-09-29,46.0,25.5,21.8,98,chanthaburi
2022-09-30,25.8,27.5,23.1,95,chanthaburi
2022-10-01,16.2,29.1,23.1,91,chanthaburi
2022-10-02,31.4,29.6,23.2,94,chanthaburi
2022-10-03,41.5,27.0,23.2,96,chanthaburi
2022-10-04,12.2,30.8,22.8,92,chanthaburi
2022-10-05,17.2,30.6,23.4,90,chanthaburi
2022-10-06,36.9,29.6,22.8,96,chanthaburi
2022-10-07,17.3,30.9,22.8,92,chanthaburi
2022-10-08,18.2,30.1,22.8,94,chanthaburi
2022-10-09,11.3,29.4,23.3,93,chanthaburi
2022-10-10,9.1,30.1,22.4,93,chanthaburi
2022-10-11,22.5,28.4,22.4,90,chanthaburi
2022-10-12,0.0,30.1,23.3,78,chanthaburi
2022-10-13,0.0,29.4,22.6,75,chanthaburi
2022-10-14,0.0,28.7,21.8,73,chanthaburi
2022-10-15,0.0,26.5,21.0,72,chanthaburi
2022-10-16,0.0,27.0,18.8,78,chanthaburi
2022-10-17,0.0,29.9,20.6,78,chanthaburi
2022-10-18,0.0,29.6,23.1,67,chanthaburi
2022-10-19,0.0,29.5,22.6,66,chanthaburi
2022-10-20,1.2,30.3,22.9,75,chanthaburi
2022-10-21,23.4,28.8,23.2,89,chanthaburi
2022-10-22,13.8,30.2,23.2,93,chanthaburi
2022-10-23,5.8,31.0,22.9,85,chanthaburi
2022-10-24,0.6,32.3,23.4,83,chanthaburi
2022-10-25,0.0,31.7,23.5,73,chanthaburi
2022-10-26,6.0,31.0,24.4,84,chanthaburi
2022-10-27,13.3,29.3,23.5,91,chanthaburi
2022-10-28,5.9,30.5,23.5,85,chanthaburi
2022-10-29,0.0,30.1,22.8,74,chanthaburi
2022-10-30,0.0,30.8,23.1,69,chanthaburi
2022-10-31,0.0,30.1,23.0,69,chanthaburi
2022-11-01,0.0,29.5,22.3,67,chanthaburi
2022-11-02,0.0,29.5,20.7,62,chanthaburi
2022-11-03,0.0,31.1,19.4,60,chanthaburi
2022-11-04,0.0,30.9,19.7,61,chanthaburi
2022-11-05,9.7,31.0,23.1,78,chanthaburi
2022-11-06,1.7,29.9,22.3,84,chanthaburi
2022-11-07,2.6,31.4,22.2,80,chanthaburi
2022-11-08,0.0,31.4,23.3,61,chanthaburi
2022-11-09,0.0,31.3,22.5,63,chanthaburi
2022-11-10,0.0,32.7,22.3,71,chanthaburi
2022-11-11,0.8,32.9,24.1,73,chanthaburi
2022-11-12,1.8,32.8,24.8,76,chanthaburi
2022-11-13,2.3,32.3,24.2,77,chanthaburi
2022-11-14,4.6,32.3,23.3,88,chanthaburi
2022-11-15,3.1,32.5,23.0,82,chanthaburi
2022-11-16,4.6,31.6,22.7,89,chanthaburi
2022-11-17,15.4,31.0,22.8,94,chanthaburi
2022-11-18,4.2,31.2,22.8,92,chanthaburi
2022-11-19,0.6,31.2,22.9,85,chanthaburi
2022-11-20,3.0,29.4,23.4,85,chanthaburi
2022-11-21,1.4,29.5,23.1,86,chanthaburi
2022-11-22,0.0,30.5,23.8,78,chanthaburi
2022-11-23,11.5,28.3,23.8,91,chanthaburi
2022-11-24,14.0,27.7,22.9,94,chanthaburi
2022-11-25,9.8,28.9,22.5,93,chanthaburi
2022-11-26,15.1,27.9,22.2,93,chanthaburi
2022-11-27,13.5,28.8,22.6,94,chanthaburi
2022-11-28,9.5,29.4,22.6,93,chanthaburi
2022-11-29,4.0,30.8,22.9,91,chanthaburi
2022-11-30,0.1,32.0,22.7,86,chanthaburi
2022-12-01,0.1,31.6,23.2,83,chanthaburi
2022-12-02,0.1,30.3,23.4,78,chanthaburi
2022-12-03,0.1,29.4,22.5,76,chanthaburi
2022-12-04,0.2,27.7,23.9,80,chanthaburi
2022-12-05,2.3,31.0,24.1,78,chanthaburi
2022-12-06,0.0,30.1,23.1,74,chanthaburi
2022-12-07,0.4,30.6,23.4,71,chanthaburi
2022-12-08,0.9,28.6,23.6,77,chanthaburi
2022-12-09,1.9,30.3,23.2,78,chanthaburi
2022-12-10,0.0,30.9,23.4,74,chanthaburi
2022-12-11,0.0,30.7,22.7,73,chanthaburi
2022-12-12,0.0,30.4,21.6,73,chanthaburi
2022-12-13,0.0,27.1,20.1,67,chanthaburi
2022-12-14,0.0,27.0,18.9,64,chanthaburi
2022-12-15,0.0,28.6,19.3,65,chanthaburi
2022-12-16,0.0,30.5,21.1,66,chanthaburi
2022-12-17,0.0,30.1,22.7,65,chanthaburi
2022-12-18,0.0,24.6,17.7,55,chanthaburi
2022-12-19,0.0,25.6,16.8,57,chanthaburi
2022-12-20,0.0,28.2,18.8,61,chanthaburi
2022-12-21,0.0,29.5,20.9,63,chanthaburi
2022-12-22,0.0,29.9,21.1,67,chanthaburi
2022-12-23,0.0,30.1,20.3,65,chanthaburi
2022-12-24,0.0,28.8,20.1,63,chanthaburi
2022-12-25,0.0,28.8,19.4,61,chanthaburi
2022-12-26,0.0,28.2,19.7,62,chanthaburi
2022-12-27,0.0,29.6,18.4,67,chanthaburi
2022-12-28,0.0,29.1,17.3,68,chanthaburi
2022-12-29,0.0,29.8,18.0,65,chanthaburi
2022-12-30,0.0,29.3,20.5,63,chanthaburi
2022-12-31,0.0,28.4,20.2,62,chanthaburi
2023-01-01,0.0,27.7,19.1,63,chanthaburi
2023-01-02,0.0,27.5,20.6,63,chanthaburi
2023-01-03,0.0,29.8,21.2,62,chanthaburi
2023-01-04,0.0,30.2,21.8,60,chanthaburi
2023-01-05,0.0,28.7,21.7,61,chanthaburi
2023-01-06,0.0,27.3,22.5,61,chanthaburi
2023-01-07,3.1,25.1,17.8,60,chanthaburi
2023-01-08,0.0,25.8,21.4,60,chanthaburi
2023-01-09,1.0,31.4,22.1,62,chanthaburi
2023-01-10,2.5,28.1,23.5,80,chanthaburi
2023-01-11,8.2,27.6,22.1,90,chanthaburi
2023-01-12,4.7,27.4,21.9,93,chanthaburi
2023-01-13,4.3,29.5,21.6,91,chanthaburi
2023-01-14,0.0,30.9,21.8,88,chanthaburi
2023-01-15,0.1,31.0,20.4,87,chanthaburi
2023-01-16,0.0,31.2,21.0,83,chanthaburi
2023-01-17,0.0,31.1,20.2,73,chanthaburi
2023-01-18,0.0,29.5,21.7,68,chanthaburi
2023-01-19,0.0,29.4,20.6,62,chanthaburi
2023-01-20,0.0,30.0,21.3,62,chanthaburi
2023-01-21,0.0,30.1,21.5,58,chanthaburi
2023-01-22,0.0,31.6,21.0,59,chanthaburi
2023-01-23,0.0,33.1,22.0,62,chanthaburi
2023-01-24,0.0,32.6,23.0,58,chanthaburi
2023-01-25,0.0,28.2,19.0,51,chanthaburi
2023-01-26,0.0,31.0,20.0,55,chanthaburi
2023-01-27,0.0,31.4,21.0,56,chanthaburi
2023-01-28,0.0,28.2,19.8,53,chanthaburi
2023-01-29,0.0,26.7,18.1,50,chanthaburi
2023-01-30,0.0,27.5,17.3,49,chanthaburi
2023-01-31,0.0,31.1,20.0,52,chanthaburi
2023-02-01,0.0,33.0,19.7,64,chanthaburi
2023-02-02,0.3,34.4,22.4,65,chanthaburi
2023-02-03,24.4,30.1,23.1,91,chanthaburi
2023-02-04,2.4,32.7,22.2,87,chanthaburi
2023-02-05,4.5,31.4,22.0,89,chanthaburi
2023-02-06,0.7,31.7,21.9,86,chanthaburi
2023-02-07,2.1,30.2,23.0,85,chanthaburi
2023-02-08,0.4,32.7,22.0,84,chanthaburi
2023-02-09,5.0,29.7,23.1,87,chanthaburi
2023-02-10,4.3,30.9,22.5,90,chanthaburi
2023-02-11,0.4,32.1,22.1,84,chanthaburi
2023-02-12,0.2,31.1,22.4,84,chanthaburi
2023-02-13,2.6,30.8,23.0,85,chanthaburi
2023-02-14,5.6,32.4,22.7,86,chanthaburi
2023-02-15,9.8,27.9,22.1,91,chanthaburi
2023-02-16,1.4,31.1,21.5,71,chanthaburi
2023-02-17,0.0,31.3,22.3,61,chanthaburi
2023-02-18,0.0,31.6,22.1,62,chanthaburi
2023-02-19,0.0,32.8,22.2,61,chanthaburi
2023-02-20,0.0,32.2,21.9,66,chanthaburi
2023-02-21,0.0,32.5,20.9,70,chanthaburi
2023-02-22,0.0,33.2,20.8,69,chanthaburi
2023-02-23,0.0,33.1,20.3,69,chanthaburi
2023-02-24,0.0,34.6,20.7,64,chanthaburi
2023-02-25,0.0,32.2,22.2,55,chanthaburi
2023-02-26,0.0,30.5,20.4,52,chanthaburi
2023-02-27,0.0,31.1,20.2,51,chanthaburi
2023-02-28,0.0,33.1,22.0,52,chanthaburi
2023-03-01,0.0,34.1,22.8,55,chanthaburi
2023-03-02,0.0,34.6,24.0,59,chanthaburi
2023-03-03,0.0,33.5,23.6,58,chanthaburi
2023-03-04,0.0,32.8,21.6,58,chanthaburi
2023-03-05,0.0,32.7,22.1,51,chanthaburi
2023-03-06,0.0,33.2,20.3,57,chanthaburi
2023-03-07,0.0,34.1,20.0,68,chanthaburi
2023-03-08,0.0,34.7,20.4,76,chanthaburi
2023-03-09,1.3,33.8,22.0,80,chanthaburi
2023-03-10,0.5,33.3,22.3,80,chanthaburi
2023-03-11,0.5,33.4,22.2,81,chanthaburi
2023-03-12,2.5,30.9,22.6,85,chanthaburi
2023-03-13,1.2,32.6,22.8,80,chanthaburi
2023-03-14,0.0,33.3,22.8,70,chanthaburi
2023-03-15,1.3,30.2,21.7,82,chanthaburi
2023-03-16,3.3,30.2,21.7,82,chanthaburi
2023-03-17,1.4,31.0,21.4,81,chanthaburi
2023-03-18,1.3,31.8,22.6,81,chanthaburi
2023-03-19,2.6,31.1,23.0,83,chanthaburi
2023-03-20,1.2,31.6,23.4,81,chanthaburi
2023-03-21,0.3,32.1,24.0,80,chanthaburi
2023-03-22,0.1,32.2,24.1,81,chanthaburi
2023-03-23,0.0,32.5,24.2,79,chanthaburi
2023-03-24,0.0,32.9,23.2,81,chanthaburi
2023-03-25,0.0,33.0,23.5,79,chanthaburi
2023-03-26,2.7,32.8,24.3,80,chanthaburi
2023-03-27,2.4,33.3,23.8,79,chanthaburi
2023-03-28,7.9,33.4,24.5,82,chanthaburi
2023-03-29,13.9,31.6,22.2,88,chanthaburi
2023-03-30,7.0,32.6,22.5,83,chanthaburi
2023-03-31,6.2,32.4,24.3,83,chanthaburi
2023-04-01,1.1,30.6,24.2,83,chanthaburi
2023-04-02,1.3,32.2,24.4,81,chanthaburi
2023-04-03,0.0,32.6,23.4,80,chanthaburi
2023-04-04,0.1,32.6,23.7,79,chanthaburi
2023-04-05,3.2,32.9,24.5,79,chanthaburi
2023-04-06,3.1,33.0,24.6,83,chanthaburi
2023-04-07,16.7,31.3,23.4,88,chanthaburi
2023-04-08,6.7,33.4,23.7,87,chanthaburi
2023-04-09,8.1,33.0,23.2,87,chanthaburi
2023-04-10,3.6,31.6,24.2,86,chanthaburi
2023-04-11,3.5,32.3,24.0,85,chanthaburi
2023-04-12,3.4,31.9,25.0,85,chanthaburi
2023-04-13,5.9,31.9,25.1,88,chanthaburi
2023-04-14,0.2,33.0,25.0,84,chanthaburi
2023-04-15,1.1,33.2,24.8,85,chanthaburi
2023-04-16,7.2,30.2,24.2,88,chanthaburi
2023-04-17,0.0,33.1,23.8,80,chanthaburi
2023-04-18,2.4,33.0,24.6,80,chanthaburi
2023-04-19,4.3,32.3,25.6,82,chanthaburi
2023-04-20,2.1,32.5,25.7,83,chanthaburi
2023-04-21,2.4,32.9,25.7,82,chanthaburi
2023-04-22,4.2,32.8,25.4,82,chanthaburi
2023-04-23,1.1,33.0,25.2,82,chanthaburi
2023-04-24,2.5,34.1,25.1,79,chanthaburi
2023-04-25,33.4,33.4,24.3,88,chanthaburi
2023-04-26,45.2,29.4,23.4,92,chanthaburi
2023-04-27,6.5,33.4,23.8,88,chanthaburi
2023-04-28,5.5,32.3,23.9,91,chanthaburi
2023-04-29,5.7,31.7,24.6,91,chanthaburi
2023-04-30,0.8,31.7,24.4,88,chanthaburi
2023-05-01,7.6,31.4,24.0,88,chanthaburi
2023-05-02,7.6,32.1,23.5,89,chanthaburi
2023-05-03,3.2,31.9,24.4,88,chanthaburi
2023-05-04,3.9,32.1,24.3,87,chanthaburi
2023-05-05,0.8,32.5,25.1,84,chanthaburi
2023-05-06,0.7,32.9,25.8,85,chanthaburi
2023-05-07,0.5,33.1,26.5,85,chanthaburi
2023-05-08,12.4,31.7,25.8,87,chanthaburi
2023-05-09,10.7,32.3,25.2,90,chanthaburi
2023-05-10,9.1,31.0,24.1,92,chanthaburi
2023-05-11,1.0,33.4,24.3,81,chanthaburi
2023-05-12,2.2,31.8,24.5,83,chanthaburi
2023-05-13,0.1,32.6,24.8,79,chanthaburi
2023-05-14,4.4,31.3,24.4,83,chanthaburi
2023-05-15,13.5,30.8,23.7,87,chanthaburi
2023-05-16,2.9,31.9,24.0,84,chanthaburi
2023-05-17,15.0,31.9,23.9,85,chanthaburi
2023-05-18,3.0,32.2,24.9,85,chanthaburi
2023-05-19,2.5,32.9,25.0,83,chanthaburi
2023-05-20,3.8,32.5,24.1,85,chanthaburi
2023-05-21,1.0,32.1,25.4,85,chanthaburi
2023-05-22,15.3,30.3,25.7,88,chanthaburi
2023-05-23,7.8,29.8,25.5,89,chanthaburi
2023-05-24,14.2,30.8,24.5,89,chanthaburi
2023-05-25,14.0,30.1,23.8,89,chanthaburi
2023-05-26,2.1,31.9,23.8,87,chanthaburi
2023-05-27,12.2,31.4,24.6,87,chanthaburi
2023-05-28,27.2,30.3,24.3,92,chanthaburi
2023-05-29,11.2,28.9,23.7,92,chanthaburi
2023-05-30,3.8,31.0,23.6,87,chanthaburi
2023-05-31,13.5,30.6,25.0,87,chanthaburi
2023-06-01,28.6,31.0,23.4,87,chanthaburi
2023-06-02,5.1,30.9,24.6,87,chanthaburi
2023-06-03,17.0,31.1,24.3,87,chanthaburi
2023-06-04,2.9,31.1,25.7,84,chanthaburi
2023-06-05,13.0,30.3,25.1,86,chanthaburi
2023-06-06,38.3,28.9,24.0,93,chanthaburi
2023-06-07,39.4,27.1,23.7,96,chanthaburi
2023-06-08,33.9,27.5,23.2,95,chanthaburi
2023-06-09,32.9,27.8,23.8,94,chanthaburi
2023-06-10,19.2,26.8,23.6,95,chanthaburi
2023-06-11,55.4,26.3,23.3,95,chanthaburi
2023-06-12,14.4,29.5,24.0,90,chanthaburi
2023-06-13,16.9,29.6,23.9,86,chanthaburi
2023-06-14,4.6,30.5,24.4,84,chanthaburi
2023-06-15,2.6,30.2,25.6,84,chanthaburi
2023-06-16,4.0,30.5,25.4,83,chanthaburi
2023-06-17,32.9,29.4,24.2,90,chanthaburi
2023-06-18,22.7,26.8,24.1,95,chanthaburi
2023-06-19,1.0,30.0,23.7,88,chanthaburi
2023-06-20,5.1,30.2,24.4,88,chanthaburi
2023-06-21,10.2,29.1,24.1,90,chanthaburi
2023-06-22,5.2,31.1,24.0,89,chanthaburi
2023-06-23,0.6,33.2,24.0,85,chanthaburi
2023-06-24,17.2,30.7,23.6,91,chanthaburi
2023-06-25,9.1,30.9,24.7,90,chanthaburi
2023-06-26,14.4,31.2,24.5,91,chanthaburi
2023-06-27,5.5,31.8,24.3,89,chanthaburi
2023-06-28,5.5,30.6,24.1,89,chanthaburi
2023-06-29,5.1,31.4,24.5,88,chanthaburi
2023-06-30,3.2,30.5,25.0,87,chanthaburi
2023-07-01,21.9,28.9,24.4,93,chanthaburi
2023-07-02,30.5,29.0,24.1,91,chanthaburi
2023-07-03,10.6,29.9,23.8,89,chanthaburi
2023-07-04,4.0,30.1,24.2,90,chanthaburi
2023-07-05,0.2,31.4,24.0,82,chanthaburi
2023-07-06,0.5,31.9,23.5,82,chanthaburi
2023-07-07,4.6,30.8,24.2,91,chanthaburi
2023-07-08,14.6,30.7,23.9,91,chanthaburi
2023-07-09,17.8,29.4,23.5,91,chanthaburi
2023-07-10,9.6,28.4,23.4,92,chanthaburi
2023-07-11,16.9,30.5,23.6,93,chanthaburi
2023-07-12,0.6,31.3,23.3,88,chanthaburi
2023-07-13,5.9,31.1,23.8,89,chanthaburi
2023-07-14,17.0,29.9,23.7,90,chanthaburi
2023-07-15,7.2,30.8,24.3,85,chanthaburi
2023-07-16,15.9,30.1,25.9,85,chanthaburi
2023-07-17,33.2,28.8,24.0,88,chanthaburi
2023-07-18,28.8,29.1,25.2,88,chanthaburi
2023-07-19,22.8,29.5,24.9,89,chanthaburi
2023-07-20,35.6,28.4,23.7,95,chanthaburi
2023-07-21,21.4,28.6,23.2,94,chanthaburi
2023-07-22,13.1,29.1,23.9,94,chanthaburi
2023-07-23,41.8,28.5,23.0,95,chanthaburi
2023-07-24,14.1,26.2,23.5,96,chanthaburi
2023-07-25,47.7,28.0,22.8,93,chanthaburi
2023-07-26,35.9,30.1,23.6,92,chanthaburi
2023-07-27,28.6,30.3,23.9,91,chanthaburi
2023-07-28,31.3,30.0,25.7,89,chanthaburi
2023-07-29,67.2,28.2,24.4,93,chanthaburi
2023-07-30,38.1,27.1,23.8,96,chanthaburi
2023-07-31,24.7,26.8,23.7,96,chanthaburi
2023-08-01,11.5,30.4,23.1,90,chanthaburi
2023-08-02,13.8,28.4,23.2,93,chanthaburi
2023-08-03,23.4,27.4,23.5,94,chanthaburi
2023-08-04,19.8,28.6,23.5,94,chanthaburi
2023-08-05,5.8,29.8,22.9,89,chanthaburi
2023-08-06,33.8,28.2,24.6,92,chanthaburi
2023-08-07,11.0,28.6,23.8,91,chanthaburi
2023-08-08,9.9,28.5,24.5,90,chanthaburi
2023-08-09,11.2,30.4,24.1,87,chanthaburi
2023-08-10,4.9,30.0,23.9,87,chanthaburi
2023-08-11,9.4,29.9,24.5,87,chanthaburi
2023-08-12,29.7,29.4,24.2,91,chanthaburi
2023-08-13,5.8,29.5,24.2,89,chanthaburi
2023-08-14,15.2,30.6,24.2,89,chanthaburi
2023-08-15,24.1,29.3,23.5,90,chanthaburi
2023-08-16,9.9,29.8,25.0,85,chanthaburi
2023-08-17,8.9,29.9,23.7,89,chanthaburi
2023-08-18,41.9,30.0,23.8,92,chanthaburi
2023-08-19,7.1,31.3,23.7,90,chanthaburi
2023-08-20,11.2,30.9,23.3,93,chanthaburi
2023-08-21,27.8,28.6,23.0,93,chanthaburi
2023-08-22,13.0,30.1,23.3,89,chanthaburi
2023-08-23,11.6,29.3,23.8,90,chanthaburi
2023-08-24,25.8,29.7,23.7,91,chanthaburi
2023-08-25,6.1,30.5,24.0,87,chanthaburi
2023-08-26,32.3,30.1,24.0,92,chanthaburi
2023-08-27,13.3,29.7,23.8,92,chanthaburi
2023-08-28,9.1,30.6,23.3,88,chanthaburi
2023-08-29,9.2,29.1,24.4,89,chanthaburi
2023-08-30,22.2,28.0,24.5,92,chanthaburi
2023-08-31,14.8,30.2,23.6,94,chanthaburi
2023-09-01,53.8,29.0,23.4,94,chanthaburi
2023-09-02,30.2,28.4,23.8,93,chanthaburi
2023-09-03,8.8,29.6,24.0,89,chanthaburi
2023-09-04,20.3,30.1,24.4,91,chanthaburi
2023-09-05,34.5,28.4,24.1,95,chanthaburi
2023-09-06,4.9,30.4,23.8,90,chanthaburi
2023-09-07,29.2,28.8,23.4,92,chanthaburi
2023-09-08,42.3,29.7,23.5,92,chanthaburi
2023-09-09,8.6,30.9,23.5,91,chanthaburi
2023-09-10,38.4,26.7,23.7,96,chanthaburi
2023-09-11,26.0,28.8,23.4,94,chanthaburi
2023-09-12,22.8,27.2,23.4,93,chanthaburi
2023-09-13,2.6,29.7,25.2,83,chanthaburi
2023-09-14,42.7,28.1,23.9,95,chanthaburi
2023-09-15,47.7,27.5,23.6,97,chanthaburi
2023-09-16,19.4,28.5,23.8,92,chanthaburi
2023-09-17,34.8,28.3,23.8,96,chanthaburi
2023-09-18,6.4,28.1,23.5,94,chanthaburi
2023-09-19,6.4,32.0,22.7,90,chanthaburi
2023-09-20,12.3,30.3,23.9,91,chanthaburi
2023-09-21,7.4,31.7,24.0,92,chanthaburi
2023-09-22,10.0,31.4,23.6,91,chanthaburi
2023-09-23,14.3,30.1,23.3,94,chanthaburi
2023-09-24,15.4,31.5,23.8,93,chanthaburi
2023-09-25,6.0,31.2,23.4,92,chanthaburi
2023-09-26,18.7,27.8,23.1,95,chanthaburi
2023-09-27,62.8,25.7,22.6,99,chanthaburi
2023-09-28,58.4,25.9,23.4,98,chanthaburi
2023-09-29,26.8,28.2,22.9,91,chanthaburi
2023-09-30,0.9,29.7,23.8,85,chanthaburi
2023-10-01,20.8,31.3,24.0,91,chanthaburi
2023-10-02,14.4,29.4,24.3,92,chanthaburi
2023-10-03,27.2,27.9,23.3,97,chanthaburi
2023-10-04,15.2,28.8,23.4,94,chanthaburi
2023-10-05,8.1,29.9,23.9,92,chanthaburi
2023-10-06,13.5,28.7,24.3,93,chanthaburi
2023-10-07,12.4,29.5,23.5,92,chanthaburi
2023-10-08,18.6,29.3,23.9,94,chanthaburi
2023-10-09,8.4,28.0,24.2,97,chanthaburi
2023-10-10,16.6,31.0,23.6,92,chanthaburi
2023-10-11,1.8,30.3,23.3,89,chanthaburi
2023-10-12,3.0,30.8,23.7,88,chanthaburi
2023-10-13,5.4,31.9,24.0,90,chanthaburi
2023-10-14,9.5,31.8,23.6,90,chanthaburi
2023-10-15,5.4,30.3,23.1,90,chanthaburi
2023-10-16,0.2,31.6,23.6,87,chanthaburi
2023-10-17,11.3,28.7,23.9,93,chanthaburi
2023-10-18,12.3,30.0,24.0,93,chanthaburi
2023-10-19,5.8,30.0,23.6,93,chanthaburi
2023-10-20,11.0,30.3,23.6,93,chanthaburi
2023-10-21,6.1,30.8,23.8,92,chanthaburi
2023-10-22,8.4,29.6,23.6,90,chanthaburi
2023-10-23,1.0,31.0,23.7,87,chanthaburi
2023-10-24,1.1,31.3,23.9,87,chanthaburi
2023-10-25,16.7,29.3,22.9,92,chanthaburi
2023-10-26,5.5,30.9,23.3,91,chanthaburi
2023-10-27,2.4,30.3,23.3,90,chanthaburi
2023-10-28,4.7,30.8,23.8,92,chanthaburi
2023-10-29,7.3,31.0,23.7,91,chanthaburi
2023-10-30,30.0,29.9,24.1,89,chanthaburi
2023-10-31,0.8,30.1,23.6,84,chanthaburi
2023-11-01,0.3,30.9,24.3,81,chanthaburi
2023-11-02,8.1,30.4,24.4,85,chanthaburi
2023-11-03,4.6,31.5,22.9,88,chanthaburi
2023-11-04,12.9,31.5,23.6,94,chanthaburi
2023-11-05,6.5,31.6,22.9,92,chanthaburi
2023-11-06,11.2,32.0,22.6,91,chanthaburi
2023-11-07,9.9,31.2,23.5,93,chanthaburi
2023-11-08,3.7,31.1,23.6,92,chanthaburi
2023-11-09,10.1,29.2,23.8,95,chanthaburi
2023-11-10,10.4,30.9,23.9,93,chanthaburi
2023-11-11,4.7,31.0,23.5,90,chanthaburi
2023-11-12,7.4,30.2,24.0,88,chanthaburi
2023-11-13,0.1,31.8,24.2,79,chanthaburi
2023-11-14,3.8,30.9,25.0,82,chanthaburi
2023-11-15,0.5,31.0,24.6,78,chanthaburi
2023-11-16,1.6,30.8,24.9,81,chanthaburi
2023-11-17,0.1,28.6,22.6,71,chanthaburi
2023-11-18,0.0,26.7,20.4,65,chanthaburi
2023-11-19,0.0,27.4,20.4,67,chanthaburi
2023-11-20,0.0,28.2,20.6,69,chanthaburi
2023-11-21,0.0,29.6,21.5,72,chanthaburi
2023-11-22,0.0,31.6,22.4,74,chanthaburi
2023-11-23,0.1,31.0,23.0,72,chanthaburi
2023-11-24,0.1,31.4,23.8,72,chanthaburi
2023-11-25,0.0,31.2,23.6,66,chanthaburi
2023-11-26,1.9,28.5,24.4,75,chanthaburi
2023-11-27,0.0,30.5,23.4,75,chanthaburi
2023-11-28,0.0,28.8,22.8,65,chanthaburi
2023-11-29,0.0,31.3,22.7,64,chanthaburi
2023-11-30,0.0,32.6,24.5,68,chanthaburi
2023-12-01,1.6,32.0,23.9,76,chanthaburi
2023-12-02,0.4,32.2,23.9,74,chanthaburi
2023-12-03,0.7,31.6,24.9,74,chanthaburi
2023-12-04,2.0,32.4,24.4,75,chanthaburi
2023-12-05,4.7,31.1,24.3,84,chanthaburi
2023-12-06,0.2,32.8,23.4,81,chanthaburi
2023-12-07,0.6,31.4,23.6,76,chanthaburi
2023-12-08,0.0,32.5,24.3,70,chanthaburi
2023-12-09,0.0,33.7,22.6,75,chanthaburi
2023-12-10,0.0,33.9,22.5,76,chanthaburi
2023-12-11,0.1,33.5,23.0,76,chanthaburi
2023-12-12,0.0,34.6,22.1,77,chanthaburi
2023-12-13,0.0,33.1,22.2,72,chanthaburi
2023-12-14,0.1,33.5,25.0,63,chanthaburi
2023-12-15,0.9,33.1,24.5,65,chanthaburi
2023-12-16,0.5,32.4,23.3,70,chanthaburi
2023-12-17,0.0,32.8,23.4,69,chanthaburi
2023-12-18,0.0,32.3,23.8,65,chanthaburi
2023-12-19,0.8,32.6,23.9,66,chanthaburi
2023-12-20,0.0,32.3,24.1,65,chanthaburi
2023-12-21,0.0,29.4,22.1,57,chanthaburi
2023-12-22,0.0,26.6,18.6,54,chanthaburi
2023-12-23,0.0,26.6,17.7,53,chanthaburi
2023-12-24,0.0,25.2,19.6,54,chanthaburi
2023-12-25,0.0,25.7,18.7,56,chanthaburi
2023-12-26,0.0,28.2,20.8,56,chanthaburi
2023-12-27,0.0,30.7,21.8,59,chanthaburi
2023-12-28,0.0,32.5,21.8,64,chanthaburi
2023-12-29,0.1,32.7,24.6,61,chanthaburi
2023-12-30,0.5,33.2,24.2,64,chanthaburi
2023-12-31,0.0,33.7,23.9,67,chanthaburi
2024-01-01,0.4,32.9,23.7,73,chanthaburi
2024-01-02,0.0,34.2,21.7,69,chanthaburi
2024-01-03,0.0,33.7,23.1,62,chanthaburi
2024-01-04,0.0,33.3,23.5,59,chanthaburi
2024-01-05,0.0,33.2,23.3,59,chanthaburi
2024-01-06,0.0,33.1,22.1,59,chanthaburi
2024-01-07,0.0,33.3,22.7,58,chanthaburi
2024-01-08,0.0,33.7,22.2,64,chanthaburi
2024-01-09,0.0,34.6,21.1,72,chanthaburi
2024-01-10,0.0,34.8,21.6,77,chanthaburi
2024-01-11,2.0,33.1,23.2,86,chanthaburi
2024-01-12,1.0,32.5,23.5,83,chanthaburi
2024-01-13,1.8,32.3,23.1,83,chanthaburi
2024-01-14,0.0,32.6,21.1,68,chanthaburi
2024-01-15,0.0,32.4,22.7,58,chanthaburi
2024-01-16,0.0,32.4,22.6,58,chanthaburi
2024-01-17,0.0,32.8,22.9,55,chanthaburi
2024-01-18,0.0,33.5,20.7,61,chanthaburi
2024-01-19,0.0,34.9,20.8,67,chanthaburi
2024-01-20,0.2,32.9,21.6,79,chanthaburi
2024-01-21,1.2,32.1,22.5,83,chanthaburi
2024-01-22,4.2,31.1,22.5,86,chanthaburi
2024-01-23,1.8,32.6,23.8,80,chanthaburi
2024-01-24,0.2,31.9,22.6,59,chanthaburi
2024-01-25,0.0,32.2,22.9,51,chanthaburi
2024-01-26,0.0,32.2,22.6,52,chanthaburi
2024-01-27,0.0,33.3,23.6,54,chanthaburi
2024-01-28,0.0,33.2,22.5,56,chanthaburi
2024-01-29,0.8,34.5,22.6,63,chanthaburi
2024-01-30,0.9,33.6,22.3,73,chanthaburi
2024-01-31,1.8,32.3,22.1,82,chanthaburi
2024-02-01,1.3,31.7,23.3,84,chanthaburi
2024-02-02,2.4,31.1,22.9,85,chanthaburi
2024-02-03,2.8,31.5,22.6,85,chanthaburi
2024-02-04,0.2,31.9,23.6,83,chanthaburi
2024-02-05,5.5,32.8,23.6,85,chanthaburi
2024-02-06,6.6,32.5,23.5,87,chanthaburi
2024-02-07,1.3,32.2,23.3,86,chanthaburi
2024-02-08,1.3,31.9,23.2,86,chanthaburi
2024-02-09,1.9,32.8,23.8,86,chanthaburi
2024-02-10,1.3,34.2,23.3,81,chanthaburi
2024-02-11,0.0,32.4,22.6,53,chanthaburi
2024-02-12,0.0,32.2,22.2,51,chanthaburi
2024-02-13,0.0,33.7,23.1,52,chanthaburi
2024-02-14,0.0,36.3,21.8,62,chanthaburi
2024-02-15,2.2,35.3,22.7,78,chanthaburi
2024-02-16,4.0,33.2,23.4,85,chanthaburi
2024-02-17,6.0,30.8,22.5,89,chanthaburi
2024-02-18,1.1,31.8,23.1,83,chanthaburi
2024-02-19,0.8,31.7,22.7,82,chanthaburi
2024-02-20,0.2,32.6,23.8,82,chanthaburi
2024-02-21,1.3,32.3,23.8,80,chanthaburi
2024-02-22,2.2,31.6,24.0,83,chanthaburi
2024-02-23,1.7,31.7,24.0,83,chanthaburi
2024-02-24,1.8,32.5,24.7,84,chanthaburi
2024-02-25,3.4,31.8,22.8,85,chanthaburi
2024-02-26,0.2,35.8,23.1,79,chanthaburi
2024-02-27,3.2,34.6,23.2,81,chanthaburi
2024-02-28,1.6,32.1,24.0,83,chanthaburi
2024-02-29,6.8,31.1,23.7,86,chanthaburi
2024-03-01,1.9,32.4,23.4,85,chanthaburi
2024-03-02,8.0,32.0,23.4,87,chanthaburi
2024-03-03,2.2,33.5,22.8,83,chanthaburi
2024-03-04,1.8,31.3,24.3,84,chanthaburi
2024-03-05,0.5,32.8,24.7,81,chanthaburi
2024-03-06,0.0,33.6,24.6,81,chanthaburi
2024-03-07,0.4,34.2,24.4,79,chanthaburi
2024-03-08,6.3,33.3,24.8,86,chanthaburi
2024-03-09,6.2,32.6,24.3,88,chanthaburi
2024-03-10,1.4,31.6,23.7,84,chanthaburi
2024-03-11,14.0,31.5,24.2,88,chanthaburi
2024-03-12,4.0,30.1,23.5,90,chanthaburi
2024-03-13,0.4,31.2,23.2,86,chanthaburi
2024-03-14,0.1,31.1,23.6,84,chanthaburi
2024-03-15,1.7,31.7,23.8,83,chanthaburi
2024-03-16,3.9,30.9,24.6,84,chanthaburi
2024-03-17,1.0,32.9,22.8,81,chanthaburi
2024-03-18,3.1,33.3,23.7,84,chanthaburi
2024-03-19,11.9,30.3,24.6,90,chanthaburi
2024-03-20,6.0,32.5,22.7,86,chanthaburi
2024-03-21,4.9,33.2,23.3,79,chanthaburi
2024-03-22,6.7,29.7,23.6,89,chanthaburi
2024-03-23,4.5,31.1,24.2,88,chanthaburi
2024-03-24,0.8,32.4,23.7,84,chanthaburi
2024-03-25,2.3,32.4,24.9,84,chanthaburi
2024-03-26,4.0,32.6,25.0,85,chanthaburi
2024-03-27,11.1,32.4,23.6,84,chanthaburi
2024-03-28,1.6,32.8,24.7,85,chanthaburi
2024-03-29,4.7,32.4,24.5,86,chanthaburi
2024-03-30,10.7,32.0,24.0,85,chanthaburi
2024-03-31,0.6,33.6,24.8,80,chanthaburi
2024-04-01,0.2,33.2,25.0,81,chanthaburi
2024-04-02,0.1,33.0,24.6,80,chanthaburi
2024-04-03,0.3,33.5,23.8,80,chanthaburi
2024-04-04,0.8,33.6,24.2,81,chanthaburi
2024-04-05,0.8,33.8,25.1,81,chanthaburi
2024-04-06,0.2,34.1,26.1,78,chanthaburi
2024-04-07,2.1,33.2,25.6,80,chanthaburi
2024-04-08,0.0,34.4,25.6,76,chanthaburi
2024-04-09,10.2,33.5,25.5,83,chanthaburi
2024-04-10,4.8,33.8,24.5,83,chanthaburi
2024-04-11,2.4,33.3,25.3,85,chanthaburi
2024-04-12,3.6,33.7,25.3,82,chanthaburi
2024-04-13,3.0,32.8,24.8,82,chanthaburi
2024-04-14,2.0,32.9,25.6,82,chanthaburi
2024-04-15,0.8,33.5,24.9,79,chanthaburi
2024-04-16,1.5,33.1,25.2,82,chanthaburi
2024-04-17,0.3,33.6,25.1,80,chanthaburi
2024-04-18,0.9,33.5,25.6,79,chanthaburi
2024-04-19,1.7,33.4,25.9,78,chanthaburi
2024-04-20,0.3,33.8,26.3,78,chanthaburi
2024-04-21,0.3,33.9,26.4,78,chanthaburi
2024-04-22,4.2,33.6,25.6,80,chanthaburi
2024-04-23,0.9,34.2,25.9,77,chanthaburi
2024-04-24,0.9,34.5,25.2,78,chanthaburi
2024-04-25,0.0,34.6,26.0,78,chanthaburi
2024-04-26,0.0,34.3,25.5,77,chanthaburi
2024-04-27,0.0,34.8,24.7,78,chanthaburi
2024-04-28,1.4,34.5,26.3,77,chanthaburi
2024-04-29,0.0,35.0,26.1,77,chanthaburi
2024-04-30,0.1,34.7,26.8,77,chanthaburi
2024-05-01,0.0,34.8,26.1,78,chanthaburi
2024-05-02,2.3,34.6,26.1,79,chanthaburi
2024-05-03,0.1,34.9,25.6,76,chanthaburi
2024-05-04,1.6,34.9,25.5,76,chanthaburi
2024-05-05,3.0,34.8,26.2,79,chanthaburi
2024-05-06,4.4,35.2,26.6,82,chanthaburi
2024-05-07,4.7,32.3,25.2,84,chanthaburi
2024-05-08,4.9,34.8,25.0,81,chanthaburi
2024-05-09,16.8,32.9,25.6,90,chanthaburi
2024-05-10,22.8,34.7,25.2,91,chanthaburi
2024-05-11,26.0,30.8,23.6,91,chanthaburi
2024-05-12,2.9,33.9,24.9,87,chanthaburi
2024-05-13,30.5,32.0,23.9,93,chanthaburi
2024-05-14,2.3,34.4,24.5,83,chanthaburi
2024-05-15,34.4,32.2,25.1,91,chanthaburi
2024-05-16,3.5,31.7,25.3,90,chanthaburi
2024-05-17,15.3,32.4,25.3,90,chanthaburi
2024-05-18,11.7,32.2,25.0,91,chanthaburi
2024-05-19,2.5,31.0,25.5,90,chanthaburi
2024-05-20,10.7,32.5,26.2,87,chanthaburi
2024-05-21,21.0,29.8,24.5,94,chanthaburi
2024-05-22,21.5,29.3,24.0,95,chanthaburi
2024-05-23,18.4,29.3,24.4,94,chanthaburi
2024-05-24,8.3,31.6,24.8,88,chanthaburi
2024-05-25,3.2,32.9,25.2,85,chanthaburi
2024-05-26,0.2,32.9,25.3,86,chanthaburi
2024-05-27,0.6,33.0,26.4,83,chanthaburi
2024-05-28,0.0,33.2,26.5,76,chanthaburi
2024-05-29,1.7,32.6,26.1,77,chanthaburi
2024-05-30,8.2,32.8,26.1,80,chanthaburi
2024-05-31,41.4,28.4,24.3,94,chanthaburi
2024-06-01,43.2,31.0,24.3,94,chanthaburi
2024-06-02,0.4,31.5,24.8,85,chanthaburi
2024-06-03,0.1,31.6,27.1,79,chanthaburi
2024-06-04,0.2,32.1,26.2,81,chanthaburi
2024-06-05,9.8,31.0,24.6,88,chanthaburi
2024-06-06,0.9,31.7,24.7,83,chanthaburi
2024-06-07,9.9,31.1,26.1,84,chanthaburi
2024-06-08,19.3,30.7,25.0,88,chanthaburi
2024-06-09,51.8,30.2,24.2,88,chanthaburi
2024-06-10,47.7,26.8,23.8,97,chanthaburi
2024-06-11,22.3,29.4,23.6,90,chanthaburi
2024-06-12,8.2,30.1,24.2,86,chanthaburi
2024-06-13,2.5,31.6,24.9,83,chanthaburi
2024-06-14,6.0,31.5,24.4,86,chanthaburi
2024-06-15,4.0,32.3,25.0,85,chanthaburi
2024-06-16,8.7,32.2,24.2,89,chanthaburi
2024-06-17,9.7,30.2,24.9,92,chanthaburi
2024-06-18,15.8,31.2,23.8,88,chanthaburi
2024-06-19,5.1,30.7,24.1,87,chanthaburi
2024-06-20,7.2,31.4,24.3,88,chanthaburi
2024-06-21,21.7,29.0,23.6,93,chanthaburi
2024-06-22,35.6,29.6,24.2,95,chanthaburi
2024-06-23,35.1,27.6,23.8,94,chanthaburi
2024-06-24,24.1,29.1,23.8,93,chanthaburi
2024-06-25,44.8,25.7,23.2,99,chanthaburi
2024-06-26,7.3,27.6,23.6,93,chanthaburi
2024-06-27,1.1,31.4,23.8,87,chanthaburi
2024-06-28,9.9,30.8,24.0,90,chanthaburi
2024-06-29,25.8,29.6,24.7,94,chanthaburi
2024-06-30,10.6,29.6,23.8,90,chanthaburi
2024-07-01,7.9,29.5,24.3,91,chanthaburi
2024-07-02,4.3,30.4,23.7,91,chanthaburi
2024-07-03,4.1,30.2,24.4,88,chanthaburi
2024-07-04,20.5,28.3,23.8,93,chanthaburi
2024-07-05,16.8,27.9,23.6,94,chanthaburi
2024-07-06,1.1,30.9,23.7,86,chanthaburi
2024-07-07,8.7,29.2,24.2,90,chanthaburi
2024-07-08,2.1,30.0,24.0,89,chanthaburi
2024-07-09,5.3,29.8,24.4,91,chanthaburi
2024-07-10,14.7,28.8,23.9,90,chanthaburi
2024-07-11,16.0,29.2,23.8,91,chanthaburi
2024-07-12,40.0,28.7,23.9,92,chanthaburi
2024-07-13,43.5,29.5,23.5,88,chanthaburi
2024-07-14,35.9,30.0,23.4,89,chanthaburi
2024-07-15,11.6,28.8,24.3,92,chanthaburi
2024-07-16,47.5,28.0,23.8,97,chanthaburi
2024-07-17,27.9,29.8,23.6,92,chanthaburi
2024-07-18,36.6,29.1,23.3,93,chanthaburi
2024-07-19,39.8,29.9,22.7,95,chanthaburi
2024-07-20,59.0,27.6,23.5,96,chanthaburi
2024-07-21,18.4,27.6,23.5,94,chanthaburi
2024-07-22,11.6,30.4,23.5,90,chanthaburi
2024-07-23,39.0,29.1,24.0,94,chanthaburi
2024-07-24,17.4,28.5,23.7,93,chanthaburi
2024-07-25,33.9,27.1,24.3,96,chanthaburi
2024-07-26,52.6,26.7,23.5,99,chanthaburi
2024-07-27,30.5,27.5,23.6,95,chanthaburi
2024-07-28,36.7,25.8,23.8,98,chanthaburi
2024-07-29,34.0,27.7,24.0,96,chanthaburi
2024-07-30,14.0,29.8,23.9,91,chanthaburi
2024-07-31,17.9,28.7,23.6,94,chanthaburi
2024-08-01,7.7,30.0,24.0,89,chanthaburi
2024-08-02,1.9,30.0,23.9,87,chanthaburi
2024-08-03,6.4,30.1,23.6,89,chanthaburi
2024-08-04,23.1,29.0,23.3,91,chanthaburi
2024-08-05,4.1,31.3,23.6,86,chanthaburi
2024-08-06,6.7,30.3,24.0,88,chanthaburi
2024-08-07,9.0,30.7,23.5,89,chanthaburi
2024-08-08,5.3,29.8,24.1,89,chanthaburi
2024-08-09,8.6,30.5,24.3,90,chanthaburi
2024-08-10,3.5,31.5,24.7,86,chanthaburi
2024-08-11,24.0,30.7,23.7,87,chanthaburi
2024-08-12,17.0,30.8,24.0,87,chanthaburi
2024-08-13,10.2,30.4,23.9,91,chanthaburi
2024-08-14,8.2,30.8,24.2,89,chanthaburi
2024-08-15,3.6,31.3,24.5,87,chanthaburi
2024-08-16,4.5,30.2,24.7,88,chanthaburi
2024-08-17,11.0,30.5,24.9,91,chanthaburi
2024-08-18,5.5,31.0,24.6,87,chanthaburi
2024-08-19,3.4,30.5,24.7,88,chanthaburi
2024-08-20,1.6,31.3,24.7,87,chanthaburi
2024-08-21,1.2,31.8,24.3,85,chanthaburi
2024-08-22,3.9,31.7,24.3,86,chanthaburi
2024-08-23,15.1,30.1,23.7,90,chanthaburi
2024-08-24,8.7,29.7,24.2,92,chanthaburi
2024-08-25,17.3,30.1,23.1,92,chanthaburi
2024-08-26,3.1,30.4,23.4,89,chanthaburi
2024-08-27,7.1,30.8,23.6,87,chanthaburi
2024-08-28,25.0,29.0,23.4,92,chanthaburi
2024-08-29,26.6,29.6,24.0,94,chanthaburi
2024-08-30,13.7,29.2,23.9,92,chanthaburi
2024-08-31,20.9,30.6,24.2,90,chanthaburi
2024-09-01,7.8,31.2,23.4,90,chanthaburi
2024-09-02,13.6,30.3,24.0,92,chanthaburi
2024-09-03,42.8,27.4,23.7,95,chanthaburi
2024-09-04,31.0,28.1,23.7,91,chanthaburi
2024-09-05,17.4,29.9,24.9,86,chanthaburi
2024-09-06,16.7,30.3,25.6,89,chanthaburi
2024-09-07,11.1,30.3,24.7,87,chanthaburi
2024-09-08,29.0,29.4,23.9,91,chanthaburi
2024-09-09,27.5,29.8,24.1,90,chanthaburi
2024-09-10,7.3,29.7,24.5,88,chanthaburi
2024-09-11,14.5,29.0,23.3,91,chanthaburi
2024-09-12,15.7,30.8,23.9,93,chanthaburi
2024-09-13,10.9,30.0,23.6,91,chanthaburi
2024-09-14,18.8,28.5,23.6,91,chanthaburi
2024-09-15,27.5,29.6,23.3,93,chanthaburi
2024-09-16,18.8,30.1,23.6,91,chanthaburi
2024-09-17,16.8,30.8,24.0,94,chanthaburi
2024-09-18,26.5,27.6,23.0,97,chanthaburi
2024-09-19,14.9,31.0,23.3,93,chanthaburi
2024-09-20,23.0,28.4,23.9,96,chanthaburi
2024-09-21,33.3,28.5,23.6,94,chanthaburi
2024-09-22,27.4,27.3,23.9,97,chanthaburi
2024-09-23,4.0,29.2,23.8,90,chanthaburi
2024-09-24,26.5,26.0,23.0,98,chanthaburi
2024-09-25,19.7,31.0,23.5,93,chanthaburi
2024-09-26,8.0,31.4,22.4,92,chanthaburi
2024-09-27,2.1,31.9,23.2,91,chanthaburi
2024-09-28,3.7,30.5,23.6,90,chanthaburi
2024-09-29,1.5,31.2,23.9,87,chanthaburi
2024-09-30,7.2,30.0,24.3,91,chanthaburi
2024-10-01,14.3,30.3,23.2,92,chanthaburi
2024-10-02,3.9,31.1,24.2,90,chanthaburi
2024-10-03,19.4,30.2,23.0,92,chanthaburi
2024-10-04,16.6,31.1,23.2,91,chanthaburi
2024-10-05,1.5,31.0,23.8,87,chanthaburi
2024-10-06,1.2,31.2,23.3,88,chanthaburi
2024-10-07,0.1,31.7,24.5,83,chanthaburi
2024-10-08,2.1,31.3,24.8,86,chanthaburi
2024-10-09,9.0,31.1,23.6,90,chanthaburi
2024-10-10,3.9,30.4,23.9,90,chanthaburi
2024-10-11,1.6,32.3,23.5,89,chanthaburi
2024-10-12,17.2,31.2,23.9,92,chanthaburi
2024-10-13,7.0,32.0,24.4,89,chanthaburi
2024-10-14,8.3,31.7,23.5,91,chanthaburi
2024-10-15,6.8,31.4,23.3,94,chanthaburi
2024-10-16,5.8,29.4,23.2,93,chanthaburi
2024-10-17,12.1,30.2,23.7,92,chanthaburi
2024-10-18,30.3,29.2,23.3,95,chanthaburi
2024-10-19,36.3,28.2,22.7,96,chanthaburi
2024-10-20,10.1,28.5,23.0,94,chanthaburi
2024-10-21,7.3,28.5,22.9,93,chanthaburi
2024-10-22,11.5,30.8,22.9,92,chanthaburi
2024-10-23,8.6,31.4,22.6,87,chanthaburi
2024-10-24,0.0,31.4,23.8,82,chanthaburi
2024-10-25,0.1,31.2,22.8,83,chanthaburi
2024-10-26,2.1,32.3,22.8,84,chanthaburi
2024-10-27,18.5,30.3,23.4,92,chanthaburi
2024-10-28,14.2,26.9,23.1,96,chanthaburi
2024-10-29,1.3,31.3,22.8,87,chanthaburi
2024-10-30,7.0,30.7,22.8,92,chanthaburi
2024-10-31,2.6,31.1,23.4,90,chanthaburi
2024-11-01,6.7,31.6,22.7,92,chanthaburi
2024-11-02,0.0,30.5,23.5,78,chanthaburi
2024-11-03,0.1,30.6,23.8,74,chanthaburi
2024-11-04,6.7,30.7,24.0,81,chanthaburi
2024-11-05,2.8,28.9,23.3,86,chanthaburi
2024-11-06,0.8,29.0,23.9,80,chanthaburi
2024-11-07,0.6,31.2,23.7,77,chanthaburi
2024-11-08,2.5,30.7,24.2,75,chanthaburi
2024-11-09,0.0,30.1,23.6,72,chanthaburi
2024-11-10,0.0,31.4,23.9,64,chanthaburi
2024-11-11,0.0,32.0,24.0,66,chanthaburi
2024-11-12,0.0,32.1,23.5,71,chanthaburi
2024-11-13,0.1,32.9,23.5,73,chanthaburi
2024-11-14,4.8,32.1,23.9,86,chanthaburi
2024-11-15,4.4,31.5,23.8,86,chanthaburi
2024-11-16,0.4,33.1,23.6,84,chanthaburi
2024-11-17,1.7,32.3,23.5,86,chanthaburi
2024-11-18,0.0,31.9,23.2,73,chanthaburi
2024-11-19,0.0,32.2,22.8,69,chanthaburi
2024-11-20,0.0,31.9,24.6,70,chanthaburi
2024-11-21,0.0,33.0,24.5,64,chanthaburi
2024-11-22,0.0,32.4,24.6,65,chanthaburi
2024-11-23,0.0,32.5,25.1,67,chanthaburi
2024-11-24,0.0,32.5,25.1,67,chanthaburi
2024-11-25,0.0,32.7,25.7,67,chanthaburi
2024-11-26,0.0,33.1,25.2,68,chanthaburi
2024-11-27,0.0,32.5,24.6,69,chanthaburi
2024-11-28,0.0,30.9,24.4,63,chanthaburi
2024-11-29,0.0,28.8,22.0,60,chanthaburi
2024-11-30,0.0,29.2,21.1,62,chanthaburi
2024-12-01,0.0,30.8,21.9,64,chanthaburi
2024-12-02,0.0,31.6,22.6,64,chanthaburi
2024-12-03,0.0,32.3,23.0,66,chanthaburi
2024-12-04,0.0,32.3,23.2,66,chanthaburi
2024-12-05,0.0,32.4,24.5,62,chanthaburi
2024-12-06,0.0,32.6,24.7,62,chanthaburi
2024-12-07,0.1,32.7,25.1,65,chanthaburi
2024-12-08,1.0,30.9,25.5,73,chanthaburi
2024-12-09,0.0,31.5,23.6,64,chanthaburi
2024-12-10,0.0,31.4,23.1,64,chanthaburi
2024-12-11,0.0,32.1,23.5,65,chanthaburi
2024-12-12,3.4,31.7,24.4,74,chanthaburi
2024-12-13,8.4,28.2,25.2,82,chanthaburi
2024-12-14,2.6,26.3,23.2,77,chanthaburi
2024-12-15,0.0,29.5,21.8,60,chanthaburi
2024-12-16,0.0,26.8,21.1,58,chanthaburi
2024-12-17,0.0,29.5,20.7,60,chanthaburi
2024-12-18,0.0,30.4,22.6,63,chanthaburi
2024-12-19,0.0,29.4,21.3,59,chanthaburi
2024-12-20,0.0,29.4,20.6,61,chanthaburi
2024-12-21,0.0,29.3,20.6,64,chanthaburi
2024-12-22,0.0,27.6,20.1,63,chanthaburi
2024-12-23,0.0,27.7,18.6,62,chanthaburi
2024-12-24,0.0,28.8,20.8,62,chanthaburi
2024-12-25,0.0,29.4,20.8,61,chanthaburi
2024-12-26,0.3,29.7,23.0,64,chanthaburi
2024-12-27,0.0,32.3,24.0,63,chanthaburi
2024-12-28,0.0,31.6,24.0,61,chanthaburi
2024-12-29,0.0,29.0,21.2,58,chanthaburi
2024-12-30,0.0,30.1,21.8,60,chanthaburi
2024-12-31,0.0,29.8,21.3,60,chanthaburi
2025-01-01,0.0,29.7,21.5,62,chanthaburi
2025-01-02,0.0,30.5,21.3,62,chanthaburi
2025-01-03,0.0,29.8,22.6,61,chanthaburi
2025-01-04,0.0,30.1,21.6,61,chanthaburi
2025-01-05,0.0,28.6,21.6,55,chanthaburi
2025-01-06,0.0,28.7,20.1,56,chanthaburi
2025-01-07,0.0,30.4,19.8,60,chanthaburi
2025-01-08,0.0,31.1,19.6,64,chanthaburi
2025-01-09,0.0,31.1,20.8,64,chanthaburi
2025-01-10,0.0,30.6,21.9,62,chanthaburi
2025-01-11,0.0,27.5,20.3,56,chanthaburi
2025-01-12,0.0,25.6,17.4,54,chanthaburi
2025-01-13,0.0,26.1,16.5,56,chanthaburi
2025-01-14,0.0,28.5,18.2,59,chanthaburi
2025-01-15,0.0,29.2,20.8,60,chanthaburi
2025-01-16,0.0,30.2,21.8,57,chanthaburi
2025-01-17,0.0,28.8,20.1,57,chanthaburi
2025-01-18,0.0,28.9,19.5,60,chanthaburi
2025-01-19,0.0,29.6,21.0,59,chanthaburi
2025-01-20,0.0,30.4,20.8,58,chanthaburi
2025-01-21,0.0,30.7,18.2,61,chanthaburi
2025-01-22,0.0,31.3,17.8,61,chanthaburi
2025-01-23,0.0,32.3,18.4,74,chanthaburi
2025-01-24,0.0,33.0,20.1,76,chanthaburi
2025-01-25,0.0,31.4,20.0,79,chanthaburi
2025-01-26,0.0,34.0,20.7,81,chanthaburi
2025-01-27,0.2,28.8,20.2,61,chanthaburi
2025-01-28,0.0,28.5,20.0,54,chanthaburi
2025-01-29,0.0,29.0,19.3,57,chanthaburi
2025-01-30,0.0,30.1,19.3,61,chanthaburi
2025-01-31,0.0,30.9,17.8,69,chanthaburi
2025-02-01,0.0,31.6,18.7,78,chanthaburi
2025-02-02,0.0,31.7,20.5,84,chanthaburi
2025-02-03,0.0,32.2,21.7,85,chanthaburi
2025-02-04,2.9,32.2,22.8,77,chanthaburi
2025-02-05,0.0,32.6,22.3,70,chanthaburi
2025-02-06,0.0,32.3,20.7,80,chanthaburi
2025-02-07,0.2,31.7,21.2,82,chanthaburi
2025-02-08,0.0,31.9,22.0,65,chanthaburi
2025-02-09,0.0,29.8,21.0,55,chanthaburi
2025-02-10,0.0,30.6,20.4,54,chanthaburi
2025-02-11,0.0,32.4,20.9,60,chanthaburi
2025-02-12,0.0,34.1,20.9,68,chanthaburi
2025-02-13,0.0,33.7,21.6,80,chanthaburi
2025-02-14,0.3,32.0,23.5,84,chanthaburi
2025-02-15,0.0,32.8,23.2,83,chanthaburi
2025-02-16,6.0,30.6,24.0,87,chanthaburi
2025-02-17,5.3,30.1,22.6,88,chanthaburi
2025-02-18,6.9,31.4,22.8,88,chanthaburi
2025-02-19,9.5,28.8,22.1,90,chanthaburi
2025-02-20,0.4,32.7,22.1,84,chanthaburi
2025-02-21,4.9,29.3,23.4,90,chanthaburi
2025-02-22,2.5,31.1,22.4,85,chanthaburi
2025-02-23,0.2,34.0,23.2,77,chanthaburi
2025-02-24,6.8,26.7,23.4,84,chanthaburi
2025-02-25,0.0,32.3,23.7,62,chanthaburi
2025-02-26,0.3,33.2,23.4,61,chanthaburi
2025-02-27,2.5,34.5,24.4,71,chanthaburi
2025-02-28,2.4,31.4,22.6,85,chanthaburi
2025-03-01,3.0,31.5,23.2,86,chanthaburi
2025-03-02,2.5,31.6,24.2,85,chanthaburi
2025-03-03,6.6,31.5,25.0,85,chanthaburi
2025-03-04,1.2,32.4,23.4,80,chanthaburi
2025-03-05,1.3,33.2,24.7,80,chanthaburi
2025-03-06,1.5,33.1,23.7,79,chanthaburi
2025-03-07,19.8,32.6,23.4,88,chanthaburi
2025-03-08,2.0,27.4,21.5,80,chanthaburi
2025-03-09,0.0,32.0,22.5,70,chanthaburi
2025-03-10,0.0,33.6,23.0,71,chanthaburi
2025-03-11,6.5,31.6,23.4,85,chanthaburi
2025-03-12,3.9,31.6,23.7,86,chanthaburi
2025-03-13,7.7,30.4,23.6,89,chanthaburi
2025-03-14,0.7,32.5,22.7,84,chanthaburi
2025-03-15,2.4,31.8,24.2,85,chanthaburi
2025-03-16,2.9,31.2,24.6,89,chanthaburi
2025-03-17,12.9,31.5,22.8,90,chanthaburi
2025-03-18,1.9,32.8,22.9,82,chanthaburi
2025-03-19,0.0,31.1,22.3,62,chanthaburi
2025-03-20,0.0,29.5,21.8,56,chanthaburi
2025-03-21,0.0,31.0,22.5,59,chanthaburi
2025-03-22,0.0,31.4,22.6,59,chanthaburi
2025-03-23,0.0,33.1,20.9,64,chanthaburi
2025-03-24,0.5,33.0,21.4,81,chanthaburi
2025-03-25,1.1,31.8,23.6,83,chanthaburi
2025-03-26,1.6,30.8,24.1,84,chanthaburi
2025-03-27,0.5,32.0,23.7,82,chanthaburi
2025-03-28,3.6,31.7,23.9,82,chanthaburi
2025-03-29,0.5,32.8,24.2,82,chanthaburi
2025-03-30,10.9,31.6,23.7,88,chanthaburi
2025-03-31,16.9,29.4,23.2,90,chanthaburi
2025-04-01,1.0,33.0,22.8,83,chanthaburi
2025-04-02,24.1,32.2,23.9,87,chanthaburi
2025-04-03,5.8,32.6,23.4,87,chanthaburi
2025-04-04,2.5,30.6,23.3,87,chanthaburi
2025-04-05,1.1,30.7,23.9,85,chanthaburi
2025-04-06,2.6,32.2,24.1,85,chanthaburi
2025-04-07,2.8,30.9,23.7,88,chanthaburi
2025-04-08,3.4,30.3,23.8,89,chanthaburi
2025-04-09,6.9,31.2,23.9,90,chanthaburi
2025-04-10,8.7,30.2,23.9,89,chanthaburi
2025-04-11,2.3,30.8,23.6,86,chanthaburi
2025-04-12,2.5,31.2,24.5,87,chanthaburi
2025-04-13,1.7,32.9,24.0,85,chanthaburi
2025-04-14,17.3,30.9,23.4,91,chanthaburi
2025-04-15,7.4,30.9,24.0,89,chanthaburi
2025-04-16,13.6,29.9,24.2,92,chanthaburi
2025-04-17,5.1,30.8,23.7,88,chanthaburi
2025-04-18,2.2,32.0,25.0,83,chanthaburi
2025-04-19,1.8,32.5,24.6,85,chanthaburi
2025-04-20,1.3,32.1,24.5,84,chanthaburi
2025-04-21,2.3,33.0,23.7,85,chanthaburi
2025-04-22,6.5,31.7,24.8,86,chanthaburi
2025-04-23,1.7,32.1,24.2,84,chanthaburi
2025-04-24,7.1,31.4,24.7,87,chanthaburi
2025-04-25,4.0,32.5,23.9,83,chanthaburi
2025-04-26,12.8,30.2,24.8,91,chanthaburi
2025-04-27,5.2,31.1,23.9,89,chanthaburi
2025-04-28,3.2,32.6,24.0,86,chanthaburi
2025-04-29,1.6,32.3,23.7,85,chanthaburi
2025-04-30,2.7,32.4,23.8,85,chanthaburi
2025-05-01,1.2,32.9,24.2,86,chanthaburi
2025-05-02,6.5,31.3,23.8,90,chanthaburi
2025-05-03,20.2,30.9,23.4,90,chanthaburi
2025-05-04,1.5,32.3,23.5,88,chanthaburi
2025-05-05,2.6,31.6,24.1,89,chanthaburi
2025-05-06,11.1,32.0,24.0,90,chanthaburi
2025-05-07,5.6,30.0,24.7,90,chanthaburi
2025-05-08,4.4,30.3,24.7,89,chanthaburi
2025-05-09,1.2,32.3,25.2,85,chanthaburi
2025-05-10,8.9,30.1,24.7,90,chanthaburi
2025-05-11,15.8,31.0,23.6,94,chanthaburi
2025-05-12,11.9,27.8,24.1,94,chanthaburi
2025-05-13,4.0,29.5,23.6,89,chanthaburi
2025-05-14,14.1,30.7,24.0,88,chanthaburi
2025-05-15,0.8,33.3,23.8,88,chanthaburi
2025-05-16,2.9,32.7,24.8,86,chanthaburi
2025-05-17,10.0,32.3,24.7,90,chanthaburi
2025-05-18,5.6,33.2,24.3,88,chanthaburi
2025-05-19,7.8,31.2,24.7,89,chanthaburi
2025-05-20,19.1,32.4,24.5,87,chanthaburi
2025-05-21,15.7,29.9,25.0,91,chanthaburi
2025-05-22,6.0,30.4,24.5,88,chanthaburi
2025-05-23,7.6,32.0,25.0,89,chanthaburi
2025-05-24,3.1,30.3,24.0,90,chanthaburi
2025-05-25,20.8,29.2,23.7,93,chanthaburi
2025-05-26,12.2,29.6,24.4,91,chanthaburi
2025-05-27,15.1,28.3,23.8,93,chanthaburi
2025-05-28,2.1,32.1,24.0,83,chanthaburi
2025-05-29,20.9,31.6,24.4,88,chanthaburi
2025-05-30,32.7,29.3,23.7,92,chanthaburi
2025-05-31,12.8,29.4,23.4,90,chanthaburi
2025-06-01,3.3,31.6,24.0,84,chanthaburi
2025-06-02,28.6,30.8,24.7,92,chanthaburi
2025-06-03,16.5,30.0,24.1,91,chanthaburi
2025-06-04,2.8,32.5,24.9,84,chanthaburi
2025-06-05,1.5,30.9,24.2,86,chanthaburi
2025-06-06,5.9,31.1,23.9,86,chanthaburi
2025-06-07,5.1,31.6,25.6,84,chanthaburi
2025-06-08,9.9,30.7,24.0,84,chanthaburi
2025-06-09,49.2,29.9,23.5,92,chanthaburi
2025-06-10,15.9,30.4,23.9,85,chanthaburi
2025-06-11,56.8,28.8,23.2,93,chanthaburi
2025-06-12,55.5,28.8,23.1,93,chanthaburi
2025-06-13,11.3,30.0,25.6,88,chanthaburi
2025-06-14,14.9,30.2,24.4,87,chanthaburi
2025-06-15,6.1,30.5,24.8,86,chanthaburi
2025-06-16,1.6,31.4,24.0,84,chanthaburi
2025-06-17,1.0,32.2,24.6,84,chanthaburi
2025-06-18,2.5,32.8,24.8,85,chanthaburi
2025-06-19,6.1,31.0,24.4,86,chanthaburi
2025-06-20,25.2,31.3,23.9,88,chanthaburi
2025-06-21,20.4,30.4,22.9,87,chanthaburi
2025-06-22,32.3,28.9,23.5,92,chanthaburi
2025-06-23,15.2,28.4,24.0,93,chanthaburi
2025-06-24,12.8,29.4,24.8,89,chanthaburi
2025-06-25,21.7,29.1,23.6,90,chanthaburi
2025-06-26,15.3,30.8,23.1,86,chanthaburi
2025-06-27,19.3,28.9,23.7,91,chanthaburi
2025-06-28,2.8,29.9,24.0,87,chanthaburi
2025-06-29,8.9,29.5,24.1,87,chanthaburi
2025-06-30,10.3,30.0,24.3,84,chanthaburi
2025-07-01,18.7,30.8,24.4,88,chanthaburi
2025-07-02,16.3,30.2,23.0,91,chanthaburi
2025-07-03,17.2,29.0,23.1,90,chanthaburi
2025-07-04,13.8,29.0,23.1,90,chanthaburi
2025-07-05,22.5,30.4,22.6,87,chanthaburi
2025-07-06,19.6,29.2,24.1,88,chanthaburi
2025-07-07,35.1,29.6,23.7,92,chanthaburi
2025-07-08,11.6,28.9,23.7,93,chanthaburi
2025-07-09,9.3,28.7,23.9,91,chanthaburi
2025-07-10,12.7,30.6,24.6,87,chanthaburi
2025-07-11,29.7,28.6,23.8,93,chanthaburi
2025-07-12,22.6,30.4,22.5,90,chanthaburi
2025-07-13,32.7,30.4,23.7,87,chanthaburi
2025-07-14,20.5,29.3,23.2,90,chanthaburi
2025-07-15,30.1,30.3,23.2,89,chanthaburi
2025-07-16,13.7,29.0,23.9,90,chanthaburi
2025-07-17,19.2,28.5,24.0,91,chanthaburi
2025-07-18,28.7,28.7,24.0,92,chanthaburi
2025-07-19,37.8,28.1,24.0,92,chanthaburi
2025-07-20,32.8,28.1,23.9,91,chanthaburi
2025-07-21,12.3,28.3,24.1,91,chanthaburi
2025-07-22,19.7,29.1,25.0,87,chanthaburi
2025-07-23,22.9,29.0,24.4,86,chanthaburi
2025-07-24,1.3,30.8,26.2,81,chanthaburi
2025-07-25,0.5,30.8,26.2,81,chanthaburi
2025-07-26,13.8,31.1,25.6,83,chanthaburi
2025-07-27,44.1,28.0,24.5,95,chanthaburi
2025-07-28,42.9,27.4,24.3,95,chanthaburi
2025-07-29,33.6,29.6,24.2,93,chanthaburi
2025-07-30,37.5,30.1,24.2,88,chanthaburi
2025-07-31,8.9,30.9,24.5,85,chanthaburi
2025-08-01,0.5,31.4,25.5,83,chanthaburi
2025-08-02,5.1,31.4,24.5,85,chanthaburi
2025-08-03,5.6,31.0,24.4,88,chanthaburi
2025-08-04,2.2,31.6,24.9,84,chanthaburi
2025-08-05,4.7,31.2,25.3,85,chanthaburi
2025-08-06,3.4,31.0,24.3,86,chanthaburi
2025-08-07,9.8,29.5,24.0,88,chanthaburi
2025-08-08,7.8,31.4,24.0,87,chanthaburi
2025-08-09,23.8,29.6,24.7,91,chanthaburi
2025-08-10,19.7,30.9,23.7,89,chanthaburi
2025-08-11,36.5,28.6,23.0,91,chanthaburi
2025-08-12,5.4,30.4,23.6,87,chanthaburi
2025-08-13,4.4,29.9,23.9,86,chanthaburi
2025-08-14,27.1,29.7,23.4,89,chanthaburi
2025-08-15,19.6,29.7,23.4,89,chanthaburi
2025-08-16,28.6,26.6,23.0,95,chanthaburi
2025-08-17,13.8,27.5,23.3,89,chanthaburi
2025-08-18,3.0,30.5,23.8,84,chanthaburi
2025-08-19,5.5,29.3,23.0,88,chanthaburi
2025-08-20,1.5,30.4,23.1,86,chanthaburi
2025-08-21,13.4,31.1,24.0,89,chanthaburi
2025-08-22,17.2,26.9,22.6,93,chanthaburi
2025-08-23,8.4,30.3,22.3,85,chanthaburi
2025-08-24,12.5,30.4,23.5,87,chanthaburi
2025-08-25,15.8,27.9,24.0,91,chanthaburi
2025-08-26,46.3,29.1,23.6,90,chanthaburi
2025-08-27,9.3,29.8,23.0,88,chanthaburi
2025-08-28,18.4,28.8,22.8,92,chanthaburi
2025-08-29,17.3,30.9,22.2,88,chanthaburi
2025-08-30,30.7,30.4,23.4,89,chanthaburi
2025-08-31,41.3,29.2,22.7,94,chanthaburi
2025-09-01,5.1,30.1,24.0,88,chanthaburi
2025-09-02,13.3,28.5,23.7,93,chanthaburi
2025-09-03,22.7,30.5,23.2,87,chanthaburi
2025-09-04,15.6,29.5,24.5,88,chanthaburi
2025-09-05,5.3,29.5,23.2,89,chanthaburi
2025-09-06,12.3,29.7,24.0,90,chanthaburi
2025-09-07,13.7,28.9,23.8,93,chanthaburi
2025-09-08,33.3,25.3,23.5,97,chanthaburi
2025-09-09,28.9,26.1,23.1,96,chanthaburi
2025-09-10,6.8,30.1,23.0,87,chanthaburi
2025-09-11,0.5,30.6,23.5,86,chanthaburi
2025-09-12,13.4,31.4,23.9,90,chanthaburi
2025-09-13,5.0,31.1,23.3,91,chanthaburi
2025-09-14,22.6,27.6,23.7,95,chanthaburi
2025-09-15,6.7,29.7,23.4,87,chanthaburi
2025-09-16,12.1,29.6,23.3,89,chanthaburi
2025-09-17,27.2,29.6,23.4,90,chanthaburi
2025-09-18,13.1,29.4,23.5,91,chanthaburi
2025-09-19,21.4,27.3,23.1,94,chanthaburi
2025-09-20,33.2,29.8,23.4,89,chanthaburi
2025-09-21,6.0,30.0,25.4,83,chanthaburi
2025-09-22,14.2,29.6,23.3,87,chanthaburi
2025-09-23,28.3,29.6,23.6,92,chanthaburi
2025-09-24,18.0,27.6,24.2,92,chanthaburi
2025-09-25,35.7,28.1,23.5,93,chanthaburi
2025-09-26,48.0,28.0,22.9,94,chanthaburi
2025-09-27,21.8,29.7,23.6,92,chanthaburi
2025-09-28,18.6,29.4,23.7,92,chanthaburi
2025-09-29,42.9,29.0,22.9,93,chanthaburi
2025-09-30,18.3,28.0,23.5,92,chanthaburi
2025-10-01,1.5,30.3,22.6,89,chanthaburi
2025-10-02,1.5,31.3,23.8,89,chanthaburi
2025-10-03,3.8,32.3,23.0,86,chanthaburi
2025-10-04,14.7,30.9,23.7,85,chanthaburi
2025-10-05,2.0,30.3,23.7,86,chanthaburi
2025-10-06,4.3,30.9,23.5,85,chanthaburi
2025-10-07,13.4,30.5,23.8,89,chanthaburi
2025-10-08,9.1,31.0,23.4,89,chanthaburi
2025-10-09,13.0,31.6,23.2,89,chanthaburi
2025-10-10,3.6,31.0,23.5,88,chanthaburi
2025-10-11,6.5,30.9,23.1,90,chanthaburi
2025-10-12,6.9,30.4,23.9,89,chanthaburi
2025-10-13,9.2,30.4,23.7,90,chanthaburi
2025-10-14,15.3,29.4,23.7,90,chanthaburi
2025-10-15,3.7,31.0,24.2,88,chanthaburi
2025-10-16,0.1,32.4,23.7,82,chanthaburi
2025-10-17,0.0,32.7,24.4,77,chanthaburi
2025-10-18,1.4,32.5,25.1,80,chanthaburi
2025-10-19,5.7,32.2,24.6,82,chanthaburi
2025-10-20,3.8,32.8,24.2,83,chanthaburi
2025-10-21,0.0,31.5,23.7,77,chanthaburi
2025-10-22,0.0,31.9,24.7,66,chanthaburi
2025-10-23,0.0,31.2,23.7,66,chanthaburi
2025-10-24,0.0,31.8,23.8,70,chanthaburi
2025-10-25,0.4,31.0,24.4,76,chanthaburi
2025-10-26,0.1,30.9,24.6,74,chanthaburi
2025-10-27,0.3,30.4,24.1,73,chanthaburi
2025-10-28,0.3,29.0,24.2,75,chanthaburi
2025-10-29,6.8,27.9,22.9,81,chanthaburi
2025-10-30,0.3,29.7,23.6,87,chanthaburi
2025-10-31,34.5,28.9,23.6,94,chanthaburi
2025-11-01,18.9,28.4,23.5,94,chanthaburi
2025-11-02,11.6,30.1,23.5,92,chanthaburi
2025-11-03,8.4,29.6,23.4,92,chanthaburi
2025-11-04,3.0,30.4,23.1,85,chanthaburi
2025-11-05,0.3,30.2,23.0,81,chanthaburi
2025-11-06,0.3,30.3,24.2,83,chanthaburi
2025-11-07,1.3,29.9,23.7,87,chanthaburi
2025-11-08,3.7,29.6,23.5,91,chanthaburi
2025-11-09,2.9,31.6,23.6,90,chanthaburi
2025-11-10,7.9,31.4,23.4,88,chanthaburi
2025-11-11,3.5,32.4,23.3,89,chanthaburi
2025-11-12,4.0,31.7,24.2,92,chanthaburi
2025-11-13,9.2,30.5,23.3,90,chanthaburi
2025-11-14,0.0,30.8,23.9,73,chanthaburi
2025-11-15,0.0,29.7,21.4,64,chanthaburi
2025-11-16,1.9,30.9,22.4,75,chanthaburi
2025-11-17,0.8,30.6,22.9,82,chanthaburi
2025-11-18,1.3,29.9,24.1,81,chanthaburi
2025-11-19,15.7,28.5,21.6,77,chanthaburi
2025-11-20,2.3,24.0,20.0,70,chanthaburi
2025-11-21,0.8,24.5,19.8,70,chanthaburi
2025-11-22,0.0,28.2,20.6,67,chanthaburi
2025-11-23,0.0,27.2,21.5,72,chanthaburi
2025-11-24,0.0,30.8,22.7,69,chanthaburi
2025-11-25,0.0,30.0,22.7,66,chanthaburi
2025-11-26,0.0,28.9,21.1,63,chanthaburi
2025-11-27,0.0,27.4,19.8,61,chanthaburi
2025-11-28,0.0,26.2,17.4,55,chanthaburi
2025-11-29,0.0,29.1,18.5,61,chanthaburi
2025-11-30,0.0,30.7,18.0,65,chanthaburi
2025-12-01,0.0,32.1,18.8,77,chanthaburi
2025-12-02,0.0,32.3,20.5,79,chanthaburi
2025-12-03,0.0,33.3,22.0,75,chanthaburi
2025-12-04,0.6,30.8,23.6,68,chanthaburi
2025-12-05,0.5,30.5,23.1,78,chanthaburi
2025-12-06,0.0,31.1,23.8,72,chanthaburi
2025-12-07,0.0,30.9,22.3,69,chanthaburi
2025-12-08,0.0,29.3,21.6,63,chanthaburi
2025-12-09,0.0,29.4,20.5,65,chanthaburi
2025-12-10,0.0,29.4,21.7,65,chanthaburi
2025-12-11,0.9,30.2,22.6,74,chanthaburi
2025-12-12,0.7,30.6,23.5,82,chanthaburi
2025-12-13,0.0,31.5,23.2,74,chanthaburi
2025-12-14,0.6,30.7,23.7,73,chanthaburi
2025-12-15,0.0,31.2,23.1,69,chanthaburi
2025-12-16,0.0,31.4,23.1,67,chanthaburi
2025-12-17,0.0,31.4,23.0,69,chanthaburi
2025-12-18,0.2,30.7,23.5,70,chanthaburi
2025-12-19,0.0,31.2,22.7,64,chanthaburi
2025-12-20,0.0,31.9,22.1,59,chanthaburi
2025-12-21,0.0,31.2,20.2,59,chanthaburi
2025-12-22,0.0,31.6,23.4,68,chanthaburi
2025-12-23,0.0,32.2,22.3,74,chanthaburi
2025-12-24,0.1,32.7,22.3,71,chanthaburi
2025-12-25,0.0,32.6,23.2,62,chanthaburi
2025-12-26,0.0,30.7,24.7,65,chanthaburi
2025-12-27,0.0,31.2,22.6,62,chanthaburi
2025-12-28,0.0,31.4,23.4,62,chanthaburi
2025-12-29,0.0,31.1,22.4,58,chanthaburi
2025-12-30,0.0,31.3,21.0,63,chanthaburi
2025-12-31,0.0,31.2,18.3,68,chanthaburi
2026-01-01,0.0,31.3,19.3,74,chanthaburi
2026-01-02,0.0,30.8,20.1,66,chanthaburi
2026-01-03,0.0,29.9,19.5,64,chanthaburi
2026-01-04,0.0,29.5,19.5,66,chanthaburi
2026-01-05,0.0,30.0,19.9,62,chanthaburi
2026-01-06,0.0,30.6,20.9,63,chanthaburi
2026-01-07,0.0,28.8,20.5,59,chanthaburi
2026-01-08,0.0,27.3,18.4,59,chanthaburi
2026-01-09,0.0,26.4,17.3,59,chanthaburi
2026-01-10,0.0,27.2,17.4,60,chanthaburi
2026-01-11,0.0,27.2,17.1,60,chanthaburi
2026-01-12,0.0,28.4,18.9,59,chanthaburi
2026-01-13,0.0,29.5,19.3,60,chanthaburi
2026-01-14,0.0,31.2,20.1,67,chanthaburi
2026-01-15,0.0,31.8,20.7,79,chanthaburi
2026-01-16,0.9,30.0,20.6,86,chanthaburi
2026-01-17,0.2,30.5,21.1,86,chanthaburi
2026-01-18,4.0,30.9,21.5,87,chanthaburi
2026-01-19,1.5,29.2,21.6,87,chanthaburi
2026-01-20,0.5,30.2,21.8,86,chanthaburi
2026-01-21,1.6,32.0,21.7,82,chanthaburi
2026-01-22,0.0,30.8,19.6,67,chanthaburi
2026-01-23,0.0,30.3,19.8,58,chanthaburi
2026-01-24,0.0,30.5,20.0,55,chanthaburi
2026-01-25,0.0,31.5,18.8,63,chanthaburi
2026-01-26,0.0,31.6,19.0,73,chanthaburi
2026-01-27,0.0,30.8,18.9,67,chanthaburi
2026-01-28,0.0,31.1,18.5,67,chanthaburi
2026-01-29,0.0,31.1,19.7,70,chanthaburi
2026-01-30,3.1,32.4,21.0,82,chanthaburi
2026-01-31,0.0,33.0,21.3,82,chanthaburi
2026-02-01,0.1,31.7,21.6,66,chanthaburi
2026-02-02,0.0,31.3,21.0,57,chanthaburi
2026-02-03,0.0,31.8,21.5,61,chanthaburi
2026-02-04,0.0,32.5,21.5,66,chanthaburi
2026-02-05,0.6,30.9,21.4,80,chanthaburi
2026-02-06,1.3,30.5,22.3,85,chanthaburi
2026-02-07,1.2,30.9,22.2,84,chanthaburi
2026-02-08,22.8,29.7,23.2,90,chanthaburi
2026-02-09,0.2,31.4,22.4,72,chanthaburi
2026-02-10,0.0,32.7,20.1,72,chanthaburi
2026-02-11,0.0,34.3,21.2,75,chanthaburi
2026-02-12,1.5,32.1,22.6,87,chanthaburi
2026-02-13,1.7,31.1,22.5,87,chanthaburi
2026-02-14,0.2,32.0,23.6,86,chanthaburi
2026-02-15,1.6,32.6,23.9,85,chanthaburi
2026-02-16,0.4,31.8,23.8,85,chanthaburi
2026-02-17,1.5,32.0,23.6,86,chanthaburi
2026-02-18,2.2,34.4,23.3,78,chanthaburi
2026-02-19,0.0,34.4,23.1,73,chanthaburi
2026-02-20,0.0,34.2,23.2,69,chanthaburi
2026-02-21,0.6,32.8,22.3,79,chanthaburi
2026-02-22,2.1,31.5,23.4,82,chanthaburi
2026-02-23,11.6,32.0,22.8,80,chanthaburi
2026-02-24,9.4,31.3,23.7,86,chanthaburi
2026-02-25,2.6,32.0,23.5,87,chanthaburi
2026-02-26,1.2,31.4,22.7,85,chanthaburi
2026-02-27,0.2,31.0,23.0,84,chanthaburi
2026-02-28,3.9,31.5,23.4,85,chanthaburi
2026-03-01,1.4,31.3,24.0,84,chanthaburi
2026-03-02,0.1,32.5,22.9,83,chanthaburi
2026-03-03,0.4,32.7,23.7,84,chanthaburi
2026-03-04,0.4,32.9,24.5,80,chanthaburi
2026-03-05,0.0,32.2,23.4,80,chanthaburi
2026-03-06,3.9,31.6,22.8,82,chanthaburi
2026-03-07,0.1,33.2,21.8,77,chanthaburi
2026-03-08,0.2,33.7,22.4,79,chanthaburi
2026-03-09,0.1,33.7,22.9,75,chanthaburi
2026-03-10,3.3,34.0,24.0,75,chanthaburi
2026-03-11,1.7,34.2,23.6,71,chanthaburi
2026-03-12,10.9,32.9,21.3,78,chanthaburi
2026-03-13,1.4,32.1,21.4,73,chanthaburi
2026-03-14,0.0,33.1,22.7,66,chanthaburi
2026-03-15,0.0,33.5,23.1,69,chanthaburi
2026-03-16,1.5,31.8,22.3,81,chanthaburi
2026-03-17,1.6,30.8,22.6,83,chanthaburi
2026-03-18,2.3,31.5,23.2,81,chanthaburi
2026-03-19,2.7,31.7,22.8,81,chanthaburi
2026-03-20,6.9,31.5,22.6,86,chanthaburi
2026-03-21,4.7,32.1,22.7,85,chanthaburi
2026-03-22,4.8,31.3,24.2,88,chanthaburi
2026-03-23,3.0,31.7,23.3,84,chanthaburi
2026-03-24,2.3,31.5,23.9,85,chanthaburi
2026-03-25,1.1,31.9,23.7,83,chanthaburi
2026-03-26,0.8,32.1,23.9,82,chanthaburi
2026-03-27,1.7,31.3,24.6,82,chanthaburi
2026-03-28,5.1,30.8,24.0,84,chanthaburi
2026-03-29,0.6,32.4,23.4,79,chanthaburi
2026-03-30,1.1,31.4,23.3,79,chanthaburi
2026-03-31,0.3,31.9,23.5,76,chanthaburi
2026-04-01,1.5,32.7,24.0,80,chanthaburi
2026-04-02,0.7,33.5,24.1,78,chanthaburi
2026-04-03,1.4,32.0,24.5,81,chanthaburi
2026-04-04,0.4,32.4,25.0,79,chanthaburi
2026-04-05,0.0,33.2,24.8,79,chanthaburi
2026-04-06,0.1,33.3,23.7,79,chanthaburi
2026-04-07,1.1,32.7,24.5,80,chanthaburi
2026-04-08,0.3,33.1,23.2,81,chanthaburi
2026-04-09,0.2,33.2,25.0,78,chanthaburi
2026-04-10,0.0,33.5,24.3,77,chanthaburi
2026-04-11,0.0,33.6,25.3,75,chanthaburi
2026-04-12,0.0,33.9,24.1,79,chanthaburi
2026-04-13,0.2,33.5,25.8,78,chanthaburi
2026-04-14,1.3,33.8,25.5,78,chanthaburi
2026-04-15,6.8,33.7,25.8,78,chanthaburi
2026-04-16,1.3,33.9,25.5,76,chanthaburi
2026-04-17,2.4,34.2,25.9,78,chanthaburi
2026-04-18,4.3,34.1,24.8,77,chanthaburi
2026-04-19,6.2,32.9,25.6,78,chanthaburi
2026-04-20,2.1,31.5,25.0,85,chanthaburi
2026-04-21,4.1,32.0,23.7,84,chanthaburi
2026-04-22,5.4,31.0,24.9,86,chanthaburi
2026-04-23,2.9,31.6,25.2,82,chanthaburi
2026-04-24,0.5,33.3,25.0,75,chanthaburi
2026-04-25,0.3,33.8,25.0,77,chanthaburi
2026-04-26,6.4,33.3,24.4,83,chanthaburi
2026-04-27,1.9,33.0,25.0,83,chanthaburi
2026-04-28,2.6,32.1,25.0,81,chanthaburi
2026-04-29,1.0,32.3,25.1,79,chanthaburi
2026-04-30,2.9,34.9,25.7,80,chanthaburi
2026-05-01,7.7,33.8,23.9,80,chanthaburi
2026-05-02,0.8,32.6,24.9,79,chanthaburi
2026-05-03,8.7,32.2,25.2,83,chanthaburi
2026-05-04,10.3,31.5,25.3,86,chanthaburi
2026-05-05,7.8,32.5,24.3,88,chanthaburi
2026-05-06,5.5,32.1,25.1,86,chanthaburi
2026-05-07,9.5,31.8,24.6,89,chanthaburi
2026-05-08,11.3,32.4,24.8,90,chanthaburi
2026-05-09,0.3,33.5,24.4,82,chanthaburi
2026-05-10,3.7,32.4,24.6,86,chanthaburi
2026-05-11,5.2,33.6,24.1,86,chanthaburi
2026-05-12,14.4,30.7,23.9,89,chanthaburi
2026-05-13,21.0,30.3,24.1,89,chanthaburi
2026-05-14,6.4,32.7,24.8,87,chanthaburi
2026-05-15,4.5,32.6,25.5,81,chanthaburi
2026-05-16,12.9,32.2,25.3,87,chanthaburi
2026-05-17,4.7,32.2,26.4,81,chanthaburi
2026-05-18,14.8,30.7,25.6,90,chanthaburi
2026-05-19,9.3,29.8,24.5,89,chanthaburi
2026-05-20,11.1,30.5,25.0,86,chanthaburi
2026-05-21,9.0,31.4,23.8,85,chanthaburi
2026-05-22,8.4,29.8,25.4,90,chanthaburi
2026-05-23,5.7,30.9,25.4,86,chanthaburi
2026-05-24,2.8,31.8,26.1,84,chanthaburi
2026-05-25,4.6,32.5,24.8,83,chanthaburi
2026-05-26,4.1,32.5,25.3,82,chanthaburi
2026-05-27,3.6,32.7,25.1,82,chanthaburi
2026-05-28,6.8,32.4,26.1,81,chanthaburi
2026-05-29,3.5,33.3,25.3,83,chanthaburi
2026-05-30,7.8,30.1,25.2,92,chanthaburi
2026-05-31,9.0,30.7,24.3,92,chanthaburi
2026-06-01,10.2,30.9,24.3,90,chanthaburi
2026-06-02,6.8,29.4,24.4,91,chanthaburi
2026-06-03,11.9,30.9,24.3,85,chanthaburi
2026-06-04,26.5,30.3,24.2,90,chanthaburi
2026-06-05,16.6,31.2,24.1,85,chanthaburi
2026-06-06,19.8,31.0,25.2,89,chanthaburi
2026-06-07,24.8,28.8,24.8,91,chanthaburi
2026-06-08,13.3,31.0,24.2,93,chanthaburi
2026-06-09,17.7,29.8,24.0,94,chanthaburi
2026-06-10,27.5,30.9,24.1,91,chanthaburi
2026-06-11,12.7,31.7,24.0,86,chanthaburi
2026-06-12,3.0,32.1,23.9,84,chanthaburi
2026-06-13,6.1,32.5,25.2,88,chanthaburi
2026-06-14,3.7,32.3,24.7,80,chanthaburi
2026-06-15,1.7,32.4,25.3,78,chanthaburi
2026-06-16,8.8,30.5,23.6,87,chanthaburi
2026-06-17,6.2,31.8,23.9,92,chanthaburi
2026-06-18,4.2,29.4,24.0,94,chanthaburi
2026-06-19,10.3,30.1,23.7,91,chanthaburi
2026-06-20,8.7,30.7,24.4,91,chanthaburi
2026-06-21,4.0,31.1,24.5,87,chanthaburi
2026-06-22,1.5,32.4,24.2,84,chanthaburi
2026-06-23,2.7,31.7,26.0,83,chanthaburi
2026-06-24,3.7,31.9,26.5,81,chanthaburi
2026-06-25,23.5,31.4,23.7,83,chanthaburi
2026-06-26,1.4,32.4,25.3,82,chanthaburi
2026-06-27,9.0,29.4,24.8,89,chanthaburi
2026-06-28,26.0,30.6,24.6,91,chanthaburi
2026-06-29,21.0,31.8,24.9,87,chanthaburi
2026-06-30,5.0,30.9,24.7,86,chanthaburi
2026-07-01,26.3,29.1,23.7,93,chanthaburi
2026-07-02,23.0,30.3,23.9,92,chanthaburi
2026-07-03,29.1,28.2,24.7,95,chanthaburi
2026-07-04,57.6,26.9,23.5,95,chanthaburi
2026-07-05,14.1,29.4,24.1,87,chanthaburi
2026-07-06,25.2,30.7,23.8,88,chanthaburi
2026-07-07,8.4,28.7,25.3,92,chanthaburi
2026-07-08,4.6,32.2,24.6,83,chanthaburi
2026-07-09,0.5,31.5,26.6,74,chanthaburi
2026-07-10,3.9,31.4,26.3,75,chanthaburi
2026-07-11,10.4,30.8,24.6,82,chanthaburi
2026-07-12,48.9,28.5,23.5,93,chanthaburi
2026-07-13,63.6,28.2,23.0,95,chanthaburi
2026-07-14,29.5,30.2,23.3,90,chanthaburi
2026-07-15,23.3,28.7,24.1,91,chanthaburi
2026-07-16,6.7,30.8,23.9,84,chanthaburi
2026-07-17,7.5,30.3,24.0,84,chanthaburi
2026-07-18,2.2,32.0,24.6,83,chanthaburi
2026-07-19,3.5,32.0,24.3,82,chanthaburi
2026-07-20,1.5,32.1,23.7,80,chanthaburi
2026-07-21,0.4,32.2,24.0,78,chanthaburi
2026-07-22,3.9,32.0,23.7,80,chanthaburi
2026-07-23,13.4,29.0,23.3,93,chanthaburi
2026-07-24,17.0,30.2,24.3,89,chanthaburi
2026-07-25,19.6,31.3,23.9,90,chanthaburi
2026-07-26,15.5,28.5,24.1,93,chanthaburi
2026-07-27,15.5,30.9,23.9,82,chanthaburi
2026-07-28,39.3,28.9,23.3,93,chanthaburi
2026-07-29,32.3,28.7,23.2,93,chanthaburi
2026-07-30,9.7,29.2,23.0,91,chanthaburi
2026-07-31,7.3,29.1,24.1,88,chanthaburi
2026-08-01,6.5,30.6,23.9,85,chanthaburi
2026-08-02,7.3,31.4,24.8,83,chanthaburi
2026-08-03,2.2,31.9,25.0,79,chanthaburi
2026-08-04,4.9,30.3,25.4,83,chanthaburi
2026-08-05,16.7,29.8,24.6,91,chanthaburi
2026-08-06,34.4,29.0,24.2,92,chanthaburi
2026-08-07,34.9,28.5,24.5,91,chanthaburi
2026-08-08,12.2,30.8,24.5,88,chanthaburi
2026-08-09,30.4,29.8,24.0,94,chanthaburi
2026-08-10,26.6,31.2,24.3,90,chanthaburi
2026-08-11,11.3,29.1,23.5,88,chanthaburi
2026-08-12,6.8,30.3,25.2,85,chanthaburi
2026-08-13,8.6,30.1,25.4,84,chanthaburi
2026-08-14,11.4,29.8,26.2,87,chanthaburi
2026-08-15,25.8,29.7,24.1,90,chanthaburi
2026-08-16,15.3,30.5,25.6,86,chanthaburi
2026-08-17,20.1,31.7,24.3,90,chanthaburi
2026-08-18,28.6,30.1,23.8,92,chanthaburi
2026-08-19,34.6,29.5,23.4,92,chanthaburi
2026-08-20,14.8,29.3,23.5,89,chanthaburi
2026-08-21,7.1,30.9,24.6,82,chanthaburi
2026-08-22,7.1,30.4,24.3,85,chanthaburi
2026-08-23,6.4,30.3,24.6,83,chanthaburi
2026-08-24,10.1,30.0,25.2,83,chanthaburi
2026-08-25,3.1,30.1,26.3,78,chanthaburi
2026-08-26,11.5,29.9,24.3,83,chanthaburi
2026-08-27,28.6,30.2,24.2,87,chanthaburi
2026-08-28,32.0,27.1,24.2,93,chanthaburi
2026-08-29,52.2,27.9,23.3,93,chanthaburi
2026-08-30,16.1,30.1,23.4,90,chanthaburi
2026-08-31,44.0,28.6,23.1,95,chanthaburi
2026-09-01,9.3,30.9,23.8,84,chanthaburi
2026-09-02,12.7,31.3,25.0,86,chanthaburi
2026-09-03,7.7,31.0,24.1,84,chanthaburi
2026-09-04,26.5,31.6,23.4,84,chanthaburi
2026-09-05,16.8,31.2,23.6,86,chanthaburi
2026-09-06,15.0,30.3,24.6,86,chanthaburi
2026-09-07,13.4,31.6,24.5,84,chanthaburi
2026-09-08,16.2,32.1,25.0,82,chanthaburi
2026-09-09,6.2,31.8,24.8,82,chanthaburi
2026-09-10,31.1,28.6,23.4,96,chanthaburi
2026-09-11,10.2,30.4,23.6,93,chanthaburi
2026-09-12,23.4,30.2,23.9,93,chanthaburi
2026-09-13,4.8,30.2,24.0,84,chanthaburi
2026-09-14,10.9,30.0,24.3,85,chanthaburi
2026-09-15,12.3,29.7,24.1,89,chanthaburi
2026-09-16,11.9,31.3,24.1,87,chanthaburi
2026-09-17,8.6,28.8,24.4,92,chanthaburi
2026-09-18,9.6,31.2,24.0,90,chanthaburi
2026-09-19,18.5,30.7,24.3,93,chanthaburi
2026-09-20,15.1,29.0,23.9,94,chanthaburi
2026-09-21,7.8,30.2,24.1,88,chanthaburi
2010-01-01,0.0,31.1,23.7,79,rayong
2010-01-02,0.0,31.4,24.7,79,rayong
2010-01-03,0.0,32.6,23.2,76,rayong
2010-01-04,1.2,29.7,25.0,81,rayong
2010-01-05,2.1,30.3,24.2,82,rayong
2010-01-06,4.1,29.4,24.7,84,rayong
2010-01-07,0.0,30.8,24.3,81,rayong
2010-01-08,1.0,30.8,24.5,79,rayong
2010-01-09,0.0,31.0,23.2,71,rayong
2010-01-10,0.0,31.3,23.2,74,rayong
2010-01-11,0.9,30.4,24.0,81,rayong
2010-01-12,0.0,31.2,23.1,78,rayong
2010-01-13,0.5,31.1,24.1,72,rayong
2010-01-14,0.0,31.0,22.9,62,rayong
2010-01-15,0.0,30.6,23.1,58,rayong
2010-01-16,0.0,31.2,23.6,55,rayong
2010-01-17,0.0,31.0,22.4,54,rayong
2010-01-18,0.0,30.6,21.8,52,rayong
2010-01-19,0.0,30.7,22.1,55,rayong
2010-01-20,0.0,29.1,24.5,62,rayong
2010-01-21,0.1,28.9,24.6,70,rayong
2010-01-22,7.8,27.7,23.2,88,rayong
2010-01-23,3.4,29.9,22.6,82,rayong
2010-01-24,4.7,29.0,24.1,83,rayong
2010-01-25,0.9,30.4,23.3,79,rayong
2010-01-26,0.0,31.4,24.2,74,rayong
2010-01-27,0.0,31.4,23.0,73,rayong
2010-01-28,0.0,31.5,23.2,79,rayong
2010-01-29,1.3,30.4,24.5,79,rayong
2010-01-30,0.8,30.3,24.3,80,rayong
2010-01-31,0.9,30.2,25.0,80,rayong
2010-02-01,1.3,30.1,25.2,82,rayong
2010-02-02,0.9,30.6,25.3,80,rayong
2010-02-03,0.0,31.1,23.8,77,rayong
2010-02-04,0.3,30.8,24.8,78,rayong
2010-02-05,0.7,30.4,24.6,79,rayong
2010-02-06,0.6,30.8,25.1,77,rayong
2010-02-07,0.1,30.9,24.9,77,rayong
2010-02-08,0.5,30.4,25.0,78,rayong
2010-02-09,0.0,31.3,25.0,75,rayong
2010-02-10,0.0,31.3,24.2,77,rayong
2010-02-11,0.0,32.3,25.4,76,rayong
2010-02-12,0.1,31.0,24.9,77,rayong
2010-02-13,0.0,31.6,25.5,78,rayong
2010-02-14,0.6,31.2,25.9,76,rayong
2010-02-15,0.0,31.1,25.8,76,rayong
2010-02-16,0.3,30.9,25.8,77,rayong
2010-02-17,0.0,31.2,25.0,76,rayong
2010-02-18,1.4,30.6,24.8,77,rayong
2010-02-19,1.8,31.0,25.0,82,rayong
2010-02-20,4.6,28.6,25.5,84,rayong
2010-02-21,3.1,29.9,25.4,80,rayong
2010-02-22,2.6,30.3,25.4,79,rayong
2010-02-23,0.6,30.4,25.5,78,rayong
2010-02-24,0.4,30.8,25.7,77,rayong
2010-02-25,0.0,31.6,26.1,77,rayong
2010-02-26,0.6,31.6,25.9,79,rayong
2010-02-27,0.1,32.3,25.3,79,rayong
2010-02-28,0.0,31.8,26.6,75,rayong
2010-03-01,0.0,31.6,25.9,75,rayong
2010-03-02,0.0,31.6,25.7,73,rayong
2010-03-03,0.0,31.7,25.2,75,rayong
2010-03-04,0.0,31.7,25.2,76,rayong
2010-03-05,0.0,32.6,25.5,74,rayong
2010-03-06,0.0,32.7,25.8,74,rayong
2010-03-07,0.0,32.5,25.1,76,rayong
2010-03-08,0.0,32.1,25.5,75,rayong
2010-03-09,0.0,32.2,26.1,75,rayong
2010-03-10,0.2,31.9,26.1,63,rayong
2010-03-11,0.0,33.1,24.2,50,rayong
2010-03-12,0.0,33.6,23.7,67,rayong
2010-03-13,0.0,32.2,26.3,73,rayong
2010-03-14,0.0,32.3,26.4,75,rayong
2010-03-15,0.0,32.7,26.4,74,rayong
2010-03-16,1.0,32.5,26.9,75,rayong
2010-03-17,6.7,30.4,25.1,81,rayong
2010-03-18,0.0,34.2,25.3,72,rayong
2010-03-19,0.1,31.5,25.1,79,rayong
2010-03-20,0.9,31.4,25.8,76,rayong
2010-03-21,0.0,31.9,26.2,76,rayong
2010-03-22,0.9,30.9,26.5,78,rayong
2010-03-23,1.2,32.3,26.1,76,rayong
2010-03-24,0.2,32.3,26.7,74,rayong
2010-03-25,0.5,33.6,26.1,76,rayong
2010-03-26,7.5,31.1,23.7,82,rayong
2010-03-27,0.0,31.7,24.0,69,rayong
2010-03-28,0.0,33.2,25.2,68,rayong
2010-03-29,1.1,32.8,25.4,78,rayong
2010-03-30,4.1,30.3,25.1,81,rayong
2010-03-31,4.6,31.2,26.2,79,rayong
2010-04-01,1.2,31.8,26.1,78,rayong
2010-04-02,0.7,32.2,26.8,78,rayong
2010-04-03,11.5,31.7,27.2,80,rayong
2010-04-04,0.2,31.7,27.0,78,rayong
2010-04-05,0.0,32.9,26.9,75,rayong
2010-04-06,0.6,32.0,27.3,76,rayong
2010-04-07,0.0,33.1,27.1,74,rayong
2010-04-08,0.2,33.1,27.6,75,rayong
2010-04-09,0.0,33.4,27.4,74,rayong
2010-04-10,0.0,32.6,27.5,73,rayong
2010-04-11,2.1,31.8,27.3,77,rayong
2010-04-12,0.2,32.3,27.3,79,rayong
2010-04-13,0.0,33.1,27.2,76,rayong
2010-04-14,0.0,33.1,26.8,75,rayong
2010-04-15,0.8,33.5,27.8,73,rayong
2010-04-16,10.9,30.4,27.1,83,rayong
2010-04-17,24.5,30.6,25.2,85,rayong
2010-04-18,7.2,31.6,24.7,79,rayong
2010-04-19,5.0,31.4,26.8,82,rayong
2010-04-20,1.0,31.0,26.8,81,rayong
2010-04-21,0.8,31.6,27.4,82,rayong
2010-04-22,0.7,32.9,28.0,77,rayong
2010-04-23,2.9,32.3,27.9,79,rayong
2010-04-24,13.8,32.2,26.6,83,rayong
2010-04-25,0.4,32.4,25.1,80,rayong
2010-04-26,13.9,32.2,27.1,80,rayong
2010-04-27,11.7,31.2,25.3,82,rayong
2010-04-28,6.0,30.9,26.5,82,rayong
2010-04-29,1.4,31.7,27.0,81,rayong
2010-04-30,2.2,31.9,27.3,79,rayong
2010-05-01,2.6,30.2,26.6,84,rayong
2010-05-02,5.5,30.5,26.4,84,rayong
2010-05-03,9.9,30.5,27.3,84,rayong
2010-05-04,0.8,31.2,27.0,83,rayong
2010-05-05,0.1,32.1,27.9,77,rayong
2010-05-06,11.7,31.5,27.6,81,rayong
2010-05-07,0.3,32.4,28.0,78,rayong
2010-05-08,1.3,32.4,27.9,78,rayong
2010-05-09,0.6,32.7,28.2,77,rayong
2010-05-10,1.6,33.5,28.3,79,rayong
2010-05-11,6.5,31.6,27.2,82,rayong
2010-05-12,6.4,30.5,27.6,83,rayong
2010-05-13,4.6,31.3,26.4,83,rayong
2010-05-14,6.4,31.9,27.0,82,rayong
2010-05-15,9.6,31.0,27.3,84,rayong
2010-05-16,2.4,31.9,26.6,83,rayong
2010-05-17,8.6,31.1,26.5,85,rayong
2010-05-18,8.1,31.3,27.3,82,rayong
2010-05-19,11.0,31.2,26.1,83,rayong
2010-05-20,1.2,32.1,27.1,80,rayong
2010-05-21,0.6,32.0,28.2,81,rayong
2010-05-22,10.9,30.7,27.4,83,rayong
2010-05-23,7.4,32.6,27.5,79,rayong
2010-05-24,3.4,31.8,26.7,83,rayong
2010-05-25,24.4,31.1,25.6,87,rayong
2010-05-26,16.9,29.2,26.1,88,rayong
2010-05-27,6.6,30.2,26.3,86,rayong
2010-05-28,17.1,29.5,25.2,87,rayong
2010-05-29,8.6,30.0,27.1,82,rayong
2010-05-30,0.5,30.8,27.0,81,rayong
2010-05-31,0.1,31.4,27.4,79,rayong
2010-06-01,0.1,31.8,27.4,80,rayong
2010-06-02,1.1,31.7,27.8,80,rayong
2010-06-03,7.6,30.9,27.9,81,rayong
2010-06-04,3.2,31.7,27.0,81,rayong
2010-06-05,7.7,30.7,26.2,85,rayong
2010-06-06,9.3,30.4,26.3,85,rayong
2010-06-07,13.4,30.1,25.7,87,rayong
2010-06-08,0.2,31.3,27.0,80,rayong
2010-06-09,8.2,29.9,25.9,86,rayong
2010-06-10,5.9,29.1,25.4,86,rayong
2010-06-11,2.3,31.0,26.1,79,rayong
2010-06-12,0.3,31.5,26.9,78,rayong
2010-06-13,4.4,31.6,27.4,81,rayong
2010-06-14,8.7,31.1,27.1,84,rayong
2010-06-15,4.9,30.7,26.0,82,rayong
2010-06-16,5.3,32.2,26.6,80,rayong
2010-06-17,6.0,31.4,25.7,84,rayong
2010-06-18,2.8,30.9,26.4,80,rayong
2010-06-19,7.3,29.7,27.4,81,rayong
2010-06-20,0.7,31.7,27.4,79,rayong
2010-06-21,18.5,29.2,27.2,85,rayong
2010-06-22,18.6,27.8,25.1,93,rayong
2010-06-23,9.1,30.0,25.6,86,rayong
2010-06-24,3.4,30.3,26.6,80,rayong
2010-06-25,5.2,30.8,26.6,82,rayong
2010-06-26,3.6,30.7,25.8,83,rayong
2010-06-27,0.1,31.3,27.2,80,rayong
2010-06-28,1.1,30.1,27.2,80,rayong
2010-06-29,9.4,28.9,26.3,83,rayong
2010-06-30,1.9,30.2,26.7,79,rayong
2010-07-01,18.9,29.1,25.5,89,rayong
2010-07-02,9.2,28.6,25.0,87,rayong
2010-07-03,14.1,28.0,24.8,90,rayong
2010-07-04,13.9,29.2,24.9,90,rayong
2010-07-05,9.8,29.0,25.1,87,rayong
2010-07-06,10.7,29.3,26.0,84,rayong
2010-07-07,12.9,30.6,25.8,84,rayong
2010-07-08,3.7,31.7,27.0,79,rayong
2010-07-09,13.1,30.3,26.0,84,rayong
2010-07-10,6.7,29.9,25.5,83,rayong
2010-07-11,4.7,30.0,26.6,83,rayong
2010-07-12,10.7,31.1,25.7,83,rayong
2010-07-13,12.7,30.8,26.5,83,rayong
2010-07-14,13.3,30.0,25.2,88,rayong
2010-07-15,23.1,28.3,25.0,90,rayong
2010-07-16,5.9,29.3,25.3,87,rayong
2010-07-17,10.2,30.0,26.2,84,rayong
2010-07-18,2.8,29.6,26.7,83,rayong
2010-07-19,11.0,28.6,24.9,87,rayong
2010-07-20,1.4,30.7,25.6,80,rayong
2010-07-21,0.9,31.2,26.7,80,rayong
2010-07-22,1.3,30.7,27.2,80,rayong
2010-07-23,6.8,29.8,26.3,81,rayong
2010-07-24,3.1,30.3,25.4,78,rayong
2010-07-25,5.6,29.4,25.5,80,rayong
2010-07-26,24.5,28.8,25.2,88,rayong
2010-07-27,21.5,29.5,24.9,88,rayong
2010-07-28,10.9,29.4,24.9,85,rayong
2010-07-29,20.3,27.9,24.8,89,rayong
2010-07-30,2.0,30.3,26.0,82,rayong
2010-07-31,19.9,30.4,24.9,85,rayong
2010-08-01,8.3,29.5,25.4,82,rayong
2010-08-02,30.2,27.1,25.1,90,rayong
2010-08-03,15.4,29.2,25.2,86,rayong
2010-08-04,3.3,30.4,26.1,80,rayong
2010-08-05,1.7,29.9,25.9,80,rayong
2010-08-06,5.0,30.4,25.0,84,rayong
2010-08-07,10.0,29.4,25.7,85,rayong
2010-08-08,0.4,30.4,26.4,78,rayong
2010-08-09,2.4,29.3,26.6,80,rayong
2010-08-10,0.3,29.5,26.2,81,rayong
2010-08-11,15.6,28.5,25.2,88,rayong
2010-08-12,13.1,28.4,25.0,91,rayong
2010-08-13,25.9,28.5,24.4,91,rayong
2010-08-14,24.3,27.6,24.3,92,rayong
2010-08-15,1.4,29.9,24.9,83,rayong
2010-08-16,0.1,30.3,25.5,81,rayong
2010-08-17,5.2,30.0,26.2,82,rayong
2010-08-18,8.4,30.1,25.9,84,rayong
2010-08-19,3.8,31.2,25.2,85,rayong
2010-08-20,21.7,28.6,24.9,92,rayong
2010-08-21,18.1,27.7,24.8,92,rayong
2010-08-22,2.0,30.0,24.7,83,rayong
2010-08-23,25.4,28.5,24.9,89,rayong
2010-08-24,15.7,29.0,24.8,88,rayong
2010-08-25,2.7,30.0,25.0,87,rayong
2010-08-26,6.2,30.2,25.3,86,rayong
2010-08-27,0.6,30.3,26.4,80,rayong
2010-08-28,2.5,30.0,25.9,83,rayong
2010-08-29,5.5,28.5,25.1,87,rayong
2010-08-30,7.8,29.3,25.5,85,rayong
2010-08-31,2.6,30.3,26.1,80,rayong
2010-09-01,0.9,30.6,26.1,81,rayong
2010-09-02,12.8,29.4,26.1,84,rayong
2010-09-03,12.8,29.6,25.5,87,rayong
2010-09-04,6.1,28.8,25.3,86,rayong
2010-09-05,0.0,30.5,25.9,77,rayong
2010-09-06,0.6,30.4,26.6,78,rayong
2010-09-07,14.0,30.9,26.1,82,rayong
2010-09-08,2.1,29.9,25.2,83,rayong
2010-09-09,7.6,29.5,25.2,85,rayong
2010-09-10,16.1,28.7,25.3,86,rayong
2010-09-11,16.0,27.9,24.8,90,rayong
2010-09-12,9.0,29.9,24.3,85,rayong
2010-09-13,5.9,30.0,25.1,83,rayong
2010-09-14,19.2,27.6,24.3,91,rayong
2010-09-15,6.4,29.6,24.4,82,rayong
2010-09-16,17.4,29.9,24.7,88,rayong
2010-09-17,31.8,28.2,24.4,92,rayong
2010-09-18,15.8,28.2,23.8,92,rayong
2010-09-19,3.3,29.9,23.8,86,rayong
2010-09-20,2.0,30.5,25.4,80,rayong
2010-09-21,7.0,30.8,26.2,83,rayong
2010-09-22,18.0,30.2,26.2,85,rayong
2010-09-23,9.1,29.2,25.2,87,rayong
2010-09-24,2.8,30.5,24.9,84,rayong
2010-09-25,1.6,31.0,25.2,85,rayong
2010-09-26,17.0,30.3,25.4,87,rayong
2010-09-27,11.1,29.5,25.0,89,rayong
2010-09-28,13.6,30.2,24.1,89,rayong
2010-09-29,23.1,30.5,24.4,90,rayong
2010-09-30,6.2,31.5,25.3,83,rayong
2010-10-01,7.9,31.0,25.0,85,rayong
2010-10-02,11.9,30.2,25.4,89,rayong
2010-10-03,37.6,29.5,24.6,94,rayong
2010-10-04,16.6,27.8,24.4,93,rayong
2010-10-05,3.2,28.8,23.9,90,rayong
2010-10-06,6.7,29.7,24.5,89,rayong
2010-10-07,6.4,29.8,24.4,87,rayong
2010-10-08,5.2,30.2,25.4,83,rayong
2010-10-09,1.2,30.4,25.7,84,rayong
2010-10-10,3.9,30.3,26.2,83,rayong
2010-10-11,15.7,28.0,24.8,88,rayong
2010-10-12,44.8,27.9,25.1,91,rayong
2010-10-13,18.7,28.3,24.6,88,rayong
2010-10-14,19.8,25.7,23.5,92,rayong
2010-10-15,23.8,25.5,23.7,94,rayong
2010-10-16,9.8,27.8,23.3,89,rayong
2010-10-17,10.4,27.6,23.8,90,rayong
2010-10-18,13.6,28.6,24.4,87,rayong
2010-10-19,0.4,29.7,24.3,82,rayong
2010-10-20,3.4,30.0,25.0,86,rayong
2010-10-21,9.7,30.3,24.9,88,rayong
2010-10-22,30.4,28.8,24.6,91,rayong
2010-10-23,2.9,30.2,24.7,84,rayong
2010-10-24,6.9,29.9,24.9,86,rayong
2010-10-25,6.3,30.6,25.9,83,rayong
2010-10-26,22.5,28.7,24.6,90,rayong
2010-10-27,2.7,29.7,24.7,83,rayong
2010-10-28,0.7,29.0,24.2,78,rayong
2010-10-29,0.0,27.9,23.5,66,rayong
2010-10-30,0.0,27.1,21.3,64,rayong
2010-10-31,0.0,25.9,21.3,63,rayong
2010-11-01,0.2,25.4,21.1,69,rayong
2010-11-02,0.1,27.0,22.6,72,rayong
2010-11-03,0.0,27.8,23.3,66,rayong
2010-11-04,0.0,27.2,22.4,60,rayong
2010-11-05,0.0,28.4,22.3,63,rayong
2010-11-06,0.0,28.9,23.1,65,rayong
2010-11-07,0.1,29.8,23.4,69,rayong
2010-11-08,0.0,30.0,24.8,67,rayong
2010-11-09,0.0,26.8,24.7,65,rayong
2010-11-10,0.0,30.2,23.6,65,rayong
2010-11-11,1.5,30.5,23.9,73,rayong
2010-11-12,0.0,30.6,23.1,75,rayong
2010-11-13,0.0,31.2,25.1,65,rayong
2010-11-14,0.0,32.2,25.2,69,rayong
2010-11-15,0.1,30.9,25.7,70,rayong
2010-11-16,4.4,31.2,24.9,76,rayong
2010-11-17,0.0,30.9,24.6,71,rayong
2010-11-18,2.1,31.3,25.0,73,rayong
2010-11-19,0.6,31.0,25.3,75,rayong
2010-11-20,0.0,29.3,24.8,76,rayong
2010-11-21,0.0,31.3,23.6,77,rayong
2010-11-22,0.4,30.6,24.0,76,rayong
2010-11-23,0.1,31.4,24.2,78,rayong
2010-11-24,0.6,31.4,24.3,78,rayong
2010-11-25,0.0,32.7,24.4,70,rayong
2010-11-26,0.2,31.5,24.6,67,rayong
2010-11-27,0.0,31.3,24.1,64,rayong
2010-11-28,0.0,32.3,25.5,59,rayong
2010-11-29,0.0,32.0,25.7,63,rayong
2010-11-30,0.5,31.1,25.6,68,rayong
2010-12-01,0.2,30.9,25.4,65,rayong
2010-12-02,0.0,32.1,24.7,60,rayong
2010-12-03,0.0,30.9,24.2,62,rayong
2010-12-04,0.0,31.3,24.0,59,rayong
2010-12-05,0.0,32.1,24.2,61,rayong
2010-12-06,0.8,32.1,26.1,66,rayong
2010-12-07,0.2,31.0,26.0,70,rayong
2010-12-08,0.0,31.1,24.9,62,rayong
2010-12-09,0.0,31.0,23.9,63,rayong
2010-12-10,0.0,30.1,22.4,75,rayong
2010-12-11,1.2,29.2,24.8,78,rayong
2010-12-12,0.9,29.6,25.2,77,rayong
2010-12-13,0.5,29.7,24.7,80,rayong
2010-12-14,0.3,30.4,24.2,79,rayong
2010-12-15,0.6,30.7,24.7,80,rayong
2010-12-16,18.3,29.1,24.1,85,rayong
2010-12-17,1.7,25.2,21.4,60,rayong
2010-12-18,0.0,28.3,20.6,58,rayong
2010-12-19,0.5,29.5,22.3,64,rayong
2010-12-20,0.0,31.2,23.4,67,rayong
2010-12-21,0.0,31.6,23.6,70,rayong
2010-12-22,0.0,31.4,23.2,75,rayong
2010-12-23,0.5,30.3,24.5,76,rayong
2010-12-24,5.1,30.9,24.1,80,rayong
2010-12-25,1.0,31.1,24.4,79,rayong
2010-12-26,0.0,31.0,24.3,66,rayong
2010-12-27,0.0,30.0,21.4,54,rayong
2010-12-28,0.0,30.7,22.0,53,rayong
2010-12-29,0.0,31.0,22.6,53,rayong
2010-12-30,0.0,31.8,23.2,53,rayong
2010-12-31,0.0,30.8,22.5,51,rayong
2011-01-01,0.0,30.9,22.3,53,rayong
2011-01-02,0.0,31.6,23.1,58,rayong
2011-01-03,0.0,31.7,22.7,65,rayong
2011-01-04,0.0,32.0,23.0,63,rayong
2011-01-05,0.0,31.9,23.8,63,rayong
2011-01-06,0.2,30.5,25.5,64,rayong
2011-01-07,0.0,30.4,23.6,57,rayong
2011-01-08,0.0,30.9,22.5,55,rayong
2011-01-09,0.0,31.0,22.8,57,rayong
2011-01-10,0.0,30.6,22.2,58,rayong
2011-01-11,0.0,30.0,22.7,60,rayong
2011-01-12,0.0,28.9,24.1,62,rayong
2011-01-13,0.0,30.4,22.2,59,rayong
2011-01-14,0.0,30.9,22.0,63,rayong
2011-01-15,0.0,31.0,22.5,59,rayong
2011-01-16,0.0,29.2,20.0,52,rayong
2011-01-17,0.0,29.2,20.1,54,rayong
2011-01-18,0.0,29.8,20.9,56,rayong
2011-01-19,0.0,30.4,20.1,59,rayong
2011-01-20,0.0,31.1,19.7,62,rayong
2011-01-21,0.0,31.7,21.9,56,rayong
2011-01-22,0.0,31.7,23.6,58,rayong
2011-01-23,0.0,32.1,23.2,64,rayong
2011-01-24,0.0,31.7,24.9,58,rayong
2011-01-25,0.0,31.9,24.6,55,rayong
2011-01-26,0.0,31.8,23.8,52,rayong
2011-01-27,0.0,32.2,25.1,52,rayong
2011-01-28,0.0,32.7,25.1,54,rayong
2011-01-29,0.0,31.4,23.7,50,rayong
2011-01-30,0.0,30.6,21.7,48,rayong
2011-01-31,0.0,30.6,21.1,50,rayong
2011-02-01,0.0,31.8,22.0,52,rayong
2011-02-02,0.0,31.4,23.0,54,rayong
2011-02-03,0.0,32.1,23.5,56,rayong
2011-02-04,0.0,31.7,22.7,65,rayong
2011-02-05,0.0,31.3,22.0,73,rayong
2011-02-06,0.0,31.0,22.4,74,rayong
2011-02-07,0.9,29.6,23.0,79,rayong
2011-02-08,1.2,30.3,24.5,75,rayong
2011-02-09,0.0,30.7,23.8,77,rayong
2011-02-10,0.0,31.0,23.3,76,rayong
2011-02-11,0.2,30.8,24.4,75,rayong
2011-02-12,0.8,30.4,25.3,72,rayong
2011-02-13,0.9,30.2,25.2,76,rayong
2011-02-14,5.0,29.6,24.9,79,rayong
2011-02-15,18.5,27.2,23.2,90,rayong
2011-02-16,0.8,30.0,22.8,82,rayong
2011-02-17,0.7,30.6,24.1,80,rayong
2011-02-18,0.0,30.3,24.9,81,rayong
2011-02-19,0.1,30.2,24.9,80,rayong
2011-02-20,0.4,30.6,25.2,80,rayong
2011-02-21,7.8,28.0,24.7,86,rayong
2011-02-22,6.8,29.1,23.9,84,rayong
2011-02-23,5.2,29.1,24.3,81,rayong
2011-02-24,8.0,29.5,23.9,84,rayong
2011-02-25,2.3,29.7,24.2,82,rayong
2011-02-26,8.3,28.8,25.0,84,rayong
2011-02-27,5.8,28.5,24.2,84,rayong
2011-02-28,3.5,29.6,24.5,83,rayong
2011-03-01,1.6,29.8,25.4,81,rayong
2011-03-02,1.1,30.2,25.6,81,rayong
2011-03-03,3.7,30.7,24.9,84,rayong
2011-03-04,26.9,27.9,23.7,93,rayong
2011-03-05,0.0,31.3,23.3,82,rayong
2011-03-06,1.7,30.5,24.6,83,rayong
2011-03-07,0.5,30.3,25.9,83,rayong
2011-03-08,25.0,26.9,24.6,90,rayong
2011-03-09,4.9,30.6,23.6,84,rayong
2011-03-10,0.2,31.0,24.7,81,rayong
2011-03-11,0.0,30.8,24.3,79,rayong
2011-03-12,0.2,30.0,24.6,82,rayong
2011-03-13,5.4,30.0,24.2,85,rayong
2011-03-14,1.6,29.8,24.9,82,rayong
2011-03-15,4.1,29.9,23.5,84,rayong
2011-03-16,16.4,28.6,22.0,82,rayong
2011-03-17,4.2,24.2,20.3,71,rayong
2011-03-18,0.0,26.7,19.5,70,rayong
2011-03-19,0.0,29.7,20.9,71,rayong
2011-03-20,1.1,30.2,22.6,78,rayong
2011-03-21,0.0,30.5,25.0,82,rayong
2011-03-22,9.1,30.7,25.7,84,rayong
2011-03-23,66.1,26.4,23.5,94,rayong
2011-03-24,4.2,30.6,22.5,79,rayong
2011-03-25,0.0,29.4,24.4,69,rayong
2011-03-26,0.0,25.9,23.3,67,rayong
2011-03-27,0.2,27.0,22.7,63,rayong
2011-03-28,14.7,24.3,17.9,79,rayong
2011-03-29,3.0,21.1,18.3,72,rayong
2011-03-30,6.0,24.3,17.8,71,rayong
2011-03-31,0.0,28.1,19.6,67,rayong
2011-04-01,0.0,30.0,22.6,73,rayong
2011-04-02,4.5,29.6,23.9,81,rayong
2011-04-03,3.0,28.7,25.4,82,rayong
2011-04-04,2.6,29.9,24.9,83,rayong
2011-04-05,8.9,29.1,24.7,87,rayong
2011-04-06,9.0,28.8,23.9,88,rayong
2011-04-07,13.0,29.3,24.7,83,rayong
2011-04-08,20.9,29.3,24.7,87,rayong
2011-04-09,19.2,29.7,23.8,89,rayong
2011-04-10,6.8,29.1,23.1,88,rayong
2011-04-11,2.1,30.2,23.7,85,rayong
2011-04-12,2.4,28.9,24.7,86,rayong
2011-04-13,11.3,28.1,24.1,87,rayong
2011-04-14,1.7,29.8,23.9,83,rayong
2011-04-15,1.4,29.9,23.9,82,rayong
2011-04-16,0.0,30.4,24.9,79,rayong
2011-04-17,5.8,29.7,25.8,82,rayong
2011-04-18,1.1,30.8,26.3,82,rayong
2011-04-19,6.0,29.9,26.0,86,rayong
2011-04-20,4.2,30.4,25.2,83,rayong
2011-04-21,10.6,28.2,25.0,87,rayong
2011-04-22,6.1,29.4,25.2,85,rayong
2011-04-23,16.3,28.0,25.4,88,rayong
2011-04-24,10.8,30.4,24.0,88,rayong
2011-04-25,13.4,29.2,24.0,89,rayong
2011-04-26,5.9,30.5,24.5,85,rayong
2011-04-27,3.8,30.7,25.1,84,rayong
2011-04-28,3.4,31.0,25.2,82,rayong
2011-04-29,7.9,29.5,24.8,86,rayong
2011-04-30,4.5,30.6,25.0,85,rayong
2011-05-01,8.3,29.1,24.8,88,rayong
2011-05-02,1.1,30.5,25.3,83,rayong
2011-05-03,1.0,30.8,26.0,81,rayong
2011-05-04,4.2,30.9,27.0,82,rayong
2011-05-05,1.1,30.4,25.6,83,rayong
2011-05-06,6.2,30.1,25.7,85,rayong
2011-05-07,11.4,29.4,25.5,86,rayong
2011-05-08,19.2,28.4,25.8,87,rayong
2011-05-09,4.8,29.3,25.8,82,rayong
2011-05-10,5.3,30.0,26.5,80,rayong
2011-05-11,0.1,29.9,26.5,80,rayong
2011-05-12,8.5,30.0,26.7,83,rayong
2011-05-13,14.7,30.0,25.6,87,rayong
2011-05-14,5.2,28.6,25.3,88,rayong
2011-05-15,3.5,29.0,25.4,86,rayong
2011-05-16,0.0,30.2,25.8,84,rayong
2011-05-17,1.5,30.5,24.9,81,rayong
2011-05-18,16.7,28.6,25.0,88,rayong
2011-05-19,3.3,30.5,26.3,82,rayong
2011-05-20,0.0,31.1,25.8,78,rayong
2011-05-21,0.0,31.6,27.1,76,rayong
2011-05-22,0.0,31.8,27.2,76,rayong
2011-05-23,0.0,32.2,27.4,76,rayong
2011-05-24,5.6,30.9,27.1,81,rayong
2011-05-25,11.6,29.6,25.7,88,rayong
2011-05-26,8.1,29.7,25.2,89,rayong
2011-05-27,21.9,29.9,25.0,87,rayong
2011-05-28,6.9,30.5,25.2,85,rayong
2011-05-29,10.0,30.5,26.1,82,rayong
2011-05-30,18.8,29.3,25.4,87,rayong
2011-05-31,13.5,30.0,25.3,85,rayong
2011-06-01,12.7,30.1,25.5,83,rayong
2011-06-02,6.0,29.7,25.6,84,rayong
2011-06-03,2.7,29.4,25.4,84,rayong
2011-06-04,10.8,29.5,25.9,87,rayong
2011-06-05,6.0,30.1,25.5,87,rayong
2011-06-06,8.3,29.7,25.2,86,rayong
2011-06-07,7.5,29.1,25.2,87,rayong
2011-06-08,4.4,29.9,25.9,83,rayong
2011-06-09,6.0,30.5,25.6,81,rayong
2011-06-10,5.0,29.8,26.4,81,rayong
2011-06-11,5.2,29.3,26.1,82,rayong
2011-06-12,16.0,28.7,26.2,86,rayong
2011-06-13,4.3,28.2,25.4,85,rayong
2011-06-14,2.8,28.6,25.0,85,rayong
2011-06-15,2.5,29.8,26.1,81,rayong
2011-06-16,5.0,29.9,25.6,83,rayong
2011-06-17,11.8,28.5,26.5,85,rayong
2011-06-18,19.2,29.2,25.8,88,rayong
2011-06-19,6.9,29.6,25.7,84,rayong
2011-06-20,0.7,30.0,26.2,81,rayong
2011-06-21,1.5,30.1,25.4,80,rayong
2011-06-22,0.9,29.7,26.1,79,rayong
2011-06-23,0.2,30.7,26.4,77,rayong
2011-06-24,0.0,30.5,26.7,75,rayong
2011-06-25,0.8,29.6,26.7,78,rayong
2011-06-26,1.1,29.6,26.7,81,rayong
2011-06-27,10.3,29.6,25.9,84,rayong
2011-06-28,1.4,29.7,26.2,82,rayong
2011-06-29,10.3,29.2,25.4,83,rayong
2011-06-30,10.7,28.4,25.1,90,rayong
2011-07-01,13.7,27.5,24.7,91,rayong
2011-07-02,14.6,28.4,24.2,88,rayong
2011-07-03,9.3,29.2,24.3,88,rayong
2011-07-04,1.3,29.6,24.2,83,rayong
2011-07-05,0.2,30.2,25.3,79,rayong
2011-07-06,0.0,31.2,26.0,76,rayong
2011-07-07,0.0,31.6,26.9,76,rayong
2011-07-08,0.3,31.5,27.1,76,rayong
2011-07-09,6.0,31.1,26.8,77,rayong
2011-07-10,3.5,30.4,26.6,78,rayong
2011-07-11,1.5,30.2,26.4,79,rayong
2011-07-12,19.7,28.6,24.9,88,rayong
2011-07-13,9.2,29.9,25.4,83,rayong
2011-07-14,7.8,29.1,26.1,84,rayong
2011-07-15,3.2,28.4,26.1,84,rayong
2011-07-16,3.4,29.1,25.9,83,rayong
2011-07-17,2.3,29.6,25.9,81,rayong
2011-07-18,1.5,29.9,26.2,80,rayong
2011-07-19,15.9,30.2,26.3,82,rayong
2011-07-20,10.3,30.0,26.1,82,rayong
2011-07-21,4.8,30.0,25.9,83,rayong
2011-07-22,7.4,29.2,24.9,86,rayong
2011-07-23,4.9,28.9,25.2,84,rayong
2011-07-24,14.2,29.1,25.1,84,rayong
2011-07-25,9.0,27.8,25.1,85,rayong
2011-07-26,0.3,29.9,25.6,80,rayong
2011-07-27,10.7,29.6,25.9,82,rayong
2011-07-28,0.2,29.9,25.4,80,rayong
2011-07-29,6.2,29.8,26.1,80,rayong
2011-07-30,4.0,28.1,25.5,82,rayong
2011-07-31,7.9,28.1,24.9,85,rayong
2011-08-01,13.1,27.7,25.3,89,rayong
2011-08-02,7.4,29.7,25.5,82,rayong
2011-08-03,0.9,30.1,25.5,80,rayong
2011-08-04,0.4,30.4,26.2,78,rayong
2011-08-05,0.0,30.7,26.3,77,rayong
2011-08-06,5.8,30.6,26.9,80,rayong
2011-08-07,1.9,30.3,26.4,80,rayong
2011-08-08,0.2,30.2,26.4,80,rayong
2011-08-09,2.7,30.3,26.6,80,rayong
2011-08-10,15.8,28.5,25.4,88,rayong
2011-08-11,6.4,27.7,25.8,86,rayong
2011-08-12,1.8,29.7,25.8,81,rayong
2011-08-13,14.1,29.3,25.4,82,rayong
2011-08-14,23.3,28.9,25.7,83,rayong
2011-08-15,29.1,28.0,24.2,88,rayong
2011-08-16,9.0,29.3,24.1,86,rayong
2011-08-17,9.7,28.7,24.7,84,rayong
2011-08-18,15.1,29.2,24.8,84,rayong
2011-08-19,6.7,29.6,25.0,87,rayong
2011-08-20,9.4,30.1,24.7,84,rayong
2011-08-21,5.1,29.7,25.2,84,rayong
2011-08-22,6.3,31.2,25.1,80,rayong
2011-08-23,0.0,31.3,26.7,76,rayong
2011-08-24,0.0,31.5,26.7,77,rayong
2011-08-25,6.4,31.5,25.6,82,rayong
2011-08-26,21.6,29.8,24.6,89,rayong
2011-08-27,30.5,28.0,24.7,92,rayong
2011-08-28,17.6,26.8,24.3,91,rayong
2011-08-29,13.6,27.8,24.7,88,rayong
2011-08-30,0.8,29.7,25.6,80,rayong
2011-08-31,8.9,29.7,25.8,83,rayong
2011-09-01,1.3,28.9,25.7,83,rayong
2011-09-02,1.3,29.0,26.2,81,rayong
2011-09-03,0.0,30.0,25.8,80,rayong
2011-09-04,4.4,29.5,25.9,82,rayong
2011-09-05,1.7,29.3,25.8,83,rayong
2011-09-06,2.9,29.5,25.4,82,rayong
2011-09-07,0.2,29.6,26.1,79,rayong
2011-09-08,4.5,29.2,25.6,82,rayong
2011-09-09,5.7,30.2,25.2,86,rayong
2011-09-10,30.0,26.9,24.4,92,rayong
2011-09-11,32.2,27.7,24.6,90,rayong
2011-09-12,9.8,28.1,24.6,88,rayong
2011-09-13,12.8,28.3,24.7,87,rayong
2011-09-14,8.5,29.0,25.8,83,rayong
2011-09-15,1.1,29.1,25.8,82,rayong
2011-09-16,1.0,30.1,26.1,78,rayong
2011-09-17,0.9,28.8,26.0,80,rayong
2011-09-18,1.2,30.0,26.1,81,rayong
2011-09-19,0.6,30.0,26.2,81,rayong
2011-09-20,11.2,28.5,25.3,87,rayong
2011-09-21,12.2,27.5,25.0,87,rayong
2011-09-22,28.6,27.3,24.6,92,rayong
2011-09-23,23.7,27.0,24.3,92,rayong
2011-09-24,10.1,27.7,24.3,88,rayong
2011-09-25,4.2,30.5,25.2,82,rayong
2011-09-26,7.0,30.4,25.0,85,rayong
2011-09-27,5.8,27.8,25.1,88,rayong
2011-09-28,1.4,28.4,25.0,84,rayong
2011-09-29,0.8,29.2,25.2,83,rayong
2011-09-30,4.8,29.2,25.8,82,rayong
2011-10-01,0.6,29.4,25.8,82,rayong
2011-10-02,6.6,29.5,25.2,85,rayong
2011-10-03,1.0,29.6,25.2,82,rayong
2011-10-04,0.7,27.1,24.3,83,rayong
2011-10-05,20.1,29.7,24.2,86,rayong
2011-10-06,19.8,28.6,23.8,90,rayong
2011-10-07,8.5,26.6,23.3,91,rayong
2011-10-08,17.3,28.7,23.3,91,rayong
2011-10-09,11.3,28.4,23.9,90,rayong
2011-10-10,24.9,27.7,24.0,93,rayong
2011-10-11,11.8,27.2,23.7,92,rayong
2011-10-12,13.6,28.1,23.5,90,rayong
2011-10-13,3.5,28.5,24.5,86,rayong
2011-10-14,20.4,28.8,24.5,89,rayong
2011-10-15,25.5,27.7,24.1,91,rayong
2011-10-16,12.3,29.2,23.6,90,rayong
2011-10-17,6.0,28.9,24.0,86,rayong
2011-10-18,21.8,30.3,24.2,84,rayong
2011-10-19,0.2,30.7,24.6,75,rayong
2011-10-20,6.3,29.8,25.3,81,rayong
2011-10-21,0.7,30.0,24.5,82,rayong
2011-10-22,0.2,30.4,24.1,82,rayong
2011-10-23,0.6,30.5,24.0,85,rayong
2011-10-24,0.4,30.7,24.5,81,rayong
2011-10-25,2.6,30.9,25.3,81,rayong
2011-10-26,1.3,30.9,25.3,80,rayong
2011-10-27,0.1,31.1,25.1,78,rayong
2011-10-28,0.0,30.7,25.5,76,rayong
2011-10-29,0.4,31.4,25.3,75,rayong
2011-10-30,0.4,30.8,24.9,74,rayong
2011-10-31,0.0,31.2,24.8,71,rayong
2011-11-01,0.0,31.1,25.0,71,rayong
2011-11-02,0.2,31.2,24.7,72,rayong
2011-11-03,0.0,31.6,24.8,69,rayong
2011-11-04,0.0,31.9,24.9,66,rayong
2011-11-05,0.0,32.1,24.5,67,rayong
2011-11-06,0.0,31.6,25.3,68,rayong
2011-11-07,2.9,31.6,25.8,75,rayong
2011-11-08,0.4,30.8,25.5,79,rayong
2011-11-09,2.1,30.1,25.0,81,rayong
2011-11-10,0.2,30.8,24.2,74,rayong
2011-11-11,0.7,30.6,24.0,69,rayong
2011-11-12,0.0,30.0,23.7,72,rayong
2011-11-13,0.1,31.3,24.6,69,rayong
2011-11-14,0.0,31.7,24.7,64,rayong
2011-11-15,0.0,32.3,25.1,62,rayong
2011-11-16,0.0,32.2,24.9,63,rayong
2011-11-17,0.0,32.7,25.4,63,rayong
2011-11-18,0.0,32.7,25.0,64,rayong
2011-11-19,0.0,32.3,23.5,72,rayong
2011-11-20,0.0,32.9,24.9,61,rayong
2011-11-21,0.0,32.7,24.8,57,rayong
2011-11-22,0.3,33.2,25.9,61,rayong
2011-11-23,0.0,32.9,26.1,62,rayong
2011-11-24,0.0,31.5,25.5,55,rayong
2011-11-25,0.0,31.8,24.4,55,rayong
2011-11-26,0.0,32.3,24.6,60,rayong
2011-11-27,0.0,32.2,25.5,63,rayong
2011-11-28,0.0,31.9,25.6,67,rayong
2011-11-29,0.4,31.3,24.8,76,rayong
2011-11-30,0.0,32.9,23.2,71,rayong
2011-12-01,0.0,33.2,24.0,63,rayong
2011-12-02,0.0,31.7,24.2,57,rayong
2011-12-03,0.0,30.7,23.5,55,rayong
2011-12-04,0.0,29.8,23.4,59,rayong
2011-12-05,0.0,30.8,23.6,59,rayong
2011-12-06,0.0,31.6,23.5,60,rayong
2011-12-07,0.0,31.2,24.2,65,rayong
2011-12-08,1.5,30.8,25.6,73,rayong
2011-12-09,0.0,29.5,23.6,67,rayong
2011-12-10,0.0,29.8,22.1,55,rayong
2011-12-11,0.0,27.4,19.4,53,rayong
2011-12-12,0.0,27.5,19.4,52,rayong
2011-12-13,0.0,28.8,19.0,57,rayong
2011-12-14,0.0,29.9,22.2,57,rayong
2011-12-15,0.0,31.0,24.0,59,rayong
2011-12-16,0.0,31.0,24.5,58,rayong
2011-12-17,0.0,29.5,22.4,55,rayong
2011-12-18,0.0,30.3,22.0,55,rayong
2011-12-19,0.0,29.8,21.6,56,rayong
2011-12-20,0.0,30.1,21.7,56,rayong
2011-12-21,0.0,30.6,22.7,58,rayong
2011-12-22,0.0,30.6,24.2,60,rayong
2011-12-23,0.0,31.1,24.5,59,rayong
2011-12-24,0.0,29.9,23.4,57,rayong
2011-12-25,0.0,27.7,19.7,50,rayong
2011-12-26,0.0,27.9,19.0,52,rayong
2011-12-27,0.0,29.8,20.7,54,rayong
2011-12-28,0.0,31.6,22.7,60,rayong
2011-12-29,0.0,32.0,24.0,61,rayong
2011-12-30,0.0,31.8,24.5,57,rayong
2011-12-31,0.0,31.8,24.1,58,rayong
2012-01-01,0.0,30.4,25.1,62,rayong
2012-01-02,0.0,31.6,24.8,65,rayong
2012-01-03,8.2,29.7,23.8,88,rayong
2012-01-04,0.0,29.5,23.6,80,rayong
2012-01-05,0.0,30.6,23.6,79,rayong
2012-01-06,0.0,31.1,24.1,76,rayong
2012-01-07,0.0,31.6,23.5,63,rayong
2012-01-08,0.0,31.1,22.2,56,rayong
2012-01-09,0.0,30.3,21.3,58,rayong
2012-01-10,0.0,30.9,22.6,56,rayong
2012-01-11,0.0,31.3,24.0,55,rayong
2012-01-12,0.0,28.7,22.8,59,rayong
2012-01-13,0.0,31.3,22.6,61,rayong
2012-01-14,0.0,31.5,24.3,65,rayong
2012-01-15,0.6,30.2,25.0,74,rayong
2012-01-16,7.7,30.5,24.3,81,rayong
2012-01-17,7.6,28.6,23.5,88,rayong
2012-01-18,1.0,29.4,23.5,85,rayong
2012-01-19,10.8,28.9,24.3,88,rayong
2012-01-20,8.6,28.0,23.9,88,rayong
2012-01-21,2.5,29.1,23.2,85,rayong
2012-01-22,0.0,29.5,24.0,82,rayong
2012-01-23,1.0,30.3,23.5,80,rayong
2012-01-24,1.2,29.5,23.8,82,rayong
2012-01-25,1.6,29.4,23.7,83,rayong
2012-01-26,1.3,29.5,23.2,84,rayong
2012-01-27,2.5,29.5,23.2,85,rayong
2012-01-28,3.4,30.4,23.2,83,rayong
2012-01-29,0.7,30.1,23.5,84,rayong
2012-01-30,26.4,25.4,23.7,93,rayong
2012-01-31,0.5,28.5,24.1,75,rayong
2012-02-01,0.0,30.2,23.6,70,rayong
2012-02-02,6.9,28.1,24.7,85,rayong
2012-02-03,9.0,29.1,23.8,86,rayong
2012-02-04,8.9,28.8,23.4,87,rayong
2012-02-05,7.8,29.4,23.8,86,rayong
2012-02-06,0.0,29.4,24.0,83,rayong
2012-02-07,0.0,29.8,24.9,82,rayong
2012-02-08,0.1,29.9,24.4,84,rayong
2012-02-09,8.4,28.0,24.6,87,rayong
2012-02-10,1.0,29.0,23.9,82,rayong
2012-02-11,0.8,29.4,24.1,82,rayong
2012-02-12,2.2,30.1,23.1,83,rayong
2012-02-13,0.0,30.5,23.7,81,rayong
2012-02-14,1.9,30.0,24.5,82,rayong
2012-02-15,1.4,30.0,25.1,81,rayong
2012-02-16,0.4,31.0,24.3,81,rayong
2012-02-17,0.4,31.2,25.1,85,rayong
2012-02-18,23.4,26.9,23.9,92,rayong
2012-02-19,0.1,29.3,23.6,75,rayong
2012-02-20,0.0,29.6,22.7,64,rayong
2012-02-21,0.0,30.7,20.9,74,rayong
2012-02-22,0.0,31.4,21.9,77,rayong
2012-02-23,0.5,30.2,24.7,80,rayong
2012-02-24,0.6,30.6,25.7,82,rayong
2012-02-25,0.0,30.7,25.8,82,rayong
2012-02-26,0.7,31.1,26.1,80,rayong
2012-02-27,6.6,29.9,25.4,84,rayong
2012-02-28,2.9,29.6,25.5,81,rayong
2012-02-29,0.0,30.8,25.7,78,rayong
2012-03-01,1.0,30.8,25.9,80,rayong
2012-03-02,0.0,30.9,25.9,80,rayong
2012-03-03,0.0,30.7,25.3,78,rayong
2012-03-04,3.6,29.5,25.5,82,rayong
2012-03-05,2.3,31.1,25.4,81,rayong
2012-03-06,0.1,30.4,25.8,79,rayong
2012-03-07,1.7,30.9,25.7,80,rayong
2012-03-08,16.2,29.8,25.9,85,rayong
2012-03-09,6.1,30.5,25.1,84,rayong
2012-03-10,13.3,29.4,25.2,86,rayong
2012-03-11,4.0,30.6,24.6,83,rayong
2012-03-12,3.1,31.3,24.2,83,rayong
2012-03-13,1.6,30.8,24.6,83,rayong
2012-03-14,2.4,31.2,25.9,81,rayong
2012-03-15,3.1,29.7,25.3,84,rayong
2012-03-16,0.6,30.8,25.1,81,rayong
2012-03-17,4.1,31.1,26.2,80,rayong
2012-03-18,4.4,30.6,24.9,82,rayong
2012-03-19,2.3,30.7,26.4,81,rayong
2012-03-20,1.2,31.0,25.9,80,rayong
2012-03-21,0.0,31.7,25.2,71,rayong
2012-03-22,0.0,31.5,24.5,72,rayong
2012-03-23,2.3,31.6,25.3,75,rayong
2012-03-24,5.3,31.0,25.6,81,rayong
2012-03-25,10.2,29.3,25.2,85,rayong
2012-03-26,2.0,32.0,24.8,79,rayong
2012-03-27,0.0,32.1,25.2,76,rayong
2012-03-28,0.0,31.9,25.3,78,rayong
2012-03-29,0.3,32.1,26.1,79,rayong
2012-03-30,0.9,33.2,26.6,73,rayong
2012-03-31,3.8,33.7,25.8,76,rayong
2012-04-01,1.0,30.1,25.8,67,rayong
2012-04-02,0.0,32.3,25.7,62,rayong
2012-04-03,4.2,31.7,26.4,75,rayong
2012-04-04,34.8,27.6,24.1,90,rayong
2012-04-05,13.1,30.2,24.6,86,rayong
2012-04-06,9.2,30.0,25.0,85,rayong
2012-04-07,1.7,30.8,24.9,83,rayong
2012-04-08,0.2,31.1,24.2,80,rayong
2012-04-09,9.6,30.1,24.3,83,rayong
2012-04-10,5.5,30.6,24.8,83,rayong
2012-04-11,7.4,30.1,26.0,81,rayong
2012-04-12,5.1,31.0,26.5,80,rayong
2012-04-13,8.1,30.3,26.6,84,rayong
2012-04-14,9.7,29.7,26.0,85,rayong
2012-04-15,7.6,30.5,26.6,82,rayong
2012-04-16,4.7,30.6,26.5,82,rayong
2012-04-17,3.6,30.9,26.7,81,rayong
2012-04-18,0.0,31.7,27.0,77,rayong
2012-04-19,1.1,31.2,27.2,81,rayong
2012-04-20,3.5,31.3,27.3,80,rayong
2012-04-21,2.4,31.9,27.3,79,rayong
2012-04-22,0.6,31.7,27.4,79,rayong
2012-04-23,5.5,31.8,26.2,81,rayong
2012-04-24,0.8,32.0,26.7,79,rayong
2012-04-25,0.0,32.7,27.7,74,rayong
2012-04-26,0.0,32.7,27.9,77,rayong
2012-04-27,4.1,31.7,27.4,80,rayong
2012-04-28,4.8,31.7,27.1,81,rayong
2012-04-29,6.9,31.0,27.4,80,rayong
2012-04-30,8.7,30.3,27.6,83,rayong
2012-05-01,2.5,31.4,27.7,82,rayong
2012-05-02,10.4,31.2,26.5,82,rayong
2012-05-03,3.3,30.5,26.3,83,rayong
2012-05-04,5.3,30.9,26.6,82,rayong
2012-05-05,20.0,29.0,25.5,87,rayong
2012-05-06,3.9,30.0,26.3,81,rayong
2012-05-07,5.6,30.3,25.9,85,rayong
2012-05-08,13.9,29.0,25.1,87,rayong
2012-05-09,1.9,31.3,25.4,80,rayong
2012-05-10,7.2,31.2,25.6,81,rayong
2012-05-11,0.6,32.6,26.2,79,rayong
2012-05-12,2.5,31.6,27.0,80,rayong
2012-05-13,0.4,32.2,27.4,74,rayong
2012-05-14,0.0,32.5,27.2,73,rayong
2012-05-15,0.2,32.9,27.6,72,rayong
2012-05-16,23.4,30.2,25.3,87,rayong
2012-05-17,16.1,28.7,24.8,88,rayong
2012-05-18,3.1,30.5,26.0,83,rayong
2012-05-19,7.5,30.4,25.7,83,rayong
2012-05-20,1.3,30.7,25.4,82,rayong
2012-05-21,1.4,30.9,26.2,80,rayong
2012-05-22,3.3,31.0,27.2,79,rayong
2012-05-23,4.3,30.8,26.8,78,rayong
2012-05-24,10.1,30.3,27.1,80,rayong
2012-05-25,8.4,29.5,26.4,83,rayong
2012-05-26,2.9,29.6,26.2,83,rayong
2012-05-27,5.8,28.7,25.7,84,rayong
2012-05-28,18.6,28.1,25.4,88,rayong
2012-05-29,9.1,29.4,25.3,86,rayong
2012-05-30,10.7,29.8,26.5,83,rayong
2012-05-31,1.5,30.4,26.5,81,rayong
2012-06-01,0.3,30.5,26.8,80,rayong
2012-06-02,7.1,30.1,26.7,82,rayong
2012-06-03,12.1,29.7,26.6,86,rayong
2012-06-04,4.9,29.8,26.4,82,rayong
2012-06-05,1.0,29.6,25.7,83,rayong
2012-06-06,9.2,30.0,26.0,83,rayong
2012-06-07,15.3,27.8,26.0,88,rayong
2012-06-08,2.7,29.5,26.1,81,rayong
2012-06-09,6.2,29.0,25.9,84,rayong
2012-06-10,2.9,29.6,25.7,83,rayong
2012-06-11,3.3,29.0,25.5,84,rayong
2012-06-12,5.9,29.9,26.4,80,rayong
2012-06-13,3.5,30.1,26.2,80,rayong
2012-06-14,0.6,30.6,26.5,77,rayong
2012-06-15,0.5,30.6,26.6,75,rayong
2012-06-16,10.2,29.0,26.7,79,rayong
2012-06-17,1.6,29.8,26.5,78,rayong
2012-06-18,2.2,29.4,26.7,78,rayong
2012-06-19,1.1,30.0,26.6,76,rayong
2012-06-20,0.9,30.2,26.7,76,rayong
2012-06-21,4.4,30.4,26.7,77,rayong
2012-06-22,5.0,30.4,26.3,79,rayong
2012-06-23,0.0,30.3,26.5,77,rayong
2012-06-24,0.0,29.9,26.5,77,rayong
2012-06-25,0.0,30.3,26.8,77,rayong
2012-06-26,4.0,29.8,26.5,79,rayong
2012-06-27,0.0,30.4,26.4,75,rayong
2012-06-28,2.9,30.4,26.2,77,rayong
2012-06-29,5.9,30.0,25.9,79,rayong
2012-06-30,9.9,29.3,25.8,82,rayong
2012-07-01,5.9,29.1,25.9,83,rayong
2012-07-02,1.8,29.8,25.0,81,rayong
2012-07-03,0.1,30.1,26.5,80,rayong
2012-07-04,5.6,29.8,26.4,80,rayong
2012-07-05,8.9,29.0,25.5,85,rayong
2012-07-06,6.9,29.4,26.1,83,rayong
2012-07-07,1.5,29.4,26.0,82,rayong
2012-07-08,1.2,29.0,25.1,83,rayong
2012-07-09,10.6,28.4,25.0,88,rayong
2012-07-10,0.2,30.0,25.7,80,rayong
2012-07-11,9.8,29.9,26.1,81,rayong
2012-07-12,17.4,28.4,24.7,87,rayong
2012-07-13,11.6,26.8,24.7,90,rayong
2012-07-14,8.5,29.6,25.4,84,rayong
2012-07-15,0.2,29.7,25.6,81,rayong
2012-07-16,0.0,31.0,26.0,78,rayong
2012-07-17,0.1,31.3,26.7,78,rayong
2012-07-18,7.5,30.5,26.5,79,rayong
2012-07-19,0.9,29.5,26.2,79,rayong
2012-07-20,1.7,29.5,25.6,81,rayong
2012-07-21,1.9,30.2,25.6,81,rayong
2012-07-22,0.7,30.2,26.6,78,rayong
2012-07-23,0.5,30.3,26.2,76,rayong
2012-07-24,1.3,30.0,26.5,77,rayong
2012-07-25,2.7,28.9,26.3,80,rayong
2012-07-26,20.4,28.0,25.8,85,rayong
2012-07-27,4.3,29.7,25.5,83,rayong
2012-07-28,10.3,28.6,24.9,85,rayong
2012-07-29,1.9,29.2,25.3,83,rayong
2012-07-30,0.7,28.4,25.7,81,rayong
2012-07-31,0.5,30.0,26.4,76,rayong
2012-08-01,0.4,29.9,26.2,77,rayong
2012-08-02,2.3,29.2,25.6,81,rayong
2012-08-03,0.6,28.7,25.5,80,rayong
2012-08-04,1.2,30.1,26.1,77,rayong
2012-08-05,2.1,30.9,26.6,77,rayong
2012-08-06,0.2,30.4,26.2,75,rayong
2012-08-07,1.6,30.0,26.3,76,rayong
2012-08-08,1.0,30.1,26.4,75,rayong
2012-08-09,3.6,28.6,26.3,79,rayong
2012-08-10,4.3,29.3,26.5,80,rayong
2012-08-11,0.2,30.7,26.2,76,rayong
2012-08-12,1.7,30.6,26.1,78,rayong
2012-08-13,1.8,30.7,25.4,77,rayong
2012-08-14,21.0,30.6,25.5,82,rayong
2012-08-15,0.6,30.5,25.7,81,rayong
2012-08-16,1.8,30.6,26.1,77,rayong
2012-08-17,4.4,30.4,25.0,81,rayong
2012-08-18,7.2,29.4,25.8,82,rayong
2012-08-19,4.4,29.1,26.0,82,rayong
2012-08-20,0.4,30.5,24.9,83,rayong
2012-08-21,0.4,31.0,26.3,80,rayong
2012-08-22,7.9,30.5,26.1,83,rayong
2012-08-23,0.2,30.1,25.8,81,rayong
2012-08-24,1.6,30.1,25.9,81,rayong
2012-08-25,3.2,29.2,25.8,82,rayong
2012-08-26,4.7,28.8,25.5,83,rayong
2012-08-27,0.7,29.0,25.8,81,rayong
2012-08-28,4.1,29.5,26.1,80,rayong
2012-08-29,2.1,29.7,26.1,79,rayong
2012-08-30,0.6,29.7,26.1,78,rayong
2012-08-31,1.2,30.5,26.0,78,rayong
2012-09-01,0.9,30.0,25.8,76,rayong
2012-09-02,13.4,27.8,24.7,89,rayong
2012-09-03,2.0,30.2,25.4,81,rayong
2012-09-04,6.5,28.8,24.6,80,rayong
2012-09-05,19.3,30.5,24.6,86,rayong
2012-09-06,23.7,26.2,24.5,95,rayong
2012-09-07,3.0,27.9,24.6,87,rayong
2012-09-08,1.4,29.4,25.4,81,rayong
2012-09-09,0.0,30.6,25.5,80,rayong
2012-09-10,9.7,30.5,24.8,84,rayong
2012-09-11,8.8,29.8,24.5,86,rayong
2012-09-12,14.6,28.3,25.6,86,rayong
2012-09-13,11.2,28.9,25.7,83,rayong
2012-09-14,7.6,28.4,25.2,84,rayong
2012-09-15,25.8,26.5,24.0,92,rayong
2012-09-16,23.7,26.6,24.2,94,rayong
2012-09-17,16.3,27.6,24.0,89,rayong
2012-09-18,18.7,27.9,24.0,90,rayong
2012-09-19,35.3,28.5,24.1,89,rayong
2012-09-20,22.2,28.3,24.5,89,rayong
2012-09-21,19.6,27.7,24.2,88,rayong
2012-09-22,20.9,28.5,23.5,89,rayong
2012-09-23,8.9,29.8,24.5,86,rayong
2012-09-24,7.9,29.8,25.4,85,rayong
2012-09-25,46.7,27.5,24.5,93,rayong
2012-09-26,13.5,28.6,23.9,89,rayong
2012-09-27,30.9,29.8,23.6,91,rayong
2012-09-28,26.6,25.9,24.2,93,rayong
2012-09-29,6.9,26.4,23.9,93,rayong
2012-09-30,24.4,27.9,23.6,92,rayong
2012-10-01,34.9,27.6,23.4,93,rayong
2012-10-02,2.0,30.4,23.7,87,rayong
2012-10-03,9.6,29.9,25.0,87,rayong
2012-10-04,0.7,30.5,25.1,83,rayong
2012-10-05,10.2,30.6,25.6,84,rayong
2012-10-06,19.7,28.1,24.2,90,rayong
2012-10-07,25.9,28.9,22.3,90,rayong
2012-10-08,19.8,27.6,22.8,90,rayong
2012-10-09,3.9,28.5,23.2,88,rayong
2012-10-10,12.5,29.9,23.3,89,rayong
2012-10-11,5.4,30.8,24.3,87,rayong
2012-10-12,0.7,30.8,24.4,85,rayong
2012-10-13,1.6,30.5,24.3,85,rayong
2012-10-14,2.4,29.4,24.7,88,rayong
2012-10-15,14.8,27.8,24.3,90,rayong
2012-10-16,10.3,29.2,23.7,87,rayong
2012-10-17,3.7,30.9,24.6,87,rayong
2012-10-18,0.3,30.3,24.4,82,rayong
2012-10-19,0.0,30.9,23.2,80,rayong
2012-10-20,0.0,31.1,24.5,78,rayong
2012-10-21,0.1,31.1,24.5,81,rayong
2012-10-22,0.0,31.4,25.0,76,rayong
2012-10-23,0.3,30.1,25.1,79,rayong
2012-10-24,3.4,30.3,24.9,82,rayong
2012-10-25,0.1,30.9,24.2,82,rayong
2012-10-26,0.0,31.3,24.3,79,rayong
2012-10-27,0.0,31.5,24.2,76,rayong
2012-10-28,0.5,31.1,24.5,77,rayong
2012-10-29,6.3,31.0,24.8,84,rayong
2012-10-30,3.6,31.5,24.4,85,rayong
2012-10-31,29.3,29.1,24.4,89,rayong
2012-11-01,0.0,29.4,24.8,76,rayong
2012-11-02,0.2,30.9,24.6,77,rayong
2012-11-03,0.0,30.9,25.0,76,rayong
2012-11-04,4.2,30.7,24.7,85,rayong
2012-11-05,0.4,30.4,24.8,85,rayong
2012-11-06,13.7,29.3,23.8,88,rayong
2012-11-07,1.9,30.5,24.7,86,rayong
2012-11-08,2.7,30.0,25.0,86,rayong
2012-11-09,1.2,30.1,24.6,85,rayong
2012-11-10,1.2,31.3,25.6,81,rayong
2012-11-11,27.8,30.3,25.7,87,rayong
2012-11-12,15.0,27.9,24.4,92,rayong
2012-11-13,0.8,31.1,24.6,82,rayong
2012-11-14,0.7,31.6,25.1,79,rayong
2012-11-15,0.0,31.0,24.6,77,rayong
2012-11-16,2.0,30.6,25.4,79,rayong
2012-11-17,32.4,28.0,24.3,92,rayong
2012-11-18,12.5,27.8,24.5,90,rayong
2012-11-19,19.1,29.0,24.4,89,rayong
2012-11-20,6.0,28.5,24.3,90,rayong
2012-11-21,2.3,30.0,24.4,87,rayong
2012-11-22,1.0,30.0,24.3,86,rayong
2012-11-23,3.4,30.4,24.5,87,rayong
2012-11-24,13.1,28.1,24.7,91,rayong
2012-11-25,4.8,29.1,24.5,92,rayong
2012-11-26,1.7,29.8,24.2,88,rayong
2012-11-27,0.3,30.0,24.3,84,rayong
2012-11-28,3.6,29.1,24.2,87,rayong
2012-11-29,1.1,29.3,23.7,85,rayong
2012-11-30,0.2,29.7,23.7,82,rayong
2012-12-01,0.0,30.0,24.0,84,rayong
2012-12-02,1.5,30.1,24.4,86,rayong
2012-12-03,0.3,30.3,24.2,85,rayong
2012-12-04,0.7,29.6,24.4,85,rayong
2012-12-05,0.0,30.5,23.7,82,rayong
2012-12-06,0.5,29.5,24.9,82,rayong
2012-12-07,0.4,30.1,24.4,83,rayong
2012-12-08,1.3,29.6,23.9,82,rayong
2012-12-09,1.1,29.9,23.7,82,rayong
2012-12-10,6.9,29.8,23.8,85,rayong
2012-12-11,0.6,30.3,23.8,83,rayong
2012-12-12,0.0,30.6,23.7,79,rayong
2012-12-13,0.0,30.9,23.6,71,rayong
2012-12-14,0.0,31.4,24.2,70,rayong
2012-12-15,0.3,32.0,25.5,74,rayong
2012-12-16,0.0,31.3,24.5,80,rayong
2012-12-17,0.0,32.3,25.2,76,rayong
2012-12-18,0.0,32.0,25.2,79,rayong
2012-12-19,0.0,32.0,25.5,73,rayong
2012-12-20,0.0,32.1,24.8,70,rayong
2012-12-21,0.0,32.3,24.3,71,rayong
2012-12-22,0.2,32.5,25.5,66,rayong
2012-12-23,0.1,32.0,25.5,65,rayong
2012-12-24,0.0,29.1,22.2,54,rayong
2012-12-25,0.0,29.8,21.9,57,rayong
2012-12-26,0.0,30.9,23.2,61,rayong
2012-12-27,0.0,31.8,24.1,65,rayong
2012-12-28,0.0,32.3,24.0,67,rayong
2012-12-29,0.0,33.1,24.5,65,rayong
2012-12-30,0.2,32.2,26.5,66,rayong
2012-12-31,0.0,29.2,22.8,51,rayong
2013-01-01,0.0,30.7,22.0,56,rayong
2013-01-02,0.0,31.9,23.6,61,rayong
2013-01-03,0.0,31.9,23.7,60,rayong
2013-01-04,0.0,31.5,23.7,62,rayong
2013-01-05,0.0,31.4,23.5,62,rayong
2013-01-06,0.0,31.3,22.8,62,rayong
2013-01-07,0.0,32.1,23.1,65,rayong
2013-01-08,0.0,31.9,24.2,67,rayong
2013-01-09,0.0,31.4,23.1,72,rayong
2013-01-10,1.1,30.0,24.1,78,rayong
2013-01-11,0.2,30.9,24.0,77,rayong
2013-01-12,0.5,30.6,24.4,77,rayong
2013-01-13,1.6,29.4,23.3,80,rayong
2013-01-14,1.4,30.4,23.1,80,rayong
2013-01-15,0.0,31.1,21.7,76,rayong
2013-01-16,0.5,29.9,23.2,77,rayong
2013-01-17,0.0,31.6,21.9,62,rayong
2013-01-18,0.0,30.8,22.4,47,rayong
2013-01-19,0.0,30.0,21.0,55,rayong
2013-01-20,0.0,31.1,21.9,57,rayong
2013-01-21,0.0,32.2,22.9,63,rayong
2013-01-22,0.0,32.5,22.6,71,rayong
2013-01-23,0.3,31.8,24.6,76,rayong
2013-01-24,1.2,30.3,24.7,81,rayong
2013-01-25,1.4,30.2,25.1,81,rayong
2013-01-26,13.3,28.4,23.4,86,rayong
2013-01-27,10.4,28.2,23.5,87,rayong
2013-01-28,36.2,25.3,23.3,94,rayong
2013-01-29,0.0,28.8,22.4,81,rayong
2013-01-30,1.1,28.6,22.7,83,rayong
2013-01-31,0.4,28.6,22.7,85,rayong
2013-02-01,0.0,30.1,23.4,81,rayong
2013-02-02,0.0,30.5,23.0,81,rayong
2013-02-03,0.0,30.1,24.6,75,rayong
2013-02-04,0.0,32.1,23.9,74,rayong
2013-02-05,1.1,31.2,25.3,81,rayong
2013-02-06,0.9,30.4,25.0,82,rayong
2013-02-07,1.5,29.9,25.6,82,rayong
2013-02-08,0.1,30.9,25.7,81,rayong
2013-02-09,2.7,30.5,25.0,82,rayong
2013-02-10,5.3,29.7,23.9,85,rayong
2013-02-11,2.0,30.1,24.2,84,rayong
2013-02-12,0.0,31.1,23.6,79,rayong
2013-02-13,0.4,30.8,23.8,77,rayong
2013-02-14,0.0,32.2,24.2,77,rayong
2013-02-15,0.7,31.7,24.7,81,rayong
2013-02-16,1.6,30.5,25.3,83,rayong
2013-02-17,0.8,29.7,25.1,81,rayong
2013-02-18,0.0,30.5,25.4,80,rayong
2013-02-19,0.4,31.1,24.8,78,rayong
2013-02-20,0.2,30.7,25.6,76,rayong
2013-02-21,2.5,29.8,25.6,82,rayong
2013-02-22,0.0,32.3,24.5,70,rayong
2013-02-23,0.0,29.4,24.4,61,rayong
2013-02-24,0.0,30.5,24.1,57,rayong
2013-02-25,0.0,33.4,25.8,63,rayong
2013-02-26,0.4,32.0,25.6,77,rayong
2013-02-27,1.2,30.8,25.9,81,rayong
2013-02-28,0.9,30.1,26.0,82,rayong
2013-03-01,0.3,30.4,26.1,80,rayong
2013-03-02,0.1,31.7,25.8,77,rayong
2013-03-03,19.9,29.7,25.5,85,rayong
2013-03-04,0.4,26.8,24.3,76,rayong
2013-03-05,0.0,30.3,23.7,61,rayong
2013-03-06,0.0,31.8,23.8,61,rayong
2013-03-07,0.0,32.3,22.7,71,rayong
2013-03-08,1.5,30.9,25.1,80,rayong
2013-03-09,0.9,30.0,25.5,82,rayong
2013-03-10,0.9,30.3,24.8,82,rayong
2013-03-11,0.5,30.9,25.7,79,rayong
2013-03-12,0.5,31.5,26.0,76,rayong
2013-03-13,1.8,30.9,26.0,78,rayong
2013-03-14,0.0,32.0,25.7,76,rayong
2013-03-15,4.0,30.4,24.1,82,rayong
2013-03-16,9.2,30.4,25.0,84,rayong
2013-03-17,2.8,30.9,25.4,80,rayong
2013-03-18,0.0,31.1,26.4,77,rayong
2013-03-19,0.1,31.4,26.1,76,rayong
2013-03-20,1.2,31.1,26.3,77,rayong
2013-03-21,0.0,31.8,25.9,76,rayong
2013-03-22,0.3,32.0,26.2,75,rayong
2013-03-23,0.0,32.7,25.5,71,rayong
2013-03-24,0.3,32.9,26.5,75,rayong
2013-03-25,1.2,32.9,26.9,77,rayong
2013-03-26,0.8,33.6,27.2,77,rayong
2013-03-27,0.7,33.0,26.7,78,rayong
2013-03-28,0.8,32.6,26.9,78,rayong
2013-03-29,0.0,32.6,26.9,75,rayong
2013-03-30,0.0,33.2,26.7,74,rayong
2013-03-31,0.1,33.6,27.0,75,rayong
2013-04-01,6.7,32.7,27.5,79,rayong
2013-04-02,2.1,32.5,26.7,80,rayong
2013-04-03,0.1,32.8,27.7,76,rayong
2013-04-04,0.2,33.3,28.3,76,rayong
2013-04-05,0.0,33.2,27.2,69,rayong
2013-04-06,0.0,35.6,27.2,67,rayong
2013-04-07,0.0,35.3,27.7,64,rayong
2013-04-08,0.0,33.0,26.0,74,rayong
2013-04-09,0.0,33.7,26.6,72,rayong
2013-04-10,2.4,31.8,26.8,79,rayong
2013-04-11,17.5,28.1,25.9,88,rayong
2013-04-12,16.2,30.6,25.0,88,rayong
2013-04-13,1.5,30.9,25.9,81,rayong
2013-04-14,7.5,29.2,25.5,82,rayong
2013-04-15,3.9,28.7,25.5,86,rayong
2013-04-16,19.5,28.0,24.8,93,rayong
2013-04-17,25.9,26.0,24.5,95,rayong
2013-04-18,0.0,31.8,24.0,79,rayong
2013-04-19,0.4,32.1,26.2,76,rayong
2013-04-20,1.7,31.7,26.7,80,rayong
2013-04-21,0.2,31.7,27.0,78,rayong
2013-04-22,0.1,31.3,26.8,76,rayong
2013-04-23,15.4,30.1,25.9,85,rayong
2013-04-24,7.1,29.4,26.0,86,rayong
2013-04-25,11.5,29.6,25.3,85,rayong
2013-04-26,0.1,31.0,25.9,80,rayong
2013-04-27,5.4,31.0,27.1,79,rayong
2013-04-28,4.3,31.0,26.9,80,rayong
2013-04-29,7.4,30.0,27.0,82,rayong
2013-04-30,2.8,31.3,27.0,78,rayong
2013-05-01,0.8,31.3,27.3,76,rayong
2013-05-02,0.0,32.1,27.8,75,rayong
2013-05-03,4.2,31.5,26.8,80,rayong
2013-05-04,6.1,31.3,26.8,82,rayong
2013-05-05,6.0,31.8,25.7,83,rayong
2013-05-06,5.1,32.2,25.4,81,rayong
2013-05-07,7.3,31.1,26.2,82,rayong
2013-05-08,14.1,31.6,26.8,81,rayong
2013-05-09,8.2,30.7,26.9,81,rayong
2013-05-10,9.4,31.0,27.2,81,rayong
2013-05-11,10.1,31.5,27.1,82,rayong
2013-05-12,11.7,29.5,26.0,86,rayong
2013-05-13,7.3,30.2,25.6,84,rayong
2013-05-14,0.0,32.2,27.5,74,rayong
2013-05-15,1.9,32.3,27.5,77,rayong
2013-05-16,9.1,31.9,27.6,81,rayong
2013-05-17,0.8,31.7,26.8,82,rayong
2013-05-18,7.0,31.0,26.4,85,rayong
2013-05-19,12.5,29.1,25.2,86,rayong
2013-05-20,7.8,30.3,26.7,80,rayong
2013-05-21,3.7,30.5,27.1,78,rayong
2013-05-22,1.5,31.6,27.2,75,rayong
2013-05-23,7.8,30.1,26.4,82,rayong
2013-05-24,16.3,29.8,25.6,87,rayong
2013-05-25,12.6,29.4,25.3,87,rayong
2013-05-26,0.4,30.3,26.4,79,rayong
2013-05-27,0.2,30.5,26.7,78,rayong
2013-05-28,3.7,31.4,26.6,81,rayong
2013-05-29,7.2,31.4,26.9,81,rayong
2013-05-30,8.5,30.2,25.9,85,rayong
2013-05-31,5.1,30.1,25.6,86,rayong
2013-06-01,5.6,31.7,25.1,84,rayong
2013-06-02,13.0,28.4,25.6,86,rayong
2013-06-03,13.5,29.0,25.5,86,rayong
2013-06-04,20.7,28.3,24.8,92,rayong
2013-06-05,8.8,28.2,24.8,90,rayong
2013-06-06,6.2,30.3,24.8,87,rayong
2013-06-07,10.4,30.4,26.5,85,rayong
2013-06-08,0.7,31.5,26.5,79,rayong
2013-06-09,0.2,31.4,27.1,77,rayong
2013-06-10,0.0,31.0,27.3,77,rayong
2013-06-11,32.9,30.0,25.4,87,rayong
2013-06-12,20.9,28.2,25.1,92,rayong
2013-06-13,16.2,28.0,24.8,93,rayong
2013-06-14,8.1,29.8,25.2,85,rayong
2013-06-15,9.2,29.9,25.9,84,rayong
2013-06-16,20.7,29.6,25.7,87,rayong
2013-06-17,14.3,29.1,24.9,87,rayong
2013-06-18,3.1,29.6,25.6,84,rayong
2013-06-19,4.6,30.0,26.5,82,rayong
2013-06-20,6.8,30.0,26.2,82,rayong
2013-06-21,19.9,29.1,26.1,83,rayong
2013-06-22,9.1,28.6,26.0,85,rayong
2013-06-23,11.1,28.4,26.0,86,rayong
2013-06-24,11.0,29.2,26.0,85,rayong
2013-06-25,2.4,29.8,25.4,83,rayong
2013-06-26,12.1,28.8,25.5,86,rayong
2013-06-27,0.3,30.3,25.5,83,rayong
2013-06-28,0.8,31.1,26.3,80,rayong
2013-06-29,0.2,30.9,26.7,78,rayong
2013-06-30,1.7,30.8,26.7,77,rayong
2013-07-01,1.0,31.1,26.2,79,rayong
2013-07-02,1.3,30.4,26.3,78,rayong
2013-07-03,5.4,30.5,26.7,80,rayong
2013-07-04,3.9,29.3,26.2,83,rayong
2013-07-05,2.3,29.8,25.8,82,rayong
2013-07-06,12.8,29.5,25.6,85,rayong
2013-07-07,11.3,28.1,24.6,85,rayong
2013-07-08,21.3,26.7,24.7,90,rayong
2013-07-09,10.6,26.5,24.6,92,rayong
2013-07-10,11.2,26.9,23.7,89,rayong
2013-07-11,16.7,27.2,24.5,90,rayong
2013-07-12,1.5,30.2,24.5,81,rayong
2013-07-13,0.5,30.7,25.9,77,rayong
2013-07-14,0.2,30.2,26.3,78,rayong
2013-07-15,6.3,29.3,26.2,79,rayong
2013-07-16,3.8,29.0,25.9,81,rayong
2013-07-17,0.3,29.6,25.7,78,rayong
2013-07-18,0.5,30.3,25.5,77,rayong
2013-07-19,7.5,27.7,25.7,82,rayong
2013-07-20,0.7,30.2,26.1,78,rayong
2013-07-21,1.5,29.0,25.6,81,rayong
2013-07-22,5.3,29.0,26.1,80,rayong
2013-07-23,27.0,27.7,24.7,91,rayong
2013-07-24,12.1,28.0,24.7,87,rayong
2013-07-25,2.0,29.1,25.9,81,rayong
2013-07-26,1.7,30.0,26.0,81,rayong
2013-07-27,3.1,30.0,26.2,83,rayong
2013-07-28,3.7,29.3,25.9,84,rayong
2013-07-29,6.2,29.4,26.0,82,rayong
2013-07-30,4.5,29.0,26.1,82,rayong
2013-07-31,17.5,27.5,25.2,89,rayong
2013-08-01,9.0,29.8,25.0,85,rayong
2013-08-02,6.9,30.1,26.0,82,rayong
2013-08-03,7.9,28.5,25.0,86,rayong
2013-08-04,10.8,28.9,24.7,85,rayong
2013-08-05,7.1,29.8,24.3,85,rayong
2013-08-06,0.4,30.4,26.1,81,rayong
2013-08-07,0.3,31.5,26.4,79,rayong
2013-08-08,16.6,29.2,24.6,85,rayong
2013-08-09,5.6,28.6,24.7,84,rayong
2013-08-10,19.0,29.2,24.5,87,rayong
2013-08-11,10.3,29.2,24.3,87,rayong
2013-08-12,10.0,29.6,24.6,86,rayong
2013-08-13,12.6,29.0,24.7,88,rayong
2013-08-14,7.9,28.1,24.1,87,rayong
2013-08-15,16.9,29.7,24.9,85,rayong
2013-08-16,1.5,30.2,25.7,79,rayong
2013-08-17,0.1,30.0,26.0,76,rayong
2013-08-18,0.6,29.5,26.2,78,rayong
2013-08-19,0.4,29.9,26.6,76,rayong
2013-08-20,0.1,30.2,25.8,72,rayong
2013-08-21,1.7,29.4,26.4,76,rayong
2013-08-22,7.8,29.0,25.5,82,rayong
2013-08-23,7.1,28.8,25.3,83,rayong
2013-08-24,3.3,29.5,25.9,81,rayong
2013-08-25,6.9,29.9,25.8,82,rayong
2013-08-26,0.1,30.0,25.6,78,rayong
2013-08-27,4.3,29.9,26.6,82,rayong
2013-08-28,5.5,30.4,25.2,80,rayong
2013-08-29,0.3,31.2,26.4,80,rayong
2013-08-30,0.4,30.4,26.4,81,rayong
2013-08-31,7.8,29.6,26.2,82,rayong
2013-09-01,1.4,30.0,25.7,83,rayong
2013-09-02,3.8,30.1,25.9,83,rayong
2013-09-03,0.4,30.9,25.4,81,rayong
2013-09-04,5.8,31.0,25.9,81,rayong
2013-09-05,4.7,30.4,26.2,82,rayong
2013-09-06,16.6,30.2,24.9,85,rayong
2013-09-07,16.8,27.8,24.6,90,rayong
2013-09-08,22.9,28.2,24.0,90,rayong
2013-09-09,14.1,29.3,24.1,88,rayong
2013-09-10,9.2,29.4,24.2,88,rayong
2013-09-11,31.5,29.1,24.0,90,rayong
2013-09-12,20.4,27.7,24.5,93,rayong
2013-09-13,18.2,27.6,24.3,90,rayong
2013-09-14,12.6,28.4,24.8,89,rayong
2013-09-15,5.9,29.0,24.7,86,rayong
2013-09-16,6.6,29.8,24.7,84,rayong
2013-09-17,9.1,28.1,24.9,85,rayong
2013-09-18,5.9,27.9,25.3,86,rayong
2013-09-19,68.3,27.0,24.4,93,rayong
2013-09-20,55.4,25.8,24.7,93,rayong
2013-09-21,13.5,28.0,25.0,87,rayong
2013-09-22,1.4,29.0,25.8,82,rayong
2013-09-23,7.8,28.5,25.5,88,rayong
2013-09-24,8.3,29.2,25.6,85,rayong
2013-09-25,1.9,28.8,25.6,82,rayong
2013-09-26,2.0,30.1,25.5,82,rayong
2013-09-27,0.5,30.1,26.1,80,rayong
2013-09-28,3.6,28.4,25.3,82,rayong
2013-09-29,4.4,29.2,25.1,83,rayong
2013-09-30,10.2,27.3,24.5,88,rayong
2013-10-01,5.0,28.7,25.0,85,rayong
2013-10-02,5.9,29.5,24.6,86,rayong
2013-10-03,14.2,26.5,24.1,94,rayong
2013-10-04,50.5,26.5,23.7,94,rayong
2013-10-05,24.4,28.3,24.3,91,rayong
2013-10-06,28.7,25.6,24.1,95,rayong
2013-10-07,18.2,27.3,23.6,94,rayong
2013-10-08,20.7,28.1,23.3,92,rayong
2013-10-09,4.4,29.3,22.7,88,rayong
2013-10-10,2.2,30.2,25.0,85,rayong
2013-10-11,0.2,30.7,24.8,82,rayong
2013-10-12,0.0,30.7,24.9,78,rayong
2013-10-13,0.1,30.8,24.8,82,rayong
2013-10-14,0.9,31.2,25.6,83,rayong
2013-10-15,7.3,30.5,25.6,86,rayong
2013-10-16,42.0,26.6,24.6,94,rayong
2013-10-17,5.7,28.4,24.7,90,rayong
2013-10-18,2.5,29.9,24.6,87,rayong
2013-10-19,7.2,29.9,24.0,86,rayong
2013-10-20,9.2,30.3,24.7,85,rayong
2013-10-21,2.1,29.8,24.4,83,rayong
2013-10-22,0.5,30.2,23.6,84,rayong
2013-10-23,0.4,29.7,24.6,82,rayong
2013-10-24,0.4,30.0,24.1,81,rayong
2013-10-25,0.9,29.4,23.9,84,rayong
2013-10-26,0.0,29.1,23.7,74,rayong
2013-10-27,0.2,29.4,23.8,74,rayong
2013-10-28,0.2,29.5,24.7,79,rayong
2013-10-29,0.5,30.0,24.2,81,rayong
2013-10-30,0.2,30.7,24.8,80,rayong
2013-10-31,0.0,31.0,24.2,80,rayong
2013-11-01,0.5,30.9,24.4,81,rayong
2013-11-02,0.0,31.5,24.8,76,rayong
2013-11-03,0.0,31.9,23.9,65,rayong
2013-11-04,0.0,31.4,24.0,61,rayong
2013-11-05,0.0,31.4,23.7,65,rayong
2013-11-06,0.9,31.6,25.7,72,rayong
2013-11-07,11.0,29.7,23.9,82,rayong
2013-11-08,37.0,27.9,23.7,91,rayong
2013-11-09,1.1,30.3,23.8,85,rayong
2013-11-10,0.0,31.2,24.4,79,rayong
2013-11-11,0.4,30.5,24.6,82,rayong
2013-11-12,1.1,30.1,24.0,83,rayong
2013-11-13,13.9,30.2,25.3,85,rayong
2013-11-14,3.5,30.0,24.6,88,rayong
2013-11-15,0.3,29.7,24.3,77,rayong
2013-11-16,0.6,28.4,22.7,77,rayong
2013-11-17,0.3,29.3,24.1,77,rayong
2013-11-18,0.3,30.0,23.9,73,rayong
2013-11-19,0.0,30.2,24.1,70,rayong
2013-11-20,0.0,30.3,23.8,70,rayong
2013-11-21,0.0,30.8,24.4,68,rayong
2013-11-22,0.0,30.7,24.9,69,rayong
2013-11-23,0.4,30.8,25.4,74,rayong
2013-11-24,13.2,29.6,24.6,86,rayong
2013-11-25,1.3,29.5,24.1,86,rayong
2013-11-26,2.9,29.7,24.8,86,rayong
2013-11-27,0.0,31.1,24.4,79,rayong
2013-11-28,6.1,30.1,25.4,80,rayong
2013-11-29,0.0,29.1,23.4,67,rayong
2013-11-30,0.0,29.3,22.4,64,rayong
2013-12-01,0.0,29.2,22.3,66,rayong
2013-12-02,0.0,27.8,20.5,61,rayong
2013-12-03,0.0,28.1,20.4,60,rayong
2013-12-04,0.0,29.6,21.3,61,rayong
2013-12-05,0.0,29.9,22.8,64,rayong
2013-12-06,0.0,29.9,23.0,63,rayong
2013-12-07,0.0,29.7,22.0,60,rayong
2013-12-08,0.0,29.8,22.2,60,rayong
2013-12-09,0.0,30.1,21.4,67,rayong
2013-12-10,0.0,30.6,22.1,67,rayong
2013-12-11,0.0,30.6,22.3,70,rayong
2013-12-12,0.0,31.1,22.3,70,rayong
2013-12-13,0.0,31.4,23.2,71,rayong
2013-12-14,0.0,31.7,23.6,75,rayong
2013-12-15,0.9,30.0,25.0,78,rayong
2013-12-16,1.3,29.0,24.5,84,rayong
2013-12-17,4.1,24.9,19.7,77,rayong
2013-12-18,0.0,26.9,18.3,57,rayong
2013-12-19,0.0,27.0,18.6,62,rayong
2013-12-20,0.0,27.7,18.5,58,rayong
2013-12-21,0.0,27.2,18.2,56,rayong
2013-12-22,0.0,28.0,18.4,57,rayong
2013-12-23,0.0,29.1,19.2,57,rayong
2013-12-24,0.0,29.3,20.8,57,rayong
2013-12-25,0.0,28.5,19.7,57,rayong
2013-12-26,0.0,28.8,19.8,51,rayong
2013-12-27,0.0,27.5,18.7,52,rayong
2013-12-28,0.0,27.3,17.7,57,rayong
2013-12-29,0.0,27.4,18.3,59,rayong
2013-12-30,0.0,27.9,20.8,56,rayong
2013-12-31,0.0,28.9,21.6,55,rayong
2014-01-01,0.0,29.4,20.6,56,rayong
2014-01-02,0.0,29.9,20.5,64,rayong
2014-01-03,0.0,31.3,21.4,66,rayong
2014-01-04,0.0,31.3,20.9,71,rayong
2014-01-05,0.0,31.0,22.3,66,rayong
2014-01-06,0.0,31.3,21.9,75,rayong
2014-01-07,0.0,31.5,23.7,77,rayong
2014-01-08,0.0,31.9,22.6,77,rayong
2014-01-09,0.0,32.2,22.4,69,rayong
2014-01-10,0.0,31.9,21.6,62,rayong
2014-01-11,0.0,32.1,23.7,56,rayong
2014-01-12,0.0,32.1,24.4,56,rayong
2014-01-13,0.0,31.0,23.4,56,rayong
2014-01-14,0.0,29.2,20.7,54,rayong
2014-01-15,0.0,28.4,19.8,47,rayong
2014-01-16,0.0,28.5,18.9,48,rayong
2014-01-17,0.0,29.3,19.6,52,rayong
2014-01-18,0.0,28.3,19.8,55,rayong
2014-01-19,0.0,27.8,18.6,51,rayong
2014-01-20,0.0,28.4,19.4,51,rayong
2014-01-21,0.0,27.5,19.7,50,rayong
2014-01-22,0.0,26.6,17.7,45,rayong
2014-01-23,0.0,26.8,17.1,48,rayong
2014-01-24,0.0,28.2,17.3,52,rayong
2014-01-25,0.0,28.4,15.7,62,rayong
2014-01-26,0.0,29.2,17.2,69,rayong
2014-01-27,0.0,29.8,18.3,68,rayong
2014-01-28,0.0,30.3,19.8,69,rayong
2014-01-29,0.0,30.9,20.0,75,rayong
2014-01-30,0.0,30.9,19.8,71,rayong
2014-01-31,0.0,30.5,19.7,68,rayong
2014-02-01,0.0,30.2,21.3,72,rayong
2014-02-02,0.1,29.9,21.2,74,rayong
2014-02-03,0.0,30.6,22.3,75,rayong
2014-02-04,0.0,30.1,23.5,79,rayong
2014-02-05,0.0,29.7,24.2,76,rayong
2014-02-06,0.6,29.0,24.1,78,rayong
2014-02-07,0.6,28.9,24.3,77,rayong
2014-02-08,0.0,29.4,23.7,74,rayong
2014-02-09,0.0,30.9,23.3,75,rayong
2014-02-10,0.0,31.0,22.6,74,rayong
2014-02-11,0.0,31.2,21.6,72,rayong
2014-02-12,0.1,29.5,24.0,77,rayong
2014-02-13,1.5,29.6,23.7,80,rayong
2014-02-14,1.1,29.5,24.0,79,rayong
2014-02-15,2.3,28.7,23.6,81,rayong
2014-02-16,0.5,29.2,24.0,78,rayong
2014-02-17,0.2,29.0,24.3,79,rayong
2014-02-18,0.1,29.6,24.0,78,rayong
2014-02-19,0.0,30.8,23.6,77,rayong
2014-02-20,5.7,27.5,21.8,81,rayong
2014-02-21,0.1,28.0,20.7,73,rayong
2014-02-22,0.0,31.2,22.2,66,rayong
2014-02-23,0.8,30.1,22.7,79,rayong
2014-02-24,1.1,29.5,24.0,78,rayong
2014-02-25,0.1,29.6,24.1,79,rayong
2014-02-26,0.3,29.9,22.2,80,rayong
2014-02-27,0.1,29.7,24.1,78,rayong
2014-02-28,0.0,29.8,23.2,75,rayong
2014-03-01,0.0,30.5,23.7,76,rayong
2014-03-02,0.0,31.1,23.2,77,rayong
2014-03-03,0.0,31.1,23.4,75,rayong
2014-03-04,0.0,31.6,23.9,74,rayong
2014-03-05,0.2,30.9,24.3,78,rayong
2014-03-06,0.9,30.6,25.1,78,rayong
2014-03-07,0.8,30.5,25.1,75,rayong
2014-03-08,0.0,30.7,24.7,75,rayong
2014-03-09,0.6,30.3,24.8,75,rayong
2014-03-10,0.2,29.9,25.2,78,rayong
2014-03-11,0.4,30.3,24.2,75,rayong
2014-03-12,0.0,31.1,23.6,76,rayong
2014-03-13,0.0,31.6,25.4,74,rayong
2014-03-14,0.0,32.0,24.9,77,rayong
2014-03-15,2.7,31.5,25.6,79,rayong
2014-03-16,1.6,33.0,25.8,78,rayong
2014-03-17,0.1,31.9,25.4,78,rayong
2014-03-18,5.4,31.1,26.5,79,rayong
2014-03-19,0.0,31.7,26.4,78,rayong
2014-03-20,0.7,31.6,26.5,77,rayong
2014-03-21,0.4,32.7,26.2,79,rayong
2014-03-22,18.9,27.9,23.8,87,rayong
2014-03-23,0.1,30.7,24.5,76,rayong
2014-03-24,0.9,30.8,24.5,79,rayong
2014-03-25,5.6,31.4,24.8,79,rayong
2014-03-26,4.5,31.4,25.2,80,rayong
2014-03-27,1.5,31.3,26.0,80,rayong
2014-03-28,3.4,30.3,26.3,81,rayong
2014-03-29,0.0,31.3,26.2,81,rayong
2014-03-30,0.2,31.4,26.5,78,rayong
2014-03-31,0.0,32.4,26.4,77,rayong
2014-04-01,0.3,32.0,26.8,76,rayong
2014-04-02,0.0,32.2,26.8,75,rayong
2014-04-03,2.7,32.2,26.5,76,rayong
2014-04-04,7.4,31.6,26.6,78,rayong
2014-04-05,11.1,30.6,25.0,86,rayong
2014-04-06,13.5,30.6,25.2,82,rayong
2014-04-07,1.4,30.6,26.2,80,rayong
2014-04-08,2.9,30.4,26.4,83,rayong
2014-04-09,0.1,31.3,26.3,79,rayong
2014-04-10,1.1,31.4,26.0,79,rayong
2014-04-11,8.3,31.2,26.7,80,rayong
2014-04-12,8.9,30.2,26.2,82,rayong
2014-04-13,10.3,30.4,26.2,83,rayong
2014-04-14,9.3,31.0,25.8,84,rayong
2014-04-15,8.9,30.3,24.9,84,rayong
2014-04-16,3.3,30.7,25.8,83,rayong
2014-04-17,3.0,30.5,25.7,84,rayong
2014-04-18,6.2,30.4,26.5,82,rayong
2014-04-19,0.8,31.3,26.9,79,rayong
2014-04-20,0.6,31.3,27.0,77,rayong
2014-04-21,0.0,32.0,26.7,74,rayong
2014-04-22,1.2,31.7,26.5,78,rayong
2014-04-23,0.5,32.9,27.6,77,rayong
2014-04-24,0.8,32.2,27.8,79,rayong
2014-04-25,0.7,32.6,27.4,76,rayong
2014-04-26,1.3,32.6,26.8,74,rayong
2014-04-27,0.5,32.1,27.1,75,rayong
2014-04-28,2.5,33.3,27.1,73,rayong
2014-04-29,7.5,30.9,27.5,79,rayong
2014-04-30,0.8,32.2,26.3,78,rayong
2014-05-01,4.8,31.5,27.2,80,rayong
2014-05-02,2.0,30.9,27.3,81,rayong
2014-05-03,10.9,29.5,26.1,84,rayong
2014-05-04,6.7,32.4,25.6,79,rayong
2014-05-05,5.7,32.8,25.5,79,rayong
2014-05-06,15.3,31.5,26.4,83,rayong
2014-05-07,4.4,31.1,26.5,83,rayong
2014-05-08,0.3,32.2,25.5,79,rayong
2014-05-09,0.0,32.4,27.0,76,rayong
2014-05-10,4.8,30.6,27.4,81,rayong
2014-05-11,0.4,32.7,27.5,76,rayong
2014-05-12,1.4,32.0,27.5,79,rayong
2014-05-13,9.2,30.8,27.1,82,rayong
2014-05-14,0.0,32.0,26.5,78,rayong
2014-05-15,4.1,32.4,27.6,79,rayong
2014-05-16,0.5,32.2,27.5,78,rayong
2014-05-17,11.5,30.3,27.4,83,rayong
2014-05-18,17.3,29.8,26.7,84,rayong
2014-05-19,2.0,32.0,25.9,79,rayong
2014-05-20,0.0,32.4,26.1,75,rayong
2014-05-21,0.2,32.2,27.5,76,rayong
2014-05-22,1.3,31.9,27.2,74,rayong
2014-05-23,0.3,31.2,27.1,76,rayong
2014-05-24,2.0,32.2,26.1,78,rayong
2014-05-25,6.8,33.0,27.1,79,rayong
2014-05-26,14.9,32.0,26.6,82,rayong
2014-05-27,16.4,30.7,26.6,84,rayong
2014-05-28,15.9,30.9,25.7,84,rayong
2014-05-29,15.4,31.5,26.9,82,rayong
2014-05-30,6.5,31.5,26.5,83,rayong
2014-05-31,5.5,31.2,27.0,83,rayong
2014-06-01,17.3,30.5,25.6,85,rayong
2014-06-02,1.7,31.8,25.8,81,rayong
2014-06-03,2.4,32.3,27.7,79,rayong
2014-06-04,2.7,31.5,26.1,82,rayong
2014-06-05,8.9,29.6,26.1,86,rayong
2014-06-06,9.1,29.8,25.8,82,rayong
2014-06-07,3.5,31.3,27.4,77,rayong
2014-06-08,12.0,30.0,25.4,85,rayong
2014-06-09,2.4,30.7,27.0,80,rayong
2014-06-10,0.7,30.3,27.3,80,rayong
2014-06-11,14.1,31.0,27.2,85,rayong
2014-06-12,13.1,30.0,27.0,84,rayong
2014-06-13,13.6,28.7,25.9,89,rayong
2014-06-14,15.5,29.2,25.7,90,rayong
2014-06-15,12.3,29.9,25.6,89,rayong
2014-06-16,35.9,27.9,25.1,93,rayong
2014-06-17,9.1,29.2,25.4,87,rayong
2014-06-18,14.0,29.2,25.3,88,rayong
2014-06-19,1.4,30.2,26.9,80,rayong
2014-06-20,1.5,30.5,27.3,81,rayong
2014-06-21,5.0,29.8,27.0,81,rayong
2014-06-22,3.3,30.0,27.1,80,rayong
2014-06-23,0.8,29.7,26.8,79,rayong
2014-06-24,9.1,29.0,26.4,82,rayong
2014-06-25,31.0,28.4,26.2,85,rayong
2014-06-26,2.7,28.9,26.8,81,rayong
2014-06-27,0.0,30.1,26.6,80,rayong
2014-06-28,0.1,31.3,27.0,77,rayong
2014-06-29,0.0,31.4,27.0,76,rayong
2014-06-30,0.3,30.4,27.0,77,rayong
2014-07-01,0.8,30.4,26.9,78,rayong
2014-07-02,0.3,30.9,27.0,77,rayong
2014-07-03,0.3,31.2,26.7,77,rayong
2014-07-04,1.3,31.1,27.3,77,rayong
2014-07-05,8.1,30.5,26.7,79,rayong
2014-07-06,3.9,30.7,26.9,80,rayong
2014-07-07,4.3,30.6,27.2,78,rayong
2014-07-08,19.0,29.3,26.6,83,rayong
2014-07-09,12.0,28.9,26.1,82,rayong
2014-07-10,2.9,28.8,26.2,81,rayong
2014-07-11,4.8,29.8,26.6,81,rayong
2014-07-12,11.6,29.7,26.2,83,rayong
2014-07-13,7.4,29.9,25.8,83,rayong
2014-07-14,6.4,28.0,25.4,89,rayong
2014-07-15,16.1,28.4,24.5,89,rayong
2014-07-16,8.9,30.2,25.1,80,rayong
2014-07-17,0.1,30.2,25.4,80,rayong
2014-07-18,12.0,29.0,26.5,81,rayong
2014-07-19,3.5,28.7,26.2,82,rayong
2014-07-20,4.9,28.9,26.1,84,rayong
2014-07-21,4.1,29.9,26.3,82,rayong
2014-07-22,6.4,29.2,26.2,82,rayong
2014-07-23,6.7,29.1,26.1,82,rayong
2014-07-24,8.9,28.6,25.9,82,rayong
2014-07-25,4.0,29.7,26.0,81,rayong
2014-07-26,7.4,29.6,26.2,83,rayong
2014-07-27,7.2,29.9,26.1,81,rayong
2014-07-28,9.2,28.2,26.3,85,rayong
2014-07-29,9.3,29.4,25.9,84,rayong
2014-07-30,2.5,30.8,26.6,81,rayong
2014-07-31,2.4,29.5,27.1,80,rayong
2014-08-01,7.3,30.2,27.0,80,rayong
2014-08-02,1.5,29.4,26.0,79,rayong
2014-08-03,2.3,29.6,25.9,81,rayong
2014-08-04,8.0,29.2,26.6,82,rayong
2014-08-05,11.0,27.4,25.5,88,rayong
2014-08-06,4.1,28.2,25.1,85,rayong
2014-08-07,3.1,28.0,25.7,83,rayong
2014-08-08,4.6,28.7,25.2,84,rayong
2014-08-09,0.0,30.1,25.8,77,rayong
2014-08-10,0.0,30.3,26.1,77,rayong
2014-08-11,0.1,30.6,26.3,79,rayong
2014-08-12,0.2,30.4,26.3,77,rayong
2014-08-13,3.8,30.1,26.2,80,rayong
2014-08-14,4.8,29.6,26.2,82,rayong
2014-08-15,9.4,29.6,25.0,85,rayong
2014-08-16,12.5,29.7,25.0,85,rayong
2014-08-17,0.0,30.3,26.1,81,rayong
2014-08-18,0.9,30.5,26.3,81,rayong
2014-08-19,8.4,29.9,26.0,84,rayong
2014-08-20,12.0,28.4,24.8,87,rayong
2014-08-21,11.3,29.1,24.8,87,rayong
2014-08-22,10.9,30.3,24.3,85,rayong
2014-08-23,7.9,31.0,25.4,85,rayong
2014-08-24,10.1,31.3,26.1,83,rayong
2014-08-25,10.7,30.2,24.9,86,rayong
2014-08-26,11.2,28.4,25.6,87,rayong
2014-08-27,18.2,28.9,24.5,88,rayong
2014-08-28,20.8,28.5,24.2,88,rayong
2014-08-29,3.1,29.8,25.5,78,rayong
2014-08-30,6.3,27.4,24.8,83,rayong
2014-08-31,6.3,29.4,24.5,84,rayong
2014-09-01,1.2,29.2,25.6,83,rayong
2014-09-02,9.5,28.0,24.1,87,rayong
2014-09-03,2.4,29.5,25.4,82,rayong
2014-09-04,0.2,30.4,25.8,79,rayong
2014-09-05,1.8,30.1,26.1,79,rayong
2014-09-06,4.1,29.1,25.6,83,rayong
2014-09-07,12.0,27.6,24.4,86,rayong
2014-09-08,1.3,29.4,24.7,80,rayong
2014-09-09,0.1,30.1,25.8,77,rayong
2014-09-10,6.2,29.4,25.6,81,rayong
2014-09-11,10.0,28.5,24.8,86,rayong
2014-09-12,16.7,28.3,24.8,89,rayong
2014-09-13,3.9,29.7,25.1,84,rayong
2014-09-14,3.5,29.5,25.9,83,rayong
2014-09-15,5.1,29.4,25.1,83,rayong
2014-09-16,11.6,28.8,24.9,86,rayong
2014-09-17,6.0,28.3,25.9,81,rayong
2014-09-18,4.2,29.7,25.8,83,rayong
2014-09-19,0.3,31.0,25.2,81,rayong
2014-09-20,0.4,31.5,26.2,79,rayong
2014-09-21,5.7,30.3,26.3,84,rayong
2014-09-22,3.5,29.9,25.3,84,rayong
2014-09-23,11.5,30.3,26.5,84,rayong
2014-09-24,32.2,30.1,25.1,87,rayong
2014-09-25,9.8,29.0,24.7,88,rayong
2014-09-26,5.3,29.6,24.5,85,rayong
2014-09-27,3.4,30.8,24.7,83,rayong
2014-09-28,4.3,30.8,25.8,83,rayong
2014-09-29,10.4,29.7,25.7,87,rayong
2014-09-30,6.0,29.2,24.5,90,rayong
2014-10-01,5.2,30.6,24.2,86,rayong
2014-10-02,9.1,29.9,24.6,89,rayong
2014-10-03,9.1,30.3,24.5,88,rayong
2014-10-04,20.5,30.6,24.5,85,rayong
2014-10-05,33.7,29.9,24.4,91,rayong
2014-10-06,28.1,25.3,24.2,96,rayong
2014-10-07,18.7,28.1,23.3,92,rayong
2014-10-08,40.2,26.2,23.8,96,rayong
2014-10-09,6.8,28.1,23.5,90,rayong
2014-10-10,0.4,30.5,24.9,81,rayong
2014-10-11,4.2,29.9,24.6,85,rayong
2014-10-12,0.6,30.9,24.4,79,rayong
2014-10-13,1.0,30.7,24.6,78,rayong
2014-10-14,0.2,29.8,25.2,76,rayong
2014-10-15,0.0,30.6,24.7,72,rayong
2014-10-16,0.0,31.0,25.2,71,rayong
2014-10-17,1.4,31.1,25.4,77,rayong
2014-10-18,0.4,30.9,25.2,76,rayong
2014-10-19,12.9,28.4,24.5,90,rayong
2014-10-20,6.7,29.6,24.0,90,rayong
2014-10-21,0.4,30.4,24.2,85,rayong
2014-10-22,8.0,29.9,25.5,87,rayong
2014-10-23,3.0,28.6,24.8,90,rayong
2014-10-24,6.8,28.9,23.8,89,rayong
2014-10-25,14.5,28.2,24.1,92,rayong
2014-10-26,7.1,28.8,23.5,89,rayong
2014-10-27,9.7,30.7,24.2,87,rayong
2014-10-28,13.9,29.2,24.1,90,rayong
2014-10-29,9.9,29.3,23.7,91,rayong
2014-10-30,0.4,30.6,24.4,86,rayong
2014-10-31,15.5,30.4,24.4,87,rayong
2014-11-01,19.4,29.7,24.9,89,rayong
2014-11-02,2.7,30.2,24.6,89,rayong
2014-11-03,28.1,29.2,24.4,91,rayong
2014-11-04,9.9,28.0,24.5,90,rayong
2014-11-05,3.2,29.9,24.1,87,rayong
2014-11-06,0.0,30.8,25.5,80,rayong
2014-11-07,8.9,30.2,24.6,85,rayong
2014-11-08,0.4,31.3,25.2,81,rayong
2014-11-09,0.0,30.5,24.5,81,rayong
2014-11-10,0.2,30.5,25.2,80,rayong
2014-11-11,1.4,30.6,24.7,83,rayong
2014-11-12,0.9,30.9,25.0,84,rayong
2014-11-13,0.1,31.0,25.4,78,rayong
2014-11-14,0.3,29.9,24.8,71,rayong
2014-11-15,0.0,30.8,24.5,72,rayong
2014-11-16,0.0,30.4,25.2,72,rayong
2014-11-17,0.4,30.8,25.2,72,rayong
2014-11-18,0.0,30.5,24.2,65,rayong
2014-11-19,0.0,29.9,22.8,65,rayong
2014-11-20,0.0,29.9,23.0,66,rayong
2014-11-21,0.0,31.2,24.3,67,rayong
2014-11-22,0.0,31.8,24.9,69,rayong
2014-11-23,0.0,31.5,25.0,72,rayong
2014-11-24,0.0,32.3,25.0,70,rayong
2014-11-25,0.0,31.7,25.4,72,rayong
2014-11-26,6.6,31.2,25.3,81,rayong
2014-11-27,10.8,28.3,24.6,89,rayong
2014-11-28,5.6,30.9,24.3,87,rayong
2014-11-29,6.0,31.1,25.0,87,rayong
2014-11-30,3.2,30.7,24.9,88,rayong
2014-12-01,0.7,31.4,24.6,78,rayong
2014-12-02,7.8,30.1,25.3,79,rayong
2014-12-03,12.3,29.6,24.9,87,rayong
2014-12-04,2.4,29.3,24.5,87,rayong
2014-12-05,2.9,29.1,24.6,82,rayong
2014-12-06,1.0,29.9,24.3,81,rayong
2014-12-07,0.7,30.3,23.9,81,rayong
2014-12-08,0.0,30.0,24.8,74,rayong
2014-12-09,0.0,29.8,23.5,69,rayong
2014-12-10,0.0,30.6,23.4,66,rayong
2014-12-11,0.0,30.3,23.4,63,rayong
2014-12-12,0.0,30.2,24.2,60,rayong
2014-12-13,1.4,26.1,22.4,60,rayong
2014-12-14,0.0,29.0,22.1,60,rayong
2014-12-15,0.0,30.2,22.7,63,rayong
2014-12-16,0.0,30.5,23.8,64,rayong
2014-12-17,0.0,26.5,21.3,54,rayong
2014-12-18,0.0,26.6,20.7,53,rayong
2014-12-19,0.0,28.1,21.0,56,rayong
2014-12-20,0.0,28.9,21.6,59,rayong
2014-12-21,0.0,30.0,23.6,55,rayong
2014-12-22,0.0,27.6,20.9,53,rayong
2014-12-23,0.0,28.0,20.3,55,rayong
2014-12-24,0.0,29.8,22.4,55,rayong
2014-12-25,0.0,31.4,24.0,61,rayong
2014-12-26,0.6,31.7,25.4,69,rayong
2014-12-27,1.7,31.8,24.2,78,rayong
2014-12-28,1.1,31.2,24.6,72,rayong
2014-12-29,0.0,29.2,22.4,57,rayong
2014-12-30,0.0,29.8,21.6,54,rayong
2014-12-31,0.0,29.3,21.6,52,rayong
2015-01-01,0.0,28.8,20.6,55,rayong
2015-01-02,0.0,28.5,20.2,52,rayong
2015-01-03,0.0,29.6,20.5,58,rayong
2015-01-04,0.0,30.8,22.2,62,rayong
2015-01-05,0.0,31.1,22.3,69,rayong
2015-01-06,0.0,31.2,22.9,74,rayong
2015-01-07,0.3,31.2,25.0,77,rayong
2015-01-08,5.9,29.4,23.6,86,rayong
2015-01-09,0.0,30.4,24.1,68,rayong
2015-01-10,0.1,29.7,22.7,77,rayong
2015-01-11,0.0,29.6,23.6,66,rayong
2015-01-12,0.1,29.1,21.9,57,rayong
2015-01-13,0.0,28.6,21.3,49,rayong
2015-01-14,0.0,29.1,20.9,43,rayong
2015-01-15,0.0,29.8,20.6,48,rayong
2015-01-16,0.0,29.8,20.9,42,rayong
2015-01-17,0.0,29.1,19.4,50,rayong
2015-01-18,0.0,29.5,20.7,56,rayong
2015-01-19,0.0,29.6,20.8,56,rayong
2015-01-20,0.0,29.9,21.6,58,rayong
2015-01-21,0.0,30.6,21.0,64,rayong
2015-01-22,0.0,31.2,20.9,60,rayong
2015-01-23,0.0,30.1,19.7,74,rayong
2015-01-24,0.0,29.7,21.2,75,rayong
2015-01-25,0.0,30.1,21.9,77,rayong
2015-01-26,0.0,30.1,22.4,77,rayong
2015-01-27,0.0,30.9,23.3,77,rayong
2015-01-28,0.0,30.9,22.7,78,rayong
2015-01-29,0.0,31.0,23.5,79,rayong
2015-01-30,0.2,31.0,23.6,79,rayong
2015-01-31,1.2,29.9,24.3,81,rayong
2015-02-01,0.0,30.9,22.3,69,rayong
2015-02-02,0.0,31.3,21.9,62,rayong
2015-02-03,0.0,31.9,24.6,59,rayong
2015-02-04,0.0,32.2,24.1,58,rayong
2015-02-05,0.0,31.9,22.5,63,rayong
2015-02-06,0.0,31.2,22.5,54,rayong
2015-02-07,0.0,30.8,21.3,59,rayong
2015-02-08,0.0,31.1,20.2,64,rayong
2015-02-09,0.0,30.9,21.7,64,rayong
2015-02-10,0.0,30.8,21.5,64,rayong
2015-02-11,0.0,31.0,22.4,72,rayong
2015-02-12,0.6,29.2,24.0,77,rayong
2015-02-13,2.2,28.9,24.3,77,rayong
2015-02-14,1.9,29.0,24.2,77,rayong
2015-02-15,0.9,28.8,24.1,77,rayong
2015-02-16,0.4,29.3,24.0,77,rayong
2015-02-17,0.5,30.1,23.6,76,rayong
2015-02-18,4.9,29.4,25.2,77,rayong
2015-02-19,3.0,27.8,23.1,83,rayong
2015-02-20,0.4,28.4,23.6,84,rayong
2015-02-21,0.1,29.9,23.7,80,rayong
2015-02-22,1.1,29.6,24.1,79,rayong
2015-02-23,0.2,30.5,24.1,77,rayong
2015-02-24,0.7,30.4,24.4,79,rayong
2015-02-25,0.5,30.4,24.8,79,rayong
2015-02-26,0.1,30.7,25.1,76,rayong
2015-02-27,1.7,31.2,24.6,78,rayong
2015-02-28,0.4,31.8,25.0,76,rayong
2015-03-01,1.9,32.5,24.9,77,rayong
2015-03-02,5.8,28.9,25.8,82,rayong
2015-03-03,1.7,30.5,25.7,77,rayong
2015-03-04,1.2,30.7,25.9,79,rayong
2015-03-05,0.3,31.3,25.7,80,rayong
2015-03-06,0.1,31.4,26.0,77,rayong
2015-03-07,0.0,31.5,26.3,74,rayong
2015-03-08,1.7,31.0,25.7,78,rayong
2015-03-09,1.1,31.0,25.5,77,rayong
2015-03-10,0.0,31.3,24.8,76,rayong
2015-03-11,1.6,31.0,26.1,78,rayong
2015-03-12,0.8,30.9,25.5,77,rayong
2015-03-13,1.0,30.5,25.7,77,rayong
2015-03-14,0.4,30.9,25.7,76,rayong
2015-03-15,0.2,31.3,25.8,76,rayong
2015-03-16,0.0,31.4,26.6,74,rayong
2015-03-17,0.0,31.7,26.2,74,rayong
2015-03-18,0.3,31.8,25.9,74,rayong
2015-03-19,0.4,32.3,25.8,76,rayong
2015-03-20,0.3,32.2,26.0,78,rayong
2015-03-21,1.3,30.6,26.7,77,rayong
2015-03-22,7.8,30.7,24.0,81,rayong
2015-03-23,6.9,29.8,24.8,81,rayong
2015-03-24,11.5,28.8,24.5,83,rayong
2015-03-25,6.5,30.4,24.3,80,rayong
2015-03-26,0.9,31.3,24.4,79,rayong
2015-03-27,0.0,32.6,25.3,73,rayong
2015-03-28,1.7,31.8,24.8,79,rayong
2015-03-29,9.6,30.9,24.2,82,rayong
2015-03-30,3.2,31.4,24.9,80,rayong
2015-03-31,0.8,31.1,25.4,81,rayong
2015-04-01,0.6,31.5,25.9,81,rayong
2015-04-02,0.3,32.1,26.9,78,rayong
2015-04-03,0.0,33.8,27.4,68,rayong
2015-04-04,0.2,31.9,26.7,74,rayong
2015-04-05,0.2,32.0,26.7,77,rayong
2015-04-06,0.0,33.3,26.8,73,rayong
2015-04-07,1.1,33.2,27.1,75,rayong
2015-04-08,8.0,30.6,25.9,83,rayong
2015-04-09,1.1,31.4,24.7,80,rayong
2015-04-10,1.6,31.7,26.0,77,rayong
2015-04-11,7.5,30.4,26.5,83,rayong
2015-04-12,9.2,28.5,24.7,88,rayong
2015-04-13,0.2,31.1,25.1,71,rayong
2015-04-14,0.0,32.1,25.1,63,rayong
2015-04-15,0.2,33.0,25.2,73,rayong
2015-04-16,0.9,31.3,26.2,77,rayong
2015-04-17,0.1,31.5,26.7,77,rayong
2015-04-18,0.8,31.7,26.6,74,rayong
2015-04-19,0.0,32.7,26.3,73,rayong
2015-04-20,0.0,33.2,26.7,75,rayong
2015-04-21,0.0,34.5,27.6,73,rayong
2015-04-22,0.0,33.9,27.6,76,rayong
2015-04-23,15.1,30.2,25.2,84,rayong
2015-04-24,9.6,32.8,24.7,81,rayong
2015-04-25,5.5,28.4,24.9,90,rayong
2015-04-26,1.2,31.9,25.0,80,rayong
2015-04-27,1.8,31.6,25.6,82,rayong
2015-04-28,5.0,31.0,26.1,81,rayong
2015-04-29,13.1,31.0,26.0,81,rayong
2015-04-30,0.7,31.8,26.8,79,rayong
2015-05-01,10.4,31.5,27.4,79,rayong
2015-05-02,7.9,30.2,27.6,82,rayong
2015-05-03,8.8,30.4,27.1,82,rayong
2015-05-04,3.6,31.5,27.0,81,rayong
2015-05-05,2.2,31.9,27.4,80,rayong
2015-05-06,3.0,31.9,27.3,79,rayong
2015-05-07,3.8,32.4,27.8,78,rayong
2015-05-08,7.6,31.2,27.4,83,rayong
2015-05-09,12.1,29.1,25.2,85,rayong
2015-05-10,8.0,29.6,26.5,84,rayong
2015-05-11,7.7,30.6,26.9,81,rayong
2015-05-12,3.2,31.0,27.4,81,rayong
2015-05-13,7.4,29.3,26.2,86,rayong
2015-05-14,13.8,28.5,25.4,88,rayong
2015-05-15,0.4,31.4,25.4,81,rayong
2015-05-16,2.4,31.4,27.1,80,rayong
2015-05-17,1.1,31.4,27.3,79,rayong
2015-05-18,9.2,31.5,26.4,80,rayong
2015-05-19,0.3,32.5,27.7,76,rayong
2015-05-20,4.3,31.8,26.6,78,rayong
2015-05-21,0.5,31.8,27.5,77,rayong
2015-05-22,3.7,30.7,27.2,80,rayong
2015-05-23,9.6,30.3,27.2,79,rayong
2015-05-24,5.4,31.1,27.2,78,rayong
2015-05-25,3.8,31.0,27.1,78,rayong
2015-05-26,11.5,29.7,26.8,81,rayong
2015-05-27,0.4,30.7,26.5,78,rayong
2015-05-28,0.3,31.3,26.7,76,rayong
2015-05-29,1.3,31.5,27.2,76,rayong
2015-05-30,2.1,31.3,27.3,75,rayong
2015-05-31,0.0,32.3,27.5,75,rayong
2015-06-01,0.1,33.2,27.3,75,rayong
2015-06-02,18.2,32.6,26.7,82,rayong
2015-06-03,8.8,30.6,26.0,83,rayong
2015-06-04,2.5,31.2,26.6,80,rayong
2015-06-05,3.2,32.0,26.9,79,rayong
2015-06-06,1.4,32.2,27.2,78,rayong
2015-06-07,0.0,32.5,27.8,78,rayong
2015-06-08,14.1,29.2,26.9,85,rayong
2015-06-09,1.7,31.9,26.4,80,rayong
2015-06-10,0.0,32.1,27.4,78,rayong
2015-06-11,2.0,32.0,27.7,79,rayong
2015-06-12,12.9,30.4,27.2,81,rayong
2015-06-13,5.7,30.7,26.2,85,rayong
2015-06-14,8.1,31.6,27.0,77,rayong
2015-06-15,26.1,27.6,24.8,92,rayong
2015-06-16,14.5,27.2,24.6,93,rayong
2015-06-17,12.9,28.6,24.8,88,rayong
2015-06-18,4.5,28.5,25.0,85,rayong
2015-06-19,1.1,29.9,26.3,81,rayong
2015-06-20,8.1,30.6,26.7,80,rayong
2015-06-21,0.0,30.8,26.9,78,rayong
2015-06-22,1.2,30.9,27.1,77,rayong
2015-06-23,1.4,29.4,27.0,79,rayong
2015-06-24,3.9,30.0,26.2,83,rayong
2015-06-25,4.7,29.6,26.0,83,rayong
2015-06-26,2.9,29.3,26.1,84,rayong
2015-06-27,8.3,29.4,25.2,86,rayong
2015-06-28,3.6,30.3,25.8,82,rayong
2015-06-29,0.8,30.7,25.9,80,rayong
2015-06-30,1.5,31.7,26.6,75,rayong
2015-07-01,0.2,31.6,26.5,76,rayong
2015-07-02,0.3,31.7,26.8,75,rayong
2015-07-03,1.9,31.9,27.2,73,rayong
2015-07-04,0.0,32.0,27.2,71,rayong
2015-07-05,0.4,31.0,27.4,74,rayong
2015-07-06,0.7,30.8,27.1,77,rayong
2015-07-07,2.5,31.4,26.8,77,rayong
2015-07-08,0.9,31.0,27.1,78,rayong
2015-07-09,0.1,31.5,27.3,72,rayong
2015-07-10,0.1,32.1,27.7,69,rayong
2015-07-11,0.1,32.3,27.4,69,rayong
2015-07-12,5.2,32.0,27.5,73,rayong
2015-07-13,8.8,30.8,27.5,78,rayong
2015-07-14,10.5,30.9,27.2,78,rayong
2015-07-15,11.0,29.4,26.5,82,rayong
2015-07-16,9.6,30.3,26.4,81,rayong
2015-07-17,19.8,28.4,26.0,88,rayong
2015-07-18,12.2,29.0,25.6,87,rayong
2015-07-19,20.2,27.3,25.1,92,rayong
2015-07-20,12.4,29.0,24.8,86,rayong
2015-07-21,11.0,28.1,24.6,88,rayong
2015-07-22,2.1,30.5,26.2,78,rayong
2015-07-23,1.6,30.6,26.3,79,rayong
2015-07-24,0.8,30.8,26.4,80,rayong
2015-07-25,0.0,31.0,26.6,76,rayong
2015-07-26,0.3,30.8,26.9,76,rayong
2015-07-27,8.6,31.2,26.7,80,rayong
2015-07-28,9.9,28.7,25.1,88,rayong
2015-07-29,1.9,29.1,25.0,86,rayong
2015-07-30,11.5,28.1,24.7,91,rayong
2015-07-31,22.9,28.0,24.1,87,rayong
2015-08-01,5.1,29.7,24.9,83,rayong
2015-08-02,2.6,29.4,24.8,84,rayong
2015-08-03,9.0,29.5,24.3,87,rayong
2015-08-04,3.0,29.0,25.6,82,rayong
2015-08-05,2.0,29.5,25.9,81,rayong
2015-08-06,4.5,29.5,25.8,79,rayong
2015-08-07,4.3,30.1,26.1,81,rayong
2015-08-08,4.6,29.5,26.3,82,rayong
2015-08-09,5.0,29.3,25.6,84,rayong
2015-08-10,11.6,29.0,26.3,84,rayong
2015-08-11,2.8,30.4,26.9,82,rayong
2015-08-12,9.6,30.3,25.1,86,rayong
2015-08-13,12.1,30.1,24.8,85,rayong
2015-08-14,0.2,30.5,25.6,81,rayong
2015-08-15,0.7,30.6,26.4,81,rayong
2015-08-16,1.1,30.8,25.6,82,rayong
2015-08-17,0.6,31.6,26.7,78,rayong
2015-08-18,2.7,31.8,26.8,79,rayong
2015-08-19,5.1,32.5,26.7,79,rayong
2015-08-20,2.1,31.5,26.2,81,rayong
2015-08-21,7.4,30.4,25.8,81,rayong
2015-08-22,0.3,30.0,26.4,76,rayong
2015-08-23,4.8,29.3,26.3,81,rayong
2015-08-24,0.0,31.1,26.5,78,rayong
2015-08-25,10.3,29.9,26.5,82,rayong
2015-08-26,8.0,29.1,26.2,81,rayong
2015-08-27,3.3,29.4,25.6,78,rayong
2015-08-28,13.8,29.1,25.3,86,rayong
2015-08-29,1.1,30.7,25.9,81,rayong
2015-08-30,0.6,30.5,26.7,79,rayong
2015-08-31,2.7,30.1,26.4,81,rayong
2015-09-01,5.7,28.8,26.0,83,rayong
2015-09-02,1.7,30.1,26.0,80,rayong
2015-09-03,4.8,31.2,26.4,82,rayong
2015-09-04,25.9,30.1,24.4,87,rayong
2015-09-05,1.9,30.0,26.2,84,rayong
2015-09-06,0.0,30.4,26.3,78,rayong
2015-09-07,0.0,31.8,26.5,76,rayong
2015-09-08,1.5,31.9,26.9,76,rayong
2015-09-09,1.5,31.4,26.7,78,rayong
2015-09-10,32.5,27.1,24.6,93,rayong
2015-09-11,14.4,29.3,24.8,87,rayong
2015-09-12,5.0,29.8,25.7,83,rayong
2015-09-13,21.4,30.2,24.6,86,rayong
2015-09-14,15.5,27.9,24.7,90,rayong
2015-09-15,17.4,27.3,24.9,91,rayong
2015-09-16,62.9,26.6,24.4,94,rayong
2015-09-17,41.8,27.2,24.3,95,rayong
2015-09-18,24.8,27.3,24.9,91,rayong
2015-09-19,3.3,31.1,24.1,83,rayong
2015-09-20,0.9,32.1,25.5,81,rayong
2015-09-21,4.4,31.7,26.9,83,rayong
2015-09-22,4.0,28.6,26.5,89,rayong
2015-09-23,2.8,30.1,25.3,86,rayong
2015-09-24,3.7,29.9,25.8,82,rayong
2015-09-25,5.8,29.6,26.0,80,rayong
2015-09-26,10.0,29.5,26.2,82,rayong
2015-09-27,11.9,29.3,26.1,85,rayong
2015-09-28,10.4,29.0,25.2,88,rayong
2015-09-29,27.8,28.8,24.8,88,rayong
2015-09-30,5.5,29.6,24.8,87,rayong
2015-10-01,8.0,29.1,25.4,89,rayong
2015-10-02,7.6,27.9,25.1,90,rayong
2015-10-03,34.7,29.1,24.4,92,rayong
2015-10-04,24.5,27.7,24.5,93,rayong
2015-10-05,7.3,28.4,24.6,86,rayong
2015-10-06,10.8,27.9,24.4,87,rayong
2015-10-07,8.1,29.3,25.4,85,rayong
2015-10-08,8.4,29.0,25.6,85,rayong
2015-10-09,10.4,28.5,24.7,89,rayong
2015-10-10,12.3,28.2,24.5,88,rayong
2015-10-11,0.7,30.6,24.5,85,rayong
2015-10-12,8.7,30.2,23.9,84,rayong
2015-10-13,0.7,30.0,24.8,78,rayong
2015-10-14,0.6,30.3,25.3,75,rayong
2015-10-15,0.5,30.2,25.1,79,rayong
2015-10-16,13.5,30.1,24.5,84,rayong
2015-10-17,1.3,30.8,24.5,82,rayong
2015-10-18,19.5,29.9,25.0,86,rayong
2015-10-19,6.9,30.3,24.9,87,rayong
2015-10-20,2.1,29.6,24.9,87,rayong
2015-10-21,10.7,30.5,25.4,86,rayong
2015-10-22,7.5,29.6,24.8,88,rayong
2015-10-23,0.0,30.6,24.9,83,rayong
2015-10-24,2.2,29.7,25.1,86,rayong
2015-10-25,0.3,30.3,23.9,83,rayong
2015-10-26,0.0,30.8,25.0,76,rayong
2015-10-27,10.5,30.6,25.3,85,rayong
2015-10-28,3.4,30.7,24.9,87,rayong
2015-10-29,0.8,30.6,24.9,86,rayong
2015-10-30,0.0,31.8,24.9,81,rayong
2015-10-31,0.0,31.7,25.5,78,rayong
2015-11-01,0.0,31.0,25.2,76,rayong
2015-11-02,0.0,30.9,25.8,73,rayong
2015-11-03,0.0,29.3,25.4,73,rayong
2015-11-04,1.1,31.8,25.3,73,rayong
2015-11-05,7.4,31.1,25.6,80,rayong
2015-11-06,13.1,29.2,24.5,88,rayong
2015-11-07,7.8,28.3,24.6,90,rayong
2015-11-08,11.4,29.8,23.8,88,rayong
2015-11-09,4.3,30.6,24.8,87,rayong
2015-11-10,2.2,30.0,24.4,87,rayong
2015-11-11,0.4,30.7,23.9,83,rayong
2015-11-12,7.6,30.2,24.7,84,rayong
2015-11-13,11.9,29.1,24.7,90,rayong
2015-11-14,6.6,30.3,24.4,88,rayong
2015-11-15,8.3,30.3,24.4,89,rayong
2015-11-16,2.5,30.3,24.6,86,rayong
2015-11-17,0.4,30.1,24.9,85,rayong
2015-11-18,1.0,30.7,24.1,83,rayong
2015-11-19,0.6,31.1,24.6,84,rayong
2015-11-20,0.0,31.8,24.8,78,rayong
2015-11-21,0.0,31.7,25.2,72,rayong
2015-11-22,0.0,31.5,25.8,71,rayong
2015-11-23,1.9,30.7,25.9,77,rayong
2015-11-24,0.0,31.7,25.5,72,rayong
2015-11-25,2.6,31.7,26.2,77,rayong
2015-11-26,0.4,30.8,25.9,75,rayong
2015-11-27,0.0,30.5,25.3,65,rayong
2015-11-28,0.0,30.7,25.2,67,rayong
2015-11-29,0.2,32.0,25.7,70,rayong
2015-11-30,0.0,32.0,26.0,70,rayong
2015-12-01,0.3,30.6,26.1,77,rayong
2015-12-02,1.3,30.2,24.6,86,rayong
2015-12-03,0.8,31.0,25.0,83,rayong
2015-12-04,0.9,29.6,25.0,84,rayong
2015-12-05,9.7,30.7,25.6,85,rayong
2015-12-06,0.0,30.7,24.7,75,rayong
2015-12-07,0.0,30.5,24.8,64,rayong
2015-12-08,0.0,30.8,24.7,63,rayong
2015-12-09,0.0,31.5,25.3,66,rayong
2015-12-10,0.0,32.3,24.9,74,rayong
2015-12-11,0.8,31.2,25.5,80,rayong
2015-12-12,0.6,30.6,25.1,81,rayong
2015-12-13,1.6,30.3,25.6,84,rayong
2015-12-14,2.1,31.2,24.5,82,rayong
2015-12-15,0.3,32.0,25.0,80,rayong
2015-12-16,0.0,31.1,25.8,74,rayong
2015-12-17,0.0,29.1,23.6,58,rayong
2015-12-18,0.0,28.9,21.3,55,rayong
2015-12-19,0.0,29.3,21.4,58,rayong
2015-12-20,0.0,30.2,22.0,58,rayong
2015-12-21,0.0,31.1,22.8,61,rayong
2015-12-22,1.3,29.6,25.2,69,rayong
2015-12-23,1.5,31.2,25.1,75,rayong
2015-12-24,0.0,31.1,23.8,80,rayong
2015-12-25,0.1,30.7,24.4,82,rayong
2015-12-26,0.3,30.9,24.3,79,rayong
2015-12-27,0.0,32.6,24.6,75,rayong
2015-12-28,0.0,31.9,23.6,72,rayong
2015-12-29,0.0,31.6,23.1,70,rayong
2015-12-30,0.0,31.8,24.3,62,rayong
2015-12-31,0.0,31.5,24.6,56,rayong
2016-01-01,0.0,31.2,23.0,56,rayong
2016-01-02,0.0,31.3,22.9,61,rayong
2016-01-03,0.0,32.1,23.7,61,rayong
2016-01-04,0.0,32.5,23.6,63,rayong
2016-01-05,0.0,31.4,24.0,72,rayong
2016-01-06,1.3,30.8,24.4,80,rayong
2016-01-07,3.6,31.1,23.9,83,rayong
2016-01-08,1.7,29.6,23.9,84,rayong
2016-01-09,0.1,28.7,24.1,84,rayong
2016-01-10,3.2,28.1,25.1,84,rayong
2016-01-11,0.0,30.0,24.3,77,rayong
2016-01-12,0.0,31.0,23.5,76,rayong
2016-01-13,0.7,30.3,23.7,80,rayong
2016-01-14,3.4,30.1,23.7,84,rayong
2016-01-15,7.7,28.5,24.7,87,rayong
2016-01-16,2.6,29.5,24.4,87,rayong
2016-01-17,7.1,28.2,25.7,86,rayong
2016-01-18,9.6,29.8,24.8,88,rayong
2016-01-19,8.8,29.7,24.8,86,rayong
2016-01-20,1.6,28.8,24.8,87,rayong
2016-01-21,0.6,29.8,24.2,84,rayong
2016-01-22,0.1,30.5,25.0,81,rayong
2016-01-23,0.5,31.0,25.0,80,rayong
2016-01-24,3.6,27.3,20.6,71,rayong
2016-01-25,0.0,22.3,17.4,53,rayong
2016-01-26,0.0,26.2,16.9,56,rayong
2016-01-27,0.0,28.2,18.4,59,rayong
2016-01-28,0.0,30.0,20.9,66,rayong
2016-01-29,0.0,31.2,23.0,72,rayong
2016-01-30,1.4,30.0,24.3,83,rayong
2016-01-31,2.9,29.8,24.5,85,rayong
2016-02-01,0.8,31.2,24.7,82,rayong
2016-02-02,0.3,31.2,24.6,73,rayong
2016-02-03,0.0,30.9,23.2,58,rayong
2016-02-04,0.0,31.9,23.4,61,rayong
2016-02-05,0.0,32.5,24.8,60,rayong
2016-02-06,0.0,29.5,22.8,49,rayong
2016-02-07,0.0,26.5,17.7,41,rayong
2016-02-08,0.0,26.3,16.7,43,rayong
2016-02-09,0.0,28.8,18.4,50,rayong
2016-02-10,0.0,30.4,19.4,59,rayong
2016-02-11,0.0,31.1,19.7,68,rayong
2016-02-12,0.0,30.6,22.3,76,rayong
2016-02-13,0.1,31.0,23.6,80,rayong
2016-02-14,0.5,30.6,25.1,81,rayong
2016-02-15,0.7,31.1,24.7,81,rayong
2016-02-16,7.9,30.0,24.3,84,rayong
2016-02-17,0.0,32.3,24.3,75,rayong
2016-02-18,0.0,31.6,24.2,77,rayong
2016-02-19,0.0,31.7,24.0,77,rayong
2016-02-20,0.9,31.5,23.4,80,rayong
2016-02-21,1.9,29.2,24.2,81,rayong
2016-02-22,0.0,30.1,24.4,75,rayong
2016-02-23,0.2,31.1,24.7,76,rayong
2016-02-24,9.4,30.1,25.1,81,rayong
2016-02-25,0.0,31.8,23.4,59,rayong
2016-02-26,0.0,31.8,22.9,50,rayong
2016-02-27,0.0,31.9,23.3,50,rayong
2016-02-28,0.0,33.0,24.3,49,rayong
2016-02-29,0.0,32.7,24.3,48,rayong
2016-03-01,0.0,31.9,23.5,51,rayong
2016-03-02,0.0,32.7,23.8,57,rayong
2016-03-03,0.0,32.3,22.3,69,rayong
2016-03-04,0.1,31.2,24.7,77,rayong
2016-03-05,0.6,30.7,25.4,78,rayong
2016-03-06,0.2,31.4,25.9,78,rayong
2016-03-07,0.1,31.7,25.8,78,rayong
2016-03-08,0.0,31.8,26.3,77,rayong
2016-03-09,0.0,32.1,25.9,78,rayong
2016-03-10,0.0,32.3,26.2,79,rayong
2016-03-11,0.0,32.7,26.1,79,rayong
2016-03-12,1.8,29.8,26.6,78,rayong
2016-03-13,0.0,31.3,25.8,75,rayong
2016-03-14,0.0,32.9,25.6,75,rayong
2016-03-15,0.0,32.5,26.4,74,rayong
2016-03-16,0.0,31.7,26.9,75,rayong
2016-03-17,0.0,32.5,26.5,75,rayong
2016-03-18,0.0,32.3,26.3,76,rayong
2016-03-19,0.0,33.0,26.7,74,rayong
2016-03-20,0.4,31.5,26.6,78,rayong
2016-03-21,0.0,32.6,25.6,73,rayong
2016-03-22,0.0,32.5,26.1,77,rayong
2016-03-23,0.0,32.7,26.8,76,rayong
2016-03-24,0.0,33.3,26.9,79,rayong
2016-03-25,2.9,32.0,26.8,79,rayong
2016-03-26,1.2,30.9,24.7,75,rayong
2016-03-27,2.5,31.2,25.3,79,rayong
2016-03-28,2.9,31.9,23.9,76,rayong
2016-03-29,15.6,29.1,25.7,80,rayong
2016-03-30,1.7,30.7,25.6,80,rayong
2016-03-31,1.6,30.7,26.0,80,rayong
2016-04-01,0.7,30.9,25.9,77,rayong
2016-04-02,0.4,31.6,25.3,76,rayong
2016-04-03,0.0,32.0,26.5,75,rayong
2016-04-04,0.0,32.2,26.6,75,rayong
2016-04-05,0.0,32.8,26.5,72,rayong
2016-04-06,0.5,33.2,26.4,75,rayong
2016-04-07,0.9,31.9,27.1,77,rayong
2016-04-08,0.0,32.9,26.2,73,rayong
2016-04-09,0.0,33.0,26.6,73,rayong
2016-04-10,0.2,32.5,27.0,76,rayong
2016-04-11,0.0,33.9,27.1,74,rayong
2016-04-12,0.0,34.1,27.4,72,rayong
2016-04-13,0.0,34.8,27.8,69,rayong
2016-04-14,0.0,34.1,27.8,72,rayong
2016-04-15,0.0,33.7,27.6,73,rayong
2016-04-16,0.0,33.7,27.3,76,rayong
2016-04-17,0.1,33.1,27.5,77,rayong
2016-04-18,0.0,34.0,27.9,74,rayong
2016-04-19,1.3,33.8,27.7,72,rayong
2016-04-20,1.5,33.2,27.9,74,rayong
2016-04-21,0.0,33.8,27.7,72,rayong
2016-04-22,0.0,33.3,27.9,76,rayong
2016-04-23,2.1,32.9,28.1,75,rayong
2016-04-24,1.4,32.6,28.0,73,rayong
2016-04-25,0.1,33.3,27.6,72,rayong
2016-04-26,0.0,34.1,27.1,70,rayong
2016-04-27,1.5,33.5,27.9,73,rayong
2016-04-28,0.6,33.4,28.1,74,rayong
2016-04-29,1.0,33.6,28.0,73,rayong
2016-04-30,7.5,33.5,27.8,77,rayong
2016-05-01,0.2,33.0,26.1,76,rayong
2016-05-02,0.0,33.7,27.4,71,rayong
2016-05-03,0.6,33.5,27.6,73,rayong
2016-05-04,0.5,33.2,27.8,74,rayong
2016-05-05,0.4,34.4,27.1,73,rayong
2016-05-06,0.2,34.1,27.8,74,rayong
2016-05-07,0.1,34.1,28.1,76,rayong
2016-05-08,2.5,32.7,27.6,78,rayong
2016-05-09,0.4,33.9,28.3,74,rayong
2016-05-10,0.2,34.1,28.6,72,rayong
2016-05-11,0.5,34.6,28.5,73,rayong
2016-05-12,1.7,33.8,29.3,74,rayong
2016-05-13,3.1,33.6,26.9,76,rayong
2016-05-14,0.5,34.0,27.5,73,rayong
2016-05-15,10.6,33.0,28.1,78,rayong
2016-05-16,10.5,31.3,27.2,84,rayong
2016-05-17,9.7,31.9,25.8,87,rayong
2016-05-18,24.2,30.3,25.7,86,rayong
2016-05-19,3.3,31.8,26.3,81,rayong
2016-05-20,3.1,31.8,25.7,83,rayong
2016-05-21,2.8,33.1,27.1,74,rayong
2016-05-22,5.9,31.9,28.1,74,rayong
2016-05-23,1.9,31.6,26.5,79,rayong
2016-05-24,3.0,30.0,27.0,80,rayong
2016-05-25,3.1,30.1,27.4,78,rayong
2016-05-26,8.8,31.2,27.2,82,rayong
2016-05-27,5.8,30.9,27.0,80,rayong
2016-05-28,7.7,30.1,27.1,80,rayong
2016-05-29,10.3,29.8,26.2,84,rayong
2016-05-30,18.5,28.2,26.0,88,rayong
2016-05-31,10.5,28.9,25.7,89,rayong
2016-06-01,8.4,29.3,25.8,86,rayong
2016-06-02,8.9,30.0,25.4,85,rayong
2016-06-03,3.7,29.2,25.5,83,rayong
2016-06-04,4.0,30.5,27.0,81,rayong
2016-06-05,5.6,30.2,26.8,80,rayong
2016-06-06,2.3,31.1,25.5,81,rayong
2016-06-07,4.1,30.9,26.2,82,rayong
2016-06-08,0.0,31.8,27.3,75,rayong
2016-06-09,0.5,31.8,27.4,74,rayong
2016-06-10,1.1,32.1,27.7,77,rayong
2016-06-11,1.2,31.8,27.1,77,rayong
2016-06-12,4.4,31.7,27.5,77,rayong
2016-06-13,2.1,31.2,27.1,78,rayong
2016-06-14,3.9,30.9,27.3,77,rayong
2016-06-15,9.4,30.7,26.5,80,rayong
2016-06-16,14.5,27.9,25.1,90,rayong
2016-06-17,26.6,27.9,24.5,93,rayong
2016-06-18,10.2,28.3,24.8,88,rayong
2016-06-19,5.7,31.0,24.2,81,rayong
2016-06-20,3.4,30.5,27.2,80,rayong
2016-06-21,18.4,29.3,24.7,88,rayong
2016-06-22,7.4,29.8,25.7,84,rayong
2016-06-23,9.3,28.9,26.3,84,rayong
2016-06-24,20.7,27.3,25.0,94,rayong
2016-06-25,13.3,29.0,25.2,88,rayong
2016-06-26,10.1,30.0,25.0,84,rayong
2016-06-27,10.1,28.8,25.5,88,rayong
2016-06-28,32.0,27.9,25.4,90,rayong
2016-06-29,7.5,29.0,25.4,86,rayong
2016-06-30,4.9,29.4,25.6,84,rayong
2016-07-01,12.5,29.3,26.5,85,rayong
2016-07-02,4.0,29.5,26.4,86,rayong
2016-07-03,2.8,30.1,25.5,85,rayong
2016-07-04,0.3,30.7,26.8,81,rayong
2016-07-05,14.9,29.3,26.0,84,rayong
2016-07-06,13.2,29.4,25.0,88,rayong
2016-07-07,19.4,28.7,24.9,91,rayong
2016-07-08,8.8,29.5,25.9,83,rayong
2016-07-09,8.2,30.1,26.7,81,rayong
2016-07-10,7.0,27.5,25.9,87,rayong
2016-07-11,17.0,29.4,26.0,87,rayong
2016-07-12,4.4,30.6,26.3,85,rayong
2016-07-13,19.7,28.7,26.4,87,rayong
2016-07-14,0.5,29.9,26.7,83,rayong
2016-07-15,0.5,30.3,26.3,81,rayong
2016-07-16,0.7,31.2,26.4,81,rayong
2016-07-17,9.2,30.5,26.2,83,rayong
2016-07-18,5.3,31.6,26.6,83,rayong
2016-07-19,9.0,30.3,25.9,84,rayong
2016-07-20,10.4,29.3,25.0,86,rayong
2016-07-21,13.5,28.8,24.6,87,rayong
2016-07-22,6.3,29.8,25.1,85,rayong
2016-07-23,9.6,29.3,24.7,88,rayong
2016-07-24,0.1,30.5,25.1,82,rayong
2016-07-25,0.8,30.7,25.5,83,rayong
2016-07-26,8.6,30.5,25.2,84,rayong
2016-07-27,5.2,29.0,26.4,84,rayong
2016-07-28,4.9,30.0,25.4,84,rayong
2016-07-29,7.5,28.0,25.3,86,rayong
2016-07-30,5.4,29.7,25.7,82,rayong
2016-07-31,0.0,30.8,26.4,74,rayong
2016-08-01,1.2,30.1,26.4,75,rayong
2016-08-02,7.7,30.2,26.8,80,rayong
2016-08-03,8.4,29.7,26.2,82,rayong
2016-08-04,6.0,29.8,26.8,79,rayong
2016-08-05,4.3,29.5,26.4,83,rayong
2016-08-06,1.5,30.4,25.6,82,rayong
2016-08-07,10.0,29.6,25.5,84,rayong
2016-08-08,1.2,29.8,26.0,80,rayong
2016-08-09,8.3,30.6,26.4,80,rayong
2016-08-10,3.2,30.4,26.4,81,rayong
2016-08-11,4.2,30.6,27.0,78,rayong
2016-08-12,2.5,30.3,26.9,79,rayong
2016-08-13,5.2,30.2,26.4,80,rayong
2016-08-14,7.8,30.6,26.9,78,rayong
2016-08-15,8.7,29.8,26.9,80,rayong
2016-08-16,4.6,30.0,26.8,80,rayong
2016-08-17,1.1,30.3,27.0,80,rayong
2016-08-18,3.0,30.8,27.2,77,rayong
2016-08-19,5.6,30.3,26.9,79,rayong
2016-08-20,0.8,30.5,26.7,80,rayong
2016-08-21,0.1,31.0,26.4,78,rayong
2016-08-22,4.1,31.8,26.6,78,rayong
2016-08-23,2.9,31.4,25.5,79,rayong
2016-08-24,3.5,30.6,25.8,85,rayong
2016-08-25,6.0,31.5,26.7,82,rayong
2016-08-26,2.6,31.0,26.6,81,rayong
2016-08-27,1.1,30.5,27.1,82,rayong
2016-08-28,3.2,29.4,25.5,84,rayong
2016-08-29,18.7,29.1,25.1,88,rayong
2016-08-30,6.5,29.1,25.1,88,rayong
2016-08-31,12.6,29.7,26.4,84,rayong
2016-09-01,1.5,30.9,26.4,82,rayong
2016-09-02,10.8,30.0,26.7,81,rayong
2016-09-03,0.0,30.7,26.5,78,rayong
2016-09-04,0.4,29.7,26.4,79,rayong
2016-09-05,0.3,30.0,26.6,79,rayong
2016-09-06,4.9,30.7,26.5,81,rayong
2016-09-07,11.0,29.1,25.3,85,rayong
2016-09-08,3.1,29.8,26.3,80,rayong
2016-09-09,1.1,29.2,25.9,82,rayong
2016-09-10,0.6,30.1,26.2,81,rayong
2016-09-11,2.3,30.4,26.4,81,rayong
2016-09-12,15.9,28.7,24.4,89,rayong
2016-09-13,29.6,26.4,24.5,93,rayong
2016-09-14,1.5,29.7,25.4,83,rayong
2016-09-15,3.0,29.7,25.7,80,rayong
2016-09-16,5.5,29.5,25.9,81,rayong
2016-09-17,15.0,30.1,25.9,83,rayong
2016-09-18,11.6,30.5,25.7,84,rayong
2016-09-19,2.9,28.9,24.9,88,rayong
2016-09-20,30.3,28.7,24.8,90,rayong
2016-09-21,29.7,28.2,24.3,94,rayong
2016-09-22,22.1,29.2,24.1,90,rayong
2016-09-23,8.8,28.2,24.1,90,rayong
2016-09-24,7.2,28.9,24.4,88,rayong
2016-09-25,5.9,29.3,24.5,86,rayong
2016-09-26,21.3,28.5,24.7,89,rayong
2016-09-27,21.7,28.6,24.9,89,rayong
2016-09-28,38.0,28.1,24.5,90,rayong
2016-09-29,11.9,29.8,24.8,86,rayong
2016-09-30,2.4,29.5,25.7,83,rayong
2016-10-01,4.9,29.8,25.3,85,rayong
2016-10-02,26.8,29.2,25.1,91,rayong
2016-10-03,16.1,29.3,24.4,90,rayong
2016-10-04,14.1,29.8,24.3,90,rayong
2016-10-05,19.5,29.1,24.6,90,rayong
2016-10-06,10.7,28.8,24.4,90,rayong
2016-10-07,6.1,29.9,24.4,86,rayong
2016-10-08,10.0,27.9,25.4,88,rayong
2016-10-09,14.4,28.1,24.7,92,rayong
2016-10-10,14.3,29.4,24.6,89,rayong
2016-10-11,17.6,29.1,25.5,89,rayong
2016-10-12,11.5,29.1,24.8,92,rayong
2016-10-13,6.6,30.3,24.9,88,rayong
2016-10-14,0.6,30.8,25.0,82,rayong
2016-10-15,1.1,30.4,25.0,81,rayong
2016-10-16,14.3,29.6,24.7,91,rayong
2016-10-17,21.5,29.5,24.3,90,rayong
2016-10-18,8.6,29.9,24.6,88,rayong
2016-10-19,5.4,28.5,24.2,87,rayong
2016-10-20,6.8,28.9,25.6,85,rayong
2016-10-21,6.0,29.0,25.8,83,rayong
2016-10-22,9.7,28.5,25.9,85,rayong
2016-10-23,2.3,30.3,25.7,81,rayong
2016-10-24,9.9,30.0,26.2,84,rayong
2016-10-25,21.0,28.7,24.1,89,rayong
2016-10-26,13.6,28.7,24.4,92,rayong
2016-10-27,5.4,28.6,23.9,91,rayong
2016-10-28,3.9,30.3,24.4,87,rayong
2016-10-29,9.6,28.8,24.7,90,rayong
2016-10-30,2.1,28.5,24.7,86,rayong
2016-10-31,9.7,29.8,24.8,87,rayong
2016-11-01,7.6,29.8,24.2,87,rayong
2016-11-02,0.7,29.4,24.4,80,rayong
2016-11-03,2.2,29.5,24.8,78,rayong
2016-11-04,0.0,29.3,24.1,74,rayong
2016-11-05,1.4,30.0,24.7,78,rayong
2016-11-06,5.0,29.2,25.1,84,rayong
2016-11-07,24.9,29.0,25.2,89,rayong
2016-11-08,11.2,28.1,24.4,88,rayong
2016-11-09,19.8,28.5,24.7,90,rayong
2016-11-10,4.5,28.4,23.9,90,rayong
2016-11-11,0.0,30.1,24.3,78,rayong
2016-11-12,0.0,30.6,24.6,77,rayong
2016-11-13,0.4,30.9,25.5,79,rayong
2016-11-14,0.0,31.2,24.9,79,rayong
2016-11-15,0.0,31.1,24.1,81,rayong
2016-11-16,0.0,31.7,25.1,75,rayong
2016-11-17,0.0,31.2,24.3,72,rayong
2016-11-18,0.2,31.3,25.1,73,rayong
2016-11-19,1.2,30.0,25.3,84,rayong
2016-11-20,1.2,31.1,25.2,85,rayong
2016-11-21,1.9,31.2,25.2,85,rayong
2016-11-22,1.8,30.6,25.5,85,rayong
2016-11-23,20.3,27.7,24.7,91,rayong
2016-11-24,1.0,30.0,24.3,87,rayong
2016-11-25,1.8,30.1,24.6,86,rayong
2016-11-26,1.4,30.7,24.7,84,rayong
2016-11-27,0.0,28.9,24.6,76,rayong
2016-11-28,0.0,29.8,23.9,73,rayong
2016-11-29,0.0,29.8,23.4,69,rayong
2016-11-30,0.0,30.1,23.1,70,rayong
2016-12-01,0.0,27.7,23.2,67,rayong
2016-12-02,2.5,28.0,22.9,72,rayong
2016-12-03,0.2,29.6,23.4,69,rayong
2016-12-04,0.0,30.3,24.4,72,rayong
2016-12-05,0.0,29.9,24.6,72,rayong
2016-12-06,0.0,28.8,24.7,69,rayong
2016-12-07,0.0,29.0,23.5,66,rayong
2016-12-08,0.0,28.9,24.1,68,rayong
2016-12-09,0.0,30.3,23.5,65,rayong
2016-12-10,0.0,31.1,23.9,70,rayong
2016-12-11,0.0,30.5,24.2,64,rayong
2016-12-12,0.0,30.5,23.8,66,rayong
2016-12-13,0.0,30.5,24.5,69,rayong
2016-12-14,1.9,29.3,23.8,77,rayong
2016-12-15,2.8,28.8,24.2,78,rayong
2016-12-16,1.2,26.3,22.4,75,rayong
2016-12-17,0.0,26.4,21.8,64,rayong
2016-12-18,0.0,30.6,22.5,63,rayong
2016-12-19,0.0,31.9,24.5,65,rayong
2016-12-20,0.1,32.3,24.8,69,rayong
2016-12-21,0.0,31.7,24.6,71,rayong
2016-12-22,11.7,32.0,25.9,76,rayong
2016-12-23,0.0,31.1,25.1,71,rayong
2016-12-24,0.0,31.5,24.6,69,rayong
2016-12-25,0.0,32.3,24.3,71,rayong
2016-12-26,0.0,32.1,24.2,75,rayong
2016-12-27,0.0,32.1,24.4,65,rayong
2016-12-28,0.0,29.1,22.7,56,rayong
2016-12-29,0.0,29.4,21.6,53,rayong
2016-12-30,0.0,28.5,21.6,54,rayong
2016-12-31,0.0,29.7,23.4,55,rayong
2017-01-01,0.0,32.5,23.6,58,rayong
2017-01-02,0.1,32.7,24.4,60,rayong
2017-01-03,0.6,32.8,25.6,63,rayong
2017-01-04,0.0,32.7,25.1,62,rayong
2017-01-05,0.1,32.2,25.2,62,rayong
2017-01-06,1.7,30.0,24.3,72,rayong
2017-01-07,0.2,31.4,24.9,71,rayong
2017-01-08,5.8,30.1,25.0,80,rayong
2017-01-09,8.8,28.9,23.9,84,rayong
2017-01-10,14.5,28.7,24.2,87,rayong
2017-01-11,4.4,27.4,25.1,85,rayong
2017-01-12,0.1,29.0,24.7,81,rayong
2017-01-13,0.0,29.1,24.7,84,rayong
2017-01-14,1.7,30.1,24.0,86,rayong
2017-01-15,0.2,31.9,24.8,76,rayong
2017-01-16,8.2,30.7,24.1,82,rayong
2017-01-17,2.4,30.5,24.2,81,rayong
2017-01-18,0.0,31.6,24.7,71,rayong
2017-01-19,0.0,32.1,24.2,72,rayong
2017-01-20,0.0,32.3,24.5,72,rayong
2017-01-21,0.0,31.7,25.2,60,rayong
2017-01-22,0.0,32.4,24.4,58,rayong
2017-01-23,0.0,31.7,23.8,56,rayong
2017-01-24,0.0,31.6,23.2,59,rayong
2017-01-25,0.0,32.4,24.2,61,rayong
2017-01-26,0.0,31.3,24.3,61,rayong
2017-01-27,0.0,32.0,24.2,60,rayong
2017-01-28,0.0,31.4,22.6,61,rayong
2017-01-29,0.0,29.5,21.0,69,rayong
2017-01-30,0.0,30.2,21.2,74,rayong
2017-01-31,0.0,31.3,21.8,70,rayong
2017-02-01,0.0,32.4,22.2,60,rayong
2017-02-02,0.1,32.4,23.3,60,rayong
2017-02-03,0.0,30.0,24.2,68,rayong
2017-02-04,0.0,31.2,23.6,72,rayong
2017-02-05,0.8,30.9,24.1,77,rayong
2017-02-06,0.0,30.8,22.2,74,rayong
2017-02-07,0.0,31.7,22.9,74,rayong
2017-02-08,0.0,30.9,23.8,74,rayong
2017-02-09,0.0,30.6,22.3,72,rayong
2017-02-10,0.0,30.9,22.8,74,rayong
2017-02-11,0.0,32.9,23.2,65,rayong
2017-02-12,0.0,32.1,21.9,50,rayong
2017-02-13,0.0,31.6,21.3,51,rayong
2017-02-14,0.0,31.8,21.4,50,rayong
2017-02-15,0.0,32.3,22.6,52,rayong
2017-02-16,0.0,32.0,22.9,58,rayong
2017-02-17,0.0,30.8,21.5,63,rayong
2017-02-18,0.0,31.6,21.3,71,rayong
2017-02-19,0.0,31.6,22.4,78,rayong
2017-02-20,1.1,29.9,23.6,80,rayong
2017-02-21,0.2,29.8,25.6,80,rayong
2017-02-22,1.6,30.3,25.3,82,rayong
2017-02-23,0.9,31.1,25.4,81,rayong
2017-02-24,13.6,28.8,26.2,83,rayong
2017-02-25,3.0,30.1,25.3,83,rayong
2017-02-26,3.8,29.0,25.1,85,rayong
2017-02-27,5.6,31.9,23.8,76,rayong
2017-02-28,0.0,32.7,24.9,67,rayong
2017-03-01,2.4,32.3,24.4,78,rayong
2017-03-02,0.0,32.1,24.5,67,rayong
2017-03-03,0.0,31.8,22.5,70,rayong
2017-03-04,1.2,29.6,24.0,81,rayong
2017-03-05,4.7,29.8,26.3,79,rayong
2017-03-06,2.3,29.8,26.3,80,rayong
2017-03-07,0.0,30.2,26.6,77,rayong
2017-03-08,1.9,29.3,26.2,79,rayong
2017-03-09,2.2,29.8,25.7,77,rayong
2017-03-10,0.3,29.8,25.1,75,rayong
2017-03-11,0.3,30.3,26.0,78,rayong
2017-03-12,0.7,30.4,26.3,80,rayong
2017-03-13,0.2,30.9,26.2,80,rayong
2017-03-14,0.0,31.2,26.8,81,rayong
2017-03-15,0.0,31.1,26.9,81,rayong
2017-03-16,0.9,30.6,26.5,79,rayong
2017-03-17,2.7,30.9,26.3,80,rayong
2017-03-18,6.6,29.3,26.5,81,rayong
2017-03-19,4.6,30.3,25.3,81,rayong
2017-03-20,6.6,29.4,25.5,82,rayong
2017-03-21,1.9,30.0,26.0,82,rayong
2017-03-22,1.8,30.7,26.9,79,rayong
2017-03-23,6.9,29.9,27.5,80,rayong
2017-03-24,21.6,29.2,26.5,84,rayong
2017-03-25,1.6,30.9,25.7,84,rayong
2017-03-26,16.5,31.1,26.3,85,rayong
2017-03-27,22.2,26.1,23.7,89,rayong
2017-03-28,0.1,31.3,22.6,77,rayong
2017-03-29,4.8,28.3,24.4,88,rayong
2017-03-30,8.8,30.2,26.4,83,rayong
2017-03-31,9.7,29.6,25.2,84,rayong
2017-04-01,14.6,30.0,25.4,87,rayong
2017-04-02,0.6,30.2,24.7,76,rayong
2017-04-03,0.4,30.5,24.8,77,rayong
2017-04-04,1.9,31.6,24.8,78,rayong
2017-04-05,9.3,28.9,25.5,90,rayong
2017-04-06,10.9,29.6,25.0,87,rayong
2017-04-07,11.3,28.9,24.8,86,rayong
2017-04-08,4.0,30.6,25.5,83,rayong
2017-04-09,5.6,30.1,26.2,84,rayong
2017-04-10,1.9,30.4,26.6,82,rayong
2017-04-11,0.0,30.8,26.9,83,rayong
2017-04-12,0.0,30.7,27.4,83,rayong
2017-04-13,0.2,31.4,26.2,84,rayong
2017-04-14,8.9,30.4,25.5,86,rayong
2017-04-15,2.6,30.5,25.4,82,rayong
2017-04-16,0.8,30.6,26.0,79,rayong
2017-04-17,0.8,30.7,27.3,78,rayong
2017-04-18,1.9,31.0,26.4,81,rayong
2017-04-19,1.4,31.0,27.7,78,rayong
2017-04-20,0.8,31.4,27.9,77,rayong
2017-04-21,1.5,31.4,28.3,78,rayong
2017-04-22,0.0,33.8,26.1,70,rayong
2017-04-23,0.0,32.3,28.2,72,rayong
2017-04-24,3.0,31.6,28.2,77,rayong
2017-04-25,1.4,31.6,27.7,76,rayong
2017-04-26,3.6,30.3,27.3,82,rayong
2017-04-27,13.9,31.1,27.7,82,rayong
2017-04-28,4.5,31.0,27.3,82,rayong
2017-04-29,9.1,30.5,25.7,85,rayong
2017-04-30,2.1,30.6,25.2,84,rayong
2017-05-01,1.7,31.0,27.1,82,rayong
2017-05-02,2.7,31.4,27.9,81,rayong
2017-05-03,0.4,31.4,28.0,82,rayong
2017-05-04,1.4,32.3,29.1,81,rayong
2017-05-05,1.4,29.9,27.0,85,rayong
2017-05-06,6.4,31.9,25.8,83,rayong
2017-05-07,3.6,31.3,25.7,84,rayong
2017-05-08,5.7,31.0,26.2,83,rayong
2017-05-09,11.7,30.7,26.6,82,rayong
2017-05-10,7.6,29.5,26.0,88,rayong
2017-05-11,9.7,31.0,25.8,86,rayong
2017-05-12,18.7,30.8,26.1,86,rayong
2017-05-13,8.6,29.5,25.8,88,rayong
2017-05-14,9.8,30.0,25.5,87,rayong
2017-05-15,9.8,29.9,25.5,87,rayong
2017-05-16,19.8,29.6,26.3,87,rayong
2017-05-17,44.5,28.4,26.1,90,rayong
2017-05-18,17.6,30.1,26.1,86,rayong
2017-05-19,9.4,29.5,25.7,88,rayong
2017-05-20,1.0,31.1,27.1,82,rayong
2017-05-21,3.4,31.3,27.8,84,rayong
2017-05-22,0.3,30.6,27.7,84,rayong
2017-05-23,9.1,30.6,27.0,86,rayong
2017-05-24,7.5,30.6,27.3,83,rayong
2017-05-25,31.8,29.0,25.9,91,rayong
2017-05-26,19.9,28.7,25.6,92,rayong
2017-05-27,24.9,28.9,25.4,91,rayong
2017-05-28,20.3,29.8,25.5,89,rayong
2017-05-29,13.9,28.8,25.9,89,rayong
2017-05-30,15.3,29.6,26.3,87,rayong
2017-05-31,12.8,29.4,25.6,86,rayong
2017-06-01,6.8,29.9,26.3,85,rayong
2017-06-02,5.4,30.2,27.5,82,rayong
2017-06-03,3.6,30.6,26.7,79,rayong
2017-06-04,12.6,29.8,26.1,86,rayong
2017-06-05,15.4,30.1,26.3,84,rayong
2017-06-06,13.2,30.0,26.3,85,rayong
2017-06-07,12.5,28.9,26.5,84,rayong
2017-06-08,3.0,29.4,27.0,82,rayong
2017-06-09,6.3,29.9,26.2,82,rayong
2017-06-10,0.9,30.5,26.9,79,rayong
2017-06-11,0.1,30.7,27.5,78,rayong
2017-06-12,0.0,30.6,26.6,79,rayong
2017-06-13,0.2,30.7,26.9,77,rayong
2017-06-14,0.1,30.2,26.7,80,rayong
2017-06-15,0.0,30.8,26.8,78,rayong
2017-06-16,1.4,32.4,25.2,79,rayong
2017-06-17,0.3,32.0,26.0,82,rayong
2017-06-18,10.7,30.5,26.5,85,rayong
2017-06-19,1.2,30.3,27.1,82,rayong
2017-06-20,2.0,30.0,26.3,83,rayong
2017-06-21,3.3,30.5,27.4,83,rayong
2017-06-22,11.7,29.5,26.8,84,rayong
2017-06-23,0.9,29.9,27.1,81,rayong
2017-06-24,5.3,29.6,26.8,79,rayong
2017-06-25,5.7,29.1,26.7,79,rayong
2017-06-26,3.0,29.6,26.8,78,rayong
2017-06-27,3.5,29.8,27.0,80,rayong
2017-06-28,1.2,30.0,26.0,82,rayong
2017-06-29,2.3,29.7,26.6,84,rayong
2017-06-30,7.2,29.7,26.0,83,rayong
2017-07-01,8.8,29.7,25.9,86,rayong
2017-07-02,0.7,31.0,27.1,80,rayong
2017-07-03,1.1,30.2,27.3,81,rayong
2017-07-04,1.5,29.5,26.1,84,rayong
2017-07-05,4.4,28.9,25.8,84,rayong
2017-07-06,6.6,29.6,26.3,82,rayong
2017-07-07,19.1,28.2,25.8,86,rayong
2017-07-08,5.0,28.8,25.9,85,rayong
2017-07-09,6.4,29.7,25.5,82,rayong
2017-07-10,2.0,30.0,26.0,85,rayong
2017-07-11,22.2,28.4,24.5,87,rayong
2017-07-12,6.3,29.1,26.5,83,rayong
2017-07-13,4.4,28.7,26.8,83,rayong
2017-07-14,12.5,28.3,26.5,83,rayong
2017-07-15,0.2,29.6,26.8,78,rayong
2017-07-16,1.9,28.6,26.7,81,rayong
2017-07-17,8.6,28.9,25.7,81,rayong
2017-07-18,12.3,29.0,25.9,84,rayong
2017-07-19,22.6,27.4,25.9,90,rayong
2017-07-20,6.8,28.9,25.1,86,rayong
2017-07-21,2.5,29.2,25.8,80,rayong
2017-07-22,1.7,29.3,26.5,82,rayong
2017-07-23,0.3,30.2,26.8,82,rayong
2017-07-24,4.4,29.1,26.5,82,rayong
2017-07-25,6.8,28.2,26.4,85,rayong
2017-07-26,16.0,27.5,25.8,86,rayong
2017-07-27,2.6,29.3,26.7,82,rayong
2017-07-28,2.4,29.7,27.0,81,rayong
2017-07-29,4.7,29.4,27.1,81,rayong
2017-07-30,1.3,29.5,27.1,82,rayong
2017-07-31,0.9,30.0,26.8,82,rayong
2017-08-01,1.4,29.6,27.2,82,rayong
2017-08-02,2.5,30.0,27.1,82,rayong
2017-08-03,16.6,29.4,27.3,82,rayong
2017-08-04,10.7,29.5,27.3,82,rayong
2017-08-05,7.3,28.1,26.4,84,rayong
2017-08-06,19.4,29.1,26.2,88,rayong
2017-08-07,8.2,29.4,25.9,85,rayong
2017-08-08,2.4,29.3,26.0,84,rayong
2017-08-09,3.6,30.6,25.4,84,rayong
2017-08-10,0.4,30.7,27.0,82,rayong
2017-08-11,6.5,30.2,25.6,87,rayong
2017-08-12,0.0,31.8,25.8,81,rayong
2017-08-13,1.2,31.4,26.1,83,rayong
2017-08-14,4.9,29.1,26.3,86,rayong
2017-08-15,14.8,29.4,26.7,84,rayong
2017-08-16,9.9,28.9,25.3,84,rayong
2017-08-17,9.1,28.7,25.8,84,rayong
2017-08-18,3.3,29.3,26.5,80,rayong
2017-08-19,1.9,30.0,26.4,81,rayong
2017-08-20,11.0,28.6,25.6,86,rayong
2017-08-21,5.5,29.9,26.5,82,rayong
2017-08-22,1.9,29.7,26.3,80,rayong
2017-08-23,9.3,30.1,26.7,81,rayong
2017-08-24,10.2,29.7,26.1,82,rayong
2017-08-25,5.5,29.3,26.9,83,rayong
2017-08-26,8.9,28.8,26.4,84,rayong
2017-08-27,12.1,27.9,25.3,86,rayong
2017-08-28,15.3,29.1,25.2,86,rayong
2017-08-29,0.6,29.6,25.6,83,rayong
2017-08-30,1.4,29.8,26.0,82,rayong
2017-08-31,4.9,30.2,25.7,83,rayong
2017-09-01,3.5,30.8,25.9,82,rayong
2017-09-02,0.3,30.5,26.5,82,rayong
2017-09-03,0.4,30.7,26.3,85,rayong
2017-09-04,5.8,30.2,26.9,85,rayong
2017-09-05,3.1,29.7,26.2,84,rayong
2017-09-06,4.8,29.8,27.0,83,rayong
2017-09-07,7.1,28.9,26.5,88,rayong
2017-09-08,3.1,30.5,25.7,86,rayong
2017-09-09,0.4,30.6,26.2,86,rayong
2017-09-10,0.9,30.4,26.5,86,rayong
2017-09-11,7.6,30.3,25.5,88,rayong
2017-09-12,4.8,30.7,25.3,87,rayong
2017-09-13,8.0,30.7,26.0,88,rayong
2017-09-14,6.0,32.6,26.0,85,rayong
2017-09-15,5.1,29.2,25.6,87,rayong
2017-09-16,32.3,28.8,26.4,88,rayong
2017-09-17,16.6,28.6,25.4,85,rayong
2017-09-18,3.4,31.0,26.1,80,rayong
2017-09-19,1.2,32.0,25.9,78,rayong
2017-09-20,5.5,30.7,26.0,89,rayong
2017-09-21,17.9,31.4,24.5,86,rayong
2017-09-22,11.8,30.0,25.0,88,rayong
2017-09-23,9.2,28.6,25.7,88,rayong
2017-09-24,4.1,27.8,25.6,88,rayong
2017-09-25,17.5,28.8,26.2,83,rayong
2017-09-26,12.2,28.9,25.4,83,rayong
2017-09-27,1.9,30.1,26.3,83,rayong
2017-09-28,6.8,30.8,25.8,87,rayong
2017-09-29,22.3,29.5,24.4,91,rayong
2017-09-30,11.6,28.6,24.8,89,rayong
2017-10-01,0.7,29.5,25.8,87,rayong
2017-10-02,23.2,28.8,25.0,91,rayong
2017-10-03,26.6,26.7,24.3,94,rayong
2017-10-04,11.6,27.3,24.1,91,rayong
2017-10-05,7.9,28.3,24.9,90,rayong
2017-10-06,6.8,30.1,24.2,89,rayong
2017-10-07,11.8,29.2,24.8,91,rayong
2017-10-08,9.9,28.9,24.2,89,rayong
2017-10-09,6.2,30.0,24.5,89,rayong
2017-10-10,0.7,29.3,25.3,89,rayong
2017-10-11,4.1,28.8,25.6,88,rayong
2017-10-12,3.5,29.9,24.5,88,rayong
2017-10-13,14.6,29.4,25.2,90,rayong
2017-10-14,31.7,27.5,24.5,92,rayong
2017-10-15,9.0,28.5,24.9,86,rayong
2017-10-16,0.8,29.8,25.7,81,rayong
2017-10-17,7.1,29.1,26.3,86,rayong
2017-10-18,11.8,29.2,24.1,88,rayong
2017-10-19,0.5,30.9,25.1,82,rayong
2017-10-20,4.2,31.0,25.1,85,rayong
2017-10-21,4.0,31.0,25.3,85,rayong
2017-10-22,4.9,29.9,24.7,87,rayong
2017-10-23,10.3,30.6,24.1,87,rayong
2017-10-24,19.9,27.2,24.5,91,rayong
2017-10-25,3.7,30.4,24.0,88,rayong
2017-10-26,0.9,31.5,24.8,82,rayong
2017-10-27,0.0,31.4,24.3,79,rayong
2017-10-28,1.0,30.5,24.3,80,rayong
2017-10-29,0.1,30.9,24.5,73,rayong
2017-10-30,0.0,30.4,24.4,67,rayong
2017-10-31,0.0,30.0,22.9,66,rayong
2017-11-01,0.0,29.6,24.1,70,rayong
2017-11-02,2.9,30.9,24.0,74,rayong
2017-11-03,0.0,30.1,24.1,63,rayong
2017-11-04,0.0,29.8,23.2,56,rayong
2017-11-05,4.8,25.9,21.8,69,rayong
2017-11-06,0.1,28.0,22.0,76,rayong
2017-11-07,0.6,29.3,23.7,72,rayong
2017-11-08,3.3,29.7,24.6,76,rayong
2017-11-09,4.0,30.9,24.1,80,rayong
2017-11-10,3.0,30.7,24.7,83,rayong
2017-11-11,11.4,29.3,24.5,88,rayong
2017-11-12,0.6,30.2,24.2,86,rayong
2017-11-13,8.0,27.5,24.3,92,rayong
2017-11-14,9.1,29.7,24.1,91,rayong
2017-11-15,2.9,29.0,24.8,90,rayong
2017-11-16,1.3,28.9,24.4,90,rayong
2017-11-17,0.4,30.5,24.8,90,rayong
2017-11-18,1.0,30.7,25.6,87,rayong
2017-11-19,6.9,29.4,25.2,91,rayong
2017-11-20,12.3,27.4,24.3,92,rayong
2017-11-21,6.7,28.9,24.2,88,rayong
2017-11-22,2.3,30.4,24.4,85,rayong
2017-11-23,0.3,30.2,24.2,76,rayong
2017-11-24,0.0,29.5,23.1,68,rayong
2017-11-25,0.0,28.7,22.5,67,rayong
2017-11-26,0.0,29.4,22.6,68,rayong
2017-11-27,0.0,29.9,23.3,69,rayong
2017-11-28,0.0,30.0,23.6,73,rayong
2017-11-29,0.0,30.5,24.6,72,rayong
2017-11-30,0.5,31.6,25.5,72,rayong
2017-12-01,0.0,31.2,24.8,71,rayong
2017-12-02,0.0,31.6,24.4,67,rayong
2017-12-03,0.0,31.9,24.5,65,rayong
2017-12-04,0.3,31.9,25.4,67,rayong
2017-12-05,0.0,29.9,25.1,66,rayong
2017-12-06,0.0,30.6,23.2,69,rayong
2017-12-07,0.0,31.4,23.4,72,rayong
2017-12-08,0.0,32.9,24.7,70,rayong
2017-12-09,0.0,31.1,23.8,65,rayong
2017-12-10,0.0,30.5,22.3,69,rayong
2017-12-11,0.0,29.1,22.0,79,rayong
2017-12-12,0.5,28.9,24.5,81,rayong
2017-12-13,0.4,29.4,24.8,82,rayong
2017-12-14,1.3,29.6,25.7,82,rayong
2017-12-15,3.2,29.2,24.3,87,rayong
2017-12-16,0.7,31.1,24.3,75,rayong
2017-12-17,0.0,28.8,21.5,56,rayong
2017-12-18,0.0,26.5,18.6,49,rayong
2017-12-19,0.0,24.8,16.6,48,rayong
2017-12-20,0.0,25.1,16.2,44,rayong
2017-12-21,0.0,26.8,17.7,48,rayong
2017-12-22,0.0,28.8,19.7,53,rayong
2017-12-23,0.0,31.7,22.2,61,rayong
2017-12-24,0.0,33.0,23.2,59,rayong
2017-12-25,0.0,29.9,22.0,54,rayong
2017-12-26,14.1,25.5,20.2,79,rayong
2017-12-27,8.4,24.2,19.1,88,rayong
2017-12-28,3.4,28.8,21.0,83,rayong
2017-12-29,0.0,30.6,22.8,76,rayong
2017-12-30,0.0,31.6,24.0,71,rayong
2017-12-31,0.0,30.5,24.1,63,rayong
2018-01-01,0.0,30.3,22.0,65,rayong
2018-01-02,0.0,30.6,22.8,68,rayong
2018-01-03,0.0,30.9,23.6,71,rayong
2018-01-04,0.0,31.6,23.2,70,rayong
2018-01-05,0.0,32.0,24.0,73,rayong
2018-01-06,6.5,28.1,24.6,86,rayong
2018-01-07,3.3,28.7,24.5,87,rayong
2018-01-08,2.2,29.1,24.3,87,rayong
2018-01-09,3.0,29.5,24.3,87,rayong
2018-01-10,34.3,27.1,23.8,91,rayong
2018-01-11,0.0,27.5,21.7,68,rayong
2018-01-12,0.0,27.1,20.0,59,rayong
2018-01-13,0.0,27.8,18.8,61,rayong
2018-01-14,0.0,29.0,19.2,66,rayong
2018-01-15,0.0,29.3,21.0,69,rayong
2018-01-16,0.0,30.4,22.2,73,rayong
2018-01-17,0.0,31.1,22.4,79,rayong
2018-01-18,0.0,31.8,22.6,75,rayong
2018-01-19,0.0,32.1,22.7,69,rayong
2018-01-20,0.0,32.2,23.9,69,rayong
2018-01-21,0.0,30.9,23.4,78,rayong
2018-01-22,10.1,30.0,25.3,87,rayong
2018-01-23,0.0,30.9,24.7,84,rayong
2018-01-24,15.6,28.5,24.6,90,rayong
2018-01-25,13.6,28.1,24.1,89,rayong
2018-01-26,5.3,28.8,24.5,88,rayong
2018-01-27,1.7,28.6,24.5,87,rayong
2018-01-28,2.8,29.0,24.4,87,rayong
2018-01-29,2.1,28.4,24.9,87,rayong
2018-01-30,0.8,29.1,25.2,86,rayong
2018-01-31,2.9,27.9,25.1,87,rayong
2018-02-01,3.7,26.6,23.2,87,rayong
2018-02-02,1.6,28.7,22.9,84,rayong
2018-02-03,0.0,28.6,22.7,67,rayong
2018-02-04,0.0,28.1,21.6,62,rayong
2018-02-05,0.0,28.6,21.9,60,rayong
2018-02-06,0.0,28.4,19.9,59,rayong
2018-02-07,0.0,28.0,17.8,69,rayong
2018-02-08,0.5,27.8,19.5,79,rayong
2018-02-09,1.3,27.3,22.7,81,rayong
2018-02-10,2.5,27.6,24.0,81,rayong
2018-02-11,0.2,28.8,22.8,83,rayong
2018-02-12,0.1,31.3,23.4,80,rayong
2018-02-13,0.0,30.4,22.5,67,rayong
2018-02-14,0.0,30.2,20.8,74,rayong
2018-02-15,0.0,29.3,23.2,82,rayong
2018-02-16,0.0,29.6,23.3,84,rayong
2018-02-17,0.0,30.0,24.0,83,rayong
2018-02-18,0.9,29.8,25.4,82,rayong
2018-02-19,7.7,28.6,25.1,87,rayong
2018-02-20,1.9,28.7,24.0,84,rayong
2018-02-21,0.3,29.2,25.4,80,rayong
2018-02-22,1.0,30.3,25.3,82,rayong
2018-02-23,24.5,28.4,23.6,88,rayong
2018-02-24,0.3,30.4,24.1,84,rayong
2018-02-25,0.3,30.4,24.0,84,rayong
2018-02-26,6.5,28.7,24.6,86,rayong
2018-02-27,1.4,28.1,24.2,86,rayong
2018-02-28,0.9,30.0,24.0,86,rayong
2018-03-01,0.1,29.7,24.7,84,rayong
2018-03-02,0.5,30.1,25.9,83,rayong
2018-03-03,0.3,30.0,26.2,82,rayong
2018-03-04,0.0,30.5,26.7,80,rayong
2018-03-05,4.9,30.9,25.5,84,rayong
2018-03-06,12.1,30.1,24.4,86,rayong
2018-03-07,3.4,29.8,26.1,86,rayong
2018-03-08,1.0,30.3,25.0,86,rayong
2018-03-09,5.2,29.9,23.5,82,rayong
2018-03-10,0.0,30.3,23.1,63,rayong
2018-03-11,0.0,31.5,23.0,67,rayong
2018-03-12,5.3,29.9,23.9,82,rayong
2018-03-13,1.2,30.4,25.4,81,rayong
2018-03-14,7.6,29.0,26.3,82,rayong
2018-03-15,2.7,29.8,25.9,80,rayong
2018-03-16,1.8,29.7,25.8,81,rayong
2018-03-17,0.3,29.8,24.2,82,rayong
2018-03-18,7.5,29.2,25.1,84,rayong
2018-03-19,0.8,30.5,26.0,82,rayong
2018-03-20,0.5,30.9,26.9,80,rayong
2018-03-21,3.3,30.5,25.4,82,rayong
2018-03-22,4.3,30.2,24.0,85,rayong
2018-03-23,7.7,29.3,24.7,86,rayong
2018-03-24,0.1,31.2,25.4,79,rayong
2018-03-25,1.2,29.4,24.6,84,rayong
2018-03-26,1.6,30.4,25.4,83,rayong
2018-03-27,6.1,29.4,24.3,86,rayong
2018-03-28,1.9,29.2,24.9,84,rayong
2018-03-29,3.9,28.2,25.3,85,rayong
2018-03-30,1.0,29.5,27.0,80,rayong
2018-03-31,2.0,28.9,26.2,85,rayong
2018-04-01,11.0,27.2,24.3,89,rayong
2018-04-02,8.9,29.5,25.1,88,rayong
2018-04-03,4.3,29.4,25.4,85,rayong
2018-04-04,9.5,29.0,25.6,85,rayong
2018-04-05,2.6,29.7,25.0,82,rayong
2018-04-06,2.4,30.4,25.7,82,rayong
2018-04-07,18.8,27.6,23.0,81,rayong
2018-04-08,0.0,30.0,21.1,62,rayong
2018-04-09,0.0,31.8,22.5,69,rayong
2018-04-10,0.1,30.9,23.4,79,rayong
2018-04-11,1.0,30.6,25.1,82,rayong
2018-04-12,0.0,31.0,26.2,81,rayong
2018-04-13,1.0,31.2,26.3,84,rayong
2018-04-14,0.0,31.3,26.0,84,rayong
2018-04-15,0.6,31.3,27.2,82,rayong
2018-04-16,3.9,32.3,26.4,84,rayong
2018-04-17,20.1,29.1,25.0,88,rayong
2018-04-18,0.3,31.5,24.3,81,rayong
2018-04-19,2.3,30.8,26.0,83,rayong
2018-04-20,3.1,30.3,26.5,83,rayong
2018-04-21,5.1,29.9,26.8,83,rayong
2018-04-22,6.2,30.8,26.9,83,rayong
2018-04-23,0.1,31.1,26.4,81,rayong
2018-04-24,0.6,31.4,27.7,80,rayong
2018-04-25,10.7,31.0,27.3,82,rayong
2018-04-26,13.3,30.6,26.7,82,rayong
2018-04-27,9.9,32.3,25.8,85,rayong
2018-04-28,40.9,27.6,24.2,93,rayong
2018-04-29,12.8,27.9,24.4,91,rayong
2018-04-30,20.6,27.5,25.0,91,rayong
2018-05-01,14.1,29.1,25.0,90,rayong
2018-05-02,5.6,29.4,24.9,88,rayong
2018-05-03,10.6,30.3,25.8,85,rayong
2018-05-04,1.5,30.1,25.5,86,rayong
2018-05-05,5.3,30.1,25.8,84,rayong
2018-05-06,9.3,29.5,26.8,85,rayong
2018-05-07,1.5,30.4,26.9,84,rayong
2018-05-08,3.5,30.2,27.8,82,rayong
2018-05-09,8.9,29.6,26.6,85,rayong
2018-05-10,10.2,29.3,25.9,87,rayong
2018-05-11,9.3,28.2,26.0,89,rayong
2018-05-12,0.2,29.9,25.2,87,rayong
2018-05-13,3.3,30.7,25.9,87,rayong
2018-05-14,2.2,29.8,25.4,91,rayong
2018-05-15,0.5,30.9,25.1,86,rayong
2018-05-16,7.9,30.4,26.4,85,rayong
2018-05-17,9.5,29.3,26.7,85,rayong
2018-05-18,4.8,30.0,26.2,85,rayong
2018-05-19,1.5,30.7,25.7,84,rayong
2018-05-20,1.3,31.1,27.2,84,rayong
2018-05-21,6.6,30.5,26.3,85,rayong
2018-05-22,5.3,29.9,26.4,86,rayong
2018-05-23,0.8,31.2,25.2,83,rayong
2018-05-24,21.6,28.6,26.3,89,rayong
2018-05-25,1.9,29.9,25.7,86,rayong
2018-05-26,6.3,30.1,26.1,87,rayong
2018-05-27,1.6,30.7,25.3,85,rayong
2018-05-28,0.0,31.6,25.0,83,rayong
2018-05-29,2.1,29.8,26.4,84,rayong
2018-05-30,3.5,29.9,26.2,87,rayong
2018-05-31,1.7,30.5,26.0,87,rayong
2018-06-01,8.1,28.7,25.7,88,rayong
2018-06-02,6.6,30.3,26.5,87,rayong
2018-06-03,6.8,31.4,26.3,85,rayong
2018-06-04,12.7,29.6,26.8,85,rayong
2018-06-05,9.2,29.6,27.3,83,rayong
2018-06-06,1.9,30.9,27.4,80,rayong
2018-06-07,5.7,29.8,27.5,81,rayong
2018-06-08,3.6,29.3,27.2,80,rayong
2018-06-09,2.6,29.3,26.8,81,rayong
2018-06-10,9.2,29.6,27.2,84,rayong
2018-06-11,9.6,29.9,27.1,83,rayong
2018-06-12,1.6,29.7,27.5,81,rayong
2018-06-13,6.2,30.8,27.9,81,rayong
2018-06-14,1.2,30.5,27.8,80,rayong
2018-06-15,9.7,30.3,27.6,80,rayong
2018-06-16,10.9,29.3,27.0,82,rayong
2018-06-17,1.3,29.8,27.4,79,rayong
2018-06-18,1.6,29.9,27.3,80,rayong
2018-06-19,4.9,29.7,26.3,82,rayong
2018-06-20,4.0,29.8,27.0,79,rayong
2018-06-21,1.7,29.7,27.1,81,rayong
2018-06-22,0.4,30.0,26.7,82,rayong
2018-06-23,0.1,30.2,26.8,80,rayong
2018-06-24,0.9,30.7,27.0,79,rayong
2018-06-25,2.1,30.0,27.0,80,rayong
2018-06-26,8.3,28.4,25.8,86,rayong
2018-06-27,8.2,27.5,25.4,90,rayong
2018-06-28,7.5,29.5,24.9,85,rayong
2018-06-29,3.0,30.0,25.7,82,rayong
2018-06-30,3.5,29.6,25.9,83,rayong
2018-07-01,1.7,29.7,26.9,80,rayong
2018-07-02,5.6,30.0,26.7,81,rayong
2018-07-03,6.1,29.7,26.5,80,rayong
2018-07-04,5.3,29.0,26.9,78,rayong
2018-07-05,3.0,29.3,27.1,78,rayong
2018-07-06,8.0,29.0,27.1,79,rayong
2018-07-07,8.3,29.2,26.8,80,rayong
2018-07-08,0.5,30.1,26.3,82,rayong
2018-07-09,13.6,29.2,27.0,83,rayong
2018-07-10,14.5,29.3,26.0,86,rayong
2018-07-11,2.0,29.0,26.3,80,rayong
2018-07-12,1.2,28.6,26.8,81,rayong
2018-07-13,6.7,29.0,26.9,80,rayong
2018-07-14,7.0,29.2,27.0,81,rayong
2018-07-15,2.3,29.3,27.1,80,rayong
2018-07-16,5.1,29.0,26.5,85,rayong
2018-07-17,4.2,28.6,26.4,87,rayong
2018-07-18,16.6,28.6,26.0,86,rayong
2018-07-19,9.5,28.9,26.8,83,rayong
2018-07-20,4.5,29.5,26.7,82,rayong
2018-07-21,2.3,29.6,27.4,82,rayong
2018-07-22,9.5,29.0,27.3,81,rayong
2018-07-23,9.1,29.5,26.9,82,rayong
2018-07-24,13.7,29.5,27.4,82,rayong
2018-07-25,11.2,29.2,27.3,81,rayong
2018-07-26,3.2,29.6,27.1,81,rayong
2018-07-27,4.5,29.1,27.3,82,rayong
2018-07-28,2.4,29.5,27.1,81,rayong
2018-07-29,1.5,29.4,26.9,82,rayong
2018-07-30,5.1,28.5,26.9,83,rayong
2018-07-31,2.0,29.2,26.3,80,rayong
2018-08-01,16.1,28.8,26.3,83,rayong
2018-08-02,1.6,30.0,26.7,76,rayong
2018-08-03,2.6,29.2,26.7,78,rayong
2018-08-04,6.4,29.7,26.5,79,rayong
2018-08-05,12.3,28.6,26.2,84,rayong
2018-08-06,7.3,27.7,25.6,86,rayong
2018-08-07,12.4,28.2,25.8,84,rayong
2018-08-08,7.8,28.1,26.1,85,rayong
2018-08-09,3.8,27.8,26.4,83,rayong
2018-08-10,1.8,29.1,26.4,80,rayong
2018-08-11,0.7,28.6,26.5,80,rayong
2018-08-12,10.6,28.7,25.7,84,rayong
2018-08-13,5.2,29.3,26.5,84,rayong
2018-08-14,7.1,28.6,26.7,84,rayong
2018-08-15,4.5,29.2,26.4,83,rayong
2018-08-16,1.6,29.4,26.3,82,rayong
2018-08-17,2.2,29.3,26.9,81,rayong
2018-08-18,6.4,29.2,26.3,84,rayong
2018-08-19,13.6,28.2,25.9,88,rayong
2018-08-20,5.9,28.9,25.5,87,rayong
2018-08-21,3.1,29.4,26.5,86,rayong
2018-08-22,1.4,29.9,26.4,84,rayong
2018-08-23,4.6,29.6,26.8,83,rayong
2018-08-24,2.6,28.6,26.8,82,rayong
2018-08-25,4.1,28.1,25.9,85,rayong
2018-08-26,9.2,28.0,25.9,87,rayong
2018-08-27,6.8,29.3,25.8,85,rayong
2018-08-28,1.6,29.5,25.4,80,rayong
2018-08-29,2.1,29.3,25.7,80,rayong
2018-08-30,3.5,29.4,26.7,79,rayong
2018-08-31,6.5,29.1,26.5,81,rayong
2018-09-01,1.0,29.7,26.4,81,rayong
2018-09-02,3.6,30.9,26.1,82,rayong
2018-09-03,8.0,28.7,26.4,84,rayong
2018-09-04,3.2,28.2,25.8,84,rayong
2018-09-05,3.8,29.5,25.4,80,rayong
2018-09-06,0.8,30.3,25.3,81,rayong
2018-09-07,0.9,31.7,25.9,78,rayong
2018-09-08,16.0,28.6,25.6,88,rayong
2018-09-09,6.7,28.2,24.4,90,rayong
2018-09-10,8.8,29.2,24.2,88,rayong
2018-09-11,6.4,30.6,23.7,83,rayong
2018-09-12,12.0,29.3,25.5,86,rayong
2018-09-13,6.1,30.3,24.9,84,rayong
2018-09-14,15.7,28.4,24.8,89,rayong
2018-09-15,54.4,27.4,24.3,91,rayong
2018-09-16,16.9,28.2,23.9,88,rayong
2018-09-17,5.1,29.4,26.5,81,rayong
2018-09-18,7.6,28.7,25.2,84,rayong
2018-09-19,7.0,28.2,25.4,87,rayong
2018-09-20,0.2,31.4,24.4,85,rayong
2018-09-21,4.8,31.1,24.6,89,rayong
2018-09-22,13.4,29.1,24.3,91,rayong
2018-09-23,5.1,29.3,24.5,89,rayong
2018-09-24,7.7,28.8,24.0,88,rayong
2018-09-25,7.2,30.0,25.2,83,rayong
2018-09-26,0.7,29.8,25.6,84,rayong
2018-09-27,1.0,29.9,25.8,87,rayong
2018-09-28,0.2,30.6,26.3,87,rayong
2018-09-29,4.7,30.2,26.1,87,rayong
2018-09-30,6.5,29.8,24.9,92,rayong
2018-10-01,4.0,29.8,24.9,92,rayong
2018-10-02,31.6,29.3,24.3,92,rayong
2018-10-03,4.2,30.5,24.9,87,rayong
2018-10-04,3.3,32.0,24.8,83,rayong
2018-10-05,12.5,30.1,24.9,88,rayong
2018-10-06,13.0,29.2,24.4,89,rayong
2018-10-07,11.0,29.4,24.0,88,rayong
2018-10-08,1.1,29.6,24.1,87,rayong
2018-10-09,4.3,29.8,24.1,87,rayong
2018-10-10,1.5,30.1,25.1,88,rayong
2018-10-11,2.3,31.5,25.2,86,rayong
2018-10-12,0.6,31.7,25.4,81,rayong
2018-10-13,4.8,30.6,24.6,88,rayong
2018-10-14,9.2,31.0,24.5,85,rayong
2018-10-15,4.5,29.2,24.8,87,rayong
2018-10-16,1.9,29.5,25.6,87,rayong
2018-10-17,1.0,30.1,25.9,84,rayong
2018-10-18,1.2,30.5,26.3,86,rayong
2018-10-19,6.1,29.0,25.2,88,rayong
2018-10-20,24.5,28.1,24.9,93,rayong
2018-10-21,31.2,27.6,25.0,89,rayong
2018-10-22,9.4,29.5,24.2,87,rayong
2018-10-23,7.8,30.2,24.6,88,rayong
2018-10-24,11.5,29.2,24.5,91,rayong
2018-10-25,1.8,29.3,24.8,88,rayong
2018-10-26,8.0,29.8,25.0,90,rayong
2018-10-27,0.8,30.6,24.3,86,rayong
2018-10-28,6.4,30.4,25.2,85,rayong
2018-10-29,0.2,31.4,24.7,82,rayong
2018-10-30,0.0,31.3,25.0,71,rayong
2018-10-31,0.0,29.7,23.6,64,rayong
2018-11-01,0.0,29.2,22.2,64,rayong
2018-11-02,0.0,30.9,21.5,68,rayong
2018-11-03,0.0,31.5,22.7,70,rayong
2018-11-04,0.5,32.2,23.4,77,rayong
2018-11-05,0.0,33.2,24.0,75,rayong
2018-11-06,0.0,33.2,24.8,71,rayong
2018-11-07,0.0,32.7,24.9,71,rayong
2018-11-08,2.2,31.6,25.6,77,rayong
2018-11-09,4.9,30.2,24.8,88,rayong
2018-11-10,2.3,29.3,24.3,87,rayong
2018-11-11,0.5,31.2,24.4,82,rayong
2018-11-12,0.9,30.6,24.7,84,rayong
2018-11-13,2.4,30.6,24.6,86,rayong
2018-11-14,3.9,29.9,24.6,88,rayong
2018-11-15,1.1,30.4,25.3,87,rayong
2018-11-16,3.0,29.9,25.0,86,rayong
2018-11-17,0.8,30.4,25.0,86,rayong
2018-11-18,1.5,30.7,25.2,87,rayong
2018-11-19,5.6,32.2,24.3,86,rayong
2018-11-20,3.7,30.9,24.4,85,rayong
2018-11-21,0.4,30.9,24.8,84,rayong
2018-11-22,1.6,30.4,25.0,86,rayong
2018-11-23,0.3,31.3,25.3,80,rayong
2018-11-24,0.0,32.2,24.0,70,rayong
2018-11-25,0.0,31.5,23.0,69,rayong
2018-11-26,0.0,31.6,24.2,62,rayong
2018-11-27,0.0,30.0,24.3,63,rayong
2018-11-28,0.3,30.3,22.7,73,rayong
2018-11-29,0.1,31.8,23.6,74,rayong
2018-11-30,0.5,32.3,24.8,72,rayong
2018-12-01,0.5,31.5,23.6,77,rayong
2018-12-02,0.1,32.3,24.5,78,rayong
2018-12-03,0.3,32.9,24.4,79,rayong
2018-12-04,2.3,32.4,24.9,79,rayong
2018-12-05,0.7,32.4,25.1,82,rayong
2018-12-06,0.1,32.4,23.5,78,rayong
2018-12-07,10.1,31.7,24.8,84,rayong
2018-12-08,15.6,29.4,24.2,90,rayong
2018-12-09,0.6,30.3,24.5,81,rayong
2018-12-10,0.6,31.0,25.1,77,rayong
2018-12-11,1.3,31.2,24.1,83,rayong
2018-12-12,1.1,30.8,24.1,80,rayong
2018-12-13,0.0,31.1,23.2,65,rayong
2018-12-14,0.0,31.0,23.1,64,rayong
2018-12-15,0.0,31.5,23.9,60,rayong
2018-12-16,0.0,32.2,24.5,66,rayong
2018-12-17,0.0,31.8,24.7,63,rayong
2018-12-18,0.0,32.2,24.1,65,rayong
2018-12-19,0.0,32.0,24.0,67,rayong
2018-12-20,0.0,31.1,23.6,78,rayong
2018-12-21,1.2,30.6,24.6,81,rayong
2018-12-22,1.7,31.8,25.0,81,rayong
2018-12-23,0.9,31.4,24.8,79,rayong
2018-12-24,0.0,33.1,25.0,68,rayong
2018-12-25,0.0,32.9,23.8,61,rayong
2018-12-26,0.2,32.5,24.4,68,rayong
2018-12-27,0.0,32.4,23.1,68,rayong
2018-12-28,5.9,30.7,24.4,81,rayong
2018-12-29,0.1,30.9,24.2,78,rayong
2018-12-30,0.0,31.1,23.6,68,rayong
2018-12-31,0.0,31.0,24.1,57,rayong
2019-01-01,0.0,30.1,21.6,54,rayong
2019-01-02,0.0,30.4,21.8,54,rayong
2019-01-03,0.1,28.7,23.2,57,rayong
2019-01-04,1.1,27.6,23.5,67,rayong
2019-01-05,1.6,29.2,22.8,76,rayong
2019-01-06,0.1,31.1,23.1,77,rayong
2019-01-07,0.5,30.2,23.2,81,rayong
2019-01-08,0.3,29.5,24.5,83,rayong
2019-01-09,2.6,29.8,23.9,86,rayong
2019-01-10,1.0,30.2,24.0,83,rayong
2019-01-11,1.4,30.1,23.9,84,rayong
2019-01-12,0.5,32.5,24.0,81,rayong
2019-01-13,4.7,30.4,25.5,87,rayong
2019-01-14,0.8,30.4,24.5,86,rayong
2019-01-15,1.5,30.1,25.0,84,rayong
2019-01-16,0.2,31.2,24.3,81,rayong
2019-01-17,0.1,32.1,24.0,74,rayong
2019-01-18,0.3,32.2,24.7,63,rayong
2019-01-19,0.0,31.7,24.6,63,rayong
2019-01-20,0.0,32.1,23.7,69,rayong
2019-01-21,0.5,31.5,23.4,79,rayong
2019-01-22,0.0,32.3,23.5,76,rayong
2019-01-23,0.0,32.2,23.1,63,rayong
2019-01-24,0.0,31.6,20.9,66,rayong
2019-01-25,0.3,31.3,22.2,71,rayong
2019-01-26,0.0,31.7,20.9,69,rayong
2019-01-27,0.0,32.2,23.0,53,rayong
2019-01-28,0.0,32.2,21.9,58,rayong
2019-01-29,0.0,31.4,22.2,60,rayong
2019-01-30,1.8,29.6,23.3,80,rayong
2019-01-31,12.5,30.6,24.4,83,rayong
2019-02-01,1.1,30.8,23.7,81,rayong
2019-02-02,2.4,28.5,24.6,84,rayong
2019-02-03,0.7,30.3,25.3,79,rayong
2019-02-04,2.1,30.7,25.3,82,rayong
2019-02-05,1.6,29.9,26.5,82,rayong
2019-02-06,2.3,29.5,25.6,81,rayong
2019-02-07,0.4,30.0,26.0,79,rayong
2019-02-08,0.0,30.4,25.1,81,rayong
2019-02-09,0.2,30.7,26.4,79,rayong
2019-02-10,2.1,30.9,26.8,80,rayong
2019-02-11,1.3,30.6,26.4,77,rayong
2019-02-12,0.4,31.5,24.0,79,rayong
2019-02-13,1.2,30.7,23.5,82,rayong
2019-02-14,0.8,29.7,25.3,80,rayong
2019-02-15,1.2,29.4,24.7,80,rayong
2019-02-16,1.7,29.0,24.4,76,rayong
2019-02-17,1.1,29.3,26.0,75,rayong
2019-02-18,0.0,30.2,25.8,73,rayong
2019-02-19,0.2,30.0,25.2,75,rayong
2019-02-20,0.1,30.8,25.0,76,rayong
2019-02-21,0.1,30.8,24.7,77,rayong
2019-02-22,0.0,31.2,24.9,77,rayong
2019-02-23,0.5,29.7,26.0,81,rayong
2019-02-24,1.2,30.2,26.4,80,rayong
2019-02-25,1.1,29.2,27.0,79,rayong
2019-02-26,1.2,29.3,25.0,76,rayong
2019-02-27,0.7,30.3,24.7,76,rayong
2019-02-28,0.0,30.7,24.6,77,rayong
2019-03-01,0.0,30.4,26.4,76,rayong
2019-03-02,1.0,30.5,26.2,76,rayong
2019-03-03,2.5,30.0,25.7,80,rayong
2019-03-04,1.2,30.2,27.1,76,rayong
2019-03-05,0.0,30.4,25.8,75,rayong
2019-03-06,0.8,30.4,25.6,77,rayong
2019-03-07,0.0,30.5,25.8,75,rayong
2019-03-08,0.0,30.7,25.7,75,rayong
2019-03-09,0.0,30.9,25.6,74,rayong
2019-03-10,0.0,30.7,26.0,74,rayong
2019-03-11,0.0,31.0,24.8,77,rayong
2019-03-12,0.0,31.5,24.4,78,rayong
2019-03-13,0.0,31.6,26.5,76,rayong
2019-03-14,0.0,31.5,26.4,74,rayong
2019-03-15,0.0,31.7,26.6,72,rayong
2019-03-16,117.2,27.8,24.3,91,rayong
2019-03-17,0.9,30.0,24.4,84,rayong
2019-03-18,1.0,29.7,26.6,82,rayong
2019-03-19,0.7,29.9,26.5,80,rayong
2019-03-20,2.5,30.1,25.8,81,rayong
2019-03-21,0.0,31.1,26.6,80,rayong
2019-03-22,0.1,31.7,27.5,80,rayong
2019-03-23,0.0,31.8,26.9,81,rayong
2019-03-24,6.2,31.2,27.8,80,rayong
2019-03-25,18.7,28.3,24.7,90,rayong
2019-03-26,0.2,31.1,24.4,83,rayong
2019-03-27,8.3,29.2,26.3,86,rayong
2019-03-28,0.2,30.7,26.3,81,rayong
2019-03-29,0.4,30.4,27.4,80,rayong
2019-03-30,0.6,31.0,27.3,78,rayong
2019-03-31,4.6,30.6,27.1,81,rayong
2019-04-01,10.5,29.8,26.9,83,rayong
2019-04-02,8.5,30.5,25.2,84,rayong
2019-04-03,9.8,28.9,26.1,84,rayong
2019-04-04,1.7,30.7,25.7,79,rayong
2019-04-05,3.5,30.4,26.1,81,rayong
2019-04-06,2.5,30.1,26.3,84,rayong
2019-04-07,9.3,30.0,26.8,82,rayong
2019-04-08,0.2,31.4,25.8,82,rayong
2019-04-09,1.1,31.4,27.4,78,rayong
2019-04-10,0.0,31.8,27.8,79,rayong
2019-04-11,0.0,31.8,28.2,79,rayong
2019-04-12,0.1,31.8,28.0,78,rayong
2019-04-13,0.0,32.2,28.6,77,rayong
2019-04-14,0.7,31.2,28.5,79,rayong
2019-04-15,0.0,32.2,28.5,77,rayong
2019-04-16,0.2,32.5,27.3,79,rayong
2019-04-17,0.8,32.5,28.8,77,rayong
2019-04-18,0.7,32.2,28.7,79,rayong
2019-04-19,4.5,32.3,28.2,79,rayong
2019-04-20,0.2,32.7,28.8,78,rayong
2019-04-21,2.6,32.1,29.1,79,rayong
2019-04-22,2.6,32.1,27.9,80,rayong
2019-04-23,0.3,31.9,27.1,81,rayong
2019-04-24,0.0,33.0,27.3,80,rayong
2019-04-25,0.3,32.5,28.9,78,rayong
2019-04-26,0.4,32.4,29.1,77,rayong
2019-04-27,1.1,31.9,28.2,79,rayong
2019-04-28,1.1,31.7,28.8,73,rayong
2019-04-29,2.0,32.8,28.2,76,rayong
2019-04-30,6.5,31.6,27.6,78,rayong
2019-05-01,6.8,33.3,27.6,76,rayong
2019-05-02,4.3,33.6,27.9,81,rayong
2019-05-03,3.2,32.8,27.7,80,rayong
2019-05-04,24.2,30.9,26.0,86,rayong
2019-05-05,2.7,32.4,27.3,81,rayong
2019-05-06,2.7,32.3,28.5,77,rayong
2019-05-07,0.9,32.8,28.2,76,rayong
2019-05-08,3.0,31.7,28.1,78,rayong
2019-05-09,0.6,31.3,28.3,76,rayong
2019-05-10,6.3,31.8,28.3,77,rayong
2019-05-11,2.0,31.9,27.3,75,rayong
2019-05-12,4.7,33.8,26.9,78,rayong
2019-05-13,17.7,29.3,25.9,89,rayong
2019-05-14,10.5,29.7,26.0,85,rayong
2019-05-15,7.6,30.4,25.6,83,rayong
2019-05-16,9.9,29.3,26.3,87,rayong
2019-05-17,3.0,31.2,27.5,80,rayong
2019-05-18,0.1,31.1,28.1,79,rayong
2019-05-19,0.6,31.8,27.9,79,rayong
2019-05-20,1.1,31.5,28.4,81,rayong
2019-05-21,0.7,30.9,28.1,81,rayong
2019-05-22,7.5,30.2,26.2,86,rayong
2019-05-23,8.2,29.0,26.8,88,rayong
2019-05-24,0.9,30.6,26.0,86,rayong
2019-05-25,1.5,31.0,27.0,80,rayong
2019-05-26,1.1,30.7,27.6,80,rayong
2019-05-27,2.0,30.4,27.5,81,rayong
2019-05-28,5.3,29.8,27.0,82,rayong
2019-05-29,5.5,30.2,26.3,84,rayong
2019-05-30,5.5,28.9,26.4,85,rayong
2019-05-31,0.5,30.9,26.8,81,rayong
2019-06-01,0.2,31.6,27.5,78,rayong
2019-06-02,0.4,31.5,28.1,79,rayong
2019-06-03,0.6,31.6,27.2,79,rayong
2019-06-04,1.1,31.7,28.3,78,rayong
2019-06-05,9.9,30.7,27.3,84,rayong
2019-06-06,11.0,30.1,26.0,87,rayong
2019-06-07,23.0,29.4,25.1,91,rayong
2019-06-08,13.1,29.4,24.8,87,rayong
2019-06-09,14.8,30.1,26.4,83,rayong
2019-06-10,6.8,30.1,27.3,82,rayong
2019-06-11,6.4,30.0,27.9,81,rayong
2019-06-12,1.0,30.5,27.9,79,rayong
2019-06-13,6.3,30.9,26.9,82,rayong
2019-06-14,2.5,29.5,27.7,82,rayong
2019-06-15,1.7,30.8,28.1,80,rayong
2019-06-16,1.2,30.1,27.4,82,rayong
2019-06-17,7.3,29.0,26.8,84,rayong
2019-06-18,10.1,30.2,26.4,82,rayong
2019-06-19,5.7,29.9,26.7,82,rayong
2019-06-20,0.9,30.5,26.9,80,rayong
2019-06-21,0.2,31.3,27.4,81,rayong
2019-06-22,5.4,31.4,27.7,83,rayong
2019-06-23,13.1,29.7,26.6,88,rayong
2019-06-24,13.4,29.2,25.5,87,rayong
2019-06-25,6.3,29.9,26.8,84,rayong
2019-06-26,8.7,29.9,27.6,80,rayong
2019-06-27,2.2,30.1,27.8,78,rayong
2019-06-28,1.7,29.8,27.4,81,rayong
2019-06-29,3.4,28.8,26.9,82,rayong
2019-06-30,15.0,28.7,26.2,85,rayong
2019-07-01,3.2,30.4,26.3,82,rayong
2019-07-02,3.7,30.1,27.2,81,rayong
2019-07-03,7.3,28.7,26.3,88,rayong
2019-07-04,7.3,29.6,26.2,86,rayong
2019-07-05,3.7,29.1,26.2,86,rayong
2019-07-06,0.8,30.1,25.3,83,rayong
2019-07-07,1.4,30.8,26.4,81,rayong
2019-07-08,0.7,30.7,27.3,82,rayong
2019-07-09,2.7,30.3,27.1,82,rayong
2019-07-10,0.2,30.1,26.9,81,rayong
2019-07-11,0.4,30.8,26.5,78,rayong
2019-07-12,0.4,31.2,25.7,79,rayong
2019-07-13,0.7,31.2,26.9,76,rayong
2019-07-14,0.1,31.6,26.8,74,rayong
2019-07-15,1.8,30.8,27.3,77,rayong
2019-07-16,3.6,31.0,26.8,77,rayong
2019-07-17,11.7,30.5,27.8,78,rayong
2019-07-18,13.9,29.8,27.4,80,rayong
2019-07-19,3.6,29.9,27.2,81,rayong
2019-07-20,2.5,29.9,27.0,81,rayong
2019-07-21,0.1,29.7,27.8,80,rayong
2019-07-22,1.4,30.4,27.2,82,rayong
2019-07-23,4.1,30.8,27.8,80,rayong
2019-07-24,1.1,30.6,27.4,80,rayong
2019-07-25,4.4,29.1,26.5,84,rayong
2019-07-26,1.0,29.9,27.0,80,rayong
2019-07-27,0.7,31.7,26.8,75,rayong
2019-07-28,8.0,30.6,26.6,80,rayong
2019-07-29,4.7,30.4,26.5,79,rayong
2019-07-30,0.0,32.2,27.3,74,rayong
2019-07-31,7.1,31.3,27.3,76,rayong
2019-08-01,2.0,29.2,27.0,78,rayong
2019-08-02,1.4,30.3,27.2,77,rayong
2019-08-03,3.2,30.1,26.8,79,rayong
2019-08-04,2.4,30.2,26.6,78,rayong
2019-08-05,3.3,29.0,26.9,81,rayong
2019-08-06,10.5,30.1,26.7,82,rayong
2019-08-07,0.9,29.2,26.3,83,rayong
2019-08-08,17.1,29.5,26.5,86,rayong
2019-08-09,6.0,29.6,26.3,83,rayong
2019-08-10,5.9,29.2,27.1,82,rayong
2019-08-11,8.3,29.0,26.4,83,rayong
2019-08-12,3.7,29.3,27.0,83,rayong
2019-08-13,7.3,29.3,26.2,84,rayong
2019-08-14,3.7,29.9,26.9,82,rayong
2019-08-15,3.8,30.4,26.8,82,rayong
2019-08-16,3.9,29.9,27.3,82,rayong
2019-08-17,9.4,28.8,27.0,82,rayong
2019-08-18,1.3,29.9,26.6,81,rayong
2019-08-19,1.7,30.9,26.6,81,rayong
2019-08-20,10.4,29.5,27.1,82,rayong
2019-08-21,9.9,28.9,27.3,81,rayong
2019-08-22,8.8,29.0,27.3,81,rayong
2019-08-23,18.2,29.7,26.7,80,rayong
2019-08-24,5.1,28.3,26.7,84,rayong
2019-08-25,2.9,30.0,26.8,79,rayong
2019-08-26,7.0,28.8,25.9,84,rayong
2019-08-27,7.5,28.5,26.2,84,rayong
2019-08-28,1.7,30.2,26.5,79,rayong
2019-08-29,5.6,27.9,26.5,84,rayong
2019-08-30,7.6,28.3,25.9,83,rayong
2019-08-31,12.9,29.0,26.7,82,rayong
2019-09-01,10.7,28.7,26.5,80,rayong
2019-09-02,9.7,28.1,25.5,88,rayong
2019-09-03,7.6,27.9,25.7,88,rayong
2019-09-04,10.4,28.0,25.8,88,rayong
2019-09-05,7.0,29.7,26.0,84,rayong
2019-09-06,6.0,29.1,25.9,84,rayong
2019-09-07,2.0,29.9,26.7,80,rayong
2019-09-08,5.8,30.3,27.0,80,rayong
2019-09-09,14.9,29.7,26.0,83,rayong
2019-09-10,2.7,29.0,26.6,82,rayong
2019-09-11,0.1,29.8,26.1,80,rayong
2019-09-12,0.5,29.6,25.4,86,rayong
2019-09-13,2.0,31.1,25.7,79,rayong
2019-09-14,13.5,27.5,25.8,89,rayong
2019-09-15,18.1,28.9,24.7,88,rayong
2019-09-16,11.6,29.0,24.5,87,rayong
2019-09-17,14.1,29.4,25.7,87,rayong
2019-09-18,20.1,28.9,25.3,91,rayong
2019-09-19,21.4,28.1,24.5,91,rayong
2019-09-20,5.7,28.4,24.7,88,rayong
2019-09-21,19.7,28.3,25.1,91,rayong
2019-09-22,17.7,28.5,24.0,92,rayong
2019-09-23,17.5,28.7,24.1,91,rayong
2019-09-24,4.6,30.6,24.2,87,rayong
2019-09-25,0.2,31.7,25.1,78,rayong
2019-09-26,0.0,31.8,24.9,81,rayong
2019-09-27,7.6,29.8,25.0,91,rayong
2019-09-28,0.1,32.1,25.3,82,rayong
2019-09-29,6.1,30.5,25.2,88,rayong
2019-09-30,3.7,30.3,26.9,87,rayong
2019-10-01,3.9,29.6,25.7,85,rayong
2019-10-02,1.3,29.9,25.6,85,rayong
2019-10-03,3.3,29.5,25.5,86,rayong
2019-10-04,7.6,29.0,25.5,88,rayong
2019-10-05,5.7,28.9,25.2,91,rayong
2019-10-06,5.7,28.6,23.5,90,rayong
2019-10-07,1.8,29.0,24.0,89,rayong
2019-10-08,1.6,29.9,24.2,87,rayong
2019-10-09,3.3,30.1,24.9,88,rayong
2019-10-10,5.7,29.2,24.9,91,rayong
2019-10-11,2.2,29.7,24.7,87,rayong
2019-10-12,6.1,29.6,24.0,88,rayong
2019-10-13,10.7,29.7,25.1,88,rayong
2019-10-14,4.2,29.5,25.1,90,rayong
2019-10-15,3.9,31.4,24.6,86,rayong
2019-10-16,5.3,31.4,25.0,84,rayong
2019-10-17,1.8,31.6,25.5,82,rayong
2019-10-18,4.5,31.8,25.9,80,rayong
2019-10-19,0.9,30.5,25.5,82,rayong
2019-10-20,1.4,31.2,25.4,82,rayong
2019-10-21,1.6,32.0,25.0,79,rayong
2019-10-22,1.0,31.3,25.8,84,rayong
2019-10-23,1.8,30.4,25.5,85,rayong
2019-10-24,1.4,29.9,25.6,84,rayong
2019-10-25,6.6,29.4,25.6,87,rayong
2019-10-26,0.0,32.9,25.7,82,rayong
2019-10-27,11.3,30.6,25.4,85,rayong
2019-10-28,18.6,30.0,24.2,90,rayong
2019-10-29,4.2,30.8,25.1,88,rayong
2019-10-30,0.0,31.5,24.2,69,rayong
2019-10-31,0.0,31.1,24.1,68,rayong
2019-11-01,0.7,28.0,24.0,76,rayong
2019-11-02,1.6,28.9,23.2,82,rayong
2019-11-03,3.9,30.2,23.9,88,rayong
2019-11-04,2.2,31.4,24.2,85,rayong
2019-11-05,0.6,29.6,24.1,81,rayong
2019-11-06,0.7,29.2,23.7,85,rayong
2019-11-07,7.3,29.8,25.2,88,rayong
2019-11-08,0.0,31.3,24.2,75,rayong
2019-11-09,0.0,31.0,23.6,67,rayong
2019-11-10,0.0,30.8,22.6,67,rayong
2019-11-11,0.0,30.8,21.8,66,rayong
2019-11-12,0.0,31.9,23.4,65,rayong
2019-11-13,1.3,30.7,24.7,79,rayong
2019-11-14,0.5,31.5,24.9,76,rayong
2019-11-15,0.7,31.5,25.6,72,rayong
2019-11-16,0.0,31.3,22.3,76,rayong
2019-11-17,0.1,30.9,23.6,77,rayong
2019-11-18,1.3,30.4,26.8,80,rayong
2019-11-19,1.5,30.7,24.9,84,rayong
2019-11-20,0.0,31.9,23.8,72,rayong
2019-11-21,0.0,31.7,24.2,65,rayong
2019-11-22,0.0,32.3,24.0,67,rayong
2019-11-23,0.0,32.6,22.1,73,rayong
2019-11-24,0.0,32.6,22.3,68,rayong
2019-11-25,0.0,33.1,25.2,65,rayong
2019-11-26,0.0,32.9,24.6,57,rayong
2019-11-27,0.0,33.2,25.5,63,rayong
2019-11-28,0.0,33.7,26.8,61,rayong
2019-11-29,0.7,33.5,25.8,58,rayong
2019-11-30,0.8,32.8,25.7,67,rayong
2019-12-01,0.4,32.0,25.7,67,rayong
2019-12-02,0.2,31.6,25.3,64,rayong
2019-12-03,0.0,30.0,22.6,56,rayong
2019-12-04,0.0,28.2,20.2,56,rayong
2019-12-05,0.0,27.8,19.6,54,rayong
2019-12-06,0.0,27.4,19.2,51,rayong
2019-12-07,0.0,27.3,18.3,49,rayong
2019-12-08,0.0,27.6,19.1,51,rayong
2019-12-09,0.0,28.7,19.4,54,rayong
2019-12-10,0.0,29.1,19.7,58,rayong
2019-12-11,0.0,29.6,20.0,64,rayong
2019-12-12,0.0,30.4,20.4,65,rayong
2019-12-13,0.0,31.1,21.6,63,rayong
2019-12-14,0.0,31.9,22.9,61,rayong
2019-12-15,0.0,32.2,23.5,63,rayong
2019-12-16,0.5,32.2,24.2,65,rayong
2019-12-17,0.1,32.7,23.5,69,rayong
2019-12-18,0.0,31.6,23.4,74,rayong
2019-12-19,0.6,30.9,24.4,82,rayong
2019-12-20,1.1,30.4,24.3,82,rayong
2019-12-21,1.2,29.9,24.2,84,rayong
2019-12-22,0.6,30.4,23.5,85,rayong
2019-12-23,0.5,29.3,24.2,85,rayong
2019-12-24,0.6,30.0,24.7,84,rayong
2019-12-25,0.8,29.7,24.7,84,rayong
2019-12-26,2.2,29.2,25.1,86,rayong
2019-12-27,0.6,30.1,23.7,86,rayong
2019-12-28,2.4,27.9,24.1,85,rayong
2019-12-29,0.0,31.5,22.7,76,rayong
2019-12-30,0.0,31.4,22.3,75,rayong
2019-12-31,0.1,32.6,24.2,67,rayong
2020-01-01,0.0,33.2,25.1,62,rayong
2020-01-02,0.0,33.2,24.8,60,rayong
2020-01-03,0.0,33.2,24.4,64,rayong
2020-01-04,0.0,31.9,22.9,72,rayong
2020-01-05,0.0,32.2,22.2,69,rayong
2020-01-06,0.0,32.1,22.2,74,rayong
2020-01-07,0.0,31.5,22.0,77,rayong
2020-01-08,0.3,32.0,24.1,79,rayong
2020-01-09,0.2,33.3,24.4,76,rayong
2020-01-10,0.8,29.9,25.8,82,rayong
2020-01-11,1.6,29.5,25.5,83,rayong
2020-01-12,1.8,30.6,25.0,84,rayong
2020-01-13,2.1,29.1,24.5,84,rayong
2020-01-14,0.9,29.2,24.7,83,rayong
2020-01-15,0.5,30.2,23.3,84,rayong
2020-01-16,0.6,30.3,24.2,82,rayong
2020-01-17,0.2,30.6,23.5,82,rayong
2020-01-18,1.0,30.9,23.8,84,rayong
2020-01-19,1.2,30.6,24.4,83,rayong
2020-01-20,0.9,30.7,25.2,82,rayong
2020-01-21,0.6,30.0,24.7,85,rayong
2020-01-22,0.0,31.0,23.4,84,rayong
2020-01-23,0.2,30.5,25.1,82,rayong
2020-01-24,1.1,29.9,26.4,80,rayong
2020-01-25,0.3,29.6,26.6,75,rayong
2020-01-26,0.7,30.0,26.4,74,rayong
2020-01-27,3.3,29.3,26.3,76,rayong
2020-01-28,1.7,28.2,24.8,80,rayong
2020-01-29,0.4,28.7,24.2,82,rayong
2020-01-30,0.8,29.9,23.4,81,rayong
2020-01-31,1.7,30.1,22.9,78,rayong
2020-02-01,0.2,31.6,24.1,72,rayong
2020-02-02,0.3,30.5,22.8,81,rayong
2020-02-03,0.3,29.3,22.7,82,rayong
2020-02-04,0.3,29.4,24.8,77,rayong
2020-02-05,0.8,29.5,24.3,77,rayong
2020-02-06,2.5,29.7,24.5,80,rayong
2020-02-07,1.1,30.1,24.5,83,rayong
2020-02-08,0.5,29.8,22.5,83,rayong
2020-02-09,0.0,32.8,23.3,74,rayong
2020-02-10,0.0,31.8,24.4,57,rayong
2020-02-11,0.0,32.5,24.1,69,rayong
2020-02-12,0.4,29.8,25.3,80,rayong
2020-02-13,0.0,30.1,25.2,78,rayong
2020-02-14,0.1,30.1,26.4,77,rayong
2020-02-15,1.0,30.9,26.5,74,rayong
2020-02-16,0.0,30.8,24.2,77,rayong
2020-02-17,0.0,31.1,23.9,81,rayong
2020-02-18,1.9,32.3,24.3,69,rayong
2020-02-19,0.0,32.3,24.6,59,rayong
2020-02-20,0.0,33.0,22.8,64,rayong
2020-02-21,0.0,34.2,24.0,46,rayong
2020-02-22,0.0,34.3,24.7,43,rayong
2020-02-23,0.0,34.0,24.3,52,rayong
2020-02-24,0.0,32.7,22.8,62,rayong
2020-02-25,0.3,30.2,22.4,75,rayong
2020-02-26,0.5,30.2,24.2,79,rayong
2020-02-27,1.1,29.8,25.1,80,rayong
2020-02-28,11.3,28.6,24.5,83,rayong
2020-02-29,0.6,30.1,23.7,81,rayong
2020-03-01,0.2,29.9,25.5,79,rayong
2020-03-02,0.8,30.0,25.4,80,rayong
2020-03-03,2.1,29.0,25.6,80,rayong
2020-03-04,0.8,29.4,26.5,79,rayong
2020-03-05,0.7,31.0,25.5,76,rayong
2020-03-06,2.1,29.2,25.8,82,rayong
2020-03-07,0.0,31.0,25.3,80,rayong
2020-03-08,0.2,30.9,26.4,82,rayong
2020-03-09,0.0,31.7,26.2,81,rayong
2020-03-10,0.0,31.6,25.7,80,rayong
2020-03-11,0.0,32.0,25.4,80,rayong
2020-03-12,0.0,31.7,26.9,79,rayong
2020-03-13,0.3,31.6,27.8,77,rayong
2020-03-14,0.0,32.0,27.9,77,rayong
2020-03-15,2.8,31.2,27.1,79,rayong
2020-03-16,1.7,30.8,24.9,82,rayong
2020-03-17,2.6,30.4,25.7,81,rayong
2020-03-18,0.4,31.3,27.3,74,rayong
2020-03-19,2.3,31.0,27.5,76,rayong
2020-03-20,1.0,31.0,27.3,75,rayong
2020-03-21,2.1,30.4,25.2,78,rayong
2020-03-22,0.0,30.9,26.3,75,rayong
2020-03-23,0.4,31.5,26.8,75,rayong
2020-03-24,0.0,31.3,26.6,74,rayong
2020-03-25,0.7,30.9,25.8,76,rayong
2020-03-26,0.5,31.5,26.2,75,rayong
2020-03-27,0.2,31.9,26.8,76,rayong
2020-03-28,0.0,31.9,27.7,75,rayong
2020-03-29,0.0,31.8,27.1,77,rayong
2020-03-30,0.0,31.8,27.8,76,rayong
2020-03-31,0.0,32.2,27.8,75,rayong
2020-04-01,0.0,32.4,27.9,74,rayong
2020-04-02,1.9,32.3,28.0,75,rayong
2020-04-03,2.4,32.2,27.0,78,rayong
2020-04-04,0.7,32.2,26.8,77,rayong
2020-04-05,0.0,32.4,28.0,75,rayong
2020-04-06,1.3,32.2,26.9,73,rayong
2020-04-07,0.1,32.2,27.7,73,rayong
2020-04-08,0.0,32.0,27.6,73,rayong
2020-04-09,1.3,32.2,27.3,76,rayong
2020-04-10,5.6,30.7,25.4,82,rayong
2020-04-11,3.2,31.0,26.6,82,rayong
2020-04-12,0.2,32.0,27.6,77,rayong
2020-04-13,18.8,29.3,25.5,87,rayong
2020-04-14,0.5,30.8,24.6,83,rayong
2020-04-15,4.3,30.1,25.3,86,rayong
2020-04-16,1.3,30.0,26.6,79,rayong
2020-04-17,6.6,29.3,26.5,85,rayong
2020-04-18,3.1,30.8,25.3,84,rayong
2020-04-19,0.1,31.6,26.7,79,rayong
2020-04-20,0.0,32.2,26.6,78,rayong
2020-04-21,0.0,32.1,27.4,78,rayong
2020-04-22,0.0,32.4,28.3,76,rayong
2020-04-23,8.8,32.6,26.3,80,rayong
2020-04-24,3.9,31.1,26.0,84,rayong
2020-04-25,9.7,31.3,25.9,84,rayong
2020-04-26,2.7,33.6,25.8,80,rayong
2020-04-27,28.1,29.4,24.7,89,rayong
2020-04-28,0.3,32.3,25.5,81,rayong
2020-04-29,3.1,30.4,25.6,86,rayong
2020-04-30,0.6,31.0,25.8,83,rayong
2020-05-01,2.8,30.2,27.0,85,rayong
2020-05-02,0.1,31.1,26.9,79,rayong
2020-05-03,1.7,30.9,27.9,81,rayong
2020-05-04,1.2,31.8,27.0,80,rayong
2020-05-05,0.2,32.0,27.5,79,rayong
2020-05-06,0.3,32.7,28.8,76,rayong
2020-05-07,1.9,32.5,28.5,78,rayong
2020-05-08,0.0,32.8,28.9,76,rayong
2020-05-09,0.0,33.0,28.9,74,rayong
2020-05-10,0.0,33.1,28.6,77,rayong
2020-05-11,5.6,32.8,27.7,79,rayong
2020-05-12,0.0,33.7,25.8,74,rayong
2020-05-13,2.6,32.9,27.3,78,rayong
2020-05-14,3.1,33.0,27.1,79,rayong
2020-05-15,0.9,32.7,27.6,78,rayong
2020-05-16,0.2,33.0,28.8,74,rayong
2020-05-17,0.2,32.9,29.3,73,rayong
2020-05-18,5.2,31.2,28.3,80,rayong
2020-05-19,1.4,32.6,28.2,76,rayong
2020-05-20,6.8,31.5,28.7,78,rayong
2020-05-21,8.3,30.9,27.0,82,rayong
2020-05-22,0.4,32.2,28.6,77,rayong
2020-05-23,3.0,32.6,28.4,80,rayong
2020-05-24,16.4,31.9,27.4,86,rayong
2020-05-25,5.9,30.2,27.1,86,rayong
2020-05-26,5.8,30.8,27.9,83,rayong
2020-05-27,1.4,31.3,27.1,79,rayong
2020-05-28,3.4,31.0,28.3,80,rayong
2020-05-29,9.1,29.9,26.0,86,rayong
2020-05-30,13.3,29.8,25.9,86,rayong
2020-05-31,6.4,30.9,27.2,83,rayong
2020-06-01,3.6,30.7,26.6,83,rayong
2020-06-02,6.6,29.7,27.1,81,rayong
2020-06-03,8.3,30.2,26.1,83,rayong
2020-06-04,7.9,30.8,26.5,82,rayong
2020-06-05,13.0,30.3,26.5,85,rayong
2020-06-06,4.9,29.5,27.6,82,rayong
2020-06-07,17.7,28.4,26.2,88,rayong
2020-06-08,3.1,30.1,26.8,81,rayong
2020-06-09,14.0,30.1,26.1,85,rayong
2020-06-10,3.3,29.3,26.2,85,rayong
2020-06-11,0.2,30.4,25.6,82,rayong
2020-06-12,0.0,31.4,26.8,79,rayong
2020-06-13,2.8,31.3,27.4,80,rayong
2020-06-14,14.4,30.8,26.6,85,rayong
2020-06-15,17.0,28.3,26.1,91,rayong
2020-06-16,15.2,30.0,26.5,86,rayong
2020-06-17,16.6,29.1,25.3,90,rayong
2020-06-18,0.6,29.7,25.5,83,rayong
2020-06-19,0.8,30.9,26.1,83,rayong
2020-06-20,0.3,31.0,27.4,81,rayong
2020-06-21,7.0,30.9,25.9,83,rayong
2020-06-22,11.3,30.2,26.1,87,rayong
2020-06-23,8.5,29.5,26.3,86,rayong
2020-06-24,0.9,30.8,26.8,82,rayong
2020-06-25,5.1,30.2,26.3,82,rayong
2020-06-26,16.3,28.1,25.6,87,rayong
2020-06-27,2.8,28.9,26.1,84,rayong
2020-06-28,11.5,29.0,26.4,87,rayong
2020-06-29,21.7,29.1,25.7,87,rayong
2020-06-30,10.6,29.2,26.1,84,rayong
2020-07-01,0.1,30.6,26.9,79,rayong
2020-07-02,4.5,29.4,27.5,81,rayong
2020-07-03,10.4,29.3,26.2,83,rayong
2020-07-04,6.9,28.7,26.4,85,rayong
2020-07-05,1.0,30.8,25.7,80,rayong
2020-07-06,1.2,31.6,26.3,80,rayong
2020-07-07,8.5,28.7,25.8,87,rayong
2020-07-08,4.8,30.2,25.6,82,rayong
2020-07-09,5.0,30.3,25.5,82,rayong
2020-07-10,4.8,30.9,26.9,83,rayong
2020-07-11,4.2,30.7,26.2,82,rayong
2020-07-12,7.2,30.1,26.3,83,rayong
2020-07-13,5.0,29.0,26.1,84,rayong
2020-07-14,6.0,28.8,25.7,87,rayong
2020-07-15,4.5,29.9,25.6,86,rayong
2020-07-16,1.0,29.6,25.8,86,rayong
2020-07-17,0.3,30.5,26.1,83,rayong
2020-07-18,2.1,30.3,25.6,85,rayong
2020-07-19,0.7,30.6,27.2,82,rayong
2020-07-20,3.2,29.9,27.0,86,rayong
2020-07-21,10.2,30.0,26.4,86,rayong
2020-07-22,1.9,30.0,24.9,84,rayong
2020-07-23,3.7,30.0,25.9,84,rayong
2020-07-24,4.8,29.2,26.3,87,rayong
2020-07-25,12.2,28.7,25.5,86,rayong
2020-07-26,3.4,28.4,26.7,85,rayong
2020-07-27,1.9,30.1,26.2,83,rayong
2020-07-28,13.1,29.1,25.8,86,rayong
2020-07-29,15.6,30.8,25.4,84,rayong
2020-07-30,2.2,30.8,25.9,82,rayong
2020-07-31,1.4,30.7,27.5,77,rayong
2020-08-01,1.8,29.5,27.7,78,rayong
2020-08-02,11.5,28.7,26.9,82,rayong
2020-08-03,5.6,29.5,27.1,83,rayong
2020-08-04,16.2,27.9,26.0,88,rayong
2020-08-05,14.4,28.8,25.9,86,rayong
2020-08-06,1.8,29.9,27.1,83,rayong
2020-08-07,9.6,28.9,26.4,87,rayong
2020-08-08,17.6,27.9,25.9,86,rayong
2020-08-09,12.8,29.5,26.1,85,rayong
2020-08-10,16.3,29.3,25.7,85,rayong
2020-08-11,17.7,29.6,26.1,84,rayong
2020-08-12,16.3,28.9,25.5,88,rayong
2020-08-13,6.2,29.1,26.1,84,rayong
2020-08-14,4.3,29.5,25.8,85,rayong
2020-08-15,14.8,28.1,25.8,88,rayong
2020-08-16,0.9,29.7,25.6,83,rayong
2020-08-17,0.4,30.0,26.7,82,rayong
2020-08-18,0.3,30.4,26.5,83,rayong
2020-08-19,1.1,30.3,25.3,81,rayong
2020-08-20,0.7,29.2,25.6,86,rayong
2020-08-21,2.4,29.7,26.3,85,rayong
2020-08-22,2.5,30.5,25.9,83,rayong
2020-08-23,1.6,30.4,27.0,82,rayong
2020-08-24,0.4,31.1,26.7,79,rayong
2020-08-25,1.7,30.6,27.3,82,rayong
2020-08-26,0.0,32.0,27.4,78,rayong
2020-08-27,0.0,32.1,26.7,77,rayong
2020-08-28,2.2,30.9,26.5,82,rayong
2020-08-29,1.6,30.6,26.3,82,rayong
2020-08-30,0.7,30.4,27.0,82,rayong
2020-08-31,2.3,29.6,26.3,84,rayong
2020-09-01,9.9,28.8,26.0,87,rayong
2020-09-02,11.8,30.0,25.7,85,rayong
2020-09-03,8.9,29.7,26.8,84,rayong
2020-09-04,5.9,29.9,25.4,86,rayong
2020-09-05,5.3,29.8,26.2,86,rayong
2020-09-06,12.8,29.9,25.2,84,rayong
2020-09-07,2.1,30.5,27.0,83,rayong
2020-09-08,7.2,29.1,25.8,85,rayong
2020-09-09,1.5,30.3,26.3,84,rayong
2020-09-10,2.4,30.1,25.5,84,rayong
2020-09-11,3.7,29.8,26.2,85,rayong
2020-09-12,6.3,29.5,25.5,86,rayong
2020-09-13,7.0,28.4,25.3,87,rayong
2020-09-14,2.7,29.3,25.8,87,rayong
2020-09-15,5.9,28.3,25.5,87,rayong
2020-09-16,3.7,29.3,25.6,84,rayong
2020-09-17,10.1,30.7,26.0,84,rayong
2020-09-18,4.8,29.0,26.7,83,rayong
2020-09-19,30.5,27.9,26.0,89,rayong
2020-09-20,25.8,27.1,25.3,93,rayong
2020-09-21,1.8,30.4,25.4,86,rayong
2020-09-22,9.3,29.5,25.2,89,rayong
2020-09-23,7.1,28.9,25.8,90,rayong
2020-09-24,8.3,28.1,24.8,89,rayong
2020-09-25,0.5,30.3,25.4,80,rayong
2020-09-26,2.8,30.4,25.8,82,rayong
2020-09-27,6.3,31.7,26.3,80,rayong
2020-09-28,52.7,27.4,24.6,92,rayong
2020-09-29,5.6,28.8,25.6,84,rayong
2020-09-30,1.0,29.9,26.7,80,rayong
2020-10-01,1.7,30.1,26.8,82,rayong
2020-10-02,24.9,29.3,25.2,88,rayong
2020-10-03,15.1,28.2,25.1,90,rayong
2020-10-04,3.1,28.8,25.6,87,rayong
2020-10-05,9.2,29.2,25.6,89,rayong
2020-10-06,10.0,29.2,25.3,90,rayong
2020-10-07,20.6,28.7,25.0,92,rayong
2020-10-08,1.4,26.5,24.2,89,rayong
2020-10-09,20.5,26.2,24.3,95,rayong
2020-10-10,40.8,26.1,24.0,95,rayong
2020-10-11,21.7,27.3,24.0,93,rayong
2020-10-12,1.8,29.1,23.8,86,rayong
2020-10-13,6.4,27.0,23.8,89,rayong
2020-10-14,6.8,29.6,23.6,87,rayong
2020-10-15,4.8,29.6,25.8,86,rayong
2020-10-16,29.4,27.6,24.6,92,rayong
2020-10-17,46.9,27.8,24.2,94,rayong
2020-10-18,8.3,26.0,23.6,91,rayong
2020-10-19,0.7,27.0,22.9,89,rayong
2020-10-20,1.7,27.9,23.9,88,rayong
2020-10-21,0.7,29.5,23.3,81,rayong
2020-10-22,0.5,29.9,24.5,80,rayong
2020-10-23,0.0,29.4,24.4,74,rayong
2020-10-24,0.0,30.1,23.1,72,rayong
2020-10-25,0.0,30.3,21.5,73,rayong
2020-10-26,0.0,30.0,21.9,78,rayong
2020-10-27,0.3,28.8,23.5,85,rayong
2020-10-28,0.3,29.1,24.1,84,rayong
2020-10-29,1.7,29.8,25.2,83,rayong
2020-10-30,2.9,28.8,24.4,87,rayong
2020-10-31,8.7,29.0,24.2,91,rayong
2020-11-01,5.2,30.9,24.0,86,rayong
2020-11-02,0.6,31.3,24.9,82,rayong
2020-11-03,0.3,31.2,24.9,77,rayong
2020-11-04,0.6,30.2,24.6,79,rayong
2020-11-05,0.0,31.4,24.2,74,rayong
2020-11-06,0.5,31.6,24.2,71,rayong
2020-11-07,2.3,30.5,25.1,74,rayong
2020-11-08,13.8,30.5,23.4,78,rayong
2020-11-09,0.0,30.6,24.1,65,rayong
2020-11-10,0.0,29.8,23.6,61,rayong
2020-11-11,0.7,28.8,22.7,71,rayong
2020-11-12,2.8,28.2,21.5,79,rayong
2020-11-13,0.0,31.3,23.7,65,rayong
2020-11-14,0.0,31.0,22.7,57,rayong
2020-11-15,0.0,31.7,22.2,66,rayong
2020-11-16,0.0,31.4,23.4,70,rayong
2020-11-17,0.2,32.1,24.5,73,rayong
2020-11-18,0.6,32.5,24.5,75,rayong
2020-11-19,0.4,32.2,24.8,78,rayong
2020-11-20,5.1,30.8,25.2,88,rayong
2020-11-21,8.4,30.5,24.9,90,rayong
2020-11-22,5.5,28.4,24.3,90,rayong
2020-11-23,1.1,31.3,24.2,86,rayong
2020-11-24,0.0,32.2,25.1,72,rayong
2020-11-25,0.0,31.7,24.9,69,rayong
2020-11-26,0.2,32.4,25.1,68,rayong
2020-11-27,0.4,32.4,24.8,67,rayong
2020-11-28,0.0,32.4,24.6,61,rayong
2020-11-29,0.1,30.1,24.2,62,rayong
2020-11-30,0.0,29.8,23.7,60,rayong
2020-12-01,0.0,30.3,23.8,61,rayong
2020-12-02,0.1,32.1,23.1,62,rayong
2020-12-03,0.6,31.5,24.7,61,rayong
2020-12-04,0.0,29.6,22.3,56,rayong
2020-12-05,0.0,29.4,20.5,57,rayong
2020-12-06,0.0,30.2,21.4,60,rayong
2020-12-07,0.0,31.3,21.9,61,rayong
2020-12-08,0.0,31.9,23.1,62,rayong
2020-12-09,0.0,30.8,22.4,59,rayong
2020-12-10,0.0,30.7,20.8,62,rayong
2020-12-11,0.0,32.0,23.5,64,rayong
2020-12-12,0.5,31.8,24.0,73,rayong
2020-12-13,3.5,30.5,24.6,80,rayong
2020-12-14,4.9,29.7,24.8,87,rayong
2020-12-15,6.1,29.1,24.4,89,rayong
2020-12-16,3.9,31.9,24.6,85,rayong
2020-12-17,0.0,31.4,23.7,71,rayong
2020-12-18,0.0,32.0,24.0,62,rayong
2020-12-19,0.0,30.8,23.0,62,rayong
2020-12-20,0.0,28.9,21.1,53,rayong
2020-12-21,0.0,27.5,18.4,55,rayong
2020-12-22,0.0,28.6,19.3,56,rayong
2020-12-23,0.0,30.3,20.2,60,rayong
2020-12-24,0.2,31.4,22.3,64,rayong
2020-12-25,1.0,31.7,24.5,70,rayong
2020-12-26,0.1,30.7,23.1,76,rayong
2020-12-27,0.0,29.9,23.8,81,rayong
2020-12-28,0.9,30.0,23.6,84,rayong
2020-12-29,0.0,31.4,23.8,81,rayong
2020-12-30,0.0,33.4,23.7,62,rayong
2020-12-31,0.0,29.1,21.1,51,rayong
2021-01-01,0.0,28.0,19.2,51,rayong
2021-01-02,0.0,29.0,20.0,53,rayong
2021-01-03,0.0,30.7,21.2,56,rayong
2021-01-04,0.0,31.4,22.8,59,rayong
2021-01-05,0.0,30.6,23.7,65,rayong
2021-01-06,0.1,32.4,23.4,66,rayong
2021-01-07,0.5,32.0,23.6,67,rayong
2021-01-08,0.0,32.5,24.4,58,rayong
2021-01-09,0.0,30.1,20.4,56,rayong
2021-01-10,0.0,29.8,20.6,57,rayong
2021-01-11,0.0,30.2,20.7,54,rayong
2021-01-12,0.0,26.5,16.2,48,rayong
2021-01-13,0.0,27.6,17.1,50,rayong
2021-01-14,0.0,28.9,18.1,62,rayong
2021-01-15,0.0,29.1,18.3,72,rayong
2021-01-16,0.2,28.0,20.1,79,rayong
2021-01-17,0.1,30.8,20.9,74,rayong
2021-01-18,0.0,29.7,20.3,51,rayong
2021-01-19,0.0,28.3,19.0,57,rayong
2021-01-20,0.0,29.6,18.5,59,rayong
2021-01-21,0.0,29.7,19.2,61,rayong
2021-01-22,0.0,30.2,19.6,66,rayong
2021-01-23,0.0,29.5,20.2,70,rayong
2021-01-24,0.6,28.5,23.8,82,rayong
2021-01-25,0.5,29.0,23.8,83,rayong
2021-01-26,1.8,29.5,24.2,85,rayong
2021-01-27,2.0,30.6,24.5,84,rayong
2021-01-28,0.6,30.3,24.1,85,rayong
2021-01-29,0.0,31.3,23.5,74,rayong
2021-01-30,0.0,31.1,23.1,68,rayong
2021-01-31,0.0,30.9,21.2,68,rayong
2021-02-01,0.0,31.6,21.9,70,rayong
2021-02-02,0.0,30.6,22.3,76,rayong
2021-02-03,0.2,30.0,21.8,81,rayong
2021-02-04,0.0,31.7,22.3,72,rayong
2021-02-05,0.0,31.9,21.1,67,rayong
2021-02-06,0.0,30.8,22.3,68,rayong
2021-02-07,1.1,29.6,23.8,81,rayong
2021-02-08,0.3,29.9,24.5,82,rayong
2021-02-09,8.0,28.1,24.5,86,rayong
2021-02-10,15.0,26.5,22.7,90,rayong
2021-02-11,0.0,31.2,22.3,69,rayong
2021-02-12,0.0,30.5,21.1,75,rayong
2021-02-13,0.3,29.7,20.9,82,rayong
2021-02-14,0.5,29.2,24.2,80,rayong
2021-02-15,0.8,29.0,24.5,79,rayong
2021-02-16,1.2,28.6,25.3,79,rayong
2021-02-17,4.0,29.2,24.6,81,rayong
2021-02-18,0.8,32.1,22.9,72,rayong
2021-02-19,0.0,32.3,22.3,53,rayong
2021-02-20,0.0,31.4,22.2,54,rayong
2021-02-21,0.0,30.0,20.0,72,rayong
2021-02-22,0.0,29.5,21.1,78,rayong
2021-02-23,0.0,29.7,22.8,77,rayong
2021-02-24,0.0,29.6,24.6,78,rayong
2021-02-25,0.0,29.8,24.5,79,rayong
2021-02-26,0.0,30.5,24.7,79,rayong
2021-02-27,0.0,30.7,24.0,80,rayong
2021-02-28,0.0,30.0,24.2,78,rayong
2021-03-01,2.2,30.3,26.1,78,rayong
2021-03-02,0.6,30.8,25.0,82,rayong
2021-03-03,18.9,28.1,25.1,86,rayong
2021-03-04,0.0,30.3,24.0,83,rayong
2021-03-05,0.6,29.8,25.5,80,rayong
2021-03-06,0.0,30.3,25.5,80,rayong
2021-03-07,0.0,30.6,24.9,81,rayong
2021-03-08,2.6,29.7,25.7,81,rayong
2021-03-09,3.4,29.1,25.4,84,rayong
2021-03-10,5.7,28.9,24.5,84,rayong
2021-03-11,1.1,29.6,24.7,85,rayong
2021-03-12,1.6,29.4,24.9,83,rayong
2021-03-13,2.5,29.8,25.5,83,rayong
2021-03-14,0.7,29.2,25.2,83,rayong
2021-03-15,0.3,29.6,25.6,80,rayong
2021-03-16,2.6,29.9,26.2,80,rayong
2021-03-17,1.0,30.1,26.4,78,rayong
2021-03-18,0.7,30.9,26.7,79,rayong
2021-03-19,0.2,30.5,27.2,79,rayong
2021-03-20,0.0,30.9,26.8,78,rayong
2021-03-21,0.0,31.5,26.9,78,rayong
2021-03-22,20.7,28.6,25.0,88,rayong
2021-03-23,0.0,33.4,24.6,66,rayong
2021-03-24,0.2,33.5,24.7,63,rayong
2021-03-25,0.3,31.0,24.2,81,rayong
2021-03-26,0.9,29.9,26.1,81,rayong
2021-03-27,0.0,31.3,26.2,79,rayong
2021-03-28,0.6,30.9,25.9,80,rayong
2021-03-29,0.0,31.6,27.4,78,rayong
2021-03-30,0.0,32.0,27.6,76,rayong
2021-03-31,0.2,32.0,27.9,76,rayong
2021-04-01,1.7,32.0,27.5,77,rayong
2021-04-02,0.7,31.7,27.5,77,rayong
2021-04-03,0.2,32.1,26.5,77,rayong
2021-04-04,11.7,30.1,26.3,84,rayong
2021-04-05,5.0,30.2,25.4,85,rayong
2021-04-06,9.8,29.1,24.7,89,rayong
2021-04-07,6.7,29.2,24.8,89,rayong
2021-04-08,1.5,30.0,25.2,86,rayong
2021-04-09,3.5,30.5,25.8,84,rayong
2021-04-10,11.7,30.6,26.6,85,rayong
2021-04-11,10.2,29.9,24.4,87,rayong
2021-04-12,3.8,29.6,24.9,87,rayong
2021-04-13,1.0,29.9,25.4,85,rayong
2021-04-14,8.9,29.1,25.6,85,rayong
2021-04-15,1.2,30.6,25.1,86,rayong
2021-04-16,2.3,30.9,27.5,81,rayong
2021-04-17,4.8,29.0,25.9,87,rayong
2021-04-18,0.9,30.1,25.7,83,rayong
2021-04-19,5.8,30.2,25.6,82,rayong
2021-04-20,7.4,29.4,25.6,85,rayong
2021-04-21,1.2,30.6,25.7,83,rayong
2021-04-22,5.3,30.4,26.8,85,rayong
2021-04-23,1.7,31.0,27.3,80,rayong
2021-04-24,1.0,30.6,27.3,78,rayong
2021-04-25,5.7,30.1,26.5,82,rayong
2021-04-26,0.5,30.7,27.0,80,rayong
2021-04-27,4.8,30.2,26.2,85,rayong
2021-04-28,8.0,29.5,24.6,88,rayong
2021-04-29,19.8,28.4,24.8,91,rayong
2021-04-30,8.2,29.7,24.6,89,rayong
2021-05-01,1.7,29.7,25.1,88,rayong
2021-05-02,7.0,29.9,24.5,88,rayong
2021-05-03,0.8,31.0,25.4,84,rayong
2021-05-04,8.9,31.1,25.9,86,rayong
2021-05-05,0.6,31.8,25.0,84,rayong
2021-05-06,16.9,29.7,24.5,89,rayong
2021-05-07,14.6,31.1,25.3,89,rayong
2021-05-08,1.7,30.7,25.5,87,rayong
2021-05-09,2.2,30.1,26.1,87,rayong
2021-05-10,3.1,31.2,26.6,83,rayong
2021-05-11,0.0,31.3,26.7,83,rayong
2021-05-12,0.0,31.5,27.6,79,rayong
2021-05-13,0.0,31.7,27.0,80,rayong
2021-05-14,0.0,32.0,27.6,78,rayong
2021-05-15,1.3,31.2,28.1,80,rayong
2021-05-16,9.2,30.6,27.2,84,rayong
2021-05-17,1.4,30.8,26.9,84,rayong
2021-05-18,7.9,29.2,27.9,84,rayong
2021-05-19,6.0,31.0,26.2,85,rayong
2021-05-20,2.0,30.7,27.6,82,rayong
2021-05-21,5.2,30.6,27.5,80,rayong
2021-05-22,3.5,31.0,27.7,77,rayong
2021-05-23,0.7,32.0,27.9,75,rayong
2021-05-24,0.0,31.5,27.9,78,rayong
2021-05-25,5.3,31.3,27.8,80,rayong
2021-05-26,1.1,30.0,27.6,79,rayong
2021-05-27,11.7,30.4,26.9,84,rayong
2021-05-28,13.0,28.9,26.4,87,rayong
2021-05-29,8.5,30.4,26.0,83,rayong
2021-05-30,0.8,30.6,27.6,79,rayong
2021-05-31,3.0,30.4,26.8,81,rayong
2021-06-01,0.0,31.4,28.0,79,rayong
2021-06-02,1.1,31.2,27.7,82,rayong
2021-06-03,0.7,31.4,28.3,82,rayong
2021-06-04,0.3,31.3,28.5,80,rayong
2021-06-05,0.4,32.1,28.4,78,rayong
2021-06-06,1.3,31.4,28.1,76,rayong
2021-06-07,8.6,30.1,27.6,80,rayong
2021-06-08,10.3,29.9,25.8,80,rayong
2021-06-09,2.1,29.7,26.8,80,rayong
2021-06-10,10.1,29.2,25.5,83,rayong
2021-06-11,0.7,29.6,27.3,81,rayong
2021-06-12,0.9,29.3,27.8,80,rayong
2021-06-13,3.1,29.0,27.3,80,rayong
2021-06-14,6.6,29.3,26.9,83,rayong
2021-06-15,2.0,30.1,26.6,80,rayong
2021-06-16,2.5,30.5,26.9,81,rayong
2021-06-17,1.5,30.4,27.4,78,rayong
2021-06-18,2.2,30.5,26.5,81,rayong
2021-06-19,0.4,31.9,26.3,78,rayong
2021-06-20,0.5,32.3,27.4,78,rayong
2021-06-21,2.8,30.5,27.6,78,rayong
2021-06-22,2.2,30.6,27.3,76,rayong
2021-06-23,6.8,30.3,27.4,76,rayong
2021-06-24,0.4,30.8,26.6,76,rayong
2021-06-25,5.5,30.4,26.9,78,rayong
2021-06-26,0.5,30.3,27.3,78,rayong
2021-06-27,3.7,30.5,26.1,80,rayong
2021-06-28,1.6,30.9,26.9,79,rayong
2021-06-29,4.7,31.1,25.6,84,rayong
2021-06-30,11.7,30.1,27.1,80,rayong
2021-07-01,1.4,30.9,27.2,78,rayong
2021-07-02,12.7,30.1,25.7,84,rayong
2021-07-03,0.6,32.3,26.4,81,rayong
2021-07-04,1.8,33.0,27.8,79,rayong
2021-07-05,0.4,33.3,27.6,76,rayong
2021-07-06,20.5,30.5,26.5,84,rayong
2021-07-07,12.0,28.8,26.6,85,rayong
2021-07-08,3.5,29.2,27.3,81,rayong
2021-07-09,21.8,28.6,25.3,89,rayong
2021-07-10,32.4,26.7,25.2,93,rayong
2021-07-11,21.4,27.4,25.2,91,rayong
2021-07-12,3.8,29.4,25.7,86,rayong
2021-07-13,0.3,30.4,24.8,85,rayong
2021-07-14,7.4,29.1,26.4,86,rayong
2021-07-15,29.5,28.0,25.3,91,rayong
2021-07-16,10.5,28.9,25.3,87,rayong
2021-07-17,10.4,30.1,26.4,84,rayong
2021-07-18,1.2,29.5,26.3,80,rayong
2021-07-19,2.2,29.5,27.0,79,rayong
2021-07-20,5.7,28.9,26.5,81,rayong
2021-07-21,4.1,29.0,25.8,83,rayong
2021-07-22,5.1,29.9,27.3,82,rayong
2021-07-23,0.7,29.5,27.5,80,rayong
2021-07-24,7.4,29.2,26.6,85,rayong
2021-07-25,9.4,28.6,26.7,88,rayong
2021-07-26,1.9,29.8,27.3,82,rayong
2021-07-27,9.0,29.0,27.3,83,rayong
2021-07-28,14.2,29.6,27.3,82,rayong
2021-07-29,6.7,29.6,27.0,83,rayong
2021-07-30,2.5,29.6,27.3,82,rayong
2021-07-31,5.3,30.2,27.4,82,rayong
2021-08-01,1.1,30.2,27.1,79,rayong
2021-08-02,2.2,30.0,27.2,80,rayong
2021-08-03,6.8,29.6,27.3,81,rayong
2021-08-04,6.3,29.7,27.0,81,rayong
2021-08-05,6.3,29.3,27.2,82,rayong
2021-08-06,7.6,29.6,27.1,82,rayong
2021-08-07,0.8,30.2,27.2,81,rayong
2021-08-08,6.3,30.6,27.0,82,rayong
2021-08-09,0.8,30.7,27.3,82,rayong
2021-08-10,2.0,30.7,27.5,82,rayong
2021-08-11,10.4,29.7,26.1,84,rayong
2021-08-12,11.2,29.2,25.8,86,rayong
2021-08-13,9.0,29.8,27.3,80,rayong
2021-08-14,4.3,29.2,26.9,81,rayong
2021-08-15,23.8,27.0,25.6,91,rayong
2021-08-16,11.2,28.3,25.6,86,rayong
2021-08-17,0.3,30.4,25.1,83,rayong
2021-08-18,2.8,30.6,24.9,87,rayong
2021-08-19,3.3,28.7,26.3,88,rayong
2021-08-20,1.0,30.4,26.1,83,rayong
2021-08-21,4.3,29.2,26.4,86,rayong
2021-08-22,2.6,29.2,26.5,84,rayong
2021-08-23,4.9,29.6,25.8,83,rayong
2021-08-24,2.0,30.2,26.1,82,rayong
2021-08-25,17.4,29.1,25.4,87,rayong
2021-08-26,37.2,28.0,24.7,89,rayong
2021-08-27,29.5,27.6,24.5,91,rayong
2021-08-28,10.5,27.4,25.7,88,rayong
2021-08-29,6.8,27.6,25.1,88,rayong
2021-08-30,3.8,28.6,25.0,88,rayong
2021-08-31,5.9,29.0,25.8,86,rayong
2021-09-01,10.8,27.3,24.7,89,rayong
2021-09-02,11.0,28.7,25.1,87,rayong
2021-09-03,5.6,28.3,25.0,83,rayong
2021-09-04,0.2,28.4,26.0,81,rayong
2021-09-05,3.3,28.9,25.0,86,rayong
2021-09-06,1.8,30.2,25.1,84,rayong
2021-09-07,24.2,28.3,25.2,90,rayong
2021-09-08,51.1,27.1,24.1,93,rayong
2021-09-09,25.5,28.2,24.5,91,rayong
2021-09-10,4.4,28.5,25.8,86,rayong
2021-09-11,7.6,28.4,25.8,88,rayong
2021-09-12,0.1,29.9,26.1,82,rayong
2021-09-13,0.1,30.5,26.9,79,rayong
2021-09-14,11.1,29.4,25.7,84,rayong
2021-09-15,32.5,26.4,24.2,93,rayong
2021-09-16,9.8,28.3,25.4,86,rayong
2021-09-17,4.0,29.6,24.9,86,rayong
2021-09-18,0.2,29.9,24.3,85,rayong
2021-09-19,16.1,29.9,25.2,91,rayong
2021-09-20,31.5,26.5,25.1,92,rayong
2021-09-21,17.2,28.7,24.2,89,rayong
2021-09-22,6.1,28.2,25.6,86,rayong
2021-09-23,3.7,29.4,26.4,83,rayong
2021-09-24,4.8,29.3,25.9,87,rayong
2021-09-25,23.7,26.8,25.2,93,rayong
2021-09-26,23.0,26.6,25.1,93,rayong
2021-09-27,2.8,29.3,24.0,88,rayong
2021-09-28,0.2,30.2,24.0,87,rayong
2021-09-29,2.4,30.8,25.1,87,rayong
2021-09-30,1.6,29.4,25.2,89,rayong
2021-10-01,0.1,30.0,25.8,85,rayong
2021-10-02,11.6,29.2,25.1,86,rayong
2021-10-03,10.8,30.0,25.6,88,rayong
2021-10-04,7.0,30.9,25.1,89,rayong
2021-10-05,20.7,31.1,25.3,88,rayong
2021-10-06,27.6,29.6,24.6,89,rayong
2021-10-07,16.6,28.7,24.5,90,rayong
2021-10-08,0.0,29.4,26.0,83,rayong
2021-10-09,4.6,28.6,25.8,85,rayong
2021-10-10,0.4,29.8,27.0,81,rayong
2021-10-11,7.3,28.9,27.0,83,rayong
2021-10-12,20.2,28.0,26.2,88,rayong
2021-10-13,1.8,30.0,25.9,83,rayong
2021-10-14,16.7,28.5,25.8,84,rayong
2021-10-15,41.5,27.9,25.1,90,rayong
2021-10-16,1.0,29.9,25.8,83,rayong
2021-10-17,28.1,25.6,23.0,93,rayong
2021-10-18,7.4,27.6,22.5,87,rayong
2021-10-19,0.0,28.9,23.3,85,rayong
2021-10-20,3.3,30.4,24.3,89,rayong
2021-10-21,3.3,29.9,24.4,88,rayong
2021-10-22,14.3,29.1,24.8,92,rayong
2021-10-23,24.0,28.4,23.0,91,rayong
2021-10-24,2.4,31.0,23.8,78,rayong
2021-10-25,0.2,31.3,24.1,76,rayong
2021-10-26,0.0,31.6,24.5,74,rayong
2021-10-27,0.0,30.7,23.7,76,rayong
2021-10-28,1.0,28.6,25.1,83,rayong
2021-10-29,0.3,29.8,23.8,86,rayong
2021-10-30,12.0,30.7,24.6,89,rayong
2021-10-31,12.4,29.4,23.8,88,rayong
2021-11-01,10.4,29.9,24.5,90,rayong
2021-11-02,7.9,29.8,24.5,91,rayong
2021-11-03,0.0,31.8,23.6,83,rayong
2021-11-04,0.1,31.8,24.6,82,rayong
2021-11-05,11.6,30.3,24.8,88,rayong
2021-11-06,4.5,28.6,24.5,90,rayong
2021-11-07,1.5,30.2,24.3,87,rayong
2021-11-08,27.5,29.8,24.7,92,rayong
2021-11-09,1.7,30.7,23.9,81,rayong
2021-11-10,0.0,29.1,23.9,72,rayong
2021-11-11,0.2,30.8,23.5,73,rayong
2021-11-12,0.3,30.3,24.1,76,rayong
2021-11-13,0.0,29.8,24.8,74,rayong
2021-11-14,3.0,30.0,24.6,77,rayong
2021-11-15,1.7,30.5,23.9,82,rayong
2021-11-16,8.3,29.1,24.2,87,rayong
2021-11-17,3.2,31.6,24.8,83,rayong
2021-11-18,14.1,30.2,24.2,86,rayong
2021-11-19,2.8,30.1,24.0,88,rayong
2021-11-20,2.4,30.6,24.6,88,rayong
2021-11-21,4.7,30.4,24.7,88,rayong
2021-11-22,18.4,31.0,24.8,89,rayong
2021-11-23,16.3,30.4,25.3,84,rayong
2021-11-24,0.0,30.4,23.6,70,rayong
2021-11-25,0.0,31.1,23.3,68,rayong
2021-11-26,0.0,31.3,23.4,69,rayong
2021-11-27,0.0,30.2,22.3,66,rayong
2021-11-28,0.0,29.9,22.1,65,rayong
2021-11-29,7.1,27.7,22.6,77,rayong
2021-11-30,19.5,25.5,22.0,85,rayong
2021-12-01,0.0,27.8,22.3,65,rayong
2021-12-02,0.0,29.1,21.5,64,rayong
2021-12-03,0.0,28.5,21.4,65,rayong
2021-12-04,0.0,27.3,20.2,64,rayong
2021-12-05,0.0,27.4,18.8,65,rayong
2021-12-06,0.0,29.5,20.5,63,rayong
2021-12-07,0.0,29.9,21.0,64,rayong
2021-12-08,0.0,29.9,21.1,61,rayong
2021-12-09,0.6,31.1,22.1,68,rayong
2021-12-10,0.4,31.6,23.7,70,rayong
2021-12-11,0.0,31.7,23.1,66,rayong
2021-12-12,0.0,31.3,22.5,63,rayong
2021-12-13,0.0,31.5,23.3,60,rayong
2021-12-14,0.0,31.2,22.5,65,rayong
2021-12-15,0.0,31.5,22.6,67,rayong
2021-12-16,0.0,32.6,23.0,67,rayong
2021-12-17,0.0,33.9,24.2,64,rayong
2021-12-18,0.0,32.2,25.0,59,rayong
2021-12-19,0.0,29.8,22.1,56,rayong
2021-12-20,0.0,29.7,21.0,56,rayong
2021-12-21,0.0,30.1,20.7,64,rayong
2021-12-22,0.0,30.3,22.6,70,rayong
2021-12-23,0.0,31.4,23.6,71,rayong
2021-12-24,4.6,29.3,22.5,82,rayong
2021-12-25,4.4,28.6,22.6,86,rayong
2021-12-26,1.7,30.1,22.3,85,rayong
2021-12-27,0.4,31.8,23.2,74,rayong
2021-12-28,0.0,31.5,23.1,60,rayong
2021-12-29,0.0,32.4,23.7,60,rayong
2021-12-30,0.0,31.8,24.7,58,rayong
2021-12-31,0.0,31.6,23.3,58,rayong
2022-01-01,0.0,31.6,22.5,60,rayong
2022-01-02,0.0,31.9,22.4,61,rayong
2022-01-03,0.0,31.5,23.0,64,rayong
2022-01-04,0.0,31.7,23.7,64,rayong
2022-01-05,0.0,31.7,23.1,67,rayong
2022-01-06,0.0,33.2,22.1,65,rayong
2022-01-07,0.0,31.6,21.5,71,rayong
2022-01-08,0.0,32.9,23.2,66,rayong
2022-01-09,0.0,32.5,21.3,69,rayong
2022-01-10,0.0,32.0,21.6,64,rayong
2022-01-11,0.0,31.2,21.4,76,rayong
2022-01-12,1.0,30.3,23.2,81,rayong
2022-01-13,0.4,31.5,22.8,79,rayong
2022-01-14,0.1,31.2,22.4,78,rayong
2022-01-15,0.0,31.2,22.1,76,rayong
2022-01-16,0.0,30.5,22.0,76,rayong
2022-01-17,0.0,32.0,22.0,73,rayong
2022-01-18,0.0,32.1,22.3,71,rayong
2022-01-19,0.0,32.6,23.4,59,rayong
2022-01-20,0.5,30.4,21.6,74,rayong
2022-01-21,19.7,28.1,22.0,83,rayong
2022-01-22,1.4,26.9,22.5,83,rayong
2022-01-23,2.7,27.9,22.9,85,rayong
2022-01-24,0.6,29.2,22.9,82,rayong
2022-01-25,0.2,29.8,21.8,84,rayong
2022-01-26,0.8,29.6,22.6,83,rayong
2022-01-27,1.0,29.8,24.1,85,rayong
2022-01-28,0.1,30.1,24.5,84,rayong
2022-01-29,0.1,29.8,25.3,82,rayong
2022-01-30,1.2,30.1,25.8,80,rayong
2022-01-31,0.0,29.8,25.7,78,rayong
2022-02-01,0.9,30.4,25.8,75,rayong
2022-02-02,1.6,29.0,24.5,82,rayong
2022-02-03,0.3,30.5,24.1,82,rayong
2022-02-04,4.0,29.1,23.4,85,rayong
2022-02-05,0.0,30.9,23.5,75,rayong
2022-02-06,0.0,32.1,23.7,65,rayong
2022-02-07,0.2,31.8,23.0,77,rayong
2022-02-08,0.8,31.2,24.4,81,rayong
2022-02-09,1.9,29.5,25.1,82,rayong
2022-02-10,5.9,30.3,24.4,83,rayong
2022-02-11,10.8,29.4,24.9,86,rayong
2022-02-12,1.6,28.4,24.0,87,rayong
2022-02-13,0.5,29.6,23.3,86,rayong
2022-02-14,13.2,29.3,24.3,87,rayong
2022-02-15,9.9,28.0,23.8,89,rayong
2022-02-16,5.9,27.7,23.5,89,rayong
2022-02-17,16.2,28.0,23.6,89,rayong
2022-02-18,4.2,29.7,24.0,83,rayong
2022-02-19,8.5,30.0,25.2,81,rayong
2022-02-20,3.5,30.1,26.7,81,rayong
2022-02-21,4.5,28.3,24.0,84,rayong
2022-02-22,6.7,29.7,21.4,80,rayong
2022-02-23,0.0,30.9,23.3,67,rayong
2022-02-24,0.0,30.7,22.2,58,rayong
2022-02-25,0.0,31.7,22.5,57,rayong
2022-02-26,0.0,32.0,23.4,55,rayong
2022-02-27,0.0,32.8,23.7,62,rayong
2022-02-28,0.0,31.8,22.6,75,rayong
2022-03-01,2.1,30.3,25.0,81,rayong
2022-03-02,4.6,29.9,24.2,82,rayong
2022-03-03,7.8,30.7,25.2,83,rayong
2022-03-04,5.1,30.7,25.9,83,rayong
2022-03-05,6.5,30.1,25.7,83,rayong
2022-03-06,0.7,30.5,26.8,81,rayong
2022-03-07,14.7,30.1,25.4,85,rayong
2022-03-08,6.4,29.3,23.8,84,rayong
2022-03-09,0.2,31.4,23.7,81,rayong
2022-03-10,1.6,29.7,25.8,83,rayong
2022-03-11,1.3,30.2,25.7,82,rayong
2022-03-12,0.6,31.2,25.7,82,rayong
2022-03-13,1.8,30.9,26.3,82,rayong
2022-03-14,2.3,30.1,26.1,82,rayong
2022-03-15,0.2,31.3,26.1,79,rayong
2022-03-16,0.4,30.6,26.6,79,rayong
2022-03-17,1.2,31.0,26.3,79,rayong
2022-03-18,9.5,29.3,25.7,83,rayong
2022-03-19,0.0,31.1,23.7,81,rayong
2022-03-20,12.0,30.7,25.8,81,rayong
2022-03-21,14.1,29.6,25.0,83,rayong
2022-03-22,4.2,29.4,26.3,82,rayong
2022-03-23,23.5,27.0,25.2,91,rayong
2022-03-24,0.3,30.3,25.2,84,rayong
2022-03-25,0.2,30.7,25.8,81,rayong
2022-03-26,0.0,31.3,26.5,78,rayong
2022-03-27,0.6,31.2,27.2,81,rayong
2022-03-28,4.8,31.6,26.2,82,rayong
2022-03-29,6.3,30.7,26.5,83,rayong
2022-03-30,7.2,30.2,25.2,82,rayong
2022-03-31,5.1,32.3,25.6,83,rayong
2022-04-01,1.8,32.6,24.9,79,rayong
2022-04-02,0.0,28.3,21.5,68,rayong
2022-04-03,0.2,28.9,19.9,64,rayong
2022-04-04,0.0,32.4,21.7,61,rayong
2022-04-05,0.0,33.2,24.2,63,rayong
2022-04-06,0.8,33.7,23.6,72,rayong
2022-04-07,1.5,31.4,25.3,78,rayong
2022-04-08,0.0,32.9,25.0,58,rayong
2022-04-09,0.0,33.2,24.0,67,rayong
2022-04-10,2.7,31.3,26.5,73,rayong
2022-04-11,4.0,31.6,27.0,75,rayong
2022-04-12,2.7,31.2,27.3,77,rayong
2022-04-13,4.4,30.1,24.9,81,rayong
2022-04-14,0.0,32.1,27.5,77,rayong
2022-04-15,0.0,32.5,26.8,79,rayong
2022-04-16,0.0,32.8,27.3,77,rayong
2022-04-17,2.1,30.5,26.4,80,rayong
2022-04-18,9.0,30.2,26.1,84,rayong
2022-04-19,2.8,31.0,25.0,84,rayong
2022-04-20,0.2,31.7,25.2,79,rayong
2022-04-21,6.1,30.4,25.5,82,rayong
2022-04-22,7.4,30.0,26.3,83,rayong
2022-04-23,1.6,31.4,26.3,80,rayong
2022-04-24,7.5,31.5,26.8,80,rayong
2022-04-25,3.1,30.4,27.6,82,rayong
2022-04-26,1.7,31.6,28.0,79,rayong
2022-04-27,2.2,31.9,28.4,78,rayong
2022-04-28,6.8,32.7,26.0,81,rayong
2022-04-29,14.6,31.4,24.7,82,rayong
2022-04-30,7.0,31.0,26.0,81,rayong
2022-05-01,18.0,30.2,25.2,87,rayong
2022-05-02,21.0,28.9,23.8,84,rayong
2022-05-03,0.8,29.2,22.5,72,rayong
2022-05-04,13.4,28.0,21.5,79,rayong
2022-05-05,0.2,30.7,23.7,77,rayong
2022-05-06,2.5,30.8,24.5,82,rayong
2022-05-07,3.1,30.2,25.1,84,rayong
2022-05-08,7.0,30.8,25.0,86,rayong
2022-05-09,14.0,29.9,25.1,87,rayong
2022-05-10,7.3,29.0,25.6,86,rayong
2022-05-11,17.9,29.0,25.5,86,rayong
2022-05-12,4.0,29.8,26.4,83,rayong
2022-05-13,0.4,30.5,27.7,80,rayong
2022-05-14,0.3,31.0,27.7,82,rayong
2022-05-15,4.2,30.8,28.1,81,rayong
2022-05-16,10.7,31.5,25.5,83,rayong
2022-05-17,3.3,29.7,25.3,85,rayong
2022-05-18,11.2,29.6,24.3,85,rayong
2022-05-19,10.7,29.4,25.3,87,rayong
2022-05-20,17.2,30.2,25.7,80,rayong
2022-05-21,10.4,29.1,27.6,83,rayong
2022-05-22,13.9,28.0,25.7,85,rayong
2022-05-23,2.0,30.1,26.7,81,rayong
2022-05-24,11.1,30.2,26.4,81,rayong
2022-05-25,0.6,30.5,27.0,81,rayong
2022-05-26,4.3,29.9,26.8,81,rayong
2022-05-27,3.2,30.4,27.6,80,rayong
2022-05-28,2.7,29.7,26.4,81,rayong
2022-05-29,3.1,30.2,26.9,79,rayong
2022-05-30,1.6,30.1,26.4,80,rayong
2022-05-31,2.9,30.0,26.4,83,rayong
2022-06-01,6.9,30.2,26.4,83,rayong
2022-06-02,1.1,30.3,26.9,81,rayong
2022-06-03,13.9,30.3,25.7,84,rayong
2022-06-04,4.4,29.5,26.1,81,rayong
2022-06-05,1.5,29.9,26.5,83,rayong
2022-06-06,0.8,30.3,26.6,81,rayong
2022-06-07,5.0,30.1,27.0,80,rayong
2022-06-08,0.5,30.1,26.4,81,rayong
2022-06-09,0.0,30.7,27.2,80,rayong
2022-06-10,1.1,31.0,27.2,79,rayong
2022-06-11,0.4,31.9,26.9,80,rayong
2022-06-12,0.2,31.3,27.2,79,rayong
2022-06-13,8.4,30.3,25.9,84,rayong
2022-06-14,8.2,30.2,25.5,82,rayong
2022-06-15,1.3,29.8,25.6,82,rayong
2022-06-16,5.6,29.3,27.0,84,rayong
2022-06-17,0.7,30.8,26.8,81,rayong
2022-06-18,1.3,30.5,26.9,84,rayong
2022-06-19,8.8,31.7,27.3,81,rayong
2022-06-20,1.5,31.2,25.2,83,rayong
2022-06-21,6.8,30.5,24.7,83,rayong
2022-06-22,10.1,29.8,26.5,84,rayong
2022-06-23,13.2,30.2,25.0,84,rayong
2022-06-24,7.9,28.8,25.3,83,rayong
2022-06-25,7.7,29.6,25.2,82,rayong
2022-06-26,12.3,29.2,25.1,87,rayong
2022-06-27,10.5,28.8,24.9,84,rayong
2022-06-28,0.7,30.8,26.1,80,rayong
2022-06-29,0.9,31.2,27.4,81,rayong
2022-06-30,4.5,30.3,27.5,81,rayong
2022-07-01,7.8,30.4,26.7,81,rayong
2022-07-02,14.2,28.9,25.9,85,rayong
2022-07-03,16.3,29.1,27.0,83,rayong
2022-07-04,17.4,29.1,25.9,85,rayong
2022-07-05,7.8,29.7,25.9,84,rayong
2022-07-06,1.4,30.0,26.7,82,rayong
2022-07-07,5.4,29.8,27.5,83,rayong
2022-07-08,14.5,30.1,26.7,83,rayong
2022-07-09,10.5,29.2,26.5,86,rayong
2022-07-10,9.9,28.6,25.4,85,rayong
2022-07-11,2.3,29.2,26.3,84,rayong
2022-07-12,1.8,28.1,26.1,84,rayong
2022-07-13,1.8,28.7,25.4,84,rayong
2022-07-14,12.9,29.8,25.7,83,rayong
2022-07-15,9.5,29.0,26.7,83,rayong
2022-07-16,11.1,29.1,25.0,85,rayong
2022-07-17,14.6,29.1,25.8,84,rayong
2022-07-18,0.4,30.8,27.2,82,rayong
2022-07-19,9.3,31.0,27.3,82,rayong
2022-07-20,12.1,30.4,25.8,84,rayong
2022-07-21,44.3,27.6,24.9,91,rayong
2022-07-22,11.6,29.8,24.5,83,rayong
2022-07-23,3.3,29.7,25.7,85,rayong
2022-07-24,4.5,30.2,25.1,86,rayong
2022-07-25,0.6,30.2,24.6,87,rayong
2022-07-26,0.0,30.7,25.4,83,rayong
2022-07-27,1.6,30.9,25.4,82,rayong
2022-07-28,17.2,28.0,25.3,87,rayong
2022-07-29,0.9,30.3,26.5,83,rayong
2022-07-30,1.2,30.5,27.1,80,rayong
2022-07-31,13.3,30.3,25.2,81,rayong
2022-08-01,18.2,29.2,25.3,89,rayong
2022-08-02,35.7,27.7,25.4,89,rayong
2022-08-03,25.1,28.4,24.9,88,rayong
2022-08-04,14.0,30.1,25.3,84,rayong
2022-08-05,6.2,28.4,25.6,84,rayong
2022-08-06,19.5,29.4,25.5,84,rayong
2022-08-07,17.4,28.5,25.1,87,rayong
2022-08-08,32.5,27.8,25.1,89,rayong
2022-08-09,8.6,28.0,24.8,86,rayong
2022-08-10,6.5,29.4,25.7,83,rayong
2022-08-11,29.3,29.3,25.5,87,rayong
2022-08-12,3.7,29.7,25.1,82,rayong
2022-08-13,0.9,29.6,26.1,81,rayong
2022-08-14,0.0,30.2,25.7,81,rayong
2022-08-15,23.9,30.5,26.0,86,rayong
2022-08-16,17.4,28.2,24.8,88,rayong
2022-08-17,7.5,29.4,26.5,82,rayong
2022-08-18,1.2,29.8,26.2,82,rayong
2022-08-19,3.3,30.3,27.0,82,rayong
2022-08-20,13.1,29.5,25.8,83,rayong
2022-08-21,5.6,29.6,26.4,81,rayong
2022-08-22,9.3,29.6,25.4,83,rayong
2022-08-23,0.2,30.4,26.0,82,rayong
2022-08-24,1.1,30.2,26.8,84,rayong
2022-08-25,3.4,29.6,26.5,83,rayong
2022-08-26,32.2,28.2,24.6,88,rayong
2022-08-27,4.3,29.1,25.3,86,rayong
2022-08-28,1.5,29.6,25.7,87,rayong
2022-08-29,21.4,29.4,24.4,89,rayong
2022-08-30,0.3,30.5,24.3,85,rayong
2022-08-31,0.5,30.5,25.0,87,rayong
2022-09-01,4.7,30.5,25.4,84,rayong
2022-09-02,1.7,31.1,25.5,84,rayong
2022-09-03,2.7,29.9,27.2,83,rayong
2022-09-04,15.0,30.0,26.4,84,rayong
2022-09-05,14.5,28.6,25.4,87,rayong
2022-09-06,16.1,28.0,24.4,89,rayong
2022-09-07,39.4,28.5,24.6,91,rayong
2022-09-08,44.7,27.3,24.2,91,rayong
2022-09-09,2.8,29.3,23.4,88,rayong
2022-09-10,8.0,29.5,24.7,88,rayong
2022-09-11,10.0,29.8,24.3,87,rayong
2022-09-12,10.7,29.3,24.3,90,rayong
2022-09-13,14.6,29.5,24.5,91,rayong
2022-09-14,5.6,28.4,25.3,85,rayong
2022-09-15,5.2,29.4,23.8,84,rayong
2022-09-16,1.3,29.8,26.6,80,rayong
2022-09-17,2.9,29.4,26.0,80,rayong
2022-09-18,9.3,28.0,26.2,85,rayong
2022-09-19,2.6,29.5,25.7,85,rayong
2022-09-20,15.8,30.2,23.9,82,rayong
2022-09-21,0.7,30.5,25.6,81,rayong
2022-09-22,23.5,28.4,25.0,91,rayong
2022-09-23,5.9,28.8,24.4,89,rayong
2022-09-24,9.2,29.0,24.5,87,rayong
2022-09-25,15.0,27.7,24.3,89,rayong
2022-09-26,19.4,27.8,24.5,90,rayong
2022-09-27,15.8,27.0,24.7,91,rayong
2022-09-28,2.0,28.8,25.0,85,rayong
2022-09-29,15.8,27.5,24.4,87,rayong
2022-09-30,11.6,28.5,26.3,84,rayong
2022-10-01,16.5,29.0,24.3,86,rayong
2022-10-02,22.9,29.0,24.6,90,rayong
2022-10-03,20.4,27.8,23.7,92,rayong
2022-10-04,16.1,29.5,24.1,90,rayong
2022-10-05,5.6,28.9,24.1,90,rayong
2022-10-06,10.4,29.0,24.4,90,rayong
2022-10-07,15.0,30.0,24.3,87,rayong
2022-10-08,7.4,30.0,23.8,88,rayong
2022-10-09,22.3,29.7,24.3,89,rayong
2022-10-10,35.9,29.0,23.2,91,rayong
2022-10-11,22.1,28.3,23.3,89,rayong
2022-10-12,0.2,30.7,24.0,80,rayong
2022-10-13,0.0,30.8,23.8,73,rayong
2022-10-14,0.0,29.8,23.0,73,rayong
2022-10-15,0.0,28.1,21.5,72,rayong
2022-10-16,0.0,26.7,20.3,76,rayong
2022-10-17,0.0,30.2,21.9,78,rayong
2022-10-18,0.6,31.1,23.6,63,rayong
2022-10-19,0.0,30.8,23.7,65,rayong
2022-10-20,0.1,30.0,23.3,73,rayong
2022-10-21,18.1,28.5,23.9,87,rayong
2022-10-22,21.4,29.2,23.9,92,rayong
2022-10-23,12.1,30.5,23.3,86,rayong
2022-10-24,1.3,31.0,24.6,84,rayong
2022-10-25,0.0,32.4,25.3,79,rayong
2022-10-26,2.6,30.4,25.6,84,rayong
2022-10-27,9.3,29.2,24.7,87,rayong
2022-10-28,4.8,29.3,24.4,88,rayong
2022-10-29,0.0,31.1,24.2,71,rayong
2022-10-30,0.0,31.9,24.1,70,rayong
2022-10-31,0.0,31.0,24.1,69,rayong
2022-11-01,0.0,30.7,23.0,68,rayong
2022-11-02,0.0,30.7,21.3,65,rayong
2022-11-03,0.0,30.4,20.3,68,rayong
2022-11-04,0.0,31.1,20.1,62,rayong
2022-11-05,0.2,30.7,22.4,72,rayong
2022-11-06,1.3,30.0,23.6,80,rayong
2022-11-07,10.7,31.5,23.5,87,rayong
2022-11-08,0.0,32.3,23.5,70,rayong
2022-11-09,0.0,32.4,22.8,66,rayong
2022-11-10,0.6,32.9,24.1,72,rayong
2022-11-11,0.2,32.8,24.6,77,rayong
2022-11-12,0.4,32.3,24.9,75,rayong
2022-11-13,20.7,31.5,25.4,83,rayong
2022-11-14,19.0,29.9,24.1,91,rayong
2022-11-15,0.2,30.1,23.8,85,rayong
2022-11-16,3.9,30.3,24.0,88,rayong
2022-11-17,16.1,28.6,24.2,89,rayong
2022-11-18,9.7,30.1,24.4,90,rayong
2022-11-19,3.8,29.9,24.3,88,rayong
2022-11-20,10.7,30.0,24.5,86,rayong
2022-11-21,2.7,29.5,23.9,86,rayong
2022-11-22,0.1,31.5,24.6,80,rayong
2022-11-23,17.8,29.4,25.0,88,rayong
2022-11-24,23.3,27.5,24.2,91,rayong
2022-11-25,14.7,27.8,24.5,89,rayong
2022-11-26,2.4,28.0,24.5,88,rayong
2022-11-27,5.9,27.8,23.3,90,rayong
2022-11-28,6.6,29.3,24.3,87,rayong
2022-11-29,3.7,29.6,24.0,90,rayong
2022-11-30,1.2,30.8,24.5,88,rayong
2022-12-01,4.1,30.3,23.6,89,rayong
2022-12-02,0.4,31.8,24.6,77,rayong
2022-12-03,0.1,30.1,24.0,74,rayong
2022-12-04,0.0,30.7,25.1,75,rayong
2022-12-05,0.5,31.8,25.1,75,rayong
2022-12-06,0.0,31.3,24.4,69,rayong
2022-12-07,0.1,31.6,24.3,71,rayong
2022-12-08,0.7,31.4,24.6,75,rayong
2022-12-09,0.5,31.7,25.0,77,rayong
2022-12-10,0.2,31.9,23.8,73,rayong
2022-12-11,0.0,31.9,23.6,72,rayong
2022-12-12,0.0,32.0,22.3,66,rayong
2022-12-13,0.0,29.0,21.9,62,rayong
2022-12-14,0.0,29.2,20.3,59,rayong
2022-12-15,0.0,30.2,20.5,64,rayong
2022-12-16,0.0,30.8,21.7,69,rayong
2022-12-17,0.5,32.2,23.9,62,rayong
2022-12-18,0.0,26.6,19.2,52,rayong
2022-12-19,0.0,27.4,18.3,53,rayong
2022-12-20,0.0,29.8,19.8,59,rayong
2022-12-21,0.0,31.1,20.9,64,rayong
2022-12-22,0.0,31.1,21.8,71,rayong
2022-12-23,0.0,30.7,21.5,70,rayong
2022-12-24,0.0,30.2,21.7,58,rayong
2022-12-25,0.0,29.5,20.4,63,rayong
2022-12-26,0.0,29.8,20.2,63,rayong
2022-12-27,0.0,29.3,20.0,63,rayong
2022-12-28,0.0,29.9,19.5,70,rayong
2022-12-29,0.0,30.9,20.9,70,rayong
2022-12-30,0.0,30.2,21.8,64,rayong
2022-12-31,0.0,30.2,21.0,63,rayong
2023-01-01,0.0,29.5,20.1,60,rayong
2023-01-02,0.0,29.7,22.1,63,rayong
2023-01-03,0.0,31.2,22.3,64,rayong
2023-01-04,0.0,31.5,23.3,60,rayong
2023-01-05,0.0,31.2,22.9,58,rayong
2023-01-06,0.0,30.5,23.2,58,rayong
2023-01-07,0.0,27.7,21.1,55,rayong
2023-01-08,0.0,28.9,23.1,56,rayong
2023-01-09,0.0,31.3,23.1,67,rayong
2023-01-10,3.3,30.2,24.3,78,rayong
2023-01-11,16.6,28.2,22.8,88,rayong
2023-01-12,6.5,27.9,22.6,89,rayong
2023-01-13,0.5,28.4,22.9,88,rayong
2023-01-14,0.0,29.0,23.4,87,rayong
2023-01-15,0.1,29.3,23.1,88,rayong
2023-01-16,0.0,29.1,21.5,86,rayong
2023-01-17,0.1,31.3,22.6,81,rayong
2023-01-18,0.0,31.2,21.7,72,rayong
2023-01-19,0.0,31.0,22.0,60,rayong
2023-01-20,0.0,30.9,22.2,62,rayong
2023-01-21,0.0,32.0,22.4,59,rayong
2023-01-22,0.0,31.6,20.7,61,rayong
2023-01-23,0.0,32.3,22.4,68,rayong
2023-01-24,0.4,33.6,23.3,63,rayong
2023-01-25,0.0,30.2,20.7,48,rayong
2023-01-26,0.0,30.6,20.9,60,rayong
2023-01-27,0.0,31.5,21.7,63,rayong
2023-01-28,0.0,30.1,20.9,52,rayong
2023-01-29,0.0,28.7,19.7,49,rayong
2023-01-30,0.0,29.1,18.6,48,rayong
2023-01-31,0.0,29.5,20.5,55,rayong
2023-02-01,0.0,31.1,21.0,67,rayong
2023-02-02,0.0,31.7,21.7,69,rayong
2023-02-03,14.3,27.6,23.2,88,rayong
2023-02-04,0.5,29.5,23.1,87,rayong
2023-02-05,3.1,29.8,23.3,85,rayong
2023-02-06,0.1,29.8,24.3,86,rayong
2023-02-07,0.2,29.2,25.4,82,rayong
2023-02-08,0.0,30.3,24.5,84,rayong
2023-02-09,1.2,29.2,23.9,84,rayong
2023-02-10,0.8,29.5,24.4,85,rayong
2023-02-11,0.0,30.3,24.5,80,rayong
2023-02-12,0.0,30.0,25.6,81,rayong
2023-02-13,0.0,30.2,25.8,82,rayong
2023-02-14,0.0,30.4,26.0,81,rayong
2023-02-15,27.9,26.5,22.9,90,rayong
2023-02-16,2.6,31.0,22.6,75,rayong
2023-02-17,0.0,31.4,23.8,64,rayong
2023-02-18,0.1,30.2,22.6,68,rayong
2023-02-19,0.0,32.9,23.0,68,rayong
2023-02-20,0.0,31.5,22.3,74,rayong
2023-02-21,0.0,32.5,22.2,73,rayong
2023-02-22,0.0,31.6,21.7,74,rayong
2023-02-23,0.0,33.2,22.6,68,rayong
2023-02-24,0.0,32.8,22.4,64,rayong
2023-02-25,0.0,33.2,22.6,54,rayong
2023-02-26,0.0,31.6,21.9,49,rayong
2023-02-27,0.0,31.6,21.2,55,rayong
2023-02-28,0.0,31.7,22.4,56,rayong
2023-03-01,0.0,34.0,23.6,59,rayong
2023-03-02,0.0,33.4,23.8,64,rayong
2023-03-03,0.0,33.1,24.6,63,rayong
2023-03-04,0.0,32.7,21.9,67,rayong
2023-03-05,0.0,32.5,23.4,59,rayong
2023-03-06,0.0,32.4,21.7,66,rayong
2023-03-07,0.0,31.6,21.2,71,rayong
2023-03-08,0.1,31.0,23.9,75,rayong
2023-03-09,2.3,30.1,24.0,80,rayong
2023-03-10,0.1,30.0,24.7,81,rayong
2023-03-11,0.9,30.3,24.6,79,rayong
2023-03-12,1.2,29.8,25.7,79,rayong
2023-03-13,5.8,29.7,22.9,83,rayong
2023-03-14,0.0,31.1,23.4,74,rayong
2023-03-15,1.7,29.6,24.6,80,rayong
2023-03-16,2.3,29.4,24.7,77,rayong
2023-03-17,0.0,30.2,24.5,75,rayong
2023-03-18,0.0,30.4,25.5,75,rayong
2023-03-19,0.4,30.3,25.8,76,rayong
2023-03-20,1.5,31.0,26.2,77,rayong
2023-03-21,0.0,31.3,26.5,78,rayong
2023-03-22,0.0,31.3,26.7,78,rayong
2023-03-23,0.0,31.2,26.9,79,rayong
2023-03-24,0.2,31.2,26.6,81,rayong
2023-03-25,0.0,31.4,26.8,79,rayong
2023-03-26,0.0,31.5,27.2,78,rayong
2023-03-27,0.0,31.8,27.3,76,rayong
2023-03-28,0.3,31.8,27.3,74,rayong
2023-03-29,2.9,30.1,26.2,80,rayong
2023-03-30,1.7,31.3,26.3,79,rayong
2023-03-31,3.0,32.1,27.0,75,rayong
2023-04-01,0.2,31.3,27.9,73,rayong
2023-04-02,0.0,31.9,27.8,73,rayong
2023-04-03,0.6,31.5,27.4,75,rayong
2023-04-04,0.3,32.3,27.8,75,rayong
2023-04-05,0.5,32.5,28.0,76,rayong
2023-04-06,0.0,32.9,27.9,74,rayong
2023-04-07,4.6,31.6,27.3,78,rayong
2023-04-08,4.7,33.2,27.6,79,rayong
2023-04-09,6.6,32.8,25.1,78,rayong
2023-04-10,0.5,32.7,27.9,74,rayong
2023-04-11,1.7,31.6,28.1,78,rayong
2023-04-12,0.5,32.2,28.4,81,rayong
2023-04-13,0.0,32.5,28.6,79,rayong
2023-04-14,0.5,32.4,28.9,79,rayong
2023-04-15,0.2,33.4,28.7,77,rayong
2023-04-16,1.7,31.4,27.0,78,rayong
2023-04-17,0.0,33.1,28.8,72,rayong
2023-04-18,0.0,33.0,28.5,72,rayong
2023-04-19,0.6,33.1,28.9,75,rayong
2023-04-20,2.9,33.0,28.1,76,rayong
2023-04-21,0.1,33.1,27.9,73,rayong
2023-04-22,0.1,33.7,28.7,75,rayong
2023-04-23,1.6,33.5,28.8,74,rayong
2023-04-24,1.7,34.1,27.8,73,rayong
2023-04-25,18.0,33.5,25.8,79,rayong
2023-04-26,25.2,30.0,25.1,87,rayong
2023-04-27,0.1,32.2,25.5,80,rayong
2023-04-28,0.1,32.0,26.9,80,rayong
2023-04-29,1.5,31.4,27.5,81,rayong
2023-04-30,3.2,30.3,26.8,83,rayong
2023-05-01,10.2,30.4,25.5,85,rayong
2023-05-02,1.5,30.9,26.2,85,rayong
2023-05-03,1.4,30.9,26.3,85,rayong
2023-05-04,0.9,31.8,27.7,80,rayong
2023-05-05,0.3,32.9,28.6,78,rayong
2023-05-06,0.3,33.3,28.9,78,rayong
2023-05-07,0.0,33.6,29.3,77,rayong
2023-05-08,2.1,33.5,29.7,77,rayong
2023-05-09,12.3,33.1,27.8,77,rayong
2023-05-10,8.6,30.2,26.3,86,rayong
2023-05-11,0.6,32.4,26.2,80,rayong
2023-05-12,4.2,31.6,26.8,77,rayong
2023-05-13,0.1,33.6,29.0,64,rayong
2023-05-14,3.3,31.8,26.7,75,rayong
2023-05-15,6.2,31.5,25.8,80,rayong
2023-05-16,0.2,32.5,27.5,74,rayong
2023-05-17,0.3,32.6,28.2,74,rayong
2023-05-18,0.0,34.2,28.6,71,rayong
2023-05-19,0.0,34.9,28.4,69,rayong
2023-05-20,0.8,35.3,28.2,67,rayong
2023-05-21,0.6,33.6,28.3,75,rayong
2023-05-22,1.4,33.7,28.4,75,rayong
2023-05-23,6.4,31.1,27.1,78,rayong
2023-05-24,3.5,32.4,28.0,78,rayong
2023-05-25,0.7,31.7,27.8,77,rayong
2023-05-26,1.4,34.2,27.6,74,rayong
2023-05-27,5.4,32.1,26.6,77,rayong
2023-05-28,2.8,31.0,26.3,88,rayong
2023-05-29,16.8,29.3,26.1,89,rayong
2023-05-30,6.8,30.7,25.9,83,rayong
2023-05-31,1.2,31.2,27.9,78,rayong
2023-06-01,0.2,31.7,27.9,77,rayong
2023-06-02,5.6,31.3,27.8,79,rayong
2023-06-03,3.1,31.5,28.1,80,rayong
2023-06-04,2.3,31.1,28.2,76,rayong
2023-06-05,5.8,30.8,28.2,75,rayong
2023-06-06,23.6,29.1,25.9,84,rayong
2023-06-07,29.1,29.9,25.8,84,rayong
2023-06-08,11.0,28.6,25.8,84,rayong
2023-06-09,13.0,28.8,26.8,84,rayong
2023-06-10,15.2,29.3,26.5,84,rayong
2023-06-11,33.6,28.4,25.1,86,rayong
2023-06-12,9.1,30.1,26.1,81,rayong
2023-06-13,4.9,30.0,27.3,79,rayong
2023-06-14,6.4,30.1,27.2,80,rayong
2023-06-15,1.4,30.0,27.6,80,rayong
2023-06-16,0.1,30.6,27.4,80,rayong
2023-06-17,9.7,30.5,27.2,81,rayong
2023-06-18,8.2,28.3,26.0,85,rayong
2023-06-19,1.3,30.0,27.0,83,rayong
2023-06-20,0.6,30.5,26.8,81,rayong
2023-06-21,1.0,30.3,27.3,82,rayong
2023-06-22,10.0,30.2,25.5,85,rayong
2023-06-23,0.0,33.3,27.0,77,rayong
2023-06-24,2.3,31.7,26.1,82,rayong
2023-06-25,0.5,31.9,26.9,80,rayong
2023-06-26,0.2,32.1,27.0,77,rayong
2023-06-27,2.5,30.9,27.1,80,rayong
2023-06-28,4.5,30.2,24.6,83,rayong
2023-06-29,3.0,30.6,24.8,84,rayong
2023-06-30,6.0,31.1,26.7,80,rayong
2023-07-01,20.6,29.7,25.7,86,rayong
2023-07-02,23.7,30.6,25.2,82,rayong
2023-07-03,4.4,30.0,27.1,79,rayong
2023-07-04,2.2,30.7,26.7,79,rayong
2023-07-05,0.0,31.3,25.9,77,rayong
2023-07-06,0.0,32.2,26.0,76,rayong
2023-07-07,8.5,30.1,26.9,85,rayong
2023-07-08,3.3,30.4,26.5,84,rayong
2023-07-09,13.2,28.8,25.2,86,rayong
2023-07-10,14.5,28.6,25.5,86,rayong
2023-07-11,4.9,30.0,25.6,82,rayong
2023-07-12,0.1,30.7,26.2,80,rayong
2023-07-13,0.0,32.2,27.6,79,rayong
2023-07-14,1.3,30.5,27.3,77,rayong
2023-07-15,0.0,31.2,27.9,74,rayong
2023-07-16,4.8,31.7,26.5,74,rayong
2023-07-17,9.3,29.9,25.7,79,rayong
2023-07-18,11.7,30.5,26.9,79,rayong
2023-07-19,0.6,30.8,27.1,78,rayong
2023-07-20,14.6,31.0,26.8,81,rayong
2023-07-21,16.4,29.3,26.0,86,rayong
2023-07-22,39.0,28.0,24.2,89,rayong
2023-07-23,28.5,30.0,24.3,90,rayong
2023-07-24,15.7,27.8,25.4,87,rayong
2023-07-25,3.0,29.7,25.9,82,rayong
2023-07-26,1.9,30.5,26.8,82,rayong
2023-07-27,5.1,30.9,27.2,79,rayong
2023-07-28,6.8,30.6,27.3,78,rayong
2023-07-29,14.1,29.6,27.5,81,rayong
2023-07-30,15.2,29.5,26.8,82,rayong
2023-07-31,5.3,29.3,26.4,83,rayong
2023-08-01,4.9,30.4,26.2,81,rayong
2023-08-02,4.8,29.9,27.3,80,rayong
2023-08-03,7.3,29.1,26.6,82,rayong
2023-08-04,5.5,29.6,27.4,81,rayong
2023-08-05,6.2,30.1,27.3,80,rayong
2023-08-06,5.5,29.5,27.2,80,rayong
2023-08-07,2.1,29.9,27.2,80,rayong
2023-08-08,3.7,29.6,27.1,80,rayong
2023-08-09,0.9,30.4,26.8,80,rayong
2023-08-10,0.6,30.7,26.9,79,rayong
2023-08-11,1.6,30.3,27.0,79,rayong
2023-08-12,1.2,30.4,27.3,79,rayong
2023-08-13,3.2,30.9,27.2,80,rayong
2023-08-14,3.1,31.1,27.0,80,rayong
2023-08-15,1.9,30.7,27.0,78,rayong
2023-08-16,2.2,30.5,26.8,78,rayong
2023-08-17,6.1,30.6,27.3,78,rayong
2023-08-18,0.5,31.8,27.1,77,rayong
2023-08-19,0.1,33.7,26.9,75,rayong
2023-08-20,14.0,31.1,25.8,82,rayong
2023-08-21,18.7,28.9,25.0,88,rayong
2023-08-22,3.1,30.4,25.2,82,rayong
2023-08-23,1.9,30.4,26.9,81,rayong
2023-08-24,0.6,30.2,27.4,80,rayong
2023-08-25,2.6,30.5,26.8,79,rayong
2023-08-26,9.7,31.0,27.2,80,rayong
2023-08-27,1.4,31.2,27.0,78,rayong
2023-08-28,0.0,32.3,27.5,76,rayong
2023-08-29,1.6,31.1,27.6,76,rayong
2023-08-30,16.1,30.7,27.6,79,rayong
2023-08-31,15.5,30.7,26.7,80,rayong
2023-09-01,14.7,29.7,26.2,85,rayong
2023-09-02,3.3,30.4,27.0,79,rayong
2023-09-03,7.8,30.4,26.9,80,rayong
2023-09-04,9.8,30.8,27.2,79,rayong
2023-09-05,5.7,29.8,27.3,79,rayong
2023-09-06,1.4,30.7,27.4,80,rayong
2023-09-07,7.4,31.0,26.4,83,rayong
2023-09-08,22.4,29.9,26.2,87,rayong
2023-09-09,17.1,30.9,25.9,83,rayong
2023-09-10,18.6,29.4,26.3,85,rayong
2023-09-11,7.2,30.2,26.0,84,rayong
2023-09-12,33.4,28.6,25.6,84,rayong
2023-09-13,2.8,30.3,26.3,81,rayong
2023-09-14,11.8,29.5,26.2,86,rayong
2023-09-15,15.0,29.6,25.8,86,rayong
2023-09-16,12.5,29.9,26.1,83,rayong
2023-09-17,20.8,29.0,25.9,85,rayong
2023-09-18,2.5,29.3,26.1,85,rayong
2023-09-19,4.6,31.5,24.8,85,rayong
2023-09-20,18.0,31.5,24.5,90,rayong
2023-09-21,12.4,31.4,24.9,89,rayong
2023-09-22,0.5,30.3,24.3,85,rayong
2023-09-23,1.3,29.6,25.0,87,rayong
2023-09-24,10.5,30.2,26.0,87,rayong
2023-09-25,5.4,30.4,24.9,87,rayong
2023-09-26,12.8,29.4,24.9,89,rayong
2023-09-27,40.1,27.2,23.7,92,rayong
2023-09-28,70.8,27.7,24.6,90,rayong
2023-09-29,19.5,29.2,25.2,85,rayong
2023-09-30,0.5,29.8,25.6,81,rayong
2023-10-01,5.3,30.8,25.4,84,rayong
2023-10-02,9.8,28.9,25.2,88,rayong
2023-10-03,10.4,30.0,26.1,87,rayong
2023-10-04,19.5,29.2,24.5,90,rayong
2023-10-05,7.9,29.8,25.0,87,rayong
2023-10-06,19.3,28.8,25.5,89,rayong
2023-10-07,21.2,29.8,25.1,87,rayong
2023-10-08,15.7,29.6,25.9,86,rayong
2023-10-09,2.0,29.1,25.4,85,rayong
2023-10-10,3.6,30.3,24.5,88,rayong
2023-10-11,11.2,30.3,24.3,89,rayong
2023-10-12,11.1,29.6,24.5,89,rayong
2023-10-13,2.1,31.2,25.1,88,rayong
2023-10-14,1.2,31.9,24.8,82,rayong
2023-10-15,17.2,31.8,24.7,86,rayong
2023-10-16,0.5,31.4,25.0,85,rayong
2023-10-17,22.4,29.6,24.6,89,rayong
2023-10-18,24.7,29.7,25.1,89,rayong
2023-10-19,10.8,29.5,25.1,91,rayong
2023-10-20,11.4,31.6,24.7,87,rayong
2023-10-21,10.7,30.0,24.9,89,rayong
2023-10-22,14.5,28.8,24.5,89,rayong
2023-10-23,5.4,31.0,24.2,86,rayong
2023-10-24,9.8,30.7,25.3,84,rayong
2023-10-25,11.4,29.9,24.2,89,rayong
2023-10-26,7.0,29.7,24.6,87,rayong
2023-10-27,1.3,29.4,25.6,85,rayong
2023-10-28,10.2,31.0,24.6,87,rayong
2023-10-29,8.0,29.6,25.0,89,rayong
2023-10-30,13.4,30.6,24.8,89,rayong
2023-10-31,2.9,30.7,24.8,82,rayong
2023-11-01,2.3,31.6,25.6,79,rayong
2023-11-02,0.0,30.7,24.8,80,rayong
2023-11-03,1.0,31.9,24.8,84,rayong
2023-11-04,9.3,29.9,25.0,88,rayong
2023-11-05,1.4,31.3,24.4,88,rayong
2023-11-06,0.7,31.5,24.3,84,rayong
2023-11-07,10.5,31.1,24.9,89,rayong
2023-11-08,4.4,30.8,24.3,89,rayong
2023-11-09,9.5,28.9,24.7,90,rayong
2023-11-10,6.1,30.7,24.6,89,rayong
2023-11-11,4.1,30.6,24.7,89,rayong
2023-11-12,7.3,29.6,24.9,90,rayong
2023-11-13,4.7,31.8,24.3,84,rayong
2023-11-14,1.6,32.0,25.7,79,rayong
2023-11-15,0.3,31.3,25.3,77,rayong
2023-11-16,9.2,31.7,25.4,80,rayong
2023-11-17,0.0,28.8,23.5,68,rayong
2023-11-18,0.0,28.0,21.4,64,rayong
2023-11-19,0.0,28.9,21.2,66,rayong
2023-11-20,0.0,29.7,20.9,69,rayong
2023-11-21,0.0,30.8,21.9,72,rayong
2023-11-22,0.0,31.3,23.0,76,rayong
2023-11-23,0.0,31.9,23.0,73,rayong
2023-11-24,0.3,32.2,24.3,69,rayong
2023-11-25,0.0,31.9,24.5,63,rayong
2023-11-26,0.3,31.6,25.1,68,rayong
2023-11-27,0.3,32.3,24.8,70,rayong
2023-11-28,0.0,30.9,23.8,60,rayong
2023-11-29,0.1,32.4,23.7,61,rayong
2023-11-30,0.3,32.6,24.7,68,rayong
2023-12-01,5.4,32.8,25.8,74,rayong
2023-12-02,0.4,32.4,24.7,73,rayong
2023-12-03,1.6,32.4,25.7,76,rayong
2023-12-04,12.7,31.1,24.2,83,rayong
2023-12-05,6.7,31.5,24.5,83,rayong
2023-12-06,2.7,32.4,24.5,82,rayong
2023-12-07,3.2,31.7,24.0,78,rayong
2023-12-08,0.0,31.9,24.2,72,rayong
2023-12-09,0.8,31.8,23.4,78,rayong
2023-12-10,0.1,31.7,23.5,80,rayong
2023-12-11,0.0,31.3,24.0,79,rayong
2023-12-12,0.1,32.3,24.3,81,rayong
2023-12-13,0.2,32.2,24.1,75,rayong
2023-12-14,0.0,33.4,24.6,68,rayong
2023-12-15,0.2,33.4,24.6,69,rayong
2023-12-16,1.1,33.4,24.4,73,rayong
2023-12-17,0.7,33.7,24.9,67,rayong
2023-12-18,0.0,33.3,24.9,59,rayong
2023-12-19,0.7,33.1,24.9,64,rayong
2023-12-20,0.5,33.5,25.6,64,rayong
2023-12-21,0.0,32.2,23.5,54,rayong
2023-12-22,0.0,28.6,20.0,50,rayong
2023-12-23,0.0,28.8,19.4,49,rayong
2023-12-24,0.0,27.0,21.4,49,rayong
2023-12-25,0.0,28.7,21.0,48,rayong
2023-12-26,0.0,30.3,22.6,51,rayong
2023-12-27,0.0,32.4,22.8,57,rayong
2023-12-28,0.0,33.3,23.2,60,rayong
2023-12-29,0.2,33.5,25.2,63,rayong
2023-12-30,0.1,33.5,24.8,64,rayong
2023-12-31,0.2,33.5,24.1,70,rayong
2024-01-01,0.4,32.8,24.1,73,rayong
2024-01-02,0.1,32.4,24.0,75,rayong
2024-01-03,0.0,33.9,23.3,66,rayong
2024-01-04,0.0,33.3,22.6,65,rayong
2024-01-05,0.0,33.2,23.4,64,rayong
2024-01-06,0.0,32.8,23.6,66,rayong
2024-01-07,0.0,33.1,23.9,65,rayong
2024-01-08,0.0,32.3,22.4,67,rayong
2024-01-09,0.0,32.3,23.3,72,rayong
2024-01-10,0.1,32.2,23.6,74,rayong
2024-01-11,1.0,30.7,24.8,80,rayong
2024-01-12,1.0,30.7,24.7,80,rayong
2024-01-13,2.2,31.0,24.5,79,rayong
2024-01-14,2.0,32.7,23.7,75,rayong
2024-01-15,0.6,32.8,23.1,65,rayong
2024-01-16,0.0,33.3,23.0,62,rayong
2024-01-17,0.0,33.2,22.9,61,rayong
2024-01-18,0.0,33.5,22.8,66,rayong
2024-01-19,0.0,33.1,23.1,67,rayong
2024-01-20,0.6,31.4,24.3,77,rayong
2024-01-21,1.1,30.9,24.8,77,rayong
2024-01-22,1.6,30.0,25.1,78,rayong
2024-01-23,5.7,30.4,25.0,78,rayong
2024-01-24,0.2,31.2,23.6,67,rayong
2024-01-25,0.0,32.5,24.0,57,rayong
2024-01-26,0.0,31.8,23.4,59,rayong
2024-01-27,0.0,32.7,24.0,62,rayong
2024-01-28,0.0,32.7,23.2,68,rayong
2024-01-29,0.4,32.1,24.0,70,rayong
2024-01-30,0.1,31.5,24.2,71,rayong
2024-01-31,1.3,31.3,24.4,76,rayong
2024-02-01,0.4,30.5,24.6,79,rayong
2024-02-02,0.5,30.4,25.3,79,rayong
2024-02-03,0.6,31.2,25.6,78,rayong
2024-02-04,0.0,31.0,26.4,78,rayong
2024-02-05,0.6,31.4,24.9,80,rayong
2024-02-06,0.5,31.9,26.0,80,rayong
2024-02-07,3.1,32.1,26.4,80,rayong
2024-02-08,0.0,32.2,25.7,79,rayong
2024-02-09,0.9,31.5,26.5,79,rayong
2024-02-10,2.7,31.0,25.1,79,rayong
2024-02-11,0.0,33.7,23.8,56,rayong
2024-02-12,0.0,33.4,23.6,51,rayong
2024-02-13,0.0,33.6,23.4,55,rayong
2024-02-14,0.0,35.2,22.6,63,rayong
2024-02-15,1.2,32.8,23.8,74,rayong
2024-02-16,3.2,31.9,26.0,79,rayong
2024-02-17,1.1,30.6,25.2,79,rayong
2024-02-18,0.1,31.5,25.8,70,rayong
2024-02-19,0.0,31.3,25.9,74,rayong
2024-02-20,0.0,32.0,27.1,74,rayong
2024-02-21,0.2,31.5,27.3,74,rayong
2024-02-22,0.0,32.0,27.3,74,rayong
2024-02-23,0.1,31.2,26.6,74,rayong
2024-02-24,0.6,31.9,26.3,73,rayong
2024-02-25,2.3,31.0,26.0,77,rayong
2024-02-26,2.6,32.3,25.3,78,rayong
2024-02-27,1.4,32.5,24.8,77,rayong
2024-02-28,5.4,30.7,24.9,78,rayong
2024-02-29,0.5,30.4,25.2,79,rayong
2024-03-01,0.2,31.8,26.3,74,rayong
2024-03-02,4.7,30.9,24.4,79,rayong
2024-03-03,1.0,32.0,25.3,77,rayong
2024-03-04,0.7,31.8,25.6,77,rayong
2024-03-05,0.1,31.8,27.8,76,rayong
2024-03-06,0.3,32.3,27.1,79,rayong
2024-03-07,0.0,33.1,27.7,78,rayong
2024-03-08,0.0,32.9,28.1,75,rayong
2024-03-09,1.9,31.6,26.1,74,rayong
2024-03-10,7.0,31.6,24.6,75,rayong
2024-03-11,2.6,31.7,24.5,76,rayong
2024-03-12,4.6,30.7,25.4,76,rayong
2024-03-13,7.8,30.6,23.4,77,rayong
2024-03-14,0.5,31.0,26.7,75,rayong
2024-03-15,0.3,31.9,27.4,76,rayong
2024-03-16,0.4,31.3,26.4,75,rayong
2024-03-17,0.0,32.7,26.8,70,rayong
2024-03-18,0.0,32.6,26.7,75,rayong
2024-03-19,2.8,31.0,25.5,77,rayong
2024-03-20,3.8,31.4,24.0,79,rayong
2024-03-21,1.7,32.0,24.0,75,rayong
2024-03-22,1.0,31.1,26.0,77,rayong
2024-03-23,0.5,31.3,27.4,75,rayong
2024-03-24,0.0,32.3,27.2,73,rayong
2024-03-25,1.5,31.9,27.7,76,rayong
2024-03-26,0.5,32.5,27.9,73,rayong
2024-03-27,1.6,31.9,25.2,76,rayong
2024-03-28,0.0,32.2,26.8,77,rayong
2024-03-29,1.0,32.8,27.5,75,rayong
2024-03-30,3.7,33.3,25.6,75,rayong
2024-03-31,0.0,33.4,27.4,73,rayong
2024-04-01,1.0,33.0,28.6,75,rayong
2024-04-02,0.0,33.2,28.3,76,rayong
2024-04-03,0.2,32.7,28.3,75,rayong
2024-04-04,4.4,32.7,28.3,78,rayong
2024-04-05,0.1,33.2,28.4,76,rayong
2024-04-06,0.0,33.4,28.9,73,rayong
2024-04-07,0.1,33.2,28.7,73,rayong
2024-04-08,0.0,34.0,28.7,69,rayong
2024-04-09,0.1,33.5,28.8,73,rayong
2024-04-10,0.8,33.9,26.7,75,rayong
2024-04-11,2.9,32.3,26.5,77,rayong
2024-04-12,0.9,33.1,27.1,74,rayong
2024-04-13,0.3,33.3,28.5,73,rayong
2024-04-14,0.0,33.2,28.9,72,rayong
2024-04-15,0.0,33.2,28.8,71,rayong
2024-04-16,1.0,32.5,28.2,71,rayong
2024-04-17,0.0,33.4,29.1,68,rayong
2024-04-18,0.2,33.0,29.1,70,rayong
2024-04-19,0.8,33.0,29.4,72,rayong
2024-04-20,0.1,33.6,28.8,74,rayong
2024-04-21,0.5,34.0,27.8,73,rayong
2024-04-22,0.5,33.7,29.1,75,rayong
2024-04-23,0.5,33.5,29.2,73,rayong
2024-04-24,0.0,33.9,28.6,72,rayong
2024-04-25,0.0,33.9,28.9,72,rayong
2024-04-26,0.0,34.1,28.9,72,rayong
2024-04-27,0.0,34.1,28.6,74,rayong
2024-04-28,0.0,34.2,29.5,73,rayong
2024-04-29,0.0,34.3,29.7,74,rayong
2024-04-30,0.0,34.5,29.7,74,rayong
2024-05-01,0.6,34.4,29.7,73,rayong
2024-05-02,0.7,33.9,29.5,76,rayong
2024-05-03,1.3,33.6,29.6,75,rayong
2024-05-04,0.6,34.1,29.6,74,rayong
2024-05-05,0.1,34.3,29.3,74,rayong
2024-05-06,3.3,33.4,30.1,75,rayong
2024-05-07,16.2,31.6,26.3,81,rayong
2024-05-08,0.0,33.8,25.9,75,rayong
2024-05-09,6.9,32.8,27.7,81,rayong
2024-05-10,14.4,33.7,26.5,85,rayong
2024-05-11,21.0,31.4,26.3,87,rayong
2024-05-12,5.9,33.7,26.4,80,rayong
2024-05-13,33.2,30.3,26.5,87,rayong
2024-05-14,0.0,33.4,25.8,78,rayong
2024-05-15,27.0,32.2,26.7,84,rayong
2024-05-16,2.4,31.5,26.9,85,rayong
2024-05-17,7.9,30.8,26.2,83,rayong
2024-05-18,4.4,31.2,28.1,82,rayong
2024-05-19,9.9,31.0,27.0,81,rayong
2024-05-20,1.3,32.4,28.3,78,rayong
2024-05-21,49.9,29.7,25.6,88,rayong
2024-05-22,13.8,30.4,25.7,85,rayong
2024-05-23,17.6,30.4,26.3,85,rayong
2024-05-24,7.8,30.4,26.3,85,rayong
2024-05-25,10.9,31.9,26.8,83,rayong
2024-05-26,1.5,31.8,26.5,82,rayong
2024-05-27,0.2,32.7,28.4,77,rayong
2024-05-28,0.0,32.9,29.0,72,rayong
2024-05-29,4.2,32.4,27.5,74,rayong
2024-05-30,3.3,32.3,28.4,74,rayong
2024-05-31,33.2,30.4,26.4,83,rayong
2024-06-01,29.8,30.1,25.7,86,rayong
2024-06-02,0.3,31.3,27.4,78,rayong
2024-06-03,0.4,31.2,28.1,77,rayong
2024-06-04,0.3,32.0,27.8,80,rayong
2024-06-05,4.1,31.7,26.8,82,rayong
2024-06-06,0.9,31.5,27.9,76,rayong
2024-06-07,2.3,31.3,28.0,76,rayong
2024-06-08,7.7,31.4,28.1,76,rayong
2024-06-09,0.5,31.2,27.8,77,rayong
2024-06-10,8.4,29.4,26.7,78,rayong
2024-06-11,19.0,30.4,25.6,80,rayong
2024-06-12,0.6,30.7,27.7,79,rayong
2024-06-13,0.0,31.6,27.6,79,rayong
2024-06-14,0.0,31.8,27.8,79,rayong
2024-06-15,0.2,32.3,27.4,77,rayong
2024-06-16,0.8,32.8,27.8,75,rayong
2024-06-17,4.8,31.0,25.8,79,rayong
2024-06-18,6.0,31.3,26.8,78,rayong
2024-06-19,0.3,31.2,27.6,78,rayong
2024-06-20,0.3,32.5,27.9,74,rayong
2024-06-21,7.2,32.0,27.3,76,rayong
2024-06-22,3.8,31.2,26.6,78,rayong
2024-06-23,2.0,29.6,27.0,78,rayong
2024-06-24,6.4,29.9,26.2,80,rayong
2024-06-25,18.3,28.4,26.5,84,rayong
2024-06-26,13.0,28.7,25.2,86,rayong
2024-06-27,0.9,30.2,26.6,83,rayong
2024-06-28,8.1,30.5,26.1,81,rayong
2024-06-29,19.6,29.0,26.5,85,rayong
2024-06-30,32.9,29.7,25.4,85,rayong
2024-07-01,0.5,29.9,27.0,82,rayong
2024-07-02,0.5,31.1,25.7,80,rayong
2024-07-03,4.6,30.4,26.1,83,rayong
2024-07-04,17.8,28.0,24.8,88,rayong
2024-07-05,16.9,29.1,24.9,86,rayong
2024-07-06,1.4,29.9,25.3,83,rayong
2024-07-07,7.1,30.9,25.5,84,rayong
2024-07-08,1.8,30.1,26.1,83,rayong
2024-07-09,7.8,30.3,25.5,84,rayong
2024-07-10,13.1,29.3,25.9,85,rayong
2024-07-11,5.4,29.7,25.7,84,rayong
2024-07-12,6.3,29.6,26.4,79,rayong
2024-07-13,7.3,30.0,26.1,79,rayong
2024-07-14,3.9,30.1,26.7,80,rayong
2024-07-15,12.1,29.6,26.4,86,rayong
2024-07-16,4.1,29.7,26.1,85,rayong
2024-07-17,2.6,29.9,27.2,79,rayong
2024-07-18,11.2,29.4,25.7,84,rayong
2024-07-19,14.9,29.0,25.4,87,rayong
2024-07-20,34.5,28.6,25.6,88,rayong
2024-07-21,7.2,29.2,26.3,86,rayong
2024-07-22,2.1,30.5,27.4,83,rayong
2024-07-23,17.8,29.7,26.2,86,rayong
2024-07-24,3.5,29.0,26.7,84,rayong
2024-07-25,2.0,29.6,26.9,83,rayong
2024-07-26,14.3,29.1,26.6,86,rayong
2024-07-27,29.6,29.5,25.7,88,rayong
2024-07-28,28.6,28.9,25.1,88,rayong
2024-07-29,31.7,28.9,25.5,88,rayong
2024-07-30,13.6,29.3,25.4,85,rayong
2024-07-31,9.3,30.2,26.0,80,rayong
2024-08-01,8.4,29.5,26.0,85,rayong
2024-08-02,0.0,30.0,27.1,80,rayong
2024-08-03,8.7,29.3,25.0,86,rayong
2024-08-04,6.0,29.2,25.5,86,rayong
2024-08-05,2.3,29.8,24.6,84,rayong
2024-08-06,2.7,30.3,25.6,81,rayong
2024-08-07,6.3,30.1,26.1,82,rayong
2024-08-08,0.1,30.3,26.2,82,rayong
2024-08-09,1.5,29.8,27.3,83,rayong
2024-08-10,0.6,30.8,27.7,81,rayong
2024-08-11,0.8,31.7,27.0,82,rayong
2024-08-12,10.9,30.8,26.1,81,rayong
2024-08-13,6.2,30.2,26.1,82,rayong
2024-08-14,0.5,30.9,26.1,83,rayong
2024-08-15,0.5,30.7,27.1,83,rayong
2024-08-16,1.9,31.1,26.9,82,rayong
2024-08-17,24.9,29.8,25.2,87,rayong
2024-08-18,0.7,31.0,26.8,80,rayong
2024-08-19,2.9,30.7,26.0,82,rayong
2024-08-20,2.0,30.8,26.2,82,rayong
2024-08-21,0.5,30.5,26.4,82,rayong
2024-08-22,1.1,31.1,26.5,80,rayong
2024-08-23,1.6,29.8,26.3,83,rayong
2024-08-24,15.6,29.5,25.2,85,rayong
2024-08-25,1.8,31.2,24.6,84,rayong
2024-08-26,2.6,30.9,25.2,83,rayong
2024-08-27,10.6,30.8,24.4,82,rayong
2024-08-28,21.9,29.4,25.3,86,rayong
2024-08-29,13.3,29.4,26.1,82,rayong
2024-08-30,3.3,29.9,26.7,80,rayong
2024-08-31,4.7,30.6,25.8,77,rayong
2024-09-01,2.3,30.5,26.0,80,rayong
2024-09-02,19.9,29.3,25.1,88,rayong
2024-09-03,34.4,28.7,24.2,89,rayong
2024-09-04,12.6,29.7,25.6,83,rayong
2024-09-05,2.0,30.5,27.1,78,rayong
2024-09-06,6.1,31.0,27.5,79,rayong
2024-09-07,2.0,30.3,27.4,78,rayong
2024-09-08,3.4,30.2,27.3,81,rayong
2024-09-09,1.0,30.2,27.3,80,rayong
2024-09-10,1.1,30.1,27.2,81,rayong
2024-09-11,5.5,30.4,27.2,82,rayong
2024-09-12,9.1,29.9,26.0,85,rayong
2024-09-13,14.2,29.6,25.6,86,rayong
2024-09-14,12.2,30.2,26.1,84,rayong
2024-09-15,3.9,29.7,25.9,84,rayong
2024-09-16,5.0,31.1,26.4,79,rayong
2024-09-17,1.9,31.0,26.4,82,rayong
2024-09-18,17.4,29.6,25.0,87,rayong
2024-09-19,8.8,29.9,25.0,87,rayong
2024-09-20,4.7,30.2,26.8,83,rayong
2024-09-21,12.6,29.9,26.4,82,rayong
2024-09-22,18.0,29.1,26.3,84,rayong
2024-09-23,1.8,29.7,26.1,83,rayong
2024-09-24,14.7,27.7,24.6,89,rayong
2024-09-25,0.6,29.0,24.9,89,rayong
2024-09-26,0.6,30.9,24.0,85,rayong
2024-09-27,1.6,30.5,25.4,90,rayong
2024-09-28,3.6,29.9,24.6,87,rayong
2024-09-29,0.3,30.7,26.5,82,rayong
2024-09-30,4.2,30.2,27.0,84,rayong
2024-10-01,13.1,30.0,25.2,88,rayong
2024-10-02,2.8,30.5,25.8,83,rayong
2024-10-03,22.7,28.8,24.7,88,rayong
2024-10-04,9.8,30.6,24.0,90,rayong
2024-10-05,7.5,30.8,24.6,85,rayong
2024-10-06,5.5,29.9,24.4,87,rayong
2024-10-07,13.0,30.7,25.0,87,rayong
2024-10-08,4.4,31.1,25.4,85,rayong
2024-10-09,4.5,30.7,25.0,88,rayong
2024-10-10,15.8,30.2,24.9,88,rayong
2024-10-11,6.5,31.3,24.1,86,rayong
2024-10-12,8.6,30.8,25.0,89,rayong
2024-10-13,9.1,31.0,25.0,88,rayong
2024-10-14,3.2,30.8,25.1,89,rayong
2024-10-15,16.7,30.1,25.0,90,rayong
2024-10-16,14.5,30.2,24.7,89,rayong
2024-10-17,1.4,29.7,24.9,88,rayong
2024-10-18,35.0,28.1,24.0,92,rayong
2024-10-19,23.4,27.9,23.6,92,rayong
2024-10-20,11.3,28.2,24.5,88,rayong
2024-10-21,1.4,30.4,24.4,85,rayong
2024-10-22,5.2,30.7,24.3,88,rayong
2024-10-23,30.7,30.9,23.3,88,rayong
2024-10-24,0.0,31.8,24.2,79,rayong
2024-10-25,0.0,31.7,24.9,80,rayong
2024-10-26,0.0,31.9,24.6,79,rayong
2024-10-27,10.0,31.8,23.5,84,rayong
2024-10-28,17.6,27.6,24.2,91,rayong
2024-10-29,6.4,31.8,23.9,83,rayong
2024-10-30,5.2,29.9,23.6,88,rayong
2024-10-31,2.0,30.7,24.2,84,rayong
2024-11-01,11.5,30.8,24.0,88,rayong
2024-11-02,0.0,31.5,24.9,75,rayong
2024-11-03,1.3,31.3,24.7,71,rayong
2024-11-04,5.5,30.8,24.8,79,rayong
2024-11-05,1.2,30.7,24.7,80,rayong
2024-11-06,6.3,30.4,24.8,79,rayong
2024-11-07,3.1,31.2,24.0,78,rayong
2024-11-08,2.8,30.8,25.0,76,rayong
2024-11-09,0.5,31.6,24.7,71,rayong
2024-11-10,0.0,30.7,23.4,71,rayong
2024-11-11,0.0,32.4,24.0,72,rayong
2024-11-12,0.0,32.6,24.1,72,rayong
2024-11-13,0.0,33.9,24.6,68,rayong
2024-11-14,5.8,32.8,25.7,79,rayong
2024-11-15,2.7,31.0,25.1,84,rayong
2024-11-16,0.2,32.9,25.3,77,rayong
2024-11-17,6.7,32.9,24.8,81,rayong
2024-11-18,0.9,32.9,24.2,70,rayong
2024-11-19,0.1,33.6,24.3,64,rayong
2024-11-20,0.2,33.4,25.5,65,rayong
2024-11-21,0.5,33.9,25.7,60,rayong
2024-11-22,0.0,34.0,25.7,59,rayong
2024-11-23,0.0,34.2,26.0,61,rayong
2024-11-24,0.0,33.9,26.1,62,rayong
2024-11-25,0.0,34.1,26.4,64,rayong
2024-11-26,0.0,34.2,26.2,62,rayong
2024-11-27,0.4,33.6,25.3,64,rayong
2024-11-28,0.0,32.2,25.3,60,rayong
2024-11-29,0.0,30.4,23.0,57,rayong
2024-11-30,0.0,30.8,22.0,59,rayong
2024-12-01,0.0,31.5,22.2,63,rayong
2024-12-02,0.0,32.6,22.8,65,rayong
2024-12-03,0.0,33.3,24.2,63,rayong
2024-12-04,0.0,33.1,24.3,62,rayong
2024-12-05,0.0,33.8,24.9,62,rayong
2024-12-06,0.0,33.2,25.2,59,rayong
2024-12-07,0.9,33.5,25.1,66,rayong
2024-12-08,0.4,32.2,26.1,70,rayong
2024-12-09,0.0,32.7,24.8,60,rayong
2024-12-10,0.0,33.5,24.4,58,rayong
2024-12-11,0.0,33.4,25.2,60,rayong
2024-12-12,19.9,31.1,25.6,74,rayong
2024-12-13,6.6,30.1,25.4,78,rayong
2024-12-14,0.0,28.3,24.2,71,rayong
2024-12-15,0.0,29.2,22.6,59,rayong
2024-12-16,0.0,29.0,22.0,57,rayong
2024-12-17,0.0,30.8,22.0,57,rayong
2024-12-18,0.0,31.2,23.1,61,rayong
2024-12-19,0.0,30.2,22.4,57,rayong
2024-12-20,0.0,30.1,21.4,58,rayong
2024-12-21,0.0,30.4,21.3,61,rayong
2024-12-22,0.0,28.6,21.2,56,rayong
2024-12-23,0.0,29.0,19.7,59,rayong
2024-12-24,0.0,30.7,21.7,59,rayong
2024-12-25,0.0,31.0,22.2,57,rayong
2024-12-26,0.0,30.9,24.1,60,rayong
2024-12-27,0.9,33.3,25.0,60,rayong
2024-12-28,0.0,32.3,25.1,57,rayong
2024-12-29,0.0,31.2,22.7,54,rayong
2024-12-30,0.0,31.7,22.8,53,rayong
2024-12-31,0.0,32.0,22.1,49,rayong
2025-01-01,0.0,32.1,22.4,55,rayong
2025-01-02,0.0,32.6,22.3,55,rayong
2025-01-03,0.0,32.9,23.3,53,rayong
2025-01-04,0.0,32.5,23.1,53,rayong
2025-01-05,0.0,31.3,22.9,44,rayong
2025-01-06,0.0,31.5,21.4,43,rayong
2025-01-07,0.0,32.1,21.2,51,rayong
2025-01-08,0.0,32.6,21.2,59,rayong
2025-01-09,0.0,33.2,22.6,55,rayong
2025-01-10,0.0,32.3,24.1,51,rayong
2025-01-11,0.0,30.2,21.5,48,rayong
2025-01-12,0.0,28.1,18.7,47,rayong
2025-01-13,0.0,29.3,18.5,45,rayong
2025-01-14,0.0,31.6,19.3,48,rayong
2025-01-15,0.0,33.9,21.2,50,rayong
2025-01-16,0.0,32.4,23.4,50,rayong
2025-01-17,0.0,31.9,21.9,48,rayong
2025-01-18,0.0,32.4,21.0,46,rayong
2025-01-19,0.0,32.7,21.7,48,rayong
2025-01-20,0.0,32.7,21.5,48,rayong
2025-01-21,0.0,32.8,20.4,54,rayong
2025-01-22,0.0,32.5,20.0,59,rayong
2025-01-23,0.0,32.3,20.7,59,rayong
2025-01-24,0.0,32.7,20.8,63,rayong
2025-01-25,0.0,31.7,22.3,71,rayong
2025-01-26,0.0,32.4,23.3,79,rayong
2025-01-27,2.1,31.5,22.3,60,rayong
2025-01-28,0.0,31.4,22.8,48,rayong
2025-01-29,0.0,31.0,20.9,52,rayong
2025-01-30,0.0,31.1,20.5,56,rayong
2025-01-31,0.0,31.0,19.7,64,rayong
2025-02-01,0.0,31.0,20.7,72,rayong
2025-02-02,0.0,31.5,23.9,76,rayong
2025-02-03,0.0,31.6,23.9,77,rayong
2025-02-04,1.2,31.3,25.1,74,rayong
2025-02-05,1.5,31.2,23.5,76,rayong
2025-02-06,0.2,31.3,22.8,74,rayong
2025-02-07,1.2,30.7,24.4,75,rayong
2025-02-08,0.0,33.4,22.9,70,rayong
2025-02-09,0.0,32.2,22.5,51,rayong
2025-02-10,0.0,32.2,21.8,54,rayong
2025-02-11,0.0,33.1,22.1,56,rayong
2025-02-12,0.0,33.8,21.9,57,rayong
2025-02-13,0.0,32.8,23.9,73,rayong
2025-02-14,1.6,31.0,24.9,81,rayong
2025-02-15,0.0,32.8,25.1,78,rayong
2025-02-16,0.0,32.3,25.5,78,rayong
2025-02-17,2.1,30.4,24.5,80,rayong
2025-02-18,6.8,29.6,24.5,81,rayong
2025-02-19,13.8,30.1,22.2,82,rayong
2025-02-20,5.8,30.6,23.3,82,rayong
2025-02-21,7.6,28.1,23.4,87,rayong
2025-02-22,13.5,30.5,24.0,85,rayong
2025-02-23,2.4,33.6,23.8,79,rayong
2025-02-24,6.5,29.7,24.2,83,rayong
2025-02-25,0.1,30.9,24.3,66,rayong
2025-02-26,0.0,32.2,23.2,66,rayong
2025-02-27,8.2,33.5,24.9,69,rayong
2025-02-28,10.0,31.9,24.9,79,rayong
2025-03-01,0.2,30.9,26.0,79,rayong
2025-03-02,0.1,31.8,26.7,77,rayong
2025-03-03,0.1,31.6,25.5,77,rayong
2025-03-04,0.0,32.1,26.9,73,rayong
2025-03-05,0.0,32.3,26.8,73,rayong
2025-03-06,0.0,32.3,26.1,75,rayong
2025-03-07,6.6,31.1,24.5,79,rayong
2025-03-08,3.7,31.5,24.0,76,rayong
2025-03-09,0.0,33.4,23.2,68,rayong
2025-03-10,0.0,34.7,24.5,67,rayong
2025-03-11,9.8,32.0,25.1,80,rayong
2025-03-12,1.2,32.0,25.3,77,rayong
2025-03-13,8.5,31.3,25.7,80,rayong
2025-03-14,0.4,32.2,24.8,79,rayong
2025-03-15,0.3,32.4,26.4,77,rayong
2025-03-16,0.2,32.8,26.4,76,rayong
2025-03-17,10.7,31.4,24.3,82,rayong
2025-03-18,1.8,32.7,25.0,80,rayong
2025-03-19,0.8,32.6,24.1,63,rayong
2025-03-20,0.0,31.6,23.4,51,rayong
2025-03-21,0.0,32.9,23.2,54,rayong
2025-03-22,0.0,34.0,23.5,55,rayong
2025-03-23,0.0,34.2,22.5,64,rayong
2025-03-24,0.2,32.2,23.7,76,rayong
2025-03-25,0.0,32.4,26.8,75,rayong
2025-03-26,0.2,32.1,27.5,76,rayong
2025-03-27,1.1,31.6,27.7,79,rayong
2025-03-28,0.1,32.7,27.6,72,rayong
2025-03-29,0.0,32.8,27.5,74,rayong
2025-03-30,4.5,31.3,26.4,80,rayong
2025-03-31,14.7,29.4,24.0,85,rayong
2025-04-01,1.4,32.4,25.0,81,rayong
2025-04-02,8.6,29.8,25.5,85,rayong
2025-04-03,7.5,31.8,25.7,82,rayong
2025-04-04,3.1,30.8,25.2,82,rayong
2025-04-05,0.0,31.8,25.9,76,rayong
2025-04-06,0.0,33.1,26.6,74,rayong
2025-04-07,5.3,31.2,25.2,79,rayong
2025-04-08,6.1,31.2,25.4,81,rayong
2025-04-09,1.1,32.7,26.5,75,rayong
2025-04-10,15.2,30.3,24.8,82,rayong
2025-04-11,5.8,31.1,26.9,79,rayong
2025-04-12,0.9,31.5,27.4,77,rayong
2025-04-13,0.6,33.0,27.1,78,rayong
2025-04-14,23.2,31.0,24.2,82,rayong
2025-04-15,5.0,32.9,24.9,80,rayong
2025-04-16,20.2,30.8,25.8,84,rayong
2025-04-17,1.1,32.3,27.2,76,rayong
2025-04-18,2.8,31.9,27.8,76,rayong
2025-04-19,0.5,32.7,27.7,76,rayong
2025-04-20,0.4,33.1,28.0,73,rayong
2025-04-21,2.2,33.4,26.9,73,rayong
2025-04-22,0.0,33.9,27.9,67,rayong
2025-04-23,0.5,34.1,27.8,67,rayong
2025-04-24,5.1,33.5,28.7,72,rayong
2025-04-25,4.3,33.5,28.0,71,rayong
2025-04-26,5.7,31.6,28.7,75,rayong
2025-04-27,6.1,31.0,27.4,79,rayong
2025-04-28,9.3,32.3,24.2,79,rayong
2025-04-29,0.6,32.4,24.8,80,rayong
2025-04-30,0.7,33.2,25.2,76,rayong
2025-05-01,10.9,32.9,24.5,81,rayong
2025-05-02,7.8,32.4,25.0,81,rayong
2025-05-03,8.0,30.9,25.5,85,rayong
2025-05-04,6.3,31.4,24.8,84,rayong
2025-05-05,1.1,31.4,26.9,77,rayong
2025-05-06,9.5,30.6,26.0,79,rayong
2025-05-07,5.6,30.1,26.5,82,rayong
2025-05-08,6.4,31.5,28.4,77,rayong
2025-05-09,0.4,32.5,28.2,77,rayong
2025-05-10,9.4,32.2,26.8,81,rayong
2025-05-11,13.5,30.5,25.1,86,rayong
2025-05-12,23.0,28.6,25.0,90,rayong
2025-05-13,9.6,29.6,25.1,86,rayong
2025-05-14,21.5,30.2,25.5,85,rayong
2025-05-15,6.2,30.7,25.3,85,rayong
2025-05-16,3.7,31.2,25.4,85,rayong
2025-05-17,3.7,31.1,26.8,83,rayong
2025-05-18,3.8,32.3,25.4,82,rayong
2025-05-19,1.4,30.4,26.6,84,rayong
2025-05-20,0.2,31.9,26.2,80,rayong
2025-05-21,11.9,30.1,26.7,85,rayong
2025-05-22,7.9,31.0,25.3,85,rayong
2025-05-23,3.7,31.7,25.9,82,rayong
2025-05-24,3.0,30.0,26.3,82,rayong
2025-05-25,9.1,29.3,25.3,85,rayong
2025-05-26,18.9,29.5,25.2,85,rayong
2025-05-27,9.6,29.5,25.3,83,rayong
2025-05-28,0.7,31.9,27.1,77,rayong
2025-05-29,4.6,31.5,28.0,81,rayong
2025-05-30,6.8,29.2,25.9,85,rayong
2025-05-31,14.7,29.5,24.7,84,rayong
2025-06-01,1.9,31.8,26.2,80,rayong
2025-06-02,16.8,31.3,26.3,82,rayong
2025-06-03,1.9,31.5,27.4,76,rayong
2025-06-04,0.5,31.8,27.0,80,rayong
2025-06-05,1.3,31.1,27.7,79,rayong
2025-06-06,8.6,31.2,25.6,82,rayong
2025-06-07,5.2,32.1,28.2,76,rayong
2025-06-08,1.8,30.7,26.9,79,rayong
2025-06-09,9.2,30.5,26.3,79,rayong
2025-06-10,3.2,31.2,27.2,75,rayong
2025-06-11,3.3,29.5,26.5,79,rayong
2025-06-12,7.5,29.9,26.0,82,rayong
2025-06-13,5.7,29.6,27.3,80,rayong
2025-06-14,2.1,29.8,27.6,80,rayong
2025-06-15,1.9,30.8,27.5,77,rayong
2025-06-16,1.0,31.3,27.0,76,rayong
2025-06-17,0.0,32.8,26.6,74,rayong
2025-06-18,0.7,33.3,27.3,73,rayong
2025-06-19,3.8,32.9,27.5,73,rayong
2025-06-20,12.1,34.1,26.0,72,rayong
2025-06-21,2.9,32.6,25.8,76,rayong
2025-06-22,14.3,30.2,26.4,78,rayong
2025-06-23,26.5,30.5,26.1,83,rayong
2025-06-24,3.1,29.5,26.3,79,rayong
2025-06-25,5.0,30.5,26.4,80,rayong
2025-06-26,2.3,31.4,27.2,76,rayong
2025-06-27,3.7,30.9,25.4,77,rayong
2025-06-28,8.0,30.5,25.9,81,rayong
2025-06-29,3.0,30.2,27.0,75,rayong
2025-06-30,1.9,30.6,25.9,75,rayong
2025-07-01,5.2,30.8,26.2,78,rayong
2025-07-02,2.7,29.9,25.5,82,rayong
2025-07-03,4.2,30.1,25.7,82,rayong
2025-07-04,11.5,30.4,23.8,83,rayong
2025-07-05,0.5,31.7,26.8,75,rayong
2025-07-06,5.3,30.4,27.2,80,rayong
2025-07-07,20.6,30.5,25.7,83,rayong
2025-07-08,9.3,29.4,26.9,84,rayong
2025-07-09,1.2,29.9,26.7,81,rayong
2025-07-10,4.8,31.3,26.9,81,rayong
2025-07-11,2.2,30.4,27.1,78,rayong
2025-07-12,6.1,31.1,27.5,79,rayong
2025-07-13,3.5,31.6,27.1,80,rayong
2025-07-14,15.8,30.4,27.3,83,rayong
2025-07-15,7.1,30.9,26.5,81,rayong
2025-07-16,4.2,30.4,25.9,79,rayong
2025-07-17,8.6,30.8,25.4,82,rayong
2025-07-18,7.9,30.0,26.8,80,rayong
2025-07-19,20.6,30.3,26.5,80,rayong
2025-07-20,12.0,28.7,25.8,83,rayong
2025-07-21,6.5,28.9,26.3,83,rayong
2025-07-22,0.6,30.0,27.4,79,rayong
2025-07-23,5.7,30.0,27.5,78,rayong
2025-07-24,0.2,31.2,27.8,77,rayong
2025-07-25,0.3,31.5,27.5,76,rayong
2025-07-26,2.5,31.7,28.0,76,rayong
2025-07-27,5.2,29.4,27.5,81,rayong
2025-07-28,24.0,29.4,27.2,84,rayong
2025-07-29,9.4,30.1,26.5,81,rayong
2025-07-30,5.0,30.6,27.6,79,rayong
2025-07-31,1.9,31.8,27.4,77,rayong
2025-08-01,0.2,33.3,27.5,74,rayong
2025-08-02,0.0,32.9,28.1,74,rayong
2025-08-03,0.3,33.2,28.1,74,rayong
2025-08-04,0.0,33.4,28.2,71,rayong
2025-08-05,0.3,33.3,28.5,73,rayong
2025-08-06,1.3,32.9,27.4,73,rayong
2025-08-07,8.1,31.1,25.6,80,rayong
2025-08-08,7.6,33.0,25.0,75,rayong
2025-08-09,0.7,32.6,26.9,73,rayong
2025-08-10,3.9,34.0,26.2,71,rayong
2025-08-11,7.4,31.0,27.5,69,rayong
2025-08-12,7.2,31.8,25.6,72,rayong
2025-08-13,1.0,31.6,27.2,73,rayong
2025-08-14,9.7,32.0,26.7,72,rayong
2025-08-15,3.9,31.7,26.2,74,rayong
2025-08-16,14.4,29.5,25.5,82,rayong
2025-08-17,5.5,29.5,25.6,80,rayong
2025-08-18,10.2,31.4,24.9,78,rayong
2025-08-19,0.7,30.6,26.2,78,rayong
2025-08-20,0.8,31.8,26.1,72,rayong
2025-08-21,20.6,32.1,24.8,85,rayong
2025-08-22,25.1,27.8,24.3,89,rayong
2025-08-23,5.6,30.4,24.1,80,rayong
2025-08-24,1.3,30.3,25.9,76,rayong
2025-08-25,3.3,30.4,26.9,77,rayong
2025-08-26,17.7,29.1,26.4,82,rayong
2025-08-27,5.5,29.3,25.0,80,rayong
2025-08-28,13.4,30.3,24.3,80,rayong
2025-08-29,0.6,32.5,23.9,78,rayong
2025-08-30,0.8,32.3,27.1,74,rayong
2025-08-31,14.9,30.2,26.1,82,rayong
2025-09-01,4.0,30.5,25.3,80,rayong
2025-09-02,7.7,29.6,26.0,83,rayong
2025-09-03,12.7,30.0,25.0,84,rayong
2025-09-04,17.6,30.2,25.1,85,rayong
2025-09-05,2.7,30.5,24.9,84,rayong
2025-09-06,15.0,30.0,24.8,86,rayong
2025-09-07,20.0,29.3,24.8,87,rayong
2025-09-08,32.7,27.2,25.1,90,rayong
2025-09-09,22.5,27.7,24.7,86,rayong
2025-09-10,2.1,29.4,25.9,81,rayong
2025-09-11,0.4,30.2,25.8,81,rayong
2025-09-12,1.8,29.9,25.5,85,rayong
2025-09-13,1.6,30.6,25.1,87,rayong
2025-09-14,4.8,29.0,25.2,86,rayong
2025-09-15,2.6,29.7,24.6,83,rayong
2025-09-16,18.2,29.5,24.7,85,rayong
2025-09-17,15.4,30.2,25.6,84,rayong
2025-09-18,6.5,30.0,25.4,82,rayong
2025-09-19,8.0,28.6,26.2,81,rayong
2025-09-20,8.7,29.7,26.0,82,rayong
2025-09-21,2.1,30.4,27.3,78,rayong
2025-09-22,0.3,30.7,27.2,77,rayong
2025-09-23,12.5,29.8,24.8,81,rayong
2025-09-24,10.1,29.2,25.6,81,rayong
2025-09-25,8.1,29.7,25.8,81,rayong
2025-09-26,24.8,28.1,25.3,87,rayong
2025-09-27,12.7,28.5,25.0,89,rayong
2025-09-28,2.9,30.5,24.8,83,rayong
2025-09-29,16.3,29.8,25.7,82,rayong
2025-09-30,29.4,28.2,25.3,85,rayong
2025-10-01,31.9,29.9,24.0,84,rayong
2025-10-02,0.7,31.6,24.5,85,rayong
2025-10-03,15.3,32.0,24.7,85,rayong
2025-10-04,1.2,30.4,24.7,83,rayong
2025-10-05,1.4,29.8,26.1,79,rayong
2025-10-06,5.0,30.9,26.0,82,rayong
2025-10-07,3.8,30.7,25.0,81,rayong
2025-10-08,7.5,31.5,24.1,84,rayong
2025-10-09,0.5,30.3,25.0,87,rayong
2025-10-10,14.2,30.1,24.5,88,rayong
2025-10-11,1.8,29.9,24.0,85,rayong
2025-10-12,1.9,30.7,24.9,87,rayong
2025-10-13,1.8,30.5,25.2,87,rayong
2025-10-14,10.5,29.4,24.8,88,rayong
2025-10-15,2.0,30.8,25.4,84,rayong
2025-10-16,0.3,32.4,24.7,81,rayong
2025-10-17,0.3,32.7,25.5,79,rayong
2025-10-18,7.7,30.9,25.2,85,rayong
2025-10-19,1.1,31.7,24.9,82,rayong
2025-10-20,3.5,31.7,25.4,84,rayong
2025-10-21,0.2,32.1,25.1,78,rayong
2025-10-22,0.0,32.4,24.9,68,rayong
2025-10-23,0.0,31.1,24.4,67,rayong
2025-10-24,0.0,31.7,24.4,70,rayong
2025-10-25,13.5,31.0,24.1,78,rayong
2025-10-26,0.8,31.6,25.4,73,rayong
2025-10-27,1.8,31.2,24.5,73,rayong
2025-10-28,0.7,30.5,24.2,76,rayong
2025-10-29,6.8,29.1,24.5,78,rayong
2025-10-30,1.6,29.4,24.7,80,rayong
2025-10-31,34.5,28.5,25.0,89,rayong
2025-11-01,20.6,28.6,24.8,90,rayong
2025-11-02,8.2,29.1,24.7,90,rayong
2025-11-03,10.6,30.4,24.5,90,rayong
2025-11-04,6.1,30.6,24.4,81,rayong
2025-11-05,0.6,30.4,24.0,79,rayong
2025-11-06,2.8,30.4,24.6,82,rayong
2025-11-07,0.6,30.3,25.8,82,rayong
2025-11-08,5.4,30.5,24.9,87,rayong
2025-11-09,1.5,31.0,24.6,86,rayong
2025-11-10,9.4,31.7,23.3,86,rayong
2025-11-11,2.0,32.2,24.3,85,rayong
2025-11-12,2.6,31.9,24.8,87,rayong
2025-11-13,7.2,30.4,24.6,86,rayong
2025-11-14,0.0,31.3,25.0,73,rayong
2025-11-15,0.0,29.5,22.2,65,rayong
2025-11-16,0.2,31.1,22.7,71,rayong
2025-11-17,17.8,30.3,23.8,80,rayong
2025-11-18,14.6,30.1,24.5,79,rayong
2025-11-19,5.6,29.3,22.7,73,rayong
2025-11-20,14.2,25.5,21.1,66,rayong
2025-11-21,0.0,24.7,21.4,67,rayong
2025-11-22,0.0,29.4,21.6,65,rayong
2025-11-23,0.0,30.2,22.2,66,rayong
2025-11-24,0.0,31.8,24.0,66,rayong
2025-11-25,0.0,30.3,23.7,63,rayong
2025-11-26,0.0,29.5,21.8,61,rayong
2025-11-27,0.0,28.6,21.4,57,rayong
2025-11-28,0.0,27.2,18.4,52,rayong
2025-11-29,0.0,29.2,18.8,57,rayong
2025-11-30,0.0,30.9,19.1,64,rayong
2025-12-01,0.0,31.2,20.8,65,rayong
2025-12-02,0.0,31.4,22.3,69,rayong
2025-12-03,0.0,32.6,23.5,70,rayong
2025-12-04,1.7,32.6,25.1,64,rayong
2025-12-05,5.9,31.2,23.7,82,rayong
2025-12-06,0.9,31.3,24.1,74,rayong
2025-12-07,0.0,32.3,23.9,67,rayong
2025-12-08,0.0,30.3,22.8,60,rayong
2025-12-09,0.0,30.8,22.3,60,rayong
2025-12-10,0.0,31.2,22.1,62,rayong
2025-12-11,0.4,30.3,23.8,69,rayong
2025-12-12,1.4,30.1,23.3,80,rayong
2025-12-13,0.3,32.0,24.1,72,rayong
2025-12-14,0.3,31.7,24.5,71,rayong
2025-12-15,0.0,31.7,24.4,66,rayong
2025-12-16,0.2,32.2,23.7,67,rayong
2025-12-17,0.0,32.3,23.9,65,rayong
2025-12-18,0.4,31.5,24.5,65,rayong
2025-12-19,0.0,31.6,23.5,62,rayong
2025-12-20,0.0,32.4,22.8,60,rayong
2025-12-21,0.0,31.8,21.5,56,rayong
2025-12-22,0.6,32.0,23.2,67,rayong
2025-12-23,0.1,31.9,23.1,72,rayong
2025-12-24,0.0,32.8,23.7,71,rayong
2025-12-25,0.0,33.4,24.0,65,rayong
2025-12-26,0.0,30.3,25.8,64,rayong
2025-12-27,0.0,31.8,23.8,60,rayong
2025-12-28,0.0,32.2,23.7,58,rayong
2025-12-29,0.0,32.5,23.2,53,rayong
2025-12-30,0.0,31.9,21.6,58,rayong
2025-12-31,0.0,31.2,20.9,64,rayong
2026-01-01,0.0,31.4,21.1,69,rayong
2026-01-02,0.0,31.6,21.3,67,rayong
2026-01-03,0.0,31.4,22.1,57,rayong
2026-01-04,0.0,31.0,21.9,55,rayong
2026-01-05,0.0,31.6,21.3,56,rayong
2026-01-06,0.0,32.3,22.7,54,rayong
2026-01-07,0.0,30.4,21.8,54,rayong
2026-01-08,0.0,28.7,20.8,52,rayong
2026-01-09,0.0,28.0,18.7,52,rayong
2026-01-10,0.0,29.4,18.3,52,rayong
2026-01-11,0.0,29.1,19.1,49,rayong
2026-01-12,0.0,30.4,19.7,54,rayong
2026-01-13,0.0,31.4,20.8,55,rayong
2026-01-14,0.0,31.4,21.2,60,rayong
2026-01-15,0.0,31.1,21.0,72,rayong
2026-01-16,0.4,30.3,22.3,78,rayong
2026-01-17,0.9,30.1,23.1,78,rayong
2026-01-18,3.1,30.5,23.8,80,rayong
2026-01-19,2.3,30.1,23.2,80,rayong
2026-01-20,3.4,30.3,22.8,80,rayong
2026-01-21,4.1,29.7,23.7,80,rayong
2026-01-22,0.0,32.3,22.1,65,rayong
2026-01-23,0.0,31.9,21.8,49,rayong
2026-01-24,0.0,32.0,20.8,50,rayong
2026-01-25,0.0,31.8,20.5,61,rayong
2026-01-26,0.0,31.8,20.3,69,rayong
2026-01-27,0.0,31.9,19.9,66,rayong
2026-01-28,0.0,32.1,20.6,67,rayong
2026-01-29,0.0,31.4,21.5,69,rayong
2026-01-30,0.4,30.8,24.0,76,rayong
2026-01-31,1.9,30.8,23.4,77,rayong
2026-02-01,0.1,32.7,22.8,69,rayong
2026-02-02,0.0,31.9,22.5,51,rayong
2026-02-03,0.0,32.0,23.0,60,rayong
2026-02-04,0.0,32.8,22.9,62,rayong
2026-02-05,0.4,30.8,23.1,72,rayong
2026-02-06,0.7,30.6,25.6,76,rayong
2026-02-07,0.2,30.6,25.0,79,rayong
2026-02-08,3.3,30.2,24.8,80,rayong
2026-02-09,1.3,31.1,24.1,72,rayong
2026-02-10,0.0,32.3,22.6,71,rayong
2026-02-11,0.0,33.3,22.9,70,rayong
2026-02-12,2.2,31.1,25.6,79,rayong
2026-02-13,2.1,30.4,24.2,80,rayong
2026-02-14,2.0,31.1,25.0,81,rayong
2026-02-15,2.8,31.2,24.8,80,rayong
2026-02-16,2.4,31.6,25.1,80,rayong
2026-02-17,1.8,30.5,25.9,80,rayong
2026-02-18,2.6,31.4,23.9,79,rayong
2026-02-19,0.0,33.2,24.4,76,rayong
2026-02-20,0.0,33.0,23.9,74,rayong
2026-02-21,0.6,31.9,24.1,75,rayong
2026-02-22,0.6,31.4,27.0,76,rayong
2026-02-23,1.3,31.3,25.2,80,rayong
2026-02-24,0.8,31.4,26.8,74,rayong
2026-02-25,1.3,31.7,26.3,73,rayong
2026-02-26,0.6,31.2,25.8,76,rayong
2026-02-27,0.5,31.8,24.2,74,rayong
2026-02-28,0.7,31.1,26.4,77,rayong
2026-03-01,0.1,31.7,26.5,75,rayong
2026-03-02,0.0,32.2,26.4,78,rayong
2026-03-03,0.0,32.1,26.7,78,rayong
2026-03-04,0.0,32.8,25.9,71,rayong
2026-03-05,0.0,31.9,26.5,72,rayong
2026-03-06,2.2,31.3,24.8,76,rayong
2026-03-07,1.0,33.7,23.6,70,rayong
2026-03-08,0.4,32.4,25.5,72,rayong
2026-03-09,0.1,34.4,24.7,68,rayong
2026-03-10,1.7,32.6,25.0,70,rayong
2026-03-11,0.2,32.5,24.5,68,rayong
2026-03-12,5.7,31.1,23.8,73,rayong
2026-03-13,5.4,31.7,22.9,74,rayong
2026-03-14,0.0,32.9,23.2,68,rayong
2026-03-15,0.3,32.6,24.0,68,rayong
2026-03-16,2.8,31.4,24.6,75,rayong
2026-03-17,1.3,30.1,24.3,75,rayong
2026-03-18,0.2,30.6,24.8,75,rayong
2026-03-19,1.2,31.2,24.2,73,rayong
2026-03-20,4.3,31.2,23.4,74,rayong
2026-03-21,2.2,31.9,26.5,73,rayong
2026-03-22,2.3,31.6,25.9,77,rayong
2026-03-23,1.4,31.2,25.7,76,rayong
2026-03-24,0.2,31.5,26.0,74,rayong
2026-03-25,0.3,32.0,26.6,73,rayong
2026-03-26,0.1,32.6,26.3,73,rayong
2026-03-27,0.0,32.3,27.7,73,rayong
2026-03-28,0.2,31.7,26.8,73,rayong
2026-03-29,0.4,31.9,27.6,69,rayong
2026-03-30,0.1,31.6,26.9,69,rayong
2026-03-31,0.0,32.4,27.1,69,rayong
2026-04-01,0.6,32.6,27.7,75,rayong
2026-04-02,0.0,32.6,27.2,75,rayong
2026-04-03,0.3,32.2,27.6,71,rayong
2026-04-04,0.3,32.0,28.2,72,rayong
2026-04-05,0.1,32.9,28.3,74,rayong
2026-04-06,0.3,32.8,28.1,75,rayong
2026-04-07,0.0,32.9,28.1,72,rayong
2026-04-08,0.1,33.2,27.7,78,rayong
2026-04-09,0.0,33.1,27.4,73,rayong
2026-04-10,0.0,32.7,27.8,73,rayong
2026-04-11,0.0,33.5,28.0,72,rayong
2026-04-12,0.0,33.3,28.4,73,rayong
2026-04-13,0.8,32.7,28.3,77,rayong
2026-04-14,0.3,33.0,28.7,75,rayong
2026-04-15,0.0,33.3,28.8,75,rayong
2026-04-16,0.0,33.4,28.9,73,rayong
2026-04-17,0.6,33.7,29.2,70,rayong
2026-04-18,0.0,33.9,28.6,69,rayong
2026-04-19,3.0,32.6,27.6,73,rayong
2026-04-20,1.2,31.0,26.2,75,rayong
2026-04-21,2.1,32.1,26.4,75,rayong
2026-04-22,2.0,31.4,26.9,75,rayong
2026-04-23,1.3,32.3,26.7,72,rayong
2026-04-24,0.0,33.4,28.9,65,rayong
2026-04-25,0.3,33.2,28.5,65,rayong
2026-04-26,0.3,33.4,27.0,66,rayong
2026-04-27,3.7,33.5,28.0,69,rayong
2026-04-28,1.8,33.3,28.9,68,rayong
2026-04-29,6.6,32.1,29.1,71,rayong
2026-04-30,0.5,33.7,28.3,73,rayong
2026-05-01,1.1,32.6,25.5,73,rayong
2026-05-02,0.0,32.7,26.8,73,rayong
2026-05-03,3.8,33.0,27.9,75,rayong
2026-05-04,4.0,31.4,27.9,79,rayong
2026-05-05,2.2,31.0,25.0,83,rayong
2026-05-06,3.7,31.5,26.9,82,rayong
2026-05-07,5.4,31.8,26.2,81,rayong
2026-05-08,15.8,31.4,25.5,84,rayong
2026-05-09,0.9,32.8,25.4,80,rayong
2026-05-10,4.0,32.1,26.3,80,rayong
2026-05-11,3.1,32.4,26.4,83,rayong
2026-05-12,4.6,30.2,25.3,85,rayong
2026-05-13,10.4,31.1,27.2,78,rayong
2026-05-14,1.6,32.5,27.2,76,rayong
2026-05-15,1.5,32.9,28.4,73,rayong
2026-05-16,3.4,32.8,28.3,73,rayong
2026-05-17,1.6,32.6,28.5,69,rayong
2026-05-18,1.4,31.9,28.4,71,rayong
2026-05-19,1.1,32.6,27.9,67,rayong
2026-05-20,2.5,33.8,27.0,67,rayong
2026-05-21,1.7,33.3,28.8,67,rayong
2026-05-22,7.8,31.3,27.1,77,rayong
2026-05-23,2.8,32.0,28.1,74,rayong
2026-05-24,0.3,32.5,28.8,71,rayong
2026-05-25,5.8,32.7,26.4,77,rayong
2026-05-26,0.4,32.4,28.4,75,rayong
2026-05-27,6.5,33.0,27.5,74,rayong
2026-05-28,1.3,32.7,28.6,72,rayong
2026-05-29,4.9,33.8,28.5,70,rayong
2026-05-30,8.7,32.6,26.2,78,rayong
2026-05-31,5.1,33.6,26.9,75,rayong
2026-06-01,3.8,31.8,26.8,75,rayong
2026-06-02,4.8,31.7,26.9,76,rayong
2026-06-03,7.5,31.3,27.0,75,rayong
2026-06-04,10.3,30.9,26.5,75,rayong
2026-06-05,10.5,31.8,26.4,74,rayong
2026-06-06,12.2,31.3,27.1,78,rayong
2026-06-07,13.4,30.4,26.4,80,rayong
2026-06-08,10.7,31.2,27.2,82,rayong
2026-06-09,6.4,31.9,27.4,80,rayong
2026-06-10,16.1,31.2,26.4,79,rayong
2026-06-11,13.6,32.1,26.1,81,rayong
2026-06-12,5.8,30.9,25.5,82,rayong
2026-06-13,0.4,33.6,27.6,72,rayong
2026-06-14,0.5,33.4,28.4,72,rayong
2026-06-15,2.1,32.3,28.3,73,rayong
2026-06-16,4.0,32.5,25.6,72,rayong
2026-06-17,0.4,33.6,25.7,75,rayong
2026-06-18,7.3,32.8,26.0,79,rayong
2026-06-19,7.5,33.0,26.0,85,rayong
2026-06-20,2.4,31.4,25.5,84,rayong
2026-06-21,2.1,31.9,27.4,77,rayong
2026-06-22,3.2,33.1,25.8,73,rayong
2026-06-23,2.9,33.8,27.4,72,rayong
2026-06-24,2.6,34.7,28.6,67,rayong
2026-06-25,9.5,33.7,26.9,73,rayong
2026-06-26,1.2,33.5,27.1,72,rayong
2026-06-27,1.5,32.4,28.6,69,rayong
2026-06-28,3.1,33.6,27.3,70,rayong
2026-06-29,2.7,32.7,28.0,70,rayong
2026-06-30,13.8,33.7,25.6,70,rayong
2026-07-01,14.9,31.0,24.8,78,rayong
2026-07-02,18.9,31.8,26.4,78,rayong
2026-07-03,2.6,30.6,27.2,77,rayong
2026-07-04,54.0,29.7,25.3,83,rayong
2026-07-05,4.5,31.9,26.8,79,rayong
2026-07-06,29.9,31.5,25.8,81,rayong
2026-07-07,5.5,32.0,27.5,78,rayong
2026-07-08,0.2,32.4,28.1,70,rayong
2026-07-09,0.4,33.0,28.4,66,rayong
2026-07-10,0.2,33.5,27.9,69,rayong
2026-07-11,2.4,32.6,28.1,69,rayong
2026-07-12,22.3,32.0,25.7,77,rayong
2026-07-13,27.6,29.6,25.8,84,rayong
2026-07-14,15.5,30.4,25.1,80,rayong
2026-07-15,2.8,30.6,27.0,76,rayong
2026-07-16,2.8,31.0,27.2,74,rayong
2026-07-17,1.4,30.9,27.6,75,rayong
2026-07-18,1.3,32.6,27.4,71,rayong
2026-07-19,0.9,32.7,27.6,71,rayong
2026-07-20,0.5,33.0,26.9,68,rayong
2026-07-21,0.5,33.1,27.7,67,rayong
2026-07-22,1.8,32.8,28.3,68,rayong
2026-07-23,8.7,33.7,24.9,75,rayong
2026-07-24,5.5,32.0,27.4,75,rayong
2026-07-25,11.1,33.8,26.5,73,rayong
2026-07-26,0.5,32.7,27.9,65,rayong
2026-07-27,6.6,33.8,25.8,68,rayong
2026-07-28,3.9,33.3,26.9,70,rayong
2026-07-29,17.6,29.5,26.4,84,rayong
2026-07-30,15.9,29.3,25.5,87,rayong
2026-07-31,12.2,29.9,24.6,83,rayong
2026-08-01,0.1,30.7,26.0,79,rayong
2026-08-02,0.5,31.3,27.5,76,rayong
2026-08-03,1.0,31.8,27.8,73,rayong
2026-08-04,1.6,31.7,27.2,73,rayong
2026-08-05,7.7,31.8,26.5,76,rayong
2026-08-06,15.9,30.2,26.2,81,rayong
2026-08-07,16.7,30.3,26.0,79,rayong
2026-08-08,5.5,30.4,26.9,79,rayong
2026-08-09,7.9,29.7,27.4,80,rayong
2026-08-10,11.2,30.9,25.7,79,rayong
2026-08-11,2.5,30.7,27.2,78,rayong
2026-08-12,4.6,31.1,27.7,76,rayong
2026-08-13,3.1,30.7,27.7,76,rayong
2026-08-14,3.3,30.7,27.9,76,rayong
2026-08-15,5.2,31.4,28.1,75,rayong
2026-08-16,3.0,30.5,27.8,76,rayong
2026-08-17,13.8,31.1,26.9,81,rayong
2026-08-18,9.8,31.5,26.4,81,rayong
2026-08-19,11.4,31.1,26.8,81,rayong
2026-08-20,4.2,29.7,26.8,79,rayong
2026-08-21,9.1,30.9,26.6,78,rayong
2026-08-22,7.2,30.4,25.8,79,rayong
2026-08-23,7.6,31.3,27.3,76,rayong
2026-08-24,3.8,31.2,27.6,76,rayong
2026-08-25,2.1,31.6,27.6,71,rayong
2026-08-26,2.8,31.2,27.5,72,rayong
2026-08-27,3.6,31.3,27.4,75,rayong
2026-08-28,29.6,29.6,25.7,80,rayong
2026-08-29,22.9,29.7,25.2,83,rayong
2026-08-30,4.3,30.5,26.5,80,rayong
2026-08-31,11.0,29.9,26.9,80,rayong
2026-09-01,2.6,30.9,26.1,82,rayong
2026-09-02,4.3,31.2,27.6,78,rayong
2026-09-03,0.9,32.5,27.5,75,rayong
2026-09-04,4.4,32.4,25.6,78,rayong
2026-09-05,0.5,32.1,26.6,80,rayong
2026-09-06,5.5,31.0,28.1,77,rayong
2026-09-07,2.8,31.2,26.6,78,rayong
2026-09-08,6.9,31.5,28.1,74,rayong
2026-09-09,3.1,31.1,27.7,74,rayong
2026-09-10,17.9,32.1,26.9,78,rayong
2026-09-11,13.9,30.1,24.5,89,rayong
2026-09-12,35.1,30.3,24.2,89,rayong
2026-09-13,10.3,31.4,24.8,82,rayong
2026-09-14,10.7,31.0,24.8,77,rayong
2026-09-15,12.7,31.0,25.7,79,rayong
2026-09-16,8.6,30.7,26.2,78,rayong
2026-09-17,11.3,29.9,26.4,81,rayong
2026-09-18,10.3,30.7,26.2,83,rayong
2026-09-19,9.4,30.0,25.8,86,rayong
2026-09-20,8.7,30.3,25.7,87,rayong
2026-09-21,15.6,30.6,25.0,87,rayong
2010-01-01,0.7,30.9,24.7,81,trad
2010-01-02,0.1,30.3,24.7,82,trad
2010-01-03,0.0,31.4,23.5,80,trad
2010-01-04,2.5,29.0,24.2,83,trad
2010-01-05,7.6,28.6,24.3,86,trad
2010-01-06,13.8,29.6,24.3,84,trad
2010-01-07,5.1,29.9,23.8,83,trad
2010-01-08,2.8,30.0,23.6,79,trad
2010-01-09,0.0,29.7,23.2,76,trad
2010-01-10,1.5,28.6,23.7,84,trad
2010-01-11,0.3,29.3,22.7,84,trad
2010-01-12,1.6,30.7,22.9,82,trad
2010-01-13,0.4,30.7,23.3,78,trad
2010-01-14,0.0,30.6,22.8,66,trad
2010-01-15,0.0,30.4,22.6,63,trad
2010-01-16,0.0,30.0,22.1,65,trad
2010-01-17,0.0,30.6,21.9,60,trad
2010-01-18,0.0,30.3,21.3,56,trad
2010-01-19,0.0,30.2,21.8,59,trad
2010-01-20,4.8,26.3,22.8,77,trad
2010-01-21,12.3,25.8,22.6,91,trad
2010-01-22,3.4,28.4,22.8,87,trad
2010-01-23,1.2,28.8,22.7,85,trad
2010-01-24,2.7,27.8,23.8,86,trad
2010-01-25,0.1,30.1,22.2,83,trad
2010-01-26,0.3,30.9,23.1,79,trad
2010-01-27,0.0,31.0,24.0,75,trad
2010-01-28,2.7,28.9,24.0,84,trad
2010-01-29,0.8,29.8,24.3,83,trad
2010-01-30,2.6,29.0,24.7,84,trad
2010-01-31,1.4,29.0,24.9,85,trad
2010-02-01,2.1,28.5,24.6,86,trad
2010-02-02,2.0,29.3,24.7,84,trad
2010-02-03,1.1,30.2,23.7,83,trad
2010-02-04,8.2,29.5,24.8,85,trad
2010-02-05,0.9,29.2,24.0,85,trad
2010-02-06,0.7,29.5,24.0,81,trad
2010-02-07,0.6,30.1,24.1,81,trad
2010-02-08,0.9,29.6,24.7,81,trad
2010-02-09,0.0,30.6,23.6,82,trad
2010-02-10,0.0,30.6,24.3,79,trad
2010-02-11,0.0,31.7,25.0,79,trad
2010-02-12,0.1,29.9,25.4,79,trad
2010-02-13,0.7,29.8,25.9,81,trad
2010-02-14,2.3,29.5,24.6,83,trad
2010-02-15,1.4,29.4,24.7,81,trad
2010-02-16,0.2,30.5,25.0,81,trad
2010-02-17,0.4,30.4,24.7,79,trad
2010-02-18,0.6,31.0,23.7,78,trad
2010-02-19,1.4,32.5,25.1,77,trad
2010-02-20,5.7,28.4,24.3,85,trad
2010-02-21,1.6,28.3,23.6,85,trad
2010-02-22,0.5,29.6,24.6,83,trad
2010-02-23,2.1,29.3,24.2,85,trad
2010-02-24,0.8,29.5,24.9,86,trad
2010-02-25,0.4,30.7,24.7,82,trad
2010-02-26,0.0,31.2,24.4,81,trad
2010-02-27,0.0,30.9,24.4,82,trad
2010-02-28,0.0,31.1,25.1,80,trad
2010-03-01,0.0,31.0,25.0,80,trad
2010-03-02,0.0,30.9,24.6,79,trad
2010-03-03,0.0,31.2,23.3,80,trad
2010-03-04,0.0,31.0,23.6,78,trad
2010-03-05,0.0,31.4,23.1,79,trad
2010-03-06,0.0,31.2,23.1,80,trad
2010-03-07,0.0,31.3,23.0,79,trad
2010-03-08,0.0,31.5,24.1,78,trad
2010-03-09,1.0,31.5,25.0,79,trad
2010-03-10,0.0,32.5,26.0,73,trad
2010-03-11,0.0,34.2,24.2,54,trad
2010-03-12,0.0,33.7,24.0,70,trad
2010-03-13,1.0,31.3,25.8,79,trad
2010-03-14,0.6,30.7,25.2,82,trad
2010-03-15,0.5,31.8,25.6,78,trad
2010-03-16,2.4,32.2,26.1,78,trad
2010-03-17,2.9,31.6,25.2,77,trad
2010-03-18,0.0,34.6,25.2,71,trad
2010-03-19,2.0,29.9,25.3,81,trad
2010-03-20,1.0,31.0,25.8,79,trad
2010-03-21,2.6,31.1,25.9,79,trad
2010-03-22,0.4,30.3,25.7,79,trad
2010-03-23,2.1,31.7,25.2,81,trad
2010-03-24,0.0,32.2,26.3,75,trad
2010-03-25,0.2,33.9,26.8,75,trad
2010-03-26,21.6,28.1,24.6,88,trad
2010-03-27,0.0,32.5,24.1,70,trad
2010-03-28,1.7,32.7,25.2,78,trad
2010-03-29,4.9,30.9,25.2,84,trad
2010-03-30,7.3,28.9,24.8,86,trad
2010-03-31,16.9,27.8,25.2,89,trad
2010-04-01,1.7,30.6,24.6,84,trad
2010-04-02,4.4,30.7,25.3,84,trad
2010-04-03,11.9,30.0,26.0,88,trad
2010-04-04,2.5,30.5,25.6,84,trad
2010-04-05,0.0,31.4,26.1,81,trad
2010-04-06,0.4,31.2,26.3,83,trad
2010-04-07,0.2,32.1,26.4,80,trad
2010-04-08,5.1,30.6,26.8,84,trad
2010-04-09,0.1,31.8,26.3,79,trad
2010-04-10,0.0,31.5,26.1,78,trad
2010-04-11,0.0,31.6,25.0,78,trad
2010-04-12,0.0,31.8,25.1,77,trad
2010-04-13,0.0,31.9,24.9,79,trad
2010-04-14,1.1,32.0,25.6,78,trad
2010-04-15,5.0,32.5,26.7,80,trad
2010-04-16,9.6,30.4,26.0,85,trad
2010-04-17,31.0,30.3,24.9,88,trad
2010-04-18,10.2,30.1,24.4,86,trad
2010-04-19,5.2,30.3,24.8,86,trad
2010-04-20,1.2,30.3,25.5,87,trad
2010-04-21,0.2,31.2,26.1,82,trad
2010-04-22,0.3,31.2,25.9,83,trad
2010-04-23,8.6,31.5,26.3,85,trad
2010-04-24,17.3,30.8,25.5,85,trad
2010-04-25,2.4,31.1,25.6,82,trad
2010-04-26,3.6,31.0,25.7,83,trad
2010-04-27,8.7,30.3,25.9,86,trad
2010-04-28,5.8,30.7,25.0,86,trad
2010-04-29,3.3,30.8,25.8,87,trad
2010-04-30,12.6,30.9,25.1,86,trad
2010-05-01,24.7,29.1,25.5,88,trad
2010-05-02,6.0,29.6,25.6,87,trad
2010-05-03,6.2,29.5,26.4,88,trad
2010-05-04,1.8,30.6,25.6,88,trad
2010-05-05,2.4,30.7,26.4,84,trad
2010-05-06,0.9,31.7,26.7,82,trad
2010-05-07,0.1,31.4,26.5,82,trad
2010-05-08,0.0,32.1,26.6,80,trad
2010-05-09,0.3,32.0,26.5,81,trad
2010-05-10,0.6,32.0,26.7,82,trad
2010-05-11,9.7,31.5,26.6,87,trad
2010-05-12,7.0,29.9,26.5,89,trad
2010-05-13,5.3,31.3,26.0,85,trad
2010-05-14,4.9,31.5,27.0,86,trad
2010-05-15,14.3,30.4,26.5,88,trad
2010-05-16,3.1,32.1,26.5,84,trad
2010-05-17,8.1,30.8,26.2,86,trad
2010-05-18,8.0,31.7,26.5,84,trad
2010-05-19,10.3,30.5,25.4,86,trad
2010-05-20,4.4,31.2,26.5,85,trad
2010-05-21,3.3,31.4,26.5,85,trad
2010-05-22,13.2,28.6,26.1,89,trad
2010-05-23,14.4,30.1,26.1,90,trad
2010-05-24,11.7,28.9,25.7,90,trad
2010-05-25,32.1,30.2,25.4,89,trad
2010-05-26,40.9,28.1,25.4,94,trad
2010-05-27,16.8,27.9,25.4,93,trad
2010-05-28,28.9,27.0,25.1,96,trad
2010-05-29,2.3,30.4,25.4,85,trad
2010-05-30,6.6,30.1,25.8,88,trad
2010-05-31,3.8,30.6,26.1,85,trad
2010-06-01,5.7,30.7,26.3,85,trad
2010-06-02,20.2,28.8,25.7,92,trad
2010-06-03,16.1,29.1,25.6,90,trad
2010-06-04,9.8,28.9,25.7,89,trad
2010-06-05,5.6,29.6,25.9,88,trad
2010-06-06,15.8,28.7,25.9,91,trad
2010-06-07,16.7,28.9,25.4,91,trad
2010-06-08,19.1,29.0,25.2,90,trad
2010-06-09,17.6,29.6,25.2,92,trad
2010-06-10,17.0,27.2,24.8,92,trad
2010-06-11,4.1,30.7,24.9,87,trad
2010-06-12,1.4,31.0,26.3,84,trad
2010-06-13,4.9,30.4,26.4,87,trad
2010-06-14,3.4,30.7,25.0,87,trad
2010-06-15,23.5,29.3,25.0,88,trad
2010-06-16,8.1,30.3,25.5,86,trad
2010-06-17,10.8,29.5,25.5,89,trad
2010-06-18,17.2,28.3,25.1,92,trad
2010-06-19,16.8,28.8,25.3,91,trad
2010-06-20,13.3,29.2,25.6,88,trad
2010-06-21,20.2,27.8,25.2,92,trad
2010-06-22,23.0,27.1,24.9,93,trad
2010-06-23,18.1,28.3,25.0,93,trad
2010-06-24,12.8,28.3,24.9,89,trad
2010-06-25,14.0,29.6,24.7,88,trad
2010-06-26,12.0,29.7,25.0,90,trad
2010-06-27,10.3,29.3,24.9,90,trad
2010-06-28,15.3,27.9,25.2,91,trad
2010-06-29,16.2,26.4,24.8,95,trad
2010-06-30,13.6,28.5,24.9,90,trad
2010-07-01,15.2,28.5,25.0,90,trad
2010-07-02,9.7,27.5,24.9,90,trad
2010-07-03,12.7,28.1,24.4,91,trad
2010-07-04,17.0,28.0,24.4,92,trad
2010-07-05,3.1,30.0,24.7,85,trad
2010-07-06,4.7,29.7,25.3,85,trad
2010-07-07,9.5,29.7,25.2,87,trad
2010-07-08,3.1,29.8,24.9,88,trad
2010-07-09,10.1,28.6,24.7,90,trad
2010-07-10,6.7,29.0,24.8,88,trad
2010-07-11,4.5,28.4,25.0,89,trad
2010-07-12,7.0,29.6,25.2,86,trad
2010-07-13,9.5,29.3,25.1,88,trad
2010-07-14,10.0,29.3,25.3,88,trad
2010-07-15,14.2,27.2,25.2,92,trad
2010-07-16,15.0,27.8,24.8,92,trad
2010-07-17,13.7,27.5,25.0,93,trad
2010-07-18,10.5,28.0,24.7,92,trad
2010-07-19,5.8,29.0,24.9,89,trad
2010-07-20,1.4,29.9,25.2,85,trad
2010-07-21,7.7,28.9,24.9,89,trad
2010-07-22,9.8,29.7,24.8,90,trad
2010-07-23,43.6,26.9,24.6,94,trad
2010-07-24,28.6,27.4,24.6,92,trad
2010-07-25,37.1,27.4,24.6,93,trad
2010-07-26,26.5,27.0,24.4,95,trad
2010-07-27,30.4,28.1,24.4,93,trad
2010-07-28,8.8,28.0,24.6,91,trad
2010-07-29,21.3,27.9,24.2,91,trad
2010-07-30,16.0,28.5,24.5,91,trad
2010-07-31,12.4,28.8,24.3,90,trad
2010-08-01,25.8,27.6,24.5,93,trad
2010-08-02,26.4,26.5,24.4,94,trad
2010-08-03,23.5,27.9,24.4,92,trad
2010-08-04,15.9,29.0,24.6,91,trad
2010-08-05,0.8,29.7,24.7,85,trad
2010-08-06,17.7,28.1,24.8,90,trad
2010-08-07,29.7,27.6,24.7,91,trad
2010-08-08,16.2,28.5,24.5,89,trad
2010-08-09,27.5,27.9,24.5,90,trad
2010-08-10,12.7,27.5,24.5,91,trad
2010-08-11,22.0,27.6,24.6,94,trad
2010-08-12,16.5,27.0,24.6,94,trad
2010-08-13,13.2,28.6,24.7,90,trad
2010-08-14,26.4,27.4,24.5,93,trad
2010-08-15,9.8,28.3,24.6,90,trad
2010-08-16,2.5,29.6,24.5,86,trad
2010-08-17,4.0,29.1,24.9,87,trad
2010-08-18,5.0,29.6,24.6,85,trad
2010-08-19,5.8,30.9,24.6,85,trad
2010-08-20,31.3,27.4,24.7,92,trad
2010-08-21,12.3,26.7,24.5,93,trad
2010-08-22,4.5,29.1,24.4,87,trad
2010-08-23,27.3,26.2,24.3,95,trad
2010-08-24,28.7,26.1,24.3,95,trad
2010-08-25,3.0,29.6,24.6,89,trad
2010-08-26,4.5,29.3,24.5,87,trad
2010-08-27,2.8,29.3,24.3,86,trad
2010-08-28,17.5,27.5,24.9,90,trad
2010-08-29,26.5,26.6,24.6,94,trad
2010-08-30,9.5,27.8,24.8,91,trad
2010-08-31,8.3,29.5,24.2,89,trad
2010-09-01,5.0,29.4,24.6,88,trad
2010-09-02,10.6,28.8,24.6,90,trad
2010-09-03,21.2,28.2,24.5,93,trad
2010-09-04,20.7,27.2,24.5,93,trad
2010-09-05,8.1,28.4,24.7,87,trad
2010-09-06,11.4,28.4,24.3,91,trad
2010-09-07,5.2,28.7,24.5,89,trad
2010-09-08,5.1,28.8,24.8,87,trad
2010-09-09,11.4,28.9,24.5,90,trad
2010-09-10,19.6,27.0,24.6,92,trad
2010-09-11,9.8,28.4,24.2,92,trad
2010-09-12,11.2,28.3,24.0,90,trad
2010-09-13,9.0,28.6,24.8,89,trad
2010-09-14,21.8,26.6,24.1,92,trad
2010-09-15,5.8,29.0,23.6,85,trad
2010-09-16,10.9,29.0,23.9,87,trad
2010-09-17,23.2,27.9,24.6,91,trad
2010-09-18,14.2,27.4,24.1,92,trad
2010-09-19,1.8,29.4,24.8,85,trad
2010-09-20,0.0,29.9,24.3,82,trad
2010-09-21,6.9,29.0,24.8,88,trad
2010-09-22,8.2,29.5,25.1,89,trad
2010-09-23,5.3,29.2,24.8,89,trad
2010-09-24,3.8,29.0,24.9,87,trad
2010-09-25,4.1,29.5,24.8,88,trad
2010-09-26,10.6,29.8,25.0,89,trad
2010-09-27,11.8,28.2,25.2,90,trad
2010-09-28,17.4,28.9,24.3,89,trad
2010-09-29,9.3,29.3,24.2,90,trad
2010-09-30,8.2,30.5,24.8,87,trad
2010-10-01,1.6,30.6,24.3,84,trad
2010-10-02,32.2,28.9,24.7,89,trad
2010-10-03,13.1,27.5,24.4,91,trad
2010-10-04,22.3,26.7,24.4,93,trad
2010-10-05,14.2,28.8,24.5,94,trad
2010-10-06,5.3,28.8,24.5,88,trad
2010-10-07,3.0,29.6,24.8,86,trad
2010-10-08,3.4,29.9,25.2,85,trad
2010-10-09,7.3,28.8,24.3,89,trad
2010-10-10,24.0,28.9,24.5,91,trad
2010-10-11,28.2,26.1,24.1,94,trad
2010-10-12,66.6,27.3,24.1,91,trad
2010-10-13,30.8,27.7,24.1,91,trad
2010-10-14,45.1,24.7,23.8,96,trad
2010-10-15,15.9,26.1,23.5,95,trad
2010-10-16,9.5,27.1,23.3,89,trad
2010-10-17,18.5,26.5,23.9,94,trad
2010-10-18,10.6,27.3,23.8,93,trad
2010-10-19,3.6,28.5,23.6,90,trad
2010-10-20,8.3,28.6,23.8,89,trad
2010-10-21,0.2,29.8,23.9,83,trad
2010-10-22,8.7,29.3,24.2,85,trad
2010-10-23,1.9,29.5,24.3,86,trad
2010-10-24,9.0,29.3,23.7,88,trad
2010-10-25,7.0,28.6,24.1,88,trad
2010-10-26,18.0,27.6,23.8,91,trad
2010-10-27,10.2,29.0,24.2,89,trad
2010-10-28,1.2,28.5,23.4,83,trad
2010-10-29,0.0,28.0,23.1,72,trad
2010-10-30,0.0,26.3,21.1,70,trad
2010-10-31,0.0,23.5,20.7,70,trad
2010-11-01,2.6,23.6,20.1,76,trad
2010-11-02,0.5,27.6,22.3,77,trad
2010-11-03,0.1,27.5,22.9,75,trad
2010-11-04,0.0,27.2,21.6,68,trad
2010-11-05,0.0,27.5,21.5,70,trad
2010-11-06,0.0,28.0,21.8,72,trad
2010-11-07,0.2,29.5,22.4,77,trad
2010-11-08,0.2,27.7,24.0,79,trad
2010-11-09,3.6,25.5,22.9,78,trad
2010-11-10,3.3,28.2,22.5,81,trad
2010-11-11,0.6,28.0,21.9,83,trad
2010-11-12,0.0,29.8,22.7,78,trad
2010-11-13,0.2,30.3,23.0,81,trad
2010-11-14,0.0,30.9,23.3,78,trad
2010-11-15,1.0,29.3,24.1,82,trad
2010-11-16,2.1,30.1,23.9,81,trad
2010-11-17,0.1,30.4,24.1,77,trad
2010-11-18,0.4,29.9,23.8,81,trad
2010-11-19,5.4,29.3,24.0,86,trad
2010-11-20,1.0,27.7,23.6,89,trad
2010-11-21,1.5,29.3,23.6,84,trad
2010-11-22,0.2,30.0,23.3,84,trad
2010-11-23,2.1,29.9,23.4,85,trad
2010-11-24,5.2,30.3,23.5,85,trad
2010-11-25,0.0,31.1,23.4,78,trad
2010-11-26,0.0,30.0,22.9,75,trad
2010-11-27,0.0,30.1,22.6,73,trad
2010-11-28,0.0,30.7,23.9,71,trad
2010-11-29,1.0,30.4,24.0,77,trad
2010-11-30,0.8,29.0,24.3,77,trad
2010-12-01,0.0,30.2,24.1,76,trad
2010-12-02,0.0,31.1,23.3,72,trad
2010-12-03,0.0,29.0,23.5,70,trad
2010-12-04,0.0,30.8,23.2,67,trad
2010-12-05,0.0,30.0,23.6,71,trad
2010-12-06,0.9,31.1,23.6,76,trad
2010-12-07,0.3,30.0,24.7,76,trad
2010-12-08,0.0,30.4,23.7,70,trad
2010-12-09,0.0,30.1,22.3,72,trad
2010-12-10,0.0,29.7,22.6,78,trad
2010-12-11,0.8,28.5,24.0,83,trad
2010-12-12,0.0,29.0,23.3,82,trad
2010-12-13,0.0,29.7,22.7,81,trad
2010-12-14,1.0,29.9,24.2,82,trad
2010-12-15,2.0,30.3,25.0,83,trad
2010-12-16,14.1,28.8,23.9,87,trad
2010-12-17,5.3,23.9,20.2,78,trad
2010-12-18,0.0,27.3,20.0,69,trad
2010-12-19,0.2,29.3,21.3,72,trad
2010-12-20,0.0,30.5,21.4,74,trad
2010-12-21,4.5,31.2,22.3,77,trad
2010-12-22,1.9,30.5,22.2,83,trad
2010-12-23,0.0,30.2,23.1,81,trad
2010-12-24,0.0,30.8,23.0,80,trad
2010-12-25,0.2,31.1,23.7,79,trad
2010-12-26,0.0,30.5,22.2,68,trad
2010-12-27,0.0,29.6,21.3,58,trad
2010-12-28,0.0,30.2,22.1,58,trad
2010-12-29,0.0,30.7,22.0,59,trad
2010-12-30,0.0,31.0,21.9,63,trad
2010-12-31,0.0,30.6,22.4,57,trad
2011-01-01,0.0,31.1,22.2,60,trad
2011-01-02,0.0,31.3,21.6,69,trad
2011-01-03,0.0,31.4,20.6,66,trad
2011-01-04,0.0,31.8,20.9,68,trad
2011-01-05,0.0,31.8,23.4,71,trad
2011-01-06,0.4,28.2,24.4,76,trad
2011-01-07,0.0,30.7,23.2,63,trad
2011-01-08,0.0,31.0,22.5,57,trad
2011-01-09,0.0,30.9,22.4,59,trad
2011-01-10,0.0,30.5,21.9,59,trad
2011-01-11,0.0,30.2,22.1,62,trad
2011-01-12,0.0,28.2,23.4,64,trad
2011-01-13,0.0,29.8,22.1,61,trad
2011-01-14,0.0,30.7,20.2,65,trad
2011-01-15,0.0,29.8,19.8,61,trad
2011-01-16,0.0,29.7,19.9,54,trad
2011-01-17,0.0,29.4,20.3,53,trad
2011-01-18,0.0,29.7,20.5,55,trad
2011-01-19,0.0,30.5,18.4,59,trad
2011-01-20,0.0,31.2,19.3,61,trad
2011-01-21,0.0,31.6,18.7,64,trad
2011-01-22,0.3,30.9,23.0,69,trad
2011-01-23,0.0,31.5,22.0,64,trad
2011-01-24,0.0,32.6,23.7,63,trad
2011-01-25,0.0,32.0,23.4,63,trad
2011-01-26,0.0,31.9,23.6,54,trad
2011-01-27,0.0,32.8,24.0,57,trad
2011-01-28,0.0,33.1,24.7,57,trad
2011-01-29,0.0,32.2,24.0,54,trad
2011-01-30,0.0,31.4,21.9,49,trad
2011-01-31,0.0,31.4,21.3,51,trad
2011-02-01,0.0,31.9,21.7,53,trad
2011-02-02,0.0,32.1,22.7,52,trad
2011-02-03,0.0,32.1,23.1,60,trad
2011-02-04,0.0,32.0,21.6,68,trad
2011-02-05,0.2,32.1,22.9,68,trad
2011-02-06,0.0,31.1,22.8,74,trad
2011-02-07,0.3,29.4,23.7,77,trad
2011-02-08,0.3,29.1,22.8,82,trad
2011-02-09,0.1,29.9,22.3,82,trad
2011-02-10,0.0,30.2,23.4,77,trad
2011-02-11,1.0,30.5,24.6,79,trad
2011-02-12,0.4,29.9,24.1,77,trad
2011-02-13,1.2,29.7,24.0,79,trad
2011-02-14,7.7,30.2,23.8,81,trad
2011-02-15,13.8,27.6,23.1,89,trad
2011-02-16,1.6,30.0,22.7,81,trad
2011-02-17,0.7,30.0,24.1,82,trad
2011-02-18,0.6,29.1,25.0,83,trad
2011-02-19,0.9,30.0,24.4,81,trad
2011-02-20,7.1,28.5,24.7,83,trad
2011-02-21,33.2,27.6,24.0,89,trad
2011-02-22,4.0,27.7,22.9,87,trad
2011-02-23,11.2,27.4,23.6,88,trad
2011-02-24,6.8,28.2,23.2,87,trad
2011-02-25,5.7,29.4,24.1,85,trad
2011-02-26,5.8,27.5,23.7,87,trad
2011-02-27,3.5,27.7,23.8,86,trad
2011-02-28,2.4,27.8,24.1,85,trad
2011-03-01,1.9,28.7,23.8,83,trad
2011-03-02,1.4,29.1,24.7,81,trad
2011-03-03,7.5,29.1,25.3,86,trad
2011-03-04,11.7,28.0,24.2,89,trad
2011-03-05,0.2,30.7,23.0,81,trad
2011-03-06,2.1,29.5,24.3,85,trad
2011-03-07,15.2,29.2,24.7,88,trad
2011-03-08,30.5,26.8,23.9,93,trad
2011-03-09,1.6,29.6,23.5,87,trad
2011-03-10,0.0,30.7,24.3,82,trad
2011-03-11,1.2,31.3,24.2,79,trad
2011-03-12,4.1,30.2,24.4,84,trad
2011-03-13,2.9,29.4,24.0,85,trad
2011-03-14,1.8,29.2,24.9,81,trad
2011-03-15,14.5,27.9,24.3,87,trad
2011-03-16,5.7,27.7,23.3,82,trad
2011-03-17,0.0,27.4,21.3,68,trad
2011-03-18,5.4,26.3,18.9,74,trad
2011-03-19,0.0,29.3,21.7,75,trad
2011-03-20,0.0,29.7,23.4,81,trad
2011-03-21,2.9,28.9,24.1,87,trad
2011-03-22,7.5,30.2,24.5,88,trad
2011-03-23,51.3,28.5,24.1,91,trad
2011-03-24,3.2,30.6,23.7,82,trad
2011-03-25,0.1,29.4,24.8,76,trad
2011-03-26,0.1,26.7,23.4,75,trad
2011-03-27,0.0,29.4,22.4,70,trad
2011-03-28,0.0,26.7,20.9,67,trad
2011-03-29,0.0,25.0,20.3,65,trad
2011-03-30,1.1,25.2,18.9,70,trad
2011-03-31,1.4,28.4,19.3,72,trad
2011-04-01,0.0,28.8,21.8,74,trad
2011-04-02,1.6,28.6,22.9,82,trad
2011-04-03,9.6,27.7,23.4,89,trad
2011-04-04,5.3,29.2,23.7,89,trad
2011-04-05,8.9,29.3,23.6,89,trad
2011-04-06,14.1,28.2,23.7,91,trad
2011-04-07,8.8,28.8,24.4,89,trad
2011-04-08,27.1,27.9,23.5,91,trad
2011-04-09,10.4,28.5,23.0,88,trad
2011-04-10,2.5,28.0,22.6,88,trad
2011-04-11,1.6,29.2,22.8,87,trad
2011-04-12,3.6,27.3,24.5,87,trad
2011-04-13,8.9,27.6,23.1,84,trad
2011-04-14,1.7,29.1,23.2,84,trad
2011-04-15,1.2,29.6,25.0,81,trad
2011-04-16,1.6,30.1,24.1,83,trad
2011-04-17,10.2,29.3,25.0,88,trad
2011-04-18,0.4,30.7,25.5,84,trad
2011-04-19,0.2,30.4,24.7,81,trad
2011-04-20,7.7,29.6,24.8,86,trad
2011-04-21,10.2,27.8,24.7,89,trad
2011-04-22,3.0,29.4,24.4,88,trad
2011-04-23,20.3,28.4,24.8,89,trad
2011-04-24,10.4,28.7,24.2,88,trad
2011-04-25,16.7,27.7,24.2,88,trad
2011-04-26,5.5,30.0,24.1,85,trad
2011-04-27,3.6,29.7,25.7,84,trad
2011-04-28,6.4,30.7,25.8,84,trad
2011-04-29,13.9,28.9,24.7,89,trad
2011-04-30,4.8,29.4,24.6,87,trad
2011-05-01,8.9,28.2,24.9,90,trad
2011-05-02,0.3,30.3,23.8,83,trad
2011-05-03,1.9,30.9,26.1,82,trad
2011-05-04,6.3,29.8,26.0,85,trad
2011-05-05,5.7,29.6,24.9,85,trad
2011-05-06,11.7,28.4,25.3,90,trad
2011-05-07,26.7,28.2,25.0,90,trad
2011-05-08,22.8,27.3,24.9,92,trad
2011-05-09,27.9,27.7,24.7,94,trad
2011-05-10,17.4,27.8,24.6,94,trad
2011-05-11,6.9,29.1,24.6,88,trad
2011-05-12,13.7,28.6,24.8,91,trad
2011-05-13,9.7,28.3,24.8,91,trad
2011-05-14,7.7,27.9,24.9,91,trad
2011-05-15,1.4,29.0,25.1,89,trad
2011-05-16,4.2,29.3,24.7,86,trad
2011-05-17,13.8,29.9,24.8,87,trad
2011-05-18,16.1,29.3,24.9,88,trad
2011-05-19,10.0,29.7,25.3,86,trad
2011-05-20,3.6,29.4,24.4,88,trad
2011-05-21,3.9,29.8,24.9,87,trad
2011-05-22,4.6,29.6,25.1,88,trad
2011-05-23,4.5,29.5,25.8,86,trad
2011-05-24,5.6,29.7,25.4,87,trad
2011-05-25,19.2,27.9,25.0,90,trad
2011-05-26,11.5,27.8,24.8,90,trad
2011-05-27,9.6,29.7,24.8,89,trad
2011-05-28,10.9,29.4,24.9,89,trad
2011-05-29,20.0,29.5,24.7,88,trad
2011-05-30,23.3,27.8,24.8,92,trad
2011-05-31,18.4,28.7,24.6,90,trad
2011-06-01,11.1,28.5,24.7,90,trad
2011-06-02,9.2,28.4,24.7,88,trad
2011-06-03,14.2,28.6,24.9,91,trad
2011-06-04,6.9,29.2,25.5,87,trad
2011-06-05,8.0,29.2,25.4,87,trad
2011-06-06,12.9,28.6,24.8,90,trad
2011-06-07,10.9,29.0,24.9,89,trad
2011-06-08,15.4,28.0,24.6,91,trad
2011-06-09,10.6,29.7,24.7,87,trad
2011-06-10,11.5,27.9,24.8,89,trad
2011-06-11,29.5,28.5,24.7,93,trad
2011-06-12,28.2,26.8,24.7,93,trad
2011-06-13,20.9,27.2,24.3,92,trad
2011-06-14,8.3,27.3,24.0,92,trad
2011-06-15,13.1,27.3,24.6,90,trad
2011-06-16,16.1,28.0,24.6,91,trad
2011-06-17,36.5,27.0,24.6,94,trad
2011-06-18,27.8,27.0,24.5,94,trad
2011-06-19,26.1,26.9,24.6,93,trad
2011-06-20,16.3,27.9,24.4,94,trad
2011-06-21,6.7,28.3,24.4,90,trad
2011-06-22,2.6,28.5,25.8,85,trad
2011-06-23,3.9,28.8,26.0,85,trad
2011-06-24,5.9,28.9,25.7,85,trad
2011-06-25,5.0,29.0,25.7,85,trad
2011-06-26,5.6,28.6,25.3,88,trad
2011-06-27,16.2,27.2,25.0,93,trad
2011-06-28,7.8,28.5,24.6,90,trad
2011-06-29,13.2,28.1,24.8,91,trad
2011-06-30,18.5,27.0,24.6,94,trad
2011-07-01,24.6,26.3,24.2,95,trad
2011-07-02,21.2,27.2,23.7,91,trad
2011-07-03,8.2,27.8,23.8,89,trad
2011-07-04,2.2,29.0,23.4,86,trad
2011-07-05,1.0,29.5,25.2,84,trad
2011-07-06,1.8,29.7,25.2,84,trad
2011-07-07,6.1,29.8,25.0,86,trad
2011-07-08,8.3,29.4,25.5,85,trad
2011-07-09,19.4,28.1,25.0,89,trad
2011-07-10,16.3,27.4,24.3,91,trad
2011-07-11,4.0,29.4,24.8,87,trad
2011-07-12,27.0,27.0,24.4,93,trad
2011-07-13,14.0,28.1,24.3,91,trad
2011-07-14,32.3,26.9,24.5,95,trad
2011-07-15,21.6,26.5,24.4,94,trad
2011-07-16,18.0,27.3,24.5,93,trad
2011-07-17,7.7,28.5,24.3,85,trad
2011-07-18,4.6,28.9,24.4,86,trad
2011-07-19,6.6,29.2,25.4,88,trad
2011-07-20,15.0,27.6,24.8,91,trad
2011-07-21,12.1,28.3,24.8,90,trad
2011-07-22,14.8,27.0,23.4,92,trad
2011-07-23,15.3,27.5,24.6,90,trad
2011-07-24,21.8,27.6,24.3,91,trad
2011-07-25,20.2,26.6,24.1,93,trad
2011-07-26,3.3,28.0,24.2,87,trad
2011-07-27,18.7,28.3,24.2,91,trad
2011-07-28,9.3,28.2,24.4,89,trad
2011-07-29,26.1,27.7,24.5,91,trad
2011-07-30,39.7,26.3,24.0,93,trad
2011-07-31,16.6,27.5,24.5,89,trad
2011-08-01,16.6,26.4,24.2,93,trad
2011-08-02,10.7,28.3,24.3,89,trad
2011-08-03,2.8,29.2,24.7,85,trad
2011-08-04,2.8,29.1,25.1,86,trad
2011-08-05,4.0,29.0,25.3,86,trad
2011-08-06,24.6,27.6,24.5,92,trad
2011-08-07,25.0,27.6,24.5,91,trad
2011-08-08,10.3,28.2,24.5,91,trad
2011-08-09,9.1,28.5,24.8,91,trad
2011-08-10,20.7,26.6,24.6,91,trad
2011-08-11,20.7,27.2,24.8,91,trad
2011-08-12,11.0,27.2,24.2,89,trad
2011-08-13,8.8,28.2,23.7,87,trad
2011-08-14,7.3,28.4,25.4,85,trad
2011-08-15,22.7,25.9,24.0,94,trad
2011-08-16,17.5,27.4,23.8,92,trad
2011-08-17,9.9,27.9,23.7,89,trad
2011-08-18,20.3,27.9,24.0,93,trad
2011-08-19,10.4,28.0,24.1,92,trad
2011-08-20,6.4,28.6,24.1,87,trad
2011-08-21,6.5,28.6,23.8,88,trad
2011-08-22,2.5,30.0,25.2,85,trad
2011-08-23,9.1,29.0,24.4,89,trad
2011-08-24,9.7,29.1,25.1,89,trad
2011-08-25,16.1,29.8,24.4,88,trad
2011-08-26,11.9,29.0,24.1,90,trad
2011-08-27,21.3,26.8,24.2,95,trad
2011-08-28,46.2,25.1,24.1,96,trad
2011-08-29,34.3,25.5,24.4,96,trad
2011-08-30,12.1,27.7,24.2,89,trad
2011-08-31,20.6,27.4,24.3,92,trad
2011-09-01,11.4,27.6,24.5,88,trad
2011-09-02,24.1,27.3,24.4,91,trad
2011-09-03,9.4,28.4,24.3,87,trad
2011-09-04,24.1,27.6,24.3,91,trad
2011-09-05,17.1,26.7,24.3,92,trad
2011-09-06,14.2,28.9,24.1,88,trad
2011-09-07,13.6,28.4,24.3,89,trad
2011-09-08,36.9,27.4,24.1,93,trad
2011-09-09,22.8,27.8,24.3,93,trad
2011-09-10,72.1,25.0,24.1,97,trad
2011-09-11,45.6,25.8,24.2,96,trad
2011-09-12,30.7,26.4,24.0,94,trad
2011-09-13,15.7,28.1,24.1,90,trad
2011-09-14,6.7,28.0,23.9,89,trad
2011-09-15,9.5,28.2,24.5,87,trad
2011-09-16,2.9,28.8,24.6,85,trad
2011-09-17,19.7,27.6,24.7,88,trad
2011-09-18,9.7,28.6,24.5,88,trad
2011-09-19,18.8,27.7,24.5,93,trad
2011-09-20,50.7,26.8,24.3,95,trad
2011-09-21,26.4,26.2,24.3,96,trad
2011-09-22,31.5,25.0,23.9,96,trad
2011-09-23,30.4,25.0,23.8,97,trad
2011-09-24,29.2,24.9,23.6,94,trad
2011-09-25,8.2,28.4,23.2,91,trad
2011-09-26,9.5,28.1,23.6,92,trad
2011-09-27,23.8,25.3,24.2,96,trad
2011-09-28,26.3,26.2,23.7,95,trad
2011-09-29,11.9,27.4,24.2,90,trad
2011-09-30,13.6,27.6,24.4,90,trad
2011-10-01,6.9,28.4,24.8,88,trad
2011-10-02,9.5,28.2,24.0,90,trad
2011-10-03,12.2,27.9,24.2,93,trad
2011-10-04,0.8,27.6,23.4,87,trad
2011-10-05,10.5,28.8,24.4,87,trad
2011-10-06,18.6,26.9,24.0,93,trad
2011-10-07,12.0,27.5,23.4,90,trad
2011-10-08,22.3,27.7,23.7,91,trad
2011-10-09,12.7,26.8,24.0,92,trad
2011-10-10,12.2,27.5,23.4,91,trad
2011-10-11,10.5,27.3,23.7,90,trad
2011-10-12,16.6,26.3,23.6,93,trad
2011-10-13,12.1,25.7,24.1,95,trad
2011-10-14,23.0,26.3,23.9,95,trad
2011-10-15,14.5,27.3,23.8,93,trad
2011-10-16,4.3,28.1,24.4,87,trad
2011-10-17,2.0,29.5,24.7,83,trad
2011-10-18,0.0,29.9,24.8,83,trad
2011-10-19,0.2,30.1,24.7,79,trad
2011-10-20,4.2,29.7,24.3,85,trad
2011-10-21,1.8,29.8,23.8,86,trad
2011-10-22,4.3,29.6,23.8,85,trad
2011-10-23,10.7,29.2,23.8,86,trad
2011-10-24,1.3,30.0,23.9,85,trad
2011-10-25,0.3,30.5,24.4,85,trad
2011-10-26,0.0,31.1,24.2,80,trad
2011-10-27,0.0,30.8,24.4,79,trad
2011-10-28,0.0,30.8,24.7,78,trad
2011-10-29,0.1,31.2,24.2,76,trad
2011-10-30,0.0,31.0,24.2,76,trad
2011-10-31,0.0,31.3,24.2,76,trad
2011-11-01,0.0,31.2,24.2,75,trad
2011-11-02,0.0,31.0,24.0,75,trad
2011-11-03,0.0,31.2,24.3,75,trad
2011-11-04,0.0,31.2,24.1,73,trad
2011-11-05,0.0,31.6,24.0,73,trad
2011-11-06,2.7,28.5,25.1,79,trad
2011-11-07,3.1,29.0,24.5,86,trad
2011-11-08,16.1,27.9,24.0,90,trad
2011-11-09,4.6,28.9,23.3,88,trad
2011-11-10,0.0,29.5,22.9,80,trad
2011-11-11,0.0,29.5,22.1,78,trad
2011-11-12,1.8,28.5,24.0,86,trad
2011-11-13,0.0,30.0,22.7,78,trad
2011-11-14,0.0,30.4,22.9,77,trad
2011-11-15,0.0,30.8,24.1,74,trad
2011-11-16,0.2,31.0,23.9,74,trad
2011-11-17,0.0,31.1,23.6,75,trad
2011-11-18,0.0,31.5,22.8,76,trad
2011-11-19,0.0,31.2,24.2,77,trad
2011-11-20,0.0,31.2,24.2,76,trad
2011-11-21,0.0,31.5,24.0,67,trad
2011-11-22,0.0,32.2,24.9,68,trad
2011-11-23,0.2,31.9,24.9,70,trad
2011-11-24,0.0,29.8,24.5,66,trad
2011-11-25,0.0,31.0,23.5,62,trad
2011-11-26,0.0,32.1,23.8,66,trad
2011-11-27,0.0,32.4,24.4,69,trad
2011-11-28,0.0,31.6,23.7,74,trad
2011-11-29,0.0,30.9,24.2,75,trad
2011-11-30,0.0,32.8,23.1,70,trad
2011-12-01,0.0,32.4,22.3,66,trad
2011-12-02,0.0,30.5,22.9,64,trad
2011-12-03,0.0,30.4,22.5,63,trad
2011-12-04,0.0,29.9,22.5,63,trad
2011-12-05,0.0,30.4,21.0,66,trad
2011-12-06,0.0,31.1,22.0,65,trad
2011-12-07,0.1,30.8,22.2,72,trad
2011-12-08,0.1,30.0,24.5,75,trad
2011-12-09,3.6,26.5,22.4,79,trad
2011-12-10,0.0,29.3,21.6,62,trad
2011-12-11,0.0,27.4,19.8,57,trad
2011-12-12,0.0,27.6,19.2,57,trad
2011-12-13,0.0,28.6,19.5,59,trad
2011-12-14,0.3,28.8,21.9,60,trad
2011-12-15,0.0,31.2,23.5,61,trad
2011-12-16,0.0,30.8,23.7,62,trad
2011-12-17,0.0,30.1,22.2,57,trad
2011-12-18,0.0,30.3,21.7,57,trad
2011-12-19,0.0,30.0,21.7,57,trad
2011-12-20,0.0,29.4,21.2,58,trad
2011-12-21,0.1,27.0,23.1,64,trad
2011-12-22,0.0,31.6,23.0,63,trad
2011-12-23,0.0,31.8,23.7,61,trad
2011-12-24,0.0,29.8,23.0,61,trad
2011-12-25,0.0,28.4,20.6,53,trad
2011-12-26,0.0,28.8,19.2,53,trad
2011-12-27,0.0,30.4,20.7,57,trad
2011-12-28,0.0,31.8,22.6,60,trad
2011-12-29,0.0,31.6,22.5,63,trad
2011-12-30,0.0,32.0,23.7,59,trad
2011-12-31,0.0,31.9,23.5,60,trad
2012-01-01,0.0,28.2,24.5,67,trad
2012-01-02,0.4,31.7,22.7,69,trad
2012-01-03,17.1,29.9,23.2,87,trad
2012-01-04,0.0,28.7,23.6,87,trad
2012-01-05,0.9,30.7,23.3,79,trad
2012-01-06,0.0,31.1,23.3,70,trad
2012-01-07,0.0,31.2,22.9,65,trad
2012-01-08,0.0,30.0,21.9,62,trad
2012-01-09,0.0,30.3,21.5,59,trad
2012-01-10,0.0,30.2,22.5,59,trad
2012-01-11,0.0,30.0,23.1,59,trad
2012-01-12,0.8,29.3,22.7,65,trad
2012-01-13,0.0,31.6,22.4,66,trad
2012-01-14,0.9,31.3,22.7,71,trad
2012-01-15,2.4,29.4,24.3,79,trad
2012-01-16,3.5,30.0,23.8,83,trad
2012-01-17,9.6,27.5,23.3,92,trad
2012-01-18,3.2,27.8,23.4,89,trad
2012-01-19,8.5,27.9,24.1,88,trad
2012-01-20,10.8,27.3,23.5,90,trad
2012-01-21,3.5,28.5,22.9,88,trad
2012-01-22,1.9,28.6,24.6,83,trad
2012-01-23,7.2,28.9,23.6,88,trad
2012-01-24,7.5,28.0,22.7,88,trad
2012-01-25,2.3,28.7,23.8,85,trad
2012-01-26,1.0,29.2,23.0,83,trad
2012-01-27,0.2,29.3,23.1,81,trad
2012-01-28,0.2,30.3,22.9,81,trad
2012-01-29,8.0,28.6,24.5,85,trad
2012-01-30,58.6,26.2,23.6,91,trad
2012-01-31,6.9,27.6,23.3,86,trad
2012-02-01,0.1,29.3,22.6,81,trad
2012-02-02,5.8,28.4,23.6,86,trad
2012-02-03,9.7,28.3,22.9,90,trad
2012-02-04,8.0,27.5,23.7,89,trad
2012-02-05,3.0,28.7,24.2,89,trad
2012-02-06,0.2,28.5,24.5,83,trad
2012-02-07,0.5,28.8,24.4,85,trad
2012-02-08,0.8,29.0,24.7,88,trad
2012-02-09,3.2,27.2,23.9,87,trad
2012-02-10,2.4,27.7,23.9,84,trad
2012-02-11,0.7,28.8,23.9,85,trad
2012-02-12,0.7,30.1,23.6,82,trad
2012-02-13,0.4,30.3,23.2,81,trad
2012-02-14,0.1,30.0,24.0,82,trad
2012-02-15,1.0,28.7,24.7,86,trad
2012-02-16,0.4,29.6,24.8,84,trad
2012-02-17,13.4,29.0,24.3,86,trad
2012-02-18,49.1,25.8,23.2,94,trad
2012-02-19,10.1,28.7,22.7,81,trad
2012-02-20,0.0,29.3,22.1,74,trad
2012-02-21,0.0,30.0,20.8,77,trad
2012-02-22,0.0,30.6,23.3,81,trad
2012-02-23,4.4,29.0,24.7,87,trad
2012-02-24,0.4,29.9,24.8,86,trad
2012-02-25,4.6,29.8,25.3,87,trad
2012-02-26,4.6,29.7,25.3,86,trad
2012-02-27,4.1,28.7,24.8,86,trad
2012-02-28,0.7,28.6,24.3,86,trad
2012-02-29,2.1,29.5,24.2,85,trad
2012-03-01,2.9,29.2,24.7,86,trad
2012-03-02,10.8,28.4,24.6,88,trad
2012-03-03,0.1,29.8,23.8,85,trad
2012-03-04,3.0,29.2,24.6,83,trad
2012-03-05,1.8,29.9,25.2,83,trad
2012-03-06,0.3,29.6,24.4,85,trad
2012-03-07,7.3,30.0,24.7,84,trad
2012-03-08,10.5,29.3,25.5,85,trad
2012-03-09,27.4,29.2,24.7,88,trad
2012-03-10,14.5,29.1,24.5,88,trad
2012-03-11,3.0,30.3,24.4,84,trad
2012-03-12,2.1,30.8,24.0,84,trad
2012-03-13,1.0,31.7,24.4,80,trad
2012-03-14,1.4,30.1,25.3,88,trad
2012-03-15,2.6,29.1,24.9,86,trad
2012-03-16,5.7,29.9,24.6,84,trad
2012-03-17,14.3,29.1,24.8,87,trad
2012-03-18,1.7,30.1,24.6,84,trad
2012-03-19,0.8,29.8,24.1,84,trad
2012-03-20,0.3,29.8,24.6,83,trad
2012-03-21,1.0,30.1,24.7,83,trad
2012-03-22,0.0,30.2,23.7,82,trad
2012-03-23,0.3,30.3,24.0,81,trad
2012-03-24,4.4,29.6,25.1,86,trad
2012-03-25,18.3,26.8,24.8,91,trad
2012-03-26,1.2,30.5,23.7,82,trad
2012-03-27,1.5,31.5,24.2,79,trad
2012-03-28,0.6,31.8,24.4,77,trad
2012-03-29,0.2,30.8,25.7,83,trad
2012-03-30,0.6,31.4,25.8,80,trad
2012-03-31,10.5,31.5,25.9,81,trad
2012-04-01,1.6,30.2,24.4,79,trad
2012-04-02,0.3,30.6,23.9,76,trad
2012-04-03,11.7,30.0,24.7,86,trad
2012-04-04,9.4,28.3,24.7,89,trad
2012-04-05,6.8,29.5,23.7,86,trad
2012-04-06,5.2,29.4,24.7,86,trad
2012-04-07,9.2,30.0,24.1,84,trad
2012-04-08,4.4,30.7,24.3,81,trad
2012-04-09,8.2,29.8,24.0,84,trad
2012-04-10,14.5,29.6,24.8,87,trad
2012-04-11,4.8,29.2,24.5,89,trad
2012-04-12,3.7,30.0,24.7,87,trad
2012-04-13,7.8,29.1,24.8,88,trad
2012-04-14,8.4,28.8,24.9,90,trad
2012-04-15,4.0,29.9,25.0,85,trad
2012-04-16,4.8,30.4,25.9,84,trad
2012-04-17,0.5,30.6,25.0,84,trad
2012-04-18,0.9,31.1,25.4,82,trad
2012-04-19,0.6,30.6,26.0,82,trad
2012-04-20,0.0,31.0,26.3,81,trad
2012-04-21,3.9,30.2,25.6,85,trad
2012-04-22,2.3,30.2,26.1,86,trad
2012-04-23,5.3,28.9,25.8,88,trad
2012-04-24,2.5,29.1,26.3,86,trad
2012-04-25,2.9,30.4,26.4,84,trad
2012-04-26,1.5,30.9,26.5,84,trad
2012-04-27,5.2,29.0,25.9,88,trad
2012-04-28,11.8,28.5,25.7,90,trad
2012-04-29,7.4,29.1,25.7,88,trad
2012-04-30,8.8,29.0,25.3,89,trad
2012-05-01,5.2,29.0,25.6,89,trad
2012-05-02,14.2,29.3,25.4,89,trad
2012-05-03,11.5,28.3,24.7,89,trad
2012-05-04,8.4,28.8,25.6,88,trad
2012-05-05,19.7,28.3,24.5,92,trad
2012-05-06,12.7,28.6,24.8,93,trad
2012-05-07,11.7,27.5,24.8,92,trad
2012-05-08,14.8,27.0,24.4,93,trad
2012-05-09,10.0,28.2,24.5,90,trad
2012-05-10,8.1,29.5,24.5,89,trad
2012-05-11,7.3,30.0,25.8,88,trad
2012-05-12,10.7,28.0,25.0,91,trad
2012-05-13,9.8,29.3,25.4,90,trad
2012-05-14,5.6,29.8,25.7,87,trad
2012-05-15,13.7,30.1,25.1,87,trad
2012-05-16,25.9,27.4,24.7,90,trad
2012-05-17,24.3,26.7,24.8,93,trad
2012-05-18,7.8,28.9,24.8,90,trad
2012-05-19,12.3,28.0,24.8,92,trad
2012-05-20,5.7,29.7,24.7,87,trad
2012-05-21,10.7,29.2,25.0,88,trad
2012-05-22,22.7,29.5,25.3,87,trad
2012-05-23,14.8,29.3,24.9,90,trad
2012-05-24,14.7,27.8,25.6,91,trad
2012-05-25,20.7,26.5,24.8,95,trad
2012-05-26,27.6,27.6,24.7,94,trad
2012-05-27,29.9,26.6,24.5,96,trad
2012-05-28,32.6,25.4,24.5,97,trad
2012-05-29,19.2,26.8,24.4,95,trad
2012-05-30,17.7,28.8,24.7,92,trad
2012-05-31,16.5,28.2,24.4,91,trad
2012-06-01,18.8,28.4,24.7,91,trad
2012-06-02,18.7,27.0,25.0,93,trad
2012-06-03,14.0,27.5,25.0,93,trad
2012-06-04,20.8,27.0,25.0,92,trad
2012-06-05,9.4,28.6,25.3,90,trad
2012-06-06,25.1,27.7,25.3,91,trad
2012-06-07,55.2,26.2,24.3,95,trad
2012-06-08,13.8,28.0,24.5,91,trad
2012-06-09,17.7,27.9,24.6,91,trad
2012-06-10,17.5,28.8,24.4,90,trad
2012-06-11,15.3,27.4,24.4,90,trad
2012-06-12,10.2,27.8,24.4,89,trad
2012-06-13,2.6,29.2,24.9,83,trad
2012-06-14,3.2,29.4,25.8,85,trad
2012-06-15,2.2,29.0,26.1,84,trad
2012-06-16,19.9,27.4,25.5,89,trad
2012-06-17,28.9,27.3,24.5,94,trad
2012-06-18,18.7,27.3,24.6,91,trad
2012-06-19,5.5,28.3,24.7,89,trad
2012-06-20,4.1,28.7,25.9,83,trad
2012-06-21,3.6,28.8,25.1,86,trad
2012-06-22,5.4,28.8,24.5,88,trad
2012-06-23,2.7,28.9,24.4,87,trad
2012-06-24,4.2,28.8,25.2,83,trad
2012-06-25,5.5,28.8,25.1,88,trad
2012-06-26,14.2,28.3,25.5,87,trad
2012-06-27,14.7,28.6,24.9,89,trad
2012-06-28,20.2,27.7,24.4,91,trad
2012-06-29,23.2,28.1,24.2,90,trad
2012-06-30,26.8,26.6,24.3,93,trad
2012-07-01,20.6,26.7,24.3,91,trad
2012-07-02,11.4,28.2,23.8,91,trad
2012-07-03,9.6,27.2,24.1,92,trad
2012-07-04,23.7,27.4,24.3,93,trad
2012-07-05,25.8,26.4,24.3,95,trad
2012-07-06,17.1,26.9,24.4,92,trad
2012-07-07,14.0,27.0,24.1,92,trad
2012-07-08,17.4,26.5,24.3,94,trad
2012-07-09,14.0,28.5,24.1,91,trad
2012-07-10,2.1,28.8,24.3,86,trad
2012-07-11,10.6,28.9,24.1,88,trad
2012-07-12,27.9,26.2,24.2,94,trad
2012-07-13,21.8,25.4,24.2,95,trad
2012-07-14,10.1,28.1,24.1,90,trad
2012-07-15,3.3,28.9,24.1,86,trad
2012-07-16,1.9,29.5,24.7,84,trad
2012-07-17,9.2,29.5,24.2,86,trad
2012-07-18,17.4,28.7,25.0,88,trad
2012-07-19,5.1,28.1,24.6,89,trad
2012-07-20,4.6,28.8,24.9,87,trad
2012-07-21,7.3,28.7,24.4,87,trad
2012-07-22,5.4,29.2,25.8,87,trad
2012-07-23,2.6,28.9,26.0,84,trad
2012-07-24,14.8,28.3,25.1,88,trad
2012-07-25,17.5,28.3,24.0,88,trad
2012-07-26,23.9,28.0,24.8,89,trad
2012-07-27,8.7,28.7,24.1,91,trad
2012-07-28,11.9,28.4,24.3,89,trad
2012-07-29,17.4,26.8,24.2,91,trad
2012-07-30,4.6,27.9,24.1,88,trad
2012-07-31,3.0,27.8,25.9,85,trad
2012-08-01,6.3,27.5,25.3,86,trad
2012-08-02,13.0,27.8,24.5,90,trad
2012-08-03,7.4,27.8,24.6,89,trad
2012-08-04,3.8,29.1,25.2,87,trad
2012-08-05,3.7,29.0,25.5,86,trad
2012-08-06,8.0,28.7,25.2,86,trad
2012-08-07,4.1,28.0,24.8,87,trad
2012-08-08,8.1,28.0,25.3,87,trad
2012-08-09,10.4,27.0,24.9,90,trad
2012-08-10,17.1,27.9,24.9,88,trad
2012-08-11,0.7,29.4,24.6,84,trad
2012-08-12,10.6,28.0,24.7,88,trad
2012-08-13,6.1,28.7,25.3,85,trad
2012-08-14,9.0,28.4,24.3,87,trad
2012-08-15,5.8,28.7,24.3,88,trad
2012-08-16,12.1,28.8,24.7,88,trad
2012-08-17,14.2,27.8,24.5,90,trad
2012-08-18,11.4,27.5,24.9,88,trad
2012-08-19,10.5,27.5,24.3,91,trad
2012-08-20,4.1,29.2,24.0,87,trad
2012-08-21,9.1,29.1,24.2,89,trad
2012-08-22,15.7,28.7,24.6,91,trad
2012-08-23,9.4,27.6,24.6,90,trad
2012-08-24,11.8,28.2,24.4,92,trad
2012-08-25,17.8,27.5,24.2,91,trad
2012-08-26,11.0,27.7,24.3,91,trad
2012-08-27,11.3,27.2,24.2,91,trad
2012-08-28,24.9,27.2,24.4,92,trad
2012-08-29,18.2,26.5,24.1,93,trad
2012-08-30,9.6,28.7,24.3,87,trad
2012-08-31,9.8,28.1,24.5,87,trad
2012-09-01,5.6,29.1,23.8,86,trad
2012-09-02,40.6,26.5,24.4,92,trad
2012-09-03,13.2,28.1,24.2,92,trad
2012-09-04,4.5,27.4,24.3,88,trad
2012-09-05,26.3,28.4,23.9,91,trad
2012-09-06,24.2,26.8,24.0,96,trad
2012-09-07,22.1,26.3,24.0,95,trad
2012-09-08,7.8,28.5,23.8,88,trad
2012-09-09,2.5,29.4,24.5,84,trad
2012-09-10,5.1,29.3,24.9,87,trad
2012-09-11,4.6,28.8,25.0,88,trad
2012-09-12,18.0,26.4,24.4,92,trad
2012-09-13,34.6,26.3,24.0,94,trad
2012-09-14,27.5,27.7,24.0,93,trad
2012-09-15,29.7,24.8,23.9,96,trad
2012-09-16,34.5,25.5,23.4,96,trad
2012-09-17,17.5,26.2,23.9,92,trad
2012-09-18,23.3,26.0,23.8,94,trad
2012-09-19,18.4,27.0,23.7,92,trad
2012-09-20,29.2,26.6,24.0,92,trad
2012-09-21,19.6,27.1,23.8,92,trad
2012-09-22,14.0,27.6,23.7,90,trad
2012-09-23,9.3,28.0,23.6,90,trad
2012-09-24,16.6,27.7,23.9,91,trad
2012-09-25,26.9,27.9,23.9,93,trad
2012-09-26,12.9,29.2,23.8,90,trad
2012-09-27,39.1,27.7,23.4,94,trad
2012-09-28,134.9,26.0,23.9,94,trad
2012-09-29,7.6,26.5,23.8,94,trad
2012-09-30,6.9,27.1,22.9,90,trad
2012-10-01,16.2,26.5,23.6,95,trad
2012-10-02,2.0,28.9,22.7,88,trad
2012-10-03,5.6,29.1,24.0,88,trad
2012-10-04,7.4,28.8,23.9,88,trad
2012-10-05,7.9,28.9,24.4,89,trad
2012-10-06,15.7,27.5,23.9,94,trad
2012-10-07,7.5,27.1,23.7,90,trad
2012-10-08,3.6,27.7,23.5,88,trad
2012-10-09,13.0,27.8,23.2,88,trad
2012-10-10,6.5,29.7,23.8,88,trad
2012-10-11,2.1,30.2,23.7,86,trad
2012-10-12,0.9,29.9,24.0,83,trad
2012-10-13,1.9,29.1,24.5,86,trad
2012-10-14,9.6,28.1,24.1,89,trad
2012-10-15,7.6,27.8,23.8,88,trad
2012-10-16,6.0,28.4,23.8,88,trad
2012-10-17,3.1,30.3,24.0,88,trad
2012-10-18,0.0,30.5,23.6,83,trad
2012-10-19,0.0,30.5,22.6,82,trad
2012-10-20,0.0,30.8,24.0,81,trad
2012-10-21,0.0,30.8,23.9,81,trad
2012-10-22,0.9,31.0,23.5,82,trad
2012-10-23,11.3,27.5,24.4,91,trad
2012-10-24,12.0,30.2,23.6,91,trad
2012-10-25,0.4,30.5,23.6,85,trad
2012-10-26,0.6,30.2,24.2,84,trad
2012-10-27,0.2,30.7,24.4,81,trad
2012-10-28,2.0,29.6,25.5,83,trad
2012-10-29,8.6,30.4,25.3,86,trad
2012-10-30,10.0,29.3,24.0,88,trad
2012-10-31,11.7,28.6,24.4,90,trad
2012-11-01,12.7,27.1,24.2,91,trad
2012-11-02,1.7,29.9,24.2,84,trad
2012-11-03,9.4,29.8,24.1,87,trad
2012-11-04,2.7,30.0,24.3,89,trad
2012-11-05,2.1,28.1,24.4,89,trad
2012-11-06,7.3,28.0,24.2,90,trad
2012-11-07,2.5,29.6,24.4,88,trad
2012-11-08,1.4,29.5,24.1,87,trad
2012-11-09,0.3,29.4,24.2,87,trad
2012-11-10,1.2,30.3,24.7,85,trad
2012-11-11,10.7,29.9,25.3,88,trad
2012-11-12,11.8,29.3,25.0,90,trad
2012-11-13,0.5,31.2,23.9,82,trad
2012-11-14,0.5,30.9,24.3,83,trad
2012-11-15,2.1,30.2,25.6,84,trad
2012-11-16,12.0,28.8,25.0,90,trad
2012-11-17,20.3,28.3,24.4,91,trad
2012-11-18,12.1,28.7,24.0,89,trad
2012-11-19,19.8,28.7,24.1,90,trad
2012-11-20,12.1,27.5,23.8,91,trad
2012-11-21,3.7,29.6,24.2,88,trad
2012-11-22,1.3,28.9,24.0,88,trad
2012-11-23,8.8,28.7,24.8,90,trad
2012-11-24,35.8,27.6,24.5,91,trad
2012-11-25,9.3,29.6,23.9,88,trad
2012-11-26,3.5,29.5,24.4,89,trad
2012-11-27,7.5,29.2,23.9,88,trad
2012-11-28,3.9,29.1,23.9,88,trad
2012-11-29,0.6,29.1,24.0,87,trad
2012-11-30,0.9,29.3,23.6,83,trad
2012-12-01,1.0,29.4,24.0,85,trad
2012-12-02,0.5,29.8,24.0,85,trad
2012-12-03,1.4,29.6,24.9,84,trad
2012-12-04,1.1,29.3,25.5,82,trad
2012-12-05,0.0,30.4,23.5,82,trad
2012-12-06,0.8,29.2,24.3,82,trad
2012-12-07,0.0,29.8,24.3,83,trad
2012-12-08,0.9,29.6,24.6,80,trad
2012-12-09,0.3,29.7,24.1,80,trad
2012-12-10,3.9,29.7,24.9,81,trad
2012-12-11,0.0,29.9,24.6,82,trad
2012-12-12,0.0,30.4,23.5,80,trad
2012-12-13,0.0,31.0,21.8,74,trad
2012-12-14,0.0,31.1,23.3,77,trad
2012-12-15,0.3,31.9,24.0,79,trad
2012-12-16,1.4,31.3,24.3,82,trad
2012-12-17,0.0,31.2,24.8,83,trad
2012-12-18,0.0,32.2,24.9,81,trad
2012-12-19,0.0,32.4,24.6,75,trad
2012-12-20,0.0,31.7,23.0,75,trad
2012-12-21,0.0,32.0,23.6,75,trad
2012-12-22,0.6,32.3,24.1,76,trad
2012-12-23,0.2,31.7,24.2,73,trad
2012-12-24,0.0,29.5,22.3,60,trad
2012-12-25,0.0,30.6,21.7,60,trad
2012-12-26,0.0,31.1,22.6,62,trad
2012-12-27,0.0,31.9,23.0,66,trad
2012-12-28,0.0,32.4,22.3,68,trad
2012-12-29,0.0,32.7,22.9,69,trad
2012-12-30,0.3,32.1,25.4,75,trad
2012-12-31,0.0,29.8,22.9,57,trad
2013-01-01,0.0,30.6,22.4,59,trad
2013-01-02,0.0,31.7,22.9,64,trad
2013-01-03,0.0,31.9,22.3,64,trad
2013-01-04,0.0,31.4,22.7,66,trad
2013-01-05,0.0,30.8,21.7,65,trad
2013-01-06,0.0,29.6,21.4,68,trad
2013-01-07,0.0,30.4,23.0,70,trad
2013-01-08,0.0,28.3,24.2,79,trad
2013-01-09,0.1,30.1,23.6,78,trad
2013-01-10,1.0,29.9,23.8,82,trad
2013-01-11,0.5,31.3,24.3,76,trad
2013-01-12,1.4,29.3,23.6,81,trad
2013-01-13,1.5,30.0,22.8,80,trad
2013-01-14,0.2,29.5,22.6,81,trad
2013-01-15,1.7,31.0,22.4,78,trad
2013-01-16,0.1,31.5,23.1,76,trad
2013-01-17,0.0,31.2,22.4,64,trad
2013-01-18,0.0,30.4,22.3,51,trad
2013-01-19,0.0,30.5,20.7,55,trad
2013-01-20,0.0,31.5,20.0,60,trad
2013-01-21,0.0,31.9,22.2,68,trad
2013-01-22,0.0,32.4,23.8,75,trad
2013-01-23,0.3,32.2,23.3,78,trad
2013-01-24,1.0,30.1,24.7,80,trad
2013-01-25,3.2,29.6,24.7,82,trad
2013-01-26,5.0,27.6,23.7,86,trad
2013-01-27,9.9,27.5,23.4,85,trad
2013-01-28,10.6,26.3,22.8,91,trad
2013-01-29,3.0,29.0,22.6,83,trad
2013-01-30,1.9,28.2,22.9,84,trad
2013-01-31,0.7,28.2,24.0,85,trad
2013-02-01,0.0,30.7,23.0,80,trad
2013-02-02,1.3,31.0,23.1,83,trad
2013-02-03,0.7,30.4,24.5,80,trad
2013-02-04,0.0,32.1,23.2,74,trad
2013-02-05,1.8,29.6,24.4,83,trad
2013-02-06,1.0,29.0,24.6,83,trad
2013-02-07,2.7,29.1,25.2,83,trad
2013-02-08,0.6,31.3,24.6,83,trad
2013-02-09,5.0,28.8,24.8,86,trad
2013-02-10,1.4,30.1,24.1,84,trad
2013-02-11,2.7,30.3,24.9,84,trad
2013-02-12,0.0,31.9,24.2,78,trad
2013-02-13,1.6,30.8,24.3,80,trad
2013-02-14,0.0,33.0,24.4,76,trad
2013-02-15,6.1,31.0,25.1,83,trad
2013-02-16,4.5,29.6,24.4,84,trad
2013-02-17,4.3,28.8,24.4,84,trad
2013-02-18,1.0,29.9,24.3,83,trad
2013-02-19,1.4,29.9,25.2,81,trad
2013-02-20,0.6,30.1,24.4,79,trad
2013-02-21,0.2,30.6,24.1,80,trad
2013-02-22,0.5,32.4,24.6,74,trad
2013-02-23,0.0,29.0,24.0,64,trad
2013-02-24,0.0,30.1,24.3,64,trad
2013-02-25,0.0,33.7,24.4,73,trad
2013-02-26,0.6,31.6,24.3,80,trad
2013-02-27,0.9,30.1,25.5,83,trad
2013-02-28,3.2,30.4,24.8,83,trad
2013-03-01,0.6,30.5,24.6,82,trad
2013-03-02,2.4,31.1,25.8,80,trad
2013-03-03,13.0,30.5,24.7,84,trad
2013-03-04,1.1,31.1,24.4,73,trad
2013-03-05,0.0,31.3,24.1,62,trad
2013-03-06,0.0,32.5,24.0,64,trad
2013-03-07,0.0,32.7,23.3,76,trad
2013-03-08,1.0,30.3,24.2,82,trad
2013-03-09,2.3,28.7,23.8,85,trad
2013-03-10,1.8,29.3,24.6,84,trad
2013-03-11,2.7,30.0,24.1,83,trad
2013-03-12,1.8,30.4,24.4,84,trad
2013-03-13,0.0,30.5,25.1,80,trad
2013-03-14,3.5,30.8,25.0,82,trad
2013-03-15,10.7,30.1,24.6,84,trad
2013-03-16,12.7,28.9,24.7,88,trad
2013-03-17,1.7,29.8,25.2,84,trad
2013-03-18,4.0,29.7,25.1,85,trad
2013-03-19,0.0,30.8,25.0,81,trad
2013-03-20,0.0,30.8,24.4,81,trad
2013-03-21,2.3,30.7,25.0,83,trad
2013-03-22,2.5,30.6,25.8,82,trad
2013-03-23,0.0,31.7,25.9,77,trad
2013-03-24,1.8,31.7,26.0,79,trad
2013-03-25,1.2,31.2,25.9,80,trad
2013-03-26,1.3,31.7,25.4,82,trad
2013-03-27,0.8,31.5,25.9,82,trad
2013-03-28,3.2,31.5,26.2,82,trad
2013-03-29,1.3,31.0,26.1,83,trad
2013-03-30,0.9,31.6,25.6,82,trad
2013-03-31,2.2,32.1,26.2,80,trad
2013-04-01,15.9,30.5,26.2,86,trad
2013-04-02,5.0,32.0,25.8,84,trad
2013-04-03,2.1,31.4,25.7,85,trad
2013-04-04,0.5,31.4,27.1,81,trad
2013-04-05,0.9,30.9,26.9,82,trad
2013-04-06,0.0,32.5,26.4,80,trad
2013-04-07,0.2,33.0,25.8,81,trad
2013-04-08,0.0,32.5,25.6,80,trad
2013-04-09,0.0,32.3,26.2,79,trad
2013-04-10,17.4,28.3,26.2,87,trad
2013-04-11,30.0,28.8,25.4,88,trad
2013-04-12,14.8,31.9,24.4,86,trad
2013-04-13,11.1,31.0,24.8,87,trad
2013-04-14,6.4,30.6,24.5,85,trad
2013-04-15,4.0,29.2,24.8,86,trad
2013-04-16,36.8,27.3,24.4,93,trad
2013-04-17,46.0,25.3,24.5,96,trad
2013-04-18,0.1,30.3,25.1,85,trad
2013-04-19,0.0,30.8,24.6,84,trad
2013-04-20,2.2,29.9,25.5,87,trad
2013-04-21,3.1,29.9,25.1,85,trad
2013-04-22,9.1,30.2,25.6,86,trad
2013-04-23,9.8,30.1,25.2,87,trad
2013-04-24,7.7,30.2,25.1,85,trad
2013-04-25,8.6,28.9,25.1,89,trad
2013-04-26,2.2,30.4,25.1,83,trad
2013-04-27,2.3,30.1,25.7,84,trad
2013-04-28,1.1,30.5,25.0,82,trad
2013-04-29,7.7,29.9,26.2,85,trad
2013-04-30,1.8,30.7,25.7,82,trad
2013-05-01,1.0,30.6,26.3,81,trad
2013-05-02,5.7,30.2,25.9,87,trad
2013-05-03,6.9,30.1,26.3,87,trad
2013-05-04,9.3,29.6,25.4,88,trad
2013-05-05,8.1,30.8,25.1,85,trad
2013-05-06,13.4,30.5,25.0,84,trad
2013-05-07,5.3,29.7,26.2,85,trad
2013-05-08,7.1,30.4,26.5,86,trad
2013-05-09,7.9,29.0,26.5,87,trad
2013-05-10,1.4,30.7,25.6,83,trad
2013-05-11,5.3,31.1,25.9,85,trad
2013-05-12,11.7,29.4,25.6,88,trad
2013-05-13,4.1,29.5,26.2,89,trad
2013-05-14,5.2,29.9,26.2,88,trad
2013-05-15,12.8,28.9,25.5,90,trad
2013-05-16,16.8,28.1,26.2,89,trad
2013-05-17,14.2,29.9,25.5,88,trad
2013-05-18,11.3,28.4,25.7,88,trad
2013-05-19,22.0,27.8,25.0,92,trad
2013-05-20,18.9,28.8,25.2,91,trad
2013-05-21,13.3,29.2,25.1,88,trad
2013-05-22,9.5,29.9,25.7,88,trad
2013-05-23,14.2,29.1,25.0,90,trad
2013-05-24,18.3,29.2,25.3,91,trad
2013-05-25,15.6,28.4,25.1,91,trad
2013-05-26,7.1,29.7,24.9,87,trad
2013-05-27,5.1,29.6,25.1,88,trad
2013-05-28,8.6,29.6,24.9,87,trad
2013-05-29,7.5,30.0,25.2,86,trad
2013-05-30,13.8,29.0,25.4,89,trad
2013-05-31,9.2,28.4,25.7,89,trad
2013-06-01,12.6,30.1,24.6,87,trad
2013-06-02,20.3,27.6,24.3,91,trad
2013-06-03,7.0,29.2,25.0,89,trad
2013-06-04,15.2,28.0,24.6,91,trad
2013-06-05,13.5,26.8,24.8,93,trad
2013-06-06,5.7,29.5,24.8,89,trad
2013-06-07,16.7,29.7,24.9,89,trad
2013-06-08,5.8,29.8,24.6,86,trad
2013-06-09,6.6,30.4,25.3,87,trad
2013-06-10,3.7,30.1,25.5,85,trad
2013-06-11,15.5,29.8,25.4,90,trad
2013-06-12,27.1,27.6,25.0,93,trad
2013-06-13,40.3,25.9,24.7,97,trad
2013-06-14,30.1,27.4,24.7,94,trad
2013-06-15,28.5,27.0,24.6,94,trad
2013-06-16,24.3,27.4,24.6,95,trad
2013-06-17,34.0,27.2,24.7,93,trad
2013-06-18,21.1,27.1,24.9,93,trad
2013-06-19,20.7,28.1,24.8,93,trad
2013-06-20,22.0,28.0,24.9,92,trad
2013-06-21,29.1,27.5,24.7,93,trad
2013-06-22,24.6,27.4,24.3,94,trad
2013-06-23,47.7,25.8,24.5,96,trad
2013-06-24,15.7,27.5,24.6,93,trad
2013-06-25,5.8,28.9,24.6,89,trad
2013-06-26,14.8,28.6,24.5,90,trad
2013-06-27,16.1,28.8,24.2,88,trad
2013-06-28,10.7,28.8,23.8,89,trad
2013-06-29,2.8,29.3,24.8,88,trad
2013-06-30,3.0,29.2,25.1,85,trad
2013-07-01,3.7,29.5,25.2,85,trad
2013-07-02,16.2,28.6,25.5,87,trad
2013-07-03,17.0,28.5,25.1,90,trad
2013-07-04,12.7,27.2,24.2,93,trad
2013-07-05,10.4,27.9,24.3,91,trad
2013-07-06,15.9,27.8,24.8,92,trad
2013-07-07,30.5,25.4,24.1,96,trad
2013-07-08,28.7,25.1,24.1,96,trad
2013-07-09,31.4,25.4,23.8,96,trad
2013-07-10,18.4,25.4,23.6,95,trad
2013-07-11,14.8,26.7,23.3,90,trad
2013-07-12,1.4,29.3,23.9,87,trad
2013-07-13,1.4,29.7,24.1,85,trad
2013-07-14,16.1,28.5,24.6,88,trad
2013-07-15,30.3,27.3,24.4,93,trad
2013-07-16,36.8,25.9,24.0,95,trad
2013-07-17,9.3,28.2,24.2,86,trad
2013-07-18,8.3,28.6,25.2,85,trad
2013-07-19,42.5,26.2,24.1,91,trad
2013-07-20,18.0,27.5,24.3,93,trad
2013-07-21,20.7,26.7,24.2,93,trad
2013-07-22,33.9,26.3,24.2,94,trad
2013-07-23,71.5,25.8,24.0,96,trad
2013-07-24,40.3,26.6,24.2,92,trad
2013-07-25,7.3,28.3,24.4,91,trad
2013-07-26,10.4,28.3,24.4,89,trad
2013-07-27,7.9,27.5,25.1,90,trad
2013-07-28,13.4,28.0,24.2,91,trad
2013-07-29,13.7,26.9,24.3,92,trad
2013-07-30,16.7,27.3,24.3,92,trad
2013-07-31,25.8,26.9,24.1,95,trad
2013-08-01,14.0,26.7,24.2,93,trad
2013-08-02,19.6,27.5,24.1,92,trad
2013-08-03,28.5,26.0,24.1,95,trad
2013-08-04,9.3,27.5,23.9,91,trad
2013-08-05,7.9,29.1,23.4,87,trad
2013-08-06,8.6,28.1,24.2,89,trad
2013-08-07,10.2,28.8,25.5,89,trad
2013-08-08,23.6,27.7,24.3,92,trad
2013-08-09,20.7,26.5,24.3,93,trad
2013-08-10,14.0,27.4,24.0,91,trad
2013-08-11,12.3,27.7,24.2,92,trad
2013-08-12,14.2,27.4,24.0,91,trad
2013-08-13,21.3,26.0,24.1,94,trad
2013-08-14,35.4,26.7,23.8,94,trad
2013-08-15,14.5,28.6,24.0,91,trad
2013-08-16,3.1,29.0,24.2,86,trad
2013-08-17,1.5,29.0,24.7,83,trad
2013-08-18,3.7,28.9,25.7,84,trad
2013-08-19,3.2,28.8,25.7,82,trad
2013-08-20,2.3,27.9,25.7,79,trad
2013-08-21,9.8,27.1,24.9,86,trad
2013-08-22,23.6,26.7,24.3,93,trad
2013-08-23,24.6,26.0,24.1,93,trad
2013-08-24,32.0,26.6,24.3,93,trad
2013-08-25,15.9,27.9,24.5,91,trad
2013-08-26,1.5,29.1,24.2,87,trad
2013-08-27,14.7,26.5,24.5,94,trad
2013-08-28,12.9,26.7,23.9,93,trad
2013-08-29,13.3,27.8,24.3,91,trad
2013-08-30,10.4,27.6,24.6,92,trad
2013-08-31,10.4,27.7,24.6,90,trad
2013-09-01,4.1,28.8,24.0,87,trad
2013-09-02,0.6,29.5,24.3,85,trad
2013-09-03,2.0,29.7,25.6,83,trad
2013-09-04,0.4,30.0,25.5,84,trad
2013-09-05,5.9,29.4,24.8,88,trad
2013-09-06,7.5,28.4,24.5,90,trad
2013-09-07,14.3,26.5,24.3,93,trad
2013-09-08,5.3,28.6,24.3,87,trad
2013-09-09,4.1,28.9,23.5,85,trad
2013-09-10,18.1,28.7,23.8,90,trad
2013-09-11,11.7,27.9,24.0,91,trad
2013-09-12,20.4,26.1,24.2,94,trad
2013-09-13,20.0,26.9,24.4,93,trad
2013-09-14,29.0,26.5,24.1,94,trad
2013-09-15,45.7,26.4,24.2,95,trad
2013-09-16,13.6,27.2,24.2,91,trad
2013-09-17,18.2,27.4,24.1,92,trad
2013-09-18,17.1,26.6,24.2,95,trad
2013-09-19,54.4,25.0,24.3,96,trad
2013-09-20,33.9,25.5,24.1,94,trad
2013-09-21,45.8,26.4,24.2,95,trad
2013-09-22,24.8,27.2,24.3,92,trad
2013-09-23,16.7,26.8,24.3,92,trad
2013-09-24,18.9,27.0,24.3,92,trad
2013-09-25,17.2,27.4,24.5,91,trad
2013-09-26,5.7,28.2,24.1,90,trad
2013-09-27,10.8,28.3,23.9,89,trad
2013-09-28,9.5,26.6,24.2,92,trad
2013-09-29,12.5,28.2,24.0,90,trad
2013-09-30,15.6,26.6,23.5,91,trad
2013-10-01,15.0,27.9,23.7,91,trad
2013-10-02,15.0,28.0,23.3,92,trad
2013-10-03,13.4,25.6,23.7,94,trad
2013-10-04,38.8,26.4,23.5,94,trad
2013-10-05,18.4,26.1,23.4,94,trad
2013-10-06,52.6,26.3,23.4,94,trad
2013-10-07,17.1,25.3,23.5,93,trad
2013-10-08,21.0,26.7,23.3,92,trad
2013-10-09,5.8,28.4,23.2,88,trad
2013-10-10,2.8,29.2,24.2,87,trad
2013-10-11,0.3,30.6,23.5,81,trad
2013-10-12,1.0,30.2,22.6,82,trad
2013-10-13,3.6,29.9,24.8,86,trad
2013-10-14,1.2,29.8,24.1,87,trad
2013-10-15,9.6,28.1,24.1,90,trad
2013-10-16,29.4,26.2,24.6,94,trad
2013-10-17,0.6,29.1,24.5,86,trad
2013-10-18,5.4,29.7,24.2,88,trad
2013-10-19,2.9,29.3,24.5,86,trad
2013-10-20,10.5,28.9,23.8,88,trad
2013-10-21,3.8,29.0,24.1,85,trad
2013-10-22,1.3,29.6,23.5,85,trad
2013-10-23,1.5,29.1,23.9,85,trad
2013-10-24,2.8,29.4,23.6,84,trad
2013-10-25,3.2,27.8,24.3,86,trad
2013-10-26,0.2,28.3,23.1,83,trad
2013-10-27,0.6,28.8,23.4,80,trad
2013-10-28,0.6,28.8,23.9,82,trad
2013-10-29,2.4,29.8,24.1,82,trad
2013-10-30,0.0,30.4,23.5,82,trad
2013-10-31,0.6,30.2,25.1,83,trad
2013-11-01,0.0,30.4,23.7,82,trad
2013-11-02,0.0,30.5,23.6,80,trad
2013-11-03,0.0,30.8,22.6,75,trad
2013-11-04,0.0,30.4,22.6,73,trad
2013-11-05,0.0,30.4,23.4,70,trad
2013-11-06,2.4,30.7,24.7,79,trad
2013-11-07,33.5,25.7,23.6,89,trad
2013-11-08,7.4,29.0,23.0,88,trad
2013-11-09,0.3,29.7,23.0,87,trad
2013-11-10,0.0,29.8,23.7,81,trad
2013-11-11,0.4,29.3,23.9,85,trad
2013-11-12,1.1,29.9,24.2,85,trad
2013-11-13,11.0,28.8,24.6,90,trad
2013-11-14,1.3,29.7,24.0,89,trad
2013-11-15,0.3,27.3,23.3,83,trad
2013-11-16,0.5,28.5,22.8,81,trad
2013-11-17,1.1,29.5,24.1,82,trad
2013-11-18,0.0,29.7,23.8,79,trad
2013-11-19,0.0,29.7,23.7,75,trad
2013-11-20,0.1,30.2,23.4,76,trad
2013-11-21,0.0,30.2,23.9,73,trad
2013-11-22,0.3,29.9,24.4,77,trad
2013-11-23,0.6,30.4,23.9,80,trad
2013-11-24,10.0,29.6,24.0,87,trad
2013-11-25,10.7,29.2,23.3,89,trad
2013-11-26,7.0,29.4,24.2,86,trad
2013-11-27,0.6,30.5,23.2,85,trad
2013-11-28,0.3,29.4,24.5,83,trad
2013-11-29,0.0,28.7,23.3,74,trad
2013-11-30,0.0,28.9,22.0,70,trad
2013-12-01,0.0,28.4,21.7,72,trad
2013-12-02,0.0,27.1,20.4,68,trad
2013-12-03,0.0,27.5,20.7,68,trad
2013-12-04,0.0,29.3,21.5,68,trad
2013-12-05,0.0,29.1,22.2,72,trad
2013-12-06,0.0,29.7,22.1,70,trad
2013-12-07,0.0,29.1,21.7,67,trad
2013-12-08,0.0,29.3,21.6,67,trad
2013-12-09,0.0,29.6,20.7,76,trad
2013-12-10,0.0,30.3,20.2,72,trad
2013-12-11,0.0,30.2,20.8,74,trad
2013-12-12,0.0,30.6,21.0,73,trad
2013-12-13,0.0,30.8,21.8,72,trad
2013-12-14,0.5,31.4,22.1,74,trad
2013-12-15,5.6,27.1,24.2,87,trad
2013-12-16,11.3,27.1,23.6,89,trad
2013-12-17,1.6,24.5,20.4,80,trad
2013-12-18,0.0,26.2,18.5,67,trad
2013-12-19,0.0,25.6,19.7,71,trad
2013-12-20,0.0,25.9,19.1,67,trad
2013-12-21,0.0,25.8,18.4,66,trad
2013-12-22,0.0,27.0,18.3,64,trad
2013-12-23,0.0,28.1,19.4,65,trad
2013-12-24,0.0,27.9,20.5,64,trad
2013-12-25,0.0,27.5,19.9,65,trad
2013-12-26,0.0,27.6,19.7,62,trad
2013-12-27,0.0,26.8,18.8,62,trad
2013-12-28,0.0,27.0,17.8,64,trad
2013-12-29,0.0,27.3,18.5,63,trad
2013-12-30,0.0,27.4,19.7,63,trad
2013-12-31,0.0,28.0,21.0,61,trad
2014-01-01,0.0,29.1,19.0,65,trad
2014-01-02,0.0,29.9,19.4,72,trad
2014-01-03,0.0,31.5,20.6,74,trad
2014-01-04,0.0,31.2,20.9,75,trad
2014-01-05,0.0,30.8,21.1,74,trad
2014-01-06,0.0,31.2,21.6,76,trad
2014-01-07,0.0,31.0,23.2,78,trad
2014-01-08,0.0,31.7,22.0,77,trad
2014-01-09,0.0,32.5,23.3,69,trad
2014-01-10,0.0,31.1,22.2,65,trad
2014-01-11,0.0,31.0,22.5,61,trad
2014-01-12,0.0,32.1,23.7,59,trad
2014-01-13,0.0,30.7,23.8,59,trad
2014-01-14,0.0,29.1,20.8,58,trad
2014-01-15,0.0,28.4,19.5,54,trad
2014-01-16,0.0,28.2,19.7,54,trad
2014-01-17,0.0,29.0,18.4,58,trad
2014-01-18,0.0,27.6,19.1,61,trad
2014-01-19,0.0,28.1,18.3,53,trad
2014-01-20,0.0,28.2,19.1,54,trad
2014-01-21,0.0,27.0,18.9,57,trad
2014-01-22,0.0,26.6,17.5,49,trad
2014-01-23,0.0,27.0,17.4,50,trad
2014-01-24,0.0,27.6,15.7,59,trad
2014-01-25,0.0,28.3,17.6,67,trad
2014-01-26,0.0,29.1,18.3,71,trad
2014-01-27,0.0,29.8,19.7,68,trad
2014-01-28,0.0,30.8,20.0,70,trad
2014-01-29,0.0,30.8,20.5,71,trad
2014-01-30,0.0,30.9,21.1,69,trad
2014-01-31,0.0,30.4,21.5,70,trad
2014-02-01,0.0,29.8,21.7,74,trad
2014-02-02,0.0,29.1,21.1,76,trad
2014-02-03,0.0,30.2,21.4,77,trad
2014-02-04,0.0,29.6,21.9,78,trad
2014-02-05,0.4,29.2,23.4,80,trad
2014-02-06,1.4,28.3,23.0,82,trad
2014-02-07,0.3,29.0,23.3,79,trad
2014-02-08,0.0,29.5,22.4,76,trad
2014-02-09,0.0,30.7,22.1,76,trad
2014-02-10,0.0,30.5,21.8,78,trad
2014-02-11,0.0,30.2,23.0,78,trad
2014-02-12,1.4,29.1,23.7,79,trad
2014-02-13,2.1,29.6,23.0,81,trad
2014-02-14,6.8,28.2,23.2,84,trad
2014-02-15,3.2,29.1,23.6,85,trad
2014-02-16,1.1,28.0,23.1,84,trad
2014-02-17,0.2,28.5,23.6,82,trad
2014-02-18,0.7,28.6,23.8,80,trad
2014-02-19,1.5,29.8,23.0,82,trad
2014-02-20,3.5,26.2,22.9,80,trad
2014-02-21,5.0,25.2,20.5,80,trad
2014-02-22,0.0,30.2,21.3,77,trad
2014-02-23,1.8,29.5,21.8,87,trad
2014-02-24,2.2,28.1,22.8,85,trad
2014-02-25,1.4,28.3,24.1,84,trad
2014-02-26,0.9,29.1,24.1,83,trad
2014-02-27,1.1,28.1,23.2,84,trad
2014-02-28,0.1,29.1,21.9,79,trad
2014-03-01,0.0,29.1,23.2,79,trad
2014-03-02,0.0,30.1,23.8,80,trad
2014-03-03,0.0,30.4,23.1,76,trad
2014-03-04,0.0,31.1,23.0,78,trad
2014-03-05,1.2,31.1,24.2,80,trad
2014-03-06,0.5,29.6,24.7,79,trad
2014-03-07,0.1,30.1,23.1,79,trad
2014-03-08,0.4,30.3,23.4,78,trad
2014-03-09,1.0,30.4,23.7,77,trad
2014-03-10,0.1,29.9,23.6,77,trad
2014-03-11,1.6,29.3,24.8,79,trad
2014-03-12,0.0,30.3,23.6,78,trad
2014-03-13,0.0,31.2,24.4,76,trad
2014-03-14,1.0,31.8,24.9,80,trad
2014-03-15,0.6,32.9,25.1,79,trad
2014-03-16,0.3,33.1,25.6,78,trad
2014-03-17,2.3,32.2,25.7,76,trad
2014-03-18,3.9,30.0,25.6,82,trad
2014-03-19,3.1,30.2,26.1,80,trad
2014-03-20,0.1,30.9,25.7,79,trad
2014-03-21,7.5,31.9,25.1,82,trad
2014-03-22,12.6,27.0,24.4,89,trad
2014-03-23,0.4,30.3,23.8,79,trad
2014-03-24,1.8,29.6,24.0,81,trad
2014-03-25,1.3,30.5,24.2,79,trad
2014-03-26,1.5,30.6,25.7,82,trad
2014-03-27,0.6,30.5,25.4,83,trad
2014-03-28,10.9,29.1,25.2,85,trad
2014-03-29,1.7,31.0,24.5,83,trad
2014-03-30,3.0,30.7,25.9,83,trad
2014-03-31,0.3,30.9,25.9,83,trad
2014-04-01,3.7,30.6,25.8,83,trad
2014-04-02,0.4,31.3,25.0,81,trad
2014-04-03,10.7,30.4,25.9,84,trad
2014-04-04,7.2,30.7,25.8,83,trad
2014-04-05,16.8,29.2,25.0,87,trad
2014-04-06,4.4,29.7,24.7,85,trad
2014-04-07,3.2,30.0,25.2,87,trad
2014-04-08,1.1,29.5,24.7,86,trad
2014-04-09,0.2,30.3,24.4,82,trad
2014-04-10,1.8,29.6,24.7,86,trad
2014-04-11,5.9,30.0,24.7,85,trad
2014-04-12,10.5,28.7,24.9,88,trad
2014-04-13,6.7,28.8,25.3,88,trad
2014-04-14,4.0,29.6,25.1,86,trad
2014-04-15,11.2,28.8,25.2,89,trad
2014-04-16,2.1,29.8,24.5,84,trad
2014-04-17,2.7,29.8,25.3,86,trad
2014-04-18,4.3,30.3,25.4,84,trad
2014-04-19,1.4,30.4,25.3,84,trad
2014-04-20,0.6,30.5,25.4,81,trad
2014-04-21,0.0,31.5,25.2,79,trad
2014-04-22,0.8,31.5,25.7,81,trad
2014-04-23,1.6,31.4,25.9,83,trad
2014-04-24,1.9,31.1,25.6,84,trad
2014-04-25,0.4,31.5,25.8,80,trad
2014-04-26,0.2,31.7,25.4,79,trad
2014-04-27,5.0,31.2,26.3,82,trad
2014-04-28,0.7,32.9,25.7,77,trad
2014-04-29,7.5,30.5,25.4,85,trad
2014-04-30,0.7,30.9,25.5,83,trad
2014-05-01,0.5,31.1,25.6,82,trad
2014-05-02,4.3,31.1,25.4,85,trad
2014-05-03,21.2,27.2,25.9,90,trad
2014-05-04,7.3,31.4,25.1,82,trad
2014-05-05,1.3,32.5,25.7,78,trad
2014-05-06,5.0,31.6,26.6,83,trad
2014-05-07,3.8,30.2,25.6,83,trad
2014-05-08,2.5,31.4,25.2,84,trad
2014-05-09,0.8,30.5,25.8,85,trad
2014-05-10,1.7,31.0,26.1,83,trad
2014-05-11,5.5,29.5,26.7,86,trad
2014-05-12,4.0,29.8,25.8,86,trad
2014-05-13,11.2,29.6,25.5,88,trad
2014-05-14,8.6,30.4,25.3,87,trad
2014-05-15,10.7,29.9,25.9,88,trad
2014-05-16,8.2,29.9,25.8,89,trad
2014-05-17,18.9,28.4,25.1,90,trad
2014-05-18,18.7,29.2,25.2,91,trad
2014-05-19,3.1,30.4,24.6,86,trad
2014-05-20,2.8,31.0,26.0,83,trad
2014-05-21,11.0,30.5,24.8,86,trad
2014-05-22,10.9,30.7,25.0,86,trad
2014-05-23,10.6,29.8,25.1,87,trad
2014-05-24,3.1,29.9,25.3,85,trad
2014-05-25,6.7,31.3,26.8,84,trad
2014-05-26,7.7,30.4,26.7,86,trad
2014-05-27,15.8,29.5,26.0,89,trad
2014-05-28,4.8,30.5,25.2,87,trad
2014-05-29,3.9,30.2,25.3,87,trad
2014-05-30,10.6,30.0,25.1,88,trad
2014-05-31,14.7,29.8,25.4,87,trad
2014-06-01,15.5,29.6,25.4,89,trad
2014-06-02,5.9,30.3,24.9,85,trad
2014-06-03,10.5,30.8,26.5,88,trad
2014-06-04,8.5,29.6,25.8,88,trad
2014-06-05,28.3,27.4,25.1,92,trad
2014-06-06,12.5,28.9,25.1,90,trad
2014-06-07,6.6,29.6,25.1,89,trad
2014-06-08,10.1,29.7,25.2,89,trad
2014-06-09,15.3,29.3,25.3,88,trad
2014-06-10,5.5,29.8,25.6,87,trad
2014-06-11,21.8,27.8,25.5,92,trad
2014-06-12,38.5,27.2,25.0,95,trad
2014-06-13,44.8,27.1,24.9,95,trad
2014-06-14,34.2,26.4,24.7,96,trad
2014-06-15,15.0,29.3,24.7,92,trad
2014-06-16,57.2,25.6,24.8,97,trad
2014-06-17,31.2,28.3,24.8,93,trad
2014-06-18,13.4,28.1,24.6,92,trad
2014-06-19,4.3,29.4,24.7,87,trad
2014-06-20,8.9,28.6,25.5,89,trad
2014-06-21,12.1,28.1,25.4,90,trad
2014-06-22,21.8,28.2,25.1,93,trad
2014-06-23,24.9,27.1,24.5,92,trad
2014-06-24,41.1,27.3,24.7,93,trad
2014-06-25,22.7,27.1,24.6,93,trad
2014-06-26,2.8,28.1,24.4,89,trad
2014-06-27,5.2,28.5,24.7,89,trad
2014-06-28,9.4,28.8,25.0,88,trad
2014-06-29,11.8,28.6,25.4,88,trad
2014-06-30,12.4,28.5,25.4,88,trad
2014-07-01,8.1,28.5,25.0,90,trad
2014-07-02,5.3,29.7,25.0,90,trad
2014-07-03,10.4,29.0,25.1,88,trad
2014-07-04,18.0,28.5,24.9,90,trad
2014-07-05,18.8,29.0,25.2,88,trad
2014-07-06,23.4,29.0,25.0,90,trad
2014-07-07,19.8,28.5,25.4,89,trad
2014-07-08,49.7,26.5,25.0,92,trad
2014-07-09,46.2,26.4,24.6,92,trad
2014-07-10,12.4,28.1,24.8,88,trad
2014-07-11,18.6,28.3,25.2,91,trad
2014-07-12,13.4,28.3,25.0,91,trad
2014-07-13,21.7,26.3,24.5,94,trad
2014-07-14,24.3,26.2,24.5,95,trad
2014-07-15,22.2,27.8,24.3,92,trad
2014-07-16,6.3,28.1,24.3,88,trad
2014-07-17,5.5,29.2,24.7,86,trad
2014-07-18,42.4,26.5,24.7,92,trad
2014-07-19,20.5,26.4,25.0,91,trad
2014-07-20,10.1,27.7,24.6,92,trad
2014-07-21,14.7,27.4,24.5,95,trad
2014-07-22,31.5,25.6,24.5,96,trad
2014-07-23,28.7,26.4,23.8,95,trad
2014-07-24,27.1,26.8,23.8,93,trad
2014-07-25,12.5,28.3,24.3,91,trad
2014-07-26,9.9,27.8,24.5,90,trad
2014-07-27,6.1,29.0,24.7,87,trad
2014-07-28,11.8,27.7,25.0,92,trad
2014-07-29,19.8,27.4,24.7,93,trad
2014-07-30,20.6,27.9,24.5,92,trad
2014-07-31,22.3,26.9,24.7,94,trad
2014-08-01,9.9,28.8,24.9,88,trad
2014-08-02,16.9,27.7,25.0,88,trad
2014-08-03,13.9,27.4,24.4,91,trad
2014-08-04,17.9,26.2,24.6,93,trad
2014-08-05,40.2,25.0,24.0,97,trad
2014-08-06,41.5,25.1,23.8,96,trad
2014-08-07,51.3,25.5,23.8,95,trad
2014-08-08,9.9,27.6,24.3,90,trad
2014-08-09,5.3,27.7,24.2,89,trad
2014-08-10,0.3,29.7,24.5,83,trad
2014-08-11,3.4,29.2,24.7,87,trad
2014-08-12,2.0,29.4,25.1,86,trad
2014-08-13,8.6,28.8,25.5,86,trad
2014-08-14,6.1,28.1,25.0,90,trad
2014-08-15,4.6,28.3,24.9,90,trad
2014-08-16,7.6,28.7,24.3,89,trad
2014-08-17,3.6,29.0,24.4,87,trad
2014-08-18,2.7,29.1,25.0,87,trad
2014-08-19,6.2,28.0,24.9,88,trad
2014-08-20,15.1,27.8,24.5,91,trad
2014-08-21,4.9,28.5,24.3,88,trad
2014-08-22,2.9,30.0,24.6,84,trad
2014-08-23,8.6,30.5,25.7,84,trad
2014-08-24,6.3,29.6,24.7,86,trad
2014-08-25,7.9,29.6,25.4,89,trad
2014-08-26,11.4,27.3,24.7,93,trad
2014-08-27,14.0,26.8,24.4,93,trad
2014-08-28,21.8,25.8,24.1,94,trad
2014-08-29,10.8,27.8,24.1,88,trad
2014-08-30,14.5,26.3,23.8,91,trad
2014-08-31,7.7,28.6,23.8,87,trad
2014-09-01,19.6,27.5,23.8,92,trad
2014-09-02,28.4,26.6,24.0,94,trad
2014-09-03,11.5,27.5,24.1,89,trad
2014-09-04,5.9,29.1,23.7,87,trad
2014-09-05,14.0,28.3,23.8,90,trad
2014-09-06,18.2,27.6,23.9,91,trad
2014-09-07,24.1,26.2,23.7,92,trad
2014-09-08,18.5,27.5,23.8,90,trad
2014-09-09,6.8,28.1,24.2,89,trad
2014-09-10,21.7,27.7,24.3,90,trad
2014-09-11,11.0,27.4,24.1,91,trad
2014-09-12,16.9,27.1,24.2,92,trad
2014-09-13,18.7,27.3,24.2,91,trad
2014-09-14,25.9,28.0,24.2,90,trad
2014-09-15,14.6,26.6,24.1,93,trad
2014-09-16,36.2,26.2,24.1,94,trad
2014-09-17,35.6,27.1,24.0,92,trad
2014-09-18,3.2,29.0,24.0,88,trad
2014-09-19,2.0,30.1,24.1,85,trad
2014-09-20,2.4,29.6,24.8,87,trad
2014-09-21,3.3,28.9,25.0,88,trad
2014-09-22,3.4,29.0,25.1,90,trad
2014-09-23,5.7,29.4,24.6,89,trad
2014-09-24,4.6,29.2,24.5,87,trad
2014-09-25,4.5,28.9,24.6,90,trad
2014-09-26,2.7,28.3,24.6,88,trad
2014-09-27,1.4,29.9,25.5,84,trad
2014-09-28,5.7,29.4,25.5,86,trad
2014-09-29,8.5,28.6,24.9,90,trad
2014-09-30,8.4,27.9,24.2,91,trad
2014-10-01,14.7,30.1,24.1,87,trad
2014-10-02,10.2,29.3,24.9,87,trad
2014-10-03,8.7,29.8,23.9,86,trad
2014-10-04,15.2,28.9,24.6,88,trad
2014-10-05,48.2,28.6,24.3,92,trad
2014-10-06,39.7,25.5,24.0,95,trad
2014-10-07,27.9,26.9,23.5,92,trad
2014-10-08,34.5,25.2,23.6,96,trad
2014-10-09,8.8,27.6,23.2,89,trad
2014-10-10,1.2,30.1,23.3,85,trad
2014-10-11,23.8,26.9,23.5,91,trad
2014-10-12,0.6,30.4,24.4,83,trad
2014-10-13,3.1,29.6,24.7,86,trad
2014-10-14,0.3,30.4,24.0,80,trad
2014-10-15,0.1,30.6,24.0,81,trad
2014-10-16,0.0,30.6,24.2,79,trad
2014-10-17,0.6,30.9,25.0,80,trad
2014-10-18,5.7,30.7,24.6,82,trad
2014-10-19,21.8,26.7,24.3,93,trad
2014-10-20,8.4,28.3,23.6,89,trad
2014-10-21,2.0,30.4,23.1,86,trad
2014-10-22,5.6,29.7,24.5,87,trad
2014-10-23,13.6,27.1,23.9,93,trad
2014-10-24,5.2,28.8,23.7,86,trad
2014-10-25,8.0,28.4,24.2,88,trad
2014-10-26,8.6,28.4,24.1,90,trad
2014-10-27,7.9,30.0,24.1,88,trad
2014-10-28,8.3,28.0,24.8,92,trad
2014-10-29,7.8,28.2,24.0,90,trad
2014-10-30,1.6,30.1,24.1,87,trad
2014-10-31,19.0,29.3,24.5,90,trad
2014-11-01,35.2,28.1,25.0,91,trad
2014-11-02,11.3,29.9,24.1,89,trad
2014-11-03,17.7,28.5,24.4,90,trad
2014-11-04,5.1,28.1,24.6,89,trad
2014-11-05,1.4,29.8,24.5,85,trad
2014-11-06,1.3,30.9,24.5,80,trad
2014-11-07,4.1,28.5,25.1,87,trad
2014-11-08,0.6,30.3,24.4,84,trad
2014-11-09,0.8,30.6,24.6,84,trad
2014-11-10,0.4,30.0,23.9,83,trad
2014-11-11,0.6,30.1,23.9,83,trad
2014-11-12,0.1,30.6,24.4,83,trad
2014-11-13,0.1,30.8,23.3,80,trad
2014-11-14,0.0,29.7,24.8,77,trad
2014-11-15,0.0,31.1,24.0,77,trad
2014-11-16,0.0,30.5,24.0,78,trad
2014-11-17,0.0,31.2,24.3,74,trad
2014-11-18,0.0,31.0,24.0,69,trad
2014-11-19,0.0,30.5,22.9,66,trad
2014-11-20,0.0,30.6,23.2,68,trad
2014-11-21,0.0,31.5,23.7,72,trad
2014-11-22,0.0,31.2,24.1,74,trad
2014-11-23,0.0,31.2,24.6,78,trad
2014-11-24,0.0,31.9,24.6,78,trad
2014-11-25,4.8,31.2,24.9,82,trad
2014-11-26,6.8,29.1,24.5,89,trad
2014-11-27,20.5,27.6,24.3,91,trad
2014-11-28,3.8,29.8,24.6,87,trad
2014-11-29,3.2,29.9,24.8,87,trad
2014-11-30,2.3,29.5,24.5,90,trad
2014-12-01,1.3,29.2,24.7,85,trad
2014-12-02,9.3,29.1,24.7,86,trad
2014-12-03,10.5,28.4,24.5,89,trad
2014-12-04,12.4,28.2,23.8,90,trad
2014-12-05,4.5,29.1,23.9,87,trad
2014-12-06,1.2,29.0,23.6,86,trad
2014-12-07,0.5,29.9,24.2,82,trad
2014-12-08,0.0,30.0,23.3,81,trad
2014-12-09,0.0,29.5,22.3,79,trad
2014-12-10,0.0,29.5,22.2,76,trad
2014-12-11,0.0,29.5,21.8,74,trad
2014-12-12,0.3,29.6,23.0,69,trad
2014-12-13,1.3,27.3,21.5,66,trad
2014-12-14,0.0,29.0,21.6,65,trad
2014-12-15,0.0,30.1,22.4,69,trad
2014-12-16,0.0,30.1,22.6,69,trad
2014-12-17,0.0,27.6,21.3,59,trad
2014-12-18,0.0,27.8,20.6,57,trad
2014-12-19,0.0,28.5,21.6,59,trad
2014-12-20,0.0,28.2,21.4,63,trad
2014-12-21,0.0,30.1,22.5,61,trad
2014-12-22,0.0,28.2,21.4,57,trad
2014-12-23,0.0,28.7,20.5,57,trad
2014-12-24,0.0,29.1,22.8,59,trad
2014-12-25,0.0,31.6,22.9,67,trad
2014-12-26,0.0,32.0,23.0,76,trad
2014-12-27,3.2,31.7,23.3,80,trad
2014-12-28,0.2,30.7,23.9,75,trad
2014-12-29,0.0,29.4,22.2,62,trad
2014-12-30,0.0,29.5,21.5,59,trad
2014-12-31,0.0,29.3,20.8,60,trad
2015-01-01,0.0,29.1,20.7,58,trad
2015-01-02,0.0,29.0,19.8,55,trad
2015-01-03,0.0,29.4,20.5,60,trad
2015-01-04,0.0,30.5,22.0,64,trad
2015-01-05,0.0,31.1,21.9,70,trad
2015-01-06,0.3,30.6,23.9,75,trad
2015-01-07,8.6,30.5,23.4,85,trad
2015-01-08,0.1,30.0,23.6,83,trad
2015-01-09,0.0,30.3,22.8,75,trad
2015-01-10,0.0,30.5,22.4,76,trad
2015-01-11,0.0,30.1,22.9,73,trad
2015-01-12,0.0,29.9,22.2,58,trad
2015-01-13,0.0,28.7,20.8,55,trad
2015-01-14,0.0,29.2,20.7,51,trad
2015-01-15,0.0,29.7,20.7,56,trad
2015-01-16,0.0,29.4,20.1,51,trad
2015-01-17,0.0,29.4,19.2,55,trad
2015-01-18,0.0,29.5,19.9,60,trad
2015-01-19,0.0,29.8,20.7,56,trad
2015-01-20,0.0,29.9,20.6,62,trad
2015-01-21,0.0,31.0,19.5,63,trad
2015-01-22,0.0,30.8,18.3,65,trad
2015-01-23,0.0,30.0,20.8,74,trad
2015-01-24,0.0,29.0,20.3,79,trad
2015-01-25,0.0,30.5,21.3,80,trad
2015-01-26,0.0,29.8,21.9,81,trad
2015-01-27,0.0,29.9,22.9,80,trad
2015-01-28,0.5,30.0,23.3,80,trad
2015-01-29,0.0,30.7,23.2,80,trad
2015-01-30,1.8,31.3,23.5,79,trad
2015-01-31,1.6,30.8,23.6,80,trad
2015-02-01,0.0,31.1,22.6,68,trad
2015-02-02,0.0,31.2,22.2,65,trad
2015-02-03,0.0,32.0,21.9,64,trad
2015-02-04,0.0,31.6,21.9,69,trad
2015-02-05,0.1,31.8,22.5,64,trad
2015-02-06,0.0,31.0,20.8,59,trad
2015-02-07,0.0,30.8,19.9,65,trad
2015-02-08,0.0,31.5,21.3,67,trad
2015-02-09,0.0,31.1,22.1,66,trad
2015-02-10,0.2,31.1,21.9,67,trad
2015-02-11,0.0,30.6,22.5,74,trad
2015-02-12,1.8,28.2,22.8,80,trad
2015-02-13,1.9,27.7,23.4,81,trad
2015-02-14,8.2,26.8,23.6,84,trad
2015-02-15,1.0,27.7,23.5,80,trad
2015-02-16,1.1,29.0,22.6,80,trad
2015-02-17,0.8,28.7,22.9,83,trad
2015-02-18,1.6,28.5,24.3,82,trad
2015-02-19,22.0,25.6,22.7,92,trad
2015-02-20,0.8,28.2,23.0,89,trad
2015-02-21,1.4,28.3,22.9,88,trad
2015-02-22,1.3,28.6,23.1,83,trad
2015-02-23,0.3,29.5,23.6,83,trad
2015-02-24,1.8,28.7,24.9,84,trad
2015-02-25,2.1,29.2,24.2,85,trad
2015-02-26,1.6,29.2,24.7,84,trad
2015-02-27,5.9,29.5,24.4,85,trad
2015-02-28,3.6,29.9,25.0,81,trad
2015-03-01,2.7,30.9,25.2,82,trad
2015-03-02,1.9,28.3,25.1,86,trad
2015-03-03,0.5,29.2,24.2,81,trad
2015-03-04,0.5,30.1,24.6,81,trad
2015-03-05,0.0,30.1,23.7,82,trad
2015-03-06,2.9,29.9,25.1,83,trad
2015-03-07,0.8,30.2,24.5,82,trad
2015-03-08,2.8,29.0,25.1,84,trad
2015-03-09,1.1,29.7,25.1,82,trad
2015-03-10,0.3,30.2,24.3,81,trad
2015-03-11,1.0,29.6,24.7,82,trad
2015-03-12,2.1,28.7,24.8,81,trad
2015-03-13,1.1,29.4,24.6,82,trad
2015-03-14,2.0,28.7,24.7,83,trad
2015-03-15,0.3,29.5,24.4,84,trad
2015-03-16,1.3,29.9,25.3,82,trad
2015-03-17,1.6,29.4,25.5,84,trad
2015-03-18,0.0,30.5,24.8,80,trad
2015-03-19,0.0,31.2,24.2,79,trad
2015-03-20,0.0,31.0,24.5,80,trad
2015-03-21,1.3,31.1,25.8,78,trad
2015-03-22,4.8,29.6,25.0,84,trad
2015-03-23,3.5,28.7,24.9,83,trad
2015-03-24,21.3,27.5,24.4,86,trad
2015-03-25,2.4,29.8,23.3,82,trad
2015-03-26,3.0,30.4,24.7,81,trad
2015-03-27,1.0,31.4,24.7,80,trad
2015-03-28,5.3,30.0,26.1,80,trad
2015-03-29,9.5,30.1,24.1,83,trad
2015-03-30,1.9,30.9,24.4,80,trad
2015-03-31,6.8,29.5,25.1,84,trad
2015-04-01,6.7,30.4,25.1,88,trad
2015-04-02,0.1,30.4,25.2,84,trad
2015-04-03,1.1,30.8,25.4,84,trad
2015-04-04,0.0,30.9,25.7,82,trad
2015-04-05,0.2,31.1,25.9,81,trad
2015-04-06,0.5,31.3,26.4,81,trad
2015-04-07,2.2,31.2,26.4,83,trad
2015-04-08,6.6,30.0,25.8,84,trad
2015-04-09,2.0,29.5,24.7,83,trad
2015-04-10,1.4,30.6,26.0,81,trad
2015-04-11,16.7,28.4,25.1,86,trad
2015-04-12,11.5,28.3,24.0,89,trad
2015-04-13,6.8,30.1,24.8,84,trad
2015-04-14,0.3,30.8,24.0,77,trad
2015-04-15,0.7,29.8,24.6,81,trad
2015-04-16,1.6,30.0,25.8,84,trad
2015-04-17,1.6,29.6,25.0,85,trad
2015-04-18,0.0,30.5,26.1,80,trad
2015-04-19,0.0,30.9,24.7,81,trad
2015-04-20,0.0,31.2,25.6,79,trad
2015-04-21,0.0,32.2,24.8,81,trad
2015-04-22,1.4,31.9,25.9,82,trad
2015-04-23,23.2,28.2,24.9,88,trad
2015-04-24,6.3,31.6,24.3,84,trad
2015-04-25,14.4,27.2,24.7,91,trad
2015-04-26,0.7,30.9,24.4,86,trad
2015-04-27,5.9,30.0,25.0,87,trad
2015-04-28,6.0,29.4,24.9,85,trad
2015-04-29,6.7,29.8,25.7,86,trad
2015-04-30,4.6,30.7,25.2,88,trad
2015-05-01,8.2,29.9,26.1,88,trad
2015-05-02,6.0,29.7,25.6,88,trad
2015-05-03,9.8,28.5,26.4,88,trad
2015-05-04,3.2,29.6,26.0,87,trad
2015-05-05,4.5,30.0,25.5,86,trad
2015-05-06,2.5,30.9,26.4,84,trad
2015-05-07,4.8,30.9,26.3,86,trad
2015-05-08,14.8,30.1,25.6,90,trad
2015-05-09,15.4,28.3,25.3,90,trad
2015-05-10,13.0,28.6,25.2,90,trad
2015-05-11,4.7,30.2,25.3,88,trad
2015-05-12,5.8,30.4,26.0,88,trad
2015-05-13,10.2,29.0,26.0,89,trad
2015-05-14,14.7,28.3,25.2,89,trad
2015-05-15,0.5,30.5,25.0,86,trad
2015-05-16,0.2,30.5,25.5,83,trad
2015-05-17,1.0,30.3,25.7,86,trad
2015-05-18,9.5,29.9,25.4,88,trad
2015-05-19,10.9,30.6,25.1,85,trad
2015-05-20,12.3,29.9,25.8,86,trad
2015-05-21,5.8,30.8,26.1,84,trad
2015-05-22,16.1,29.4,25.7,89,trad
2015-05-23,13.2,28.3,25.1,89,trad
2015-05-24,16.2,28.4,25.4,91,trad
2015-05-25,13.1,28.0,25.1,92,trad
2015-05-26,21.5,27.4,25.0,92,trad
2015-05-27,12.1,29.5,25.5,89,trad
2015-05-28,5.9,29.5,24.8,86,trad
2015-05-29,11.4,29.5,25.3,86,trad
2015-05-30,9.6,29.4,25.4,85,trad
2015-05-31,10.7,29.3,25.0,86,trad
2015-06-01,9.2,30.3,25.5,86,trad
2015-06-02,28.4,29.1,25.1,89,trad
2015-06-03,4.2,29.3,25.2,88,trad
2015-06-04,0.0,30.6,25.4,85,trad
2015-06-05,0.3,30.8,26.2,82,trad
2015-06-06,0.0,31.1,26.3,82,trad
2015-06-07,0.6,30.8,26.4,84,trad
2015-06-08,12.1,28.3,26.3,89,trad
2015-06-09,2.9,30.1,25.0,87,trad
2015-06-10,1.5,30.7,25.8,85,trad
2015-06-11,3.1,30.6,26.4,85,trad
2015-06-12,7.5,29.9,25.6,87,trad
2015-06-13,13.4,28.9,25.3,90,trad
2015-06-14,11.2,28.8,25.9,88,trad
2015-06-15,15.5,27.9,25.0,92,trad
2015-06-16,22.5,26.7,24.5,94,trad
2015-06-17,32.4,25.3,24.4,97,trad
2015-06-18,28.0,27.5,24.5,90,trad
2015-06-19,16.5,28.7,25.0,89,trad
2015-06-20,19.7,29.5,24.5,90,trad
2015-06-21,14.1,28.9,25.1,88,trad
2015-06-22,22.0,29.1,24.6,91,trad
2015-06-23,32.1,27.2,25.0,94,trad
2015-06-24,49.3,26.7,24.7,95,trad
2015-06-25,39.1,26.9,24.5,94,trad
2015-06-26,40.9,25.1,24.2,97,trad
2015-06-27,12.3,27.2,24.2,94,trad
2015-06-28,6.7,29.8,24.2,86,trad
2015-06-29,10.4,29.1,24.6,89,trad
2015-06-30,2.1,30.0,25.6,83,trad
2015-07-01,2.6,29.4,26.0,85,trad
2015-07-02,10.8,29.2,26.1,85,trad
2015-07-03,11.8,29.0,25.4,88,trad
2015-07-04,6.4,29.4,26.2,84,trad
2015-07-05,20.9,28.3,25.4,86,trad
2015-07-06,29.5,27.7,24.8,91,trad
2015-07-07,14.1,28.3,24.8,90,trad
2015-07-08,12.4,28.2,25.6,90,trad
2015-07-09,8.6,28.8,26.2,87,trad
2015-07-10,2.4,29.4,25.9,83,trad
2015-07-11,9.8,28.6,25.6,87,trad
2015-07-12,13.8,28.6,26.0,88,trad
2015-07-13,28.3,27.1,25.0,94,trad
2015-07-14,17.9,27.7,25.0,92,trad
2015-07-15,36.8,26.8,24.9,94,trad
2015-07-16,15.7,28.0,25.0,91,trad
2015-07-17,27.7,26.2,24.9,95,trad
2015-07-18,19.1,27.7,24.7,92,trad
2015-07-19,27.9,25.5,24.3,96,trad
2015-07-20,22.8,27.5,24.3,93,trad
2015-07-21,15.7,26.6,24.2,93,trad
2015-07-22,0.2,29.5,24.3,84,trad
2015-07-23,0.2,29.8,25.3,85,trad
2015-07-24,0.2,30.3,24.8,82,trad
2015-07-25,1.1,29.6,24.6,84,trad
2015-07-26,9.4,28.3,25.8,88,trad
2015-07-27,5.1,27.9,24.6,88,trad
2015-07-28,3.7,27.8,25.0,87,trad
2015-07-29,0.2,29.4,25.0,84,trad
2015-07-30,20.5,27.4,24.2,92,trad
2015-07-31,13.6,27.4,23.9,90,trad
2015-08-01,8.7,27.7,23.5,88,trad
2015-08-02,16.4,27.8,23.4,90,trad
2015-08-03,25.3,27.7,24.0,93,trad
2015-08-04,14.2,28.4,24.5,90,trad
2015-08-05,16.9,27.7,24.4,90,trad
2015-08-06,10.2,28.1,25.0,85,trad
2015-08-07,14.6,27.8,24.6,89,trad
2015-08-08,31.8,26.8,24.4,91,trad
2015-08-09,24.7,27.2,24.5,90,trad
2015-08-10,20.2,27.0,24.7,94,trad
2015-08-11,15.8,28.4,24.7,93,trad
2015-08-12,11.0,27.9,24.7,92,trad
2015-08-13,6.8,28.5,24.6,90,trad
2015-08-14,0.9,29.1,24.7,89,trad
2015-08-15,5.8,29.4,24.9,88,trad
2015-08-16,0.8,29.8,24.5,88,trad
2015-08-17,7.1,29.0,25.2,88,trad
2015-08-18,7.7,29.5,25.6,87,trad
2015-08-19,12.8,30.4,25.0,89,trad
2015-08-20,7.6,29.6,24.9,88,trad
2015-08-21,20.6,28.2,24.9,90,trad
2015-08-22,12.3,28.4,24.8,86,trad
2015-08-23,5.0,28.8,25.3,84,trad
2015-08-24,9.1,28.6,25.0,87,trad
2015-08-25,49.1,26.8,24.4,93,trad
2015-08-26,27.2,26.4,24.3,94,trad
2015-08-27,1.9,28.5,24.5,83,trad
2015-08-28,8.7,28.2,24.0,88,trad
2015-08-29,16.7,28.7,24.4,90,trad
2015-08-30,10.6,29.0,24.8,89,trad
2015-08-31,22.7,28.3,24.3,89,trad
2015-09-01,24.4,27.1,24.4,93,trad
2015-09-02,8.4,28.1,24.4,89,trad
2015-09-03,5.5,28.8,24.6,89,trad
2015-09-04,13.9,28.2,24.7,91,trad
2015-09-05,6.2,28.1,24.4,90,trad
2015-09-06,3.8,29.6,24.6,85,trad
2015-09-07,2.9,29.8,25.7,86,trad
2015-09-08,10.7,30.1,24.4,85,trad
2015-09-09,21.6,28.1,24.2,91,trad
2015-09-10,25.3,25.4,24.3,95,trad
2015-09-11,14.7,27.1,24.0,92,trad
2015-09-12,8.1,28.8,24.6,90,trad
2015-09-13,25.7,27.7,24.1,91,trad
2015-09-14,25.0,28.0,23.9,93,trad
2015-09-15,34.9,25.5,23.7,96,trad
2015-09-16,33.5,27.1,23.8,95,trad
2015-09-17,101.6,25.0,24.1,96,trad
2015-09-18,36.2,28.4,24.2,90,trad
2015-09-19,4.5,31.3,23.6,85,trad
2015-09-20,2.4,31.7,24.0,86,trad
2015-09-21,5.8,30.3,25.8,88,trad
2015-09-22,16.5,27.6,25.4,92,trad
2015-09-23,9.0,29.0,24.6,90,trad
2015-09-24,28.5,27.5,24.7,92,trad
2015-09-25,13.2,28.3,24.7,87,trad
2015-09-26,34.3,28.6,24.2,90,trad
2015-09-27,15.8,28.1,24.4,90,trad
2015-09-28,33.0,27.7,24.4,92,trad
2015-09-29,18.0,27.7,24.2,92,trad
2015-09-30,14.0,27.7,24.3,91,trad
2015-10-01,10.4,27.6,24.2,90,trad
2015-10-02,9.1,27.5,24.3,92,trad
2015-10-03,16.5,27.3,24.4,91,trad
2015-10-04,44.9,25.6,24.2,96,trad
2015-10-05,28.2,25.6,24.3,96,trad
2015-10-06,7.4,27.1,24.0,92,trad
2015-10-07,4.1,29.4,24.9,88,trad
2015-10-08,2.3,28.5,25.0,89,trad
2015-10-09,25.1,27.9,23.9,91,trad
2015-10-10,11.1,27.6,24.1,91,trad
2015-10-11,7.2,27.6,24.3,90,trad
2015-10-12,1.2,29.6,23.8,86,trad
2015-10-13,10.8,29.1,24.3,84,trad
2015-10-14,4.9,30.0,24.6,84,trad
2015-10-15,10.6,29.4,24.3,89,trad
2015-10-16,4.1,29.5,24.0,88,trad
2015-10-17,12.1,29.8,24.1,87,trad
2015-10-18,2.6,29.2,24.5,87,trad
2015-10-19,7.0,29.3,24.9,87,trad
2015-10-20,2.6,28.6,24.3,90,trad
2015-10-21,1.8,29.6,23.9,88,trad
2015-10-22,1.4,29.6,24.9,87,trad
2015-10-23,1.4,29.5,25.0,85,trad
2015-10-24,5.3,28.8,24.5,87,trad
2015-10-25,0.3,30.0,24.0,83,trad
2015-10-26,0.6,30.6,24.3,82,trad
2015-10-27,11.3,29.4,24.9,86,trad
2015-10-28,7.1,30.2,24.7,88,trad
2015-10-29,3.1,30.3,24.3,86,trad
2015-10-30,0.0,31.5,24.2,82,trad
2015-10-31,0.0,31.5,24.6,83,trad
2015-11-01,0.0,31.0,25.0,80,trad
2015-11-02,0.4,30.9,25.3,79,trad
2015-11-03,0.5,29.7,24.8,81,trad
2015-11-04,0.4,31.2,24.7,80,trad
2015-11-05,5.3,30.7,24.7,85,trad
2015-11-06,17.2,27.8,24.0,92,trad
2015-11-07,9.9,27.8,24.4,90,trad
2015-11-08,9.8,30.1,24.3,89,trad
2015-11-09,5.0,29.9,24.2,87,trad
2015-11-10,4.1,30.0,24.3,88,trad
2015-11-11,8.7,30.2,24.4,88,trad
2015-11-12,6.1,29.8,24.5,88,trad
2015-11-13,22.2,29.8,25.0,89,trad
2015-11-14,2.7,29.6,24.4,87,trad
2015-11-15,6.3,30.3,24.4,87,trad
2015-11-16,2.7,29.4,24.6,86,trad
2015-11-17,1.2,29.6,24.3,85,trad
2015-11-18,5.1,29.8,24.4,87,trad
2015-11-19,2.6,30.6,25.2,87,trad
2015-11-20,0.0,31.4,24.0,84,trad
2015-11-21,0.0,31.3,24.7,79,trad
2015-11-22,0.4,31.3,24.0,80,trad
2015-11-23,1.2,30.4,24.9,83,trad
2015-11-24,0.0,31.0,24.4,81,trad
2015-11-25,3.0,30.9,25.8,82,trad
2015-11-26,0.0,31.2,25.2,78,trad
2015-11-27,0.0,31.3,24.9,72,trad
2015-11-28,0.0,31.5,24.4,74,trad
2015-11-29,0.0,31.7,24.9,76,trad
2015-11-30,0.0,32.0,25.0,76,trad
2015-12-01,4.9,30.7,24.7,85,trad
2015-12-02,12.1,28.4,24.6,87,trad
2015-12-03,1.0,30.4,24.4,86,trad
2015-12-04,5.4,29.5,25.1,85,trad
2015-12-05,6.4,30.0,24.1,87,trad
2015-12-06,0.8,31.7,24.7,81,trad
2015-12-07,0.0,31.2,24.6,70,trad
2015-12-08,0.0,31.4,23.9,68,trad
2015-12-09,0.0,30.9,24.6,72,trad
2015-12-10,0.0,31.8,24.0,79,trad
2015-12-11,1.3,29.3,25.6,86,trad
2015-12-12,0.7,29.6,24.4,88,trad
2015-12-13,1.0,30.3,24.2,85,trad
2015-12-14,0.9,30.9,24.3,85,trad
2015-12-15,0.0,32.0,24.6,80,trad
2015-12-16,0.0,31.0,24.5,76,trad
2015-12-17,0.0,29.8,24.1,62,trad
2015-12-18,0.0,29.0,21.3,58,trad
2015-12-19,0.0,29.1,21.2,63,trad
2015-12-20,0.0,29.7,21.7,64,trad
2015-12-21,0.0,30.7,22.6,65,trad
2015-12-22,0.7,28.1,24.1,77,trad
2015-12-23,3.2,30.2,23.2,82,trad
2015-12-24,0.2,30.2,23.2,82,trad
2015-12-25,0.8,30.2,24.1,82,trad
2015-12-26,0.0,30.9,23.6,81,trad
2015-12-27,0.1,33.1,23.9,77,trad
2015-12-28,0.3,32.2,23.5,69,trad
2015-12-29,0.2,31.8,23.0,69,trad
2015-12-30,0.0,31.8,23.7,68,trad
2015-12-31,0.0,31.3,22.5,66,trad
2016-01-01,0.0,31.3,22.6,59,trad
2016-01-02,0.0,31.8,22.8,64,trad
2016-01-03,0.0,32.5,22.5,66,trad
2016-01-04,0.0,31.9,23.8,75,trad
2016-01-05,0.1,30.5,23.9,82,trad
2016-01-06,0.8,30.5,23.9,83,trad
2016-01-07,2.6,29.8,24.0,85,trad
2016-01-08,2.3,28.4,23.9,86,trad
2016-01-09,0.9,28.7,23.1,85,trad
2016-01-10,0.3,29.7,23.2,82,trad
2016-01-11,0.0,29.8,23.7,79,trad
2016-01-12,0.0,31.1,23.1,78,trad
2016-01-13,1.0,29.8,24.8,80,trad
2016-01-14,1.4,30.0,24.4,81,trad
2016-01-15,5.5,29.3,24.8,86,trad
2016-01-16,2.3,29.0,23.8,87,trad
2016-01-17,14.4,27.9,24.6,89,trad
2016-01-18,12.8,28.5,24.7,91,trad
2016-01-19,6.7,29.5,24.2,90,trad
2016-01-20,1.6,28.9,23.8,87,trad
2016-01-21,2.0,29.3,24.5,87,trad
2016-01-22,0.9,30.0,24.3,86,trad
2016-01-23,1.1,30.8,24.9,83,trad
2016-01-24,6.3,27.0,21.8,76,trad
2016-01-25,0.2,24.7,17.9,57,trad
2016-01-26,0.0,26.9,17.7,59,trad
2016-01-27,0.0,28.8,19.2,62,trad
2016-01-28,0.0,30.0,21.5,72,trad
2016-01-29,0.2,31.0,22.0,76,trad
2016-01-30,0.3,30.3,23.7,82,trad
2016-01-31,2.4,28.1,23.3,89,trad
2016-02-01,1.5,30.2,23.5,84,trad
2016-02-02,0.3,31.1,23.9,78,trad
2016-02-03,0.0,31.6,22.8,60,trad
2016-02-04,0.0,32.0,22.7,65,trad
2016-02-05,0.0,31.9,23.6,63,trad
2016-02-06,0.0,29.7,23.1,57,trad
2016-02-07,0.0,26.4,17.8,47,trad
2016-02-08,0.0,26.8,17.0,46,trad
2016-02-09,0.0,28.9,17.6,56,trad
2016-02-10,0.0,30.5,17.5,65,trad
2016-02-11,0.0,32.1,18.9,68,trad
2016-02-12,0.0,31.1,21.0,78,trad
2016-02-13,0.0,30.9,22.4,80,trad
2016-02-14,0.1,30.8,23.3,82,trad
2016-02-15,0.5,31.2,23.4,83,trad
2016-02-16,2.7,29.9,23.5,85,trad
2016-02-17,0.1,32.7,23.1,76,trad
2016-02-18,1.0,32.8,23.8,74,trad
2016-02-19,0.5,31.2,25.1,78,trad
2016-02-20,0.9,32.3,23.3,80,trad
2016-02-21,0.2,30.6,23.3,79,trad
2016-02-22,0.4,30.3,24.2,78,trad
2016-02-23,0.0,31.7,25.2,77,trad
2016-02-24,2.5,29.9,24.9,82,trad
2016-02-25,1.0,33.0,24.0,60,trad
2016-02-26,0.0,32.7,23.3,52,trad
2016-02-27,0.0,32.4,23.4,50,trad
2016-02-28,0.0,32.9,24.1,51,trad
2016-02-29,0.0,32.7,23.9,53,trad
2016-03-01,0.0,32.3,23.4,52,trad
2016-03-02,0.0,33.3,21.7,62,trad
2016-03-03,0.0,33.1,23.2,73,trad
2016-03-04,0.1,30.9,23.2,80,trad
2016-03-05,1.4,31.0,25.4,79,trad
2016-03-06,1.6,31.0,24.7,81,trad
2016-03-07,0.9,31.1,25.8,81,trad
2016-03-08,1.5,30.6,26.0,81,trad
2016-03-09,0.0,32.2,25.4,79,trad
2016-03-10,0.0,32.5,25.1,77,trad
2016-03-11,2.7,32.4,26.0,81,trad
2016-03-12,0.9,30.6,25.8,78,trad
2016-03-13,0.4,31.1,25.1,78,trad
2016-03-14,0.2,32.4,26.1,79,trad
2016-03-15,0.9,31.2,26.1,80,trad
2016-03-16,0.8,31.2,26.4,80,trad
2016-03-17,0.0,32.3,25.4,79,trad
2016-03-18,0.0,31.3,25.7,80,trad
2016-03-19,0.6,31.7,26.5,79,trad
2016-03-20,0.0,32.0,26.6,77,trad
2016-03-21,0.0,32.1,24.9,75,trad
2016-03-22,0.0,32.4,25.5,75,trad
2016-03-23,0.0,32.2,25.9,75,trad
2016-03-24,0.0,32.7,24.8,77,trad
2016-03-25,8.2,32.1,25.3,80,trad
2016-03-26,10.2,30.7,24.3,80,trad
2016-03-27,2.5,31.2,25.2,80,trad
2016-03-28,0.7,31.3,24.7,79,trad
2016-03-29,6.2,28.0,24.6,85,trad
2016-03-30,2.4,30.0,24.4,82,trad
2016-03-31,2.2,30.1,25.1,81,trad
2016-04-01,0.7,29.9,24.9,81,trad
2016-04-02,0.9,30.3,25.4,80,trad
2016-04-03,0.3,31.0,25.3,80,trad
2016-04-04,0.3,31.9,25.4,78,trad
2016-04-05,0.6,31.7,25.7,80,trad
2016-04-06,0.0,32.3,24.8,78,trad
2016-04-07,0.0,32.1,26.2,76,trad
2016-04-08,0.8,31.3,25.5,80,trad
2016-04-09,0.0,32.3,25.5,77,trad
2016-04-10,0.0,32.7,25.7,75,trad
2016-04-11,0.4,32.3,26.0,78,trad
2016-04-12,0.0,32.7,26.4,79,trad
2016-04-13,0.8,32.8,26.1,79,trad
2016-04-14,0.3,32.4,26.6,77,trad
2016-04-15,0.0,33.3,26.3,76,trad
2016-04-16,0.0,33.3,26.7,76,trad
2016-04-17,0.0,33.4,26.5,74,trad
2016-04-18,0.1,33.6,27.1,72,trad
2016-04-19,2.1,33.5,26.7,76,trad
2016-04-20,0.3,33.0,26.5,76,trad
2016-04-21,0.5,32.2,26.1,77,trad
2016-04-22,0.7,32.4,26.6,78,trad
2016-04-23,0.0,33.0,26.9,74,trad
2016-04-24,0.0,33.0,26.4,73,trad
2016-04-25,0.0,33.0,26.7,73,trad
2016-04-26,0.0,33.9,26.6,73,trad
2016-04-27,0.0,33.6,27.3,72,trad
2016-04-28,0.0,33.7,26.7,72,trad
2016-04-29,0.0,34.0,27.3,72,trad
2016-04-30,20.5,31.4,26.4,82,trad
2016-05-01,0.9,31.7,25.4,82,trad
2016-05-02,0.6,32.4,26.3,79,trad
2016-05-03,1.0,32.5,26.7,80,trad
2016-05-04,1.6,33.1,26.2,79,trad
2016-05-05,1.3,33.3,27.1,77,trad
2016-05-06,7.7,30.8,25.9,84,trad
2016-05-07,5.3,32.4,26.4,81,trad
2016-05-08,8.0,31.3,27.0,84,trad
2016-05-09,3.2,31.7,26.7,85,trad
2016-05-10,3.7,31.5,27.4,82,trad
2016-05-11,0.2,33.0,26.9,79,trad
2016-05-12,0.3,32.0,27.8,78,trad
2016-05-13,2.1,31.2,27.7,80,trad
2016-05-14,1.4,32.5,26.3,78,trad
2016-05-15,19.6,31.7,26.1,84,trad
2016-05-16,18.3,30.1,26.2,87,trad
2016-05-17,13.5,29.8,25.0,89,trad
2016-05-18,13.7,29.0,26.4,88,trad
2016-05-19,2.1,31.3,26.1,87,trad
2016-05-20,10.8,30.5,25.7,88,trad
2016-05-21,5.5,32.5,25.6,81,trad
2016-05-22,22.7,29.6,26.0,88,trad
2016-05-23,35.1,28.2,25.3,95,trad
2016-05-24,30.3,27.9,25.2,91,trad
2016-05-25,21.1,28.8,25.2,91,trad
2016-05-26,16.4,28.0,25.2,94,trad
2016-05-27,20.0,27.3,25.2,94,trad
2016-05-28,27.0,27.2,25.0,94,trad
2016-05-29,31.4,26.8,24.9,95,trad
2016-05-30,17.8,27.3,25.0,93,trad
2016-05-31,8.9,28.0,25.2,91,trad
2016-06-01,2.1,29.5,25.4,85,trad
2016-06-02,5.4,29.8,26.1,86,trad
2016-06-03,14.1,28.6,24.8,91,trad
2016-06-04,14.4,28.2,25.0,90,trad
2016-06-05,14.9,28.5,25.2,90,trad
2016-06-06,5.8,29.6,25.2,87,trad
2016-06-07,17.1,28.9,25.2,90,trad
2016-06-08,5.0,30.2,25.1,84,trad
2016-06-09,2.4,29.9,26.1,84,trad
2016-06-10,1.8,30.6,26.4,84,trad
2016-06-11,2.2,30.4,26.0,85,trad
2016-06-12,8.7,29.4,25.8,87,trad
2016-06-13,6.1,29.9,25.8,85,trad
2016-06-14,12.7,29.5,25.9,87,trad
2016-06-15,16.9,28.1,25.0,90,trad
2016-06-16,22.7,26.8,25.0,93,trad
2016-06-17,26.6,26.8,24.4,94,trad
2016-06-18,6.3,28.6,24.3,87,trad
2016-06-19,7.6,29.8,24.6,89,trad
2016-06-20,20.4,28.2,24.8,91,trad
2016-06-21,24.3,26.9,24.2,90,trad
2016-06-22,9.7,27.7,24.3,91,trad
2016-06-23,23.7,27.0,24.5,93,trad
2016-06-24,32.8,25.9,24.3,97,trad
2016-06-25,12.8,28.6,24.4,92,trad
2016-06-26,9.4,29.0,24.6,92,trad
2016-06-27,26.2,26.0,24.7,96,trad
2016-06-28,52.5,25.9,24.5,96,trad
2016-06-29,58.2,25.3,24.6,97,trad
2016-06-30,36.6,26.4,24.6,94,trad
2016-07-01,13.0,27.6,24.5,92,trad
2016-07-02,10.6,28.4,24.6,91,trad
2016-07-03,1.5,29.7,24.7,86,trad
2016-07-04,0.6,29.3,25.5,87,trad
2016-07-05,7.8,28.1,24.9,87,trad
2016-07-06,44.0,25.6,24.5,97,trad
2016-07-07,64.7,27.1,24.6,94,trad
2016-07-08,38.3,27.6,24.5,92,trad
2016-07-09,20.5,28.3,24.6,90,trad
2016-07-10,43.0,26.4,24.9,95,trad
2016-07-11,25.5,26.7,24.8,95,trad
2016-07-12,13.0,28.9,25.0,92,trad
2016-07-13,24.2,26.4,24.6,93,trad
2016-07-14,12.5,28.9,25.0,90,trad
2016-07-15,6.6,29.6,24.8,88,trad
2016-07-16,5.9,29.6,24.9,87,trad
2016-07-17,9.6,29.9,25.8,88,trad
2016-07-18,9.9,29.1,24.3,87,trad
2016-07-19,8.8,29.4,25.4,88,trad
2016-07-20,11.5,28.5,24.7,90,trad
2016-07-21,9.3,28.4,24.7,89,trad
2016-07-22,6.2,29.5,25.1,87,trad
2016-07-23,8.8,28.4,24.3,87,trad
2016-07-24,6.7,29.7,25.0,85,trad
2016-07-25,3.9,29.3,25.8,84,trad
2016-07-26,11.2,29.2,24.9,87,trad
2016-07-27,14.0,27.6,24.5,90,trad
2016-07-28,32.0,26.7,24.4,93,trad
2016-07-29,47.1,25.5,24.2,97,trad
2016-07-30,12.1,28.8,24.2,91,trad
2016-07-31,1.2,29.9,25.5,83,trad
2016-08-01,3.4,29.3,24.1,83,trad
2016-08-02,21.0,28.5,24.8,89,trad
2016-08-03,31.4,27.8,24.7,91,trad
2016-08-04,18.0,26.8,24.3,92,trad
2016-08-05,16.8,26.6,24.4,94,trad
2016-08-06,9.7,28.6,24.4,90,trad
2016-08-07,32.1,27.6,24.0,92,trad
2016-08-08,11.0,28.6,24.5,89,trad
2016-08-09,15.9,29.3,25.0,88,trad
2016-08-10,16.6,28.6,24.5,91,trad
2016-08-11,16.0,28.3,25.2,89,trad
2016-08-12,23.0,28.3,25.1,91,trad
2016-08-13,23.4,27.9,25.5,91,trad
2016-08-14,21.9,28.1,25.9,89,trad
2016-08-15,26.7,27.4,25.8,89,trad
2016-08-16,15.9,28.0,25.3,90,trad
2016-08-17,7.3,29.0,25.5,89,trad
2016-08-18,7.2,28.2,26.3,86,trad
2016-08-19,15.3,27.9,26.3,87,trad
2016-08-20,5.3,28.9,26.1,86,trad
2016-08-21,4.0,29.7,25.3,86,trad
2016-08-22,14.0,28.9,25.4,88,trad
2016-08-23,14.2,29.7,24.9,89,trad
2016-08-24,16.9,28.6,24.9,90,trad
2016-08-25,9.5,28.7,25.7,89,trad
2016-08-26,5.9,29.5,25.2,89,trad
2016-08-27,13.7,29.1,25.3,88,trad
2016-08-28,9.3,29.3,25.1,88,trad
2016-08-29,12.4,27.7,25.1,91,trad
2016-08-30,14.3,27.4,24.8,91,trad
2016-08-31,22.3,27.4,24.9,91,trad
2016-09-01,5.1,29.1,25.1,86,trad
2016-09-02,23.6,28.9,24.9,89,trad
2016-09-03,12.8,28.7,25.0,89,trad
2016-09-04,4.4,28.9,25.2,87,trad
2016-09-05,10.4,27.9,25.4,87,trad
2016-09-06,19.8,27.8,25.0,91,trad
2016-09-07,33.6,26.6,24.8,94,trad
2016-09-08,15.9,27.0,24.8,93,trad
2016-09-09,22.7,25.7,24.4,95,trad
2016-09-10,8.0,28.2,24.3,90,trad
2016-09-11,17.8,27.6,24.7,91,trad
2016-09-12,58.6,25.5,24.1,95,trad
2016-09-13,53.9,25.0,23.9,96,trad
2016-09-14,30.2,27.5,24.0,90,trad
2016-09-15,11.8,28.0,25.1,86,trad
2016-09-16,17.5,27.7,24.2,91,trad
2016-09-17,21.7,29.2,24.3,91,trad
2016-09-18,9.7,29.4,24.5,90,trad
2016-09-19,7.8,28.5,24.1,90,trad
2016-09-20,11.9,28.7,24.4,90,trad
2016-09-21,16.3,26.6,24.4,91,trad
2016-09-22,18.3,27.8,23.8,92,trad
2016-09-23,49.5,26.9,24.2,93,trad
2016-09-24,3.6,27.4,23.7,92,trad
2016-09-25,5.2,28.3,23.9,90,trad
2016-09-26,14.4,27.7,24.1,92,trad
2016-09-27,26.3,27.4,24.2,91,trad
2016-09-28,42.3,27.1,24.4,93,trad
2016-09-29,13.7,26.9,24.1,92,trad
2016-09-30,8.7,27.4,24.6,91,trad
2016-10-01,8.8,28.4,24.4,91,trad
2016-10-02,19.0,29.4,24.2,92,trad
2016-10-03,10.9,27.8,24.5,91,trad
2016-10-04,14.3,27.5,24.6,92,trad
2016-10-05,15.2,28.3,24.1,91,trad
2016-10-06,20.7,27.3,24.3,93,trad
2016-10-07,14.3,28.2,24.1,91,trad
2016-10-08,16.3,27.3,24.3,92,trad
2016-10-09,11.9,27.4,23.7,93,trad
2016-10-10,14.0,26.5,24.2,95,trad
2016-10-11,16.0,27.8,24.4,91,trad
2016-10-12,25.6,27.1,24.3,95,trad
2016-10-13,12.1,27.5,24.0,93,trad
2016-10-14,2.2,29.8,23.8,89,trad
2016-10-15,11.3,28.4,25.0,89,trad
2016-10-16,12.1,27.9,24.4,92,trad
2016-10-17,16.5,28.2,23.8,92,trad
2016-10-18,8.6,28.3,24.4,90,trad
2016-10-19,9.0,27.7,24.0,94,trad
2016-10-20,18.5,27.4,24.6,92,trad
2016-10-21,15.8,27.8,24.5,93,trad
2016-10-22,31.7,27.2,24.6,93,trad
2016-10-23,7.1,27.6,24.2,91,trad
2016-10-24,20.4,28.0,24.2,93,trad
2016-10-25,10.9,28.7,24.0,90,trad
2016-10-26,12.3,28.1,23.9,91,trad
2016-10-27,4.7,28.0,23.8,91,trad
2016-10-28,9.4,29.5,24.0,89,trad
2016-10-29,12.8,28.3,24.0,91,trad
2016-10-30,10.2,28.6,24.5,91,trad
2016-10-31,10.9,29.0,24.1,90,trad
2016-11-01,8.7,29.1,23.8,89,trad
2016-11-02,0.0,29.3,24.4,84,trad
2016-11-03,1.0,28.3,24.0,81,trad
2016-11-04,0.3,28.1,23.7,79,trad
2016-11-05,4.8,28.0,23.9,84,trad
2016-11-06,4.7,28.6,24.3,90,trad
2016-11-07,18.4,27.9,24.4,92,trad
2016-11-08,4.6,28.5,24.2,88,trad
2016-11-09,5.6,29.2,24.4,89,trad
2016-11-10,6.8,27.6,24.1,91,trad
2016-11-11,0.0,29.5,23.5,81,trad
2016-11-12,0.0,30.8,23.4,81,trad
2016-11-13,0.2,30.8,24.4,84,trad
2016-11-14,0.3,30.9,24.0,86,trad
2016-11-15,1.0,30.7,24.8,84,trad
2016-11-16,0.0,31.1,23.4,81,trad
2016-11-17,0.0,30.5,23.0,78,trad
2016-11-18,1.2,31.0,25.0,80,trad
2016-11-19,14.2,29.8,24.6,88,trad
2016-11-20,3.4,30.2,24.6,89,trad
2016-11-21,7.9,29.0,24.7,88,trad
2016-11-22,15.7,28.9,24.7,89,trad
2016-11-23,18.6,28.1,24.7,90,trad
2016-11-24,2.8,28.6,23.6,90,trad
2016-11-25,0.3,29.6,24.2,84,trad
2016-11-26,1.2,30.3,24.2,85,trad
2016-11-27,0.0,29.5,24.3,80,trad
2016-11-28,0.0,29.6,22.9,80,trad
2016-11-29,0.0,29.7,23.7,74,trad
2016-11-30,0.0,29.5,23.1,75,trad
2016-12-01,0.0,27.4,23.2,71,trad
2016-12-02,1.6,26.2,22.9,74,trad
2016-12-03,0.3,29.3,23.0,74,trad
2016-12-04,0.0,30.6,23.9,76,trad
2016-12-05,0.0,30.0,24.1,76,trad
2016-12-06,0.5,29.0,24.3,75,trad
2016-12-07,0.0,29.2,22.9,71,trad
2016-12-08,0.0,29.4,24.0,73,trad
2016-12-09,0.0,30.0,23.0,73,trad
2016-12-10,0.0,30.4,22.3,75,trad
2016-12-11,0.0,29.6,23.0,75,trad
2016-12-12,0.1,29.4,22.9,75,trad
2016-12-13,2.8,27.0,23.8,85,trad
2016-12-14,7.1,28.0,23.2,85,trad
2016-12-15,2.0,27.4,23.8,85,trad
2016-12-16,9.3,26.1,21.0,88,trad
2016-12-17,0.0,25.1,20.8,77,trad
2016-12-18,0.0,29.0,21.0,75,trad
2016-12-19,0.0,30.2,22.6,76,trad
2016-12-20,0.0,30.8,23.3,76,trad
2016-12-21,0.3,31.0,23.4,82,trad
2016-12-22,0.0,30.6,24.1,81,trad
2016-12-23,0.0,31.2,23.3,76,trad
2016-12-24,0.0,31.1,23.0,76,trad
2016-12-25,0.0,31.3,22.8,77,trad
2016-12-26,0.0,31.4,23.5,76,trad
2016-12-27,0.0,30.8,23.1,74,trad
2016-12-28,0.0,28.9,22.3,64,trad
2016-12-29,0.0,28.5,21.5,61,trad
2016-12-30,0.0,28.0,21.5,61,trad
2016-12-31,0.0,28.4,22.3,64,trad
2017-01-01,0.0,32.5,22.5,60,trad
2017-01-02,0.1,34.5,24.3,57,trad
2017-01-03,0.0,33.2,25.4,58,trad
2017-01-04,0.0,34.0,24.9,59,trad
2017-01-05,2.9,33.9,25.2,63,trad
2017-01-06,4.2,31.4,24.9,78,trad
2017-01-07,1.4,32.7,23.9,71,trad
2017-01-08,3.0,30.7,23.8,78,trad
2017-01-09,0.4,32.8,24.4,70,trad
2017-01-10,0.4,32.6,24.5,73,trad
2017-01-11,7.7,28.9,24.0,86,trad
2017-01-12,1.4,30.6,23.3,85,trad
2017-01-13,0.3,31.8,23.9,79,trad
2017-01-14,1.6,32.1,24.3,83,trad
2017-01-15,0.4,32.5,24.8,73,trad
2017-01-16,0.4,29.8,23.5,75,trad
2017-01-17,22.9,28.7,23.4,82,trad
2017-01-18,0.0,32.2,23.8,68,trad
2017-01-19,0.0,33.4,22.8,62,trad
2017-01-20,0.6,34.2,23.8,66,trad
2017-01-21,0.0,32.5,25.0,61,trad
2017-01-22,0.0,31.0,23.6,59,trad
2017-01-23,0.0,30.1,23.3,59,trad
2017-01-24,0.0,33.2,22.4,54,trad
2017-01-25,0.1,33.5,24.0,57,trad
2017-01-26,0.0,33.6,24.4,58,trad
2017-01-27,0.0,32.5,23.4,54,trad
2017-01-28,0.0,31.8,22.3,51,trad
2017-01-29,0.0,33.0,19.5,49,trad
2017-01-30,0.0,33.3,20.1,53,trad
2017-01-31,0.0,33.6,21.1,54,trad
2017-02-01,0.0,33.5,21.5,54,trad
2017-02-02,1.0,33.7,23.6,61,trad
2017-02-03,0.6,32.6,22.9,66,trad
2017-02-04,0.1,33.3,24.0,65,trad
2017-02-05,0.0,33.7,23.2,68,trad
2017-02-06,0.0,34.9,21.3,61,trad
2017-02-07,0.0,32.7,21.2,74,trad
2017-02-08,0.3,32.4,21.9,72,trad
2017-02-09,0.0,34.4,21.2,71,trad
2017-02-10,0.0,33.8,22.0,72,trad
2017-02-11,0.0,33.7,23.4,55,trad
2017-02-12,0.0,32.2,22.3,48,trad
2017-02-13,0.0,31.9,21.1,46,trad
2017-02-14,0.0,32.5,21.0,48,trad
2017-02-15,0.0,33.0,21.7,46,trad
2017-02-16,0.0,33.2,22.3,48,trad
2017-02-17,0.0,33.7,21.1,59,trad
2017-02-18,0.0,34.5,21.6,69,trad
2017-02-19,0.0,34.8,23.1,67,trad
2017-02-20,0.9,31.6,23.6,79,trad
2017-02-21,1.1,32.3,25.1,78,trad
2017-02-22,5.3,32.1,24.5,82,trad
2017-02-23,8.2,31.5,24.4,84,trad
2017-02-24,10.7,30.4,24.8,86,trad
2017-02-25,11.8,31.0,23.7,86,trad
2017-02-26,3.2,32.9,23.9,83,trad
2017-02-27,0.4,33.8,24.1,77,trad
2017-02-28,0.0,34.9,24.9,68,trad
2017-03-01,0.3,34.4,24.2,74,trad
2017-03-02,0.1,34.2,24.3,62,trad
2017-03-03,0.0,34.8,22.5,64,trad
2017-03-04,4.4,31.4,25.0,79,trad
2017-03-05,5.4,31.1,24.8,81,trad
2017-03-06,1.1,31.5,25.0,81,trad
2017-03-07,10.9,31.2,25.4,83,trad
2017-03-08,1.3,30.3,25.4,78,trad
2017-03-09,0.9,30.8,24.7,74,trad
2017-03-10,0.4,32.5,24.1,76,trad
2017-03-11,2.1,31.2,24.9,77,trad
2017-03-12,0.0,33.1,25.4,73,trad
2017-03-13,0.2,32.7,24.2,76,trad
2017-03-14,0.9,32.0,25.5,77,trad
2017-03-15,4.5,32.5,25.2,75,trad
2017-03-16,10.4,31.7,25.6,78,trad
2017-03-17,6.6,30.1,25.1,83,trad
2017-03-18,3.2,30.5,25.0,84,trad
2017-03-19,3.0,31.2,25.2,82,trad
2017-03-20,19.0,28.9,23.9,88,trad
2017-03-21,13.0,30.6,24.2,86,trad
2017-03-22,4.7,31.4,24.9,84,trad
2017-03-23,12.2,30.5,26.0,85,trad
2017-03-24,1.4,31.9,25.2,82,trad
2017-03-25,16.5,32.2,24.5,86,trad
2017-03-26,13.6,31.5,25.0,88,trad
2017-03-27,7.8,26.5,23.7,90,trad
2017-03-28,1.0,31.9,23.0,73,trad
2017-03-29,12.4,28.5,24.3,89,trad
2017-03-30,9.0,31.1,24.0,88,trad
2017-03-31,8.8,29.9,24.9,87,trad
2017-04-01,10.0,28.5,24.1,86,trad
2017-04-02,7.4,31.1,23.9,80,trad
2017-04-03,0.0,30.8,24.1,74,trad
2017-04-04,0.9,30.1,23.6,80,trad
2017-04-05,15.9,30.6,23.9,88,trad
2017-04-06,5.3,30.8,24.3,89,trad
2017-04-07,12.5,30.5,24.1,88,trad
2017-04-08,9.8,31.9,24.3,87,trad
2017-04-09,2.6,31.0,25.6,86,trad
2017-04-10,3.1,30.6,25.5,86,trad
2017-04-11,2.6,31.4,25.8,84,trad
2017-04-12,1.4,31.3,26.0,86,trad
2017-04-13,1.5,32.1,25.4,85,trad
2017-04-14,4.7,30.3,24.1,87,trad
2017-04-15,0.0,31.9,24.0,82,trad
2017-04-16,0.7,31.3,24.4,82,trad
2017-04-17,3.1,31.3,24.9,85,trad
2017-04-18,0.1,32.5,25.2,81,trad
2017-04-19,0.7,31.8,25.4,79,trad
2017-04-20,8.8,31.6,26.4,84,trad
2017-04-21,1.1,31.6,26.4,83,trad
2017-04-22,2.5,32.3,26.1,83,trad
2017-04-23,5.2,31.9,27.0,82,trad
2017-04-24,7.6,30.5,27.1,84,trad
2017-04-25,10.5,30.8,25.8,85,trad
2017-04-26,3.9,30.9,26.8,84,trad
2017-04-27,2.1,30.5,26.5,83,trad
2017-04-28,7.4,31.3,25.8,86,trad
2017-04-29,11.4,31.0,24.2,88,trad
2017-04-30,1.2,32.4,24.2,85,trad
2017-05-01,7.9,30.3,25.5,88,trad
2017-05-02,4.2,31.6,26.3,87,trad
2017-05-03,3.7,31.9,26.7,85,trad
2017-05-04,4.8,31.7,26.6,85,trad
2017-05-05,1.3,31.5,25.7,83,trad
2017-05-06,4.0,33.6,24.8,84,trad
2017-05-07,5.0,32.5,25.5,85,trad
2017-05-08,6.9,32.2,24.9,83,trad
2017-05-09,10.5,31.6,24.3,86,trad
2017-05-10,9.6,31.2,24.3,89,trad
2017-05-11,11.5,31.5,24.5,88,trad
2017-05-12,4.2,31.4,24.4,86,trad
2017-05-13,11.7,30.8,24.5,90,trad
2017-05-14,2.6,31.8,24.3,86,trad
2017-05-15,5.0,30.2,25.2,90,trad
2017-05-16,19.1,29.9,25.2,89,trad
2017-05-17,22.9,29.8,25.3,90,trad
2017-05-18,22.7,28.6,25.5,91,trad
2017-05-19,12.3,28.6,25.8,90,trad
2017-05-20,4.1,30.6,25.9,88,trad
2017-05-21,6.1,31.3,25.9,89,trad
2017-05-22,11.9,30.5,26.0,90,trad
2017-05-23,14.7,30.5,25.5,90,trad
2017-05-24,5.7,30.3,26.2,88,trad
2017-05-25,15.4,29.3,25.6,93,trad
2017-05-26,17.3,28.1,25.4,93,trad
2017-05-27,54.0,27.5,24.8,96,trad
2017-05-28,14.2,29.4,24.3,93,trad
2017-05-29,24.5,28.3,24.4,92,trad
2017-05-30,12.4,29.9,25.4,89,trad
2017-05-31,18.0,30.8,24.8,87,trad
2017-06-01,3.0,30.2,26.0,86,trad
2017-06-02,11.1,30.7,25.4,87,trad
2017-06-03,17.0,30.5,26.1,86,trad
2017-06-04,7.4,30.0,25.5,89,trad
2017-06-05,17.6,28.4,25.0,93,trad
2017-06-06,35.0,28.6,24.9,93,trad
2017-06-07,53.7,27.3,25.1,93,trad
2017-06-08,6.9,29.3,25.1,90,trad
2017-06-09,5.5,30.0,24.2,86,trad
2017-06-10,7.3,31.1,24.6,84,trad
2017-06-11,0.4,31.0,25.8,81,trad
2017-06-12,0.5,30.8,25.4,83,trad
2017-06-13,0.5,31.3,25.8,81,trad
2017-06-14,1.4,30.9,26.1,81,trad
2017-06-15,3.8,30.9,25.7,80,trad
2017-06-16,0.9,31.8,24.4,83,trad
2017-06-17,7.2,31.1,25.7,85,trad
2017-06-18,8.7,30.8,25.8,88,trad
2017-06-19,2.0,30.9,25.8,83,trad
2017-06-20,6.9,30.3,24.8,88,trad
2017-06-21,13.1,30.2,24.5,87,trad
2017-06-22,20.0,28.2,24.7,91,trad
2017-06-23,17.2,29.9,24.7,91,trad
2017-06-24,39.8,28.6,24.1,92,trad
2017-06-25,25.0,26.8,24.4,94,trad
2017-06-26,11.1,27.8,24.0,92,trad
2017-06-27,7.3,30.1,24.5,88,trad
2017-06-28,7.2,29.0,24.9,88,trad
2017-06-29,16.1,29.3,25.3,89,trad
2017-06-30,5.3,28.8,25.2,88,trad
2017-07-01,8.5,30.2,25.2,89,trad
2017-07-02,1.7,30.9,25.6,86,trad
2017-07-03,5.3,30.2,24.6,85,trad
2017-07-04,17.7,28.7,24.8,93,trad
2017-07-05,6.9,29.8,24.1,90,trad
2017-07-06,6.6,30.2,24.9,87,trad
2017-07-07,25.4,26.5,24.5,95,trad
2017-07-08,13.5,28.5,24.5,90,trad
2017-07-09,9.0,29.6,25.1,89,trad
2017-07-10,5.7,30.2,24.7,86,trad
2017-07-11,19.9,28.3,23.9,89,trad
2017-07-12,18.6,28.6,24.6,92,trad
2017-07-13,10.0,27.9,25.1,93,trad
2017-07-14,31.0,26.6,24.3,94,trad
2017-07-15,12.6,28.4,24.3,89,trad
2017-07-16,39.5,27.2,24.2,92,trad
2017-07-17,33.2,26.5,24.3,92,trad
2017-07-18,33.1,26.3,24.3,94,trad
2017-07-19,29.4,26.0,23.6,96,trad
2017-07-20,31.9,26.6,23.6,96,trad
2017-07-21,11.5,29.0,23.6,89,trad
2017-07-22,6.2,28.9,24.5,90,trad
2017-07-23,14.2,29.2,24.2,89,trad
2017-07-24,35.6,27.3,23.4,94,trad
2017-07-25,48.2,26.2,24.1,95,trad
2017-07-26,40.7,26.9,24.7,94,trad
2017-07-27,21.8,28.5,24.7,90,trad
2017-07-28,15.5,30.5,25.1,86,trad
2017-07-29,4.3,29.0,26.3,84,trad
2017-07-30,6.3,29.9,25.6,84,trad
2017-07-31,3.9,30.1,26.5,83,trad
2017-08-01,7.9,30.2,25.2,84,trad
2017-08-02,8.8,29.7,25.3,87,trad
2017-08-03,8.5,29.6,25.3,88,trad
2017-08-04,17.7,27.8,25.0,91,trad
2017-08-05,11.6,27.6,24.8,91,trad
2017-08-06,7.3,28.1,25.0,91,trad
2017-08-07,3.1,30.4,24.4,86,trad
2017-08-08,1.7,30.5,25.3,85,trad
2017-08-09,8.1,30.1,24.9,89,trad
2017-08-10,9.9,29.9,25.4,89,trad
2017-08-11,10.0,30.2,25.2,88,trad
2017-08-12,5.3,30.9,25.3,88,trad
2017-08-13,9.6,30.3,25.1,87,trad
2017-08-14,14.3,30.1,25.0,87,trad
2017-08-15,13.2,29.5,25.3,89,trad
2017-08-16,21.4,29.0,24.6,90,trad
2017-08-17,25.6,27.0,24.4,93,trad
2017-08-18,14.3,28.5,24.3,89,trad
2017-08-19,26.0,28.9,23.7,93,trad
2017-08-20,22.3,27.3,24.2,91,trad
2017-08-21,15.6,28.7,24.3,89,trad
2017-08-22,13.4,30.1,24.3,88,trad
2017-08-23,31.0,29.6,24.1,91,trad
2017-08-24,26.3,29.6,24.7,88,trad
2017-08-25,32.2,28.9,24.3,91,trad
2017-08-26,25.4,29.1,24.2,93,trad
2017-08-27,33.8,25.9,23.7,95,trad
2017-08-28,21.2,27.7,24.4,93,trad
2017-08-29,11.3,29.0,24.5,91,trad
2017-08-30,5.0,29.1,24.7,88,trad
2017-08-31,5.6,30.5,24.7,87,trad
2017-09-01,5.2,29.9,25.4,87,trad
2017-09-02,6.8,31.2,24.5,84,trad
2017-09-03,2.9,29.5,25.8,89,trad
2017-09-04,5.5,29.1,25.4,89,trad
2017-09-05,8.8,29.8,25.4,87,trad
2017-09-06,2.7,30.6,25.3,86,trad
2017-09-07,9.9,30.1,25.8,87,trad
2017-09-08,4.1,32.3,25.2,87,trad
2017-09-09,9.6,31.3,25.0,90,trad
2017-09-10,5.8,31.3,24.5,90,trad
2017-09-11,10.1,30.9,24.4,90,trad
2017-09-12,4.7,31.8,24.1,88,trad
2017-09-13,4.8,31.3,24.5,88,trad
2017-09-14,4.9,31.8,25.0,88,trad
2017-09-15,16.6,29.2,25.3,90,trad
2017-09-16,17.6,27.3,25.1,93,trad
2017-09-17,21.4,28.9,24.4,91,trad
2017-09-18,3.4,31.4,24.3,85,trad
2017-09-19,1.6,32.1,24.3,85,trad
2017-09-20,16.9,28.9,24.4,91,trad
2017-09-21,7.9,31.7,23.6,89,trad
2017-09-22,10.3,27.9,24.3,93,trad
2017-09-23,10.4,28.2,23.7,93,trad
2017-09-24,8.3,27.0,24.6,94,trad
2017-09-25,23.6,26.9,24.7,93,trad
2017-09-26,13.1,28.1,24.4,91,trad
2017-09-27,19.7,29.5,24.6,92,trad
2017-09-28,14.9,31.1,24.5,90,trad
2017-09-29,17.4,31.8,24.2,90,trad
2017-09-30,17.0,29.7,24.4,88,trad
2017-10-01,6.1,29.9,24.1,89,trad
2017-10-02,20.3,27.3,24.3,95,trad
2017-10-03,34.1,25.8,23.4,96,trad
2017-10-04,35.0,26.6,24.0,95,trad
2017-10-05,3.9,29.7,24.2,89,trad
2017-10-06,5.7,31.4,23.5,89,trad
2017-10-07,11.0,29.3,24.9,91,trad
2017-10-08,3.8,30.2,23.3,91,trad
2017-10-09,4.1,30.8,24.3,88,trad
2017-10-10,3.5,29.8,24.6,89,trad
2017-10-11,6.2,30.3,25.2,89,trad
2017-10-12,7.9,31.4,23.5,87,trad
2017-10-13,15.9,30.5,24.1,91,trad
2017-10-14,31.5,28.0,23.8,92,trad
2017-10-15,14.7,27.2,23.5,93,trad
2017-10-16,4.2,30.5,24.5,85,trad
2017-10-17,29.5,29.3,24.0,93,trad
2017-10-18,12.4,30.0,23.4,86,trad
2017-10-19,6.3,31.2,24.7,83,trad
2017-10-20,15.6,30.9,24.0,90,trad
2017-10-21,2.5,31.5,23.2,86,trad
2017-10-22,9.3,31.1,23.7,88,trad
2017-10-23,18.1,30.8,24.1,89,trad
2017-10-24,9.4,29.1,24.2,90,trad
2017-10-25,3.5,29.5,23.7,85,trad
2017-10-26,0.7,31.3,24.2,81,trad
2017-10-27,0.0,31.4,24.1,81,trad
2017-10-28,3.0,30.4,23.9,84,trad
2017-10-29,0.0,31.2,23.6,78,trad
2017-10-30,0.0,29.6,23.6,73,trad
2017-10-31,0.0,28.5,22.2,70,trad
2017-11-01,0.0,25.6,23.1,76,trad
2017-11-02,0.0,28.5,23.1,78,trad
2017-11-03,0.0,29.7,23.4,71,trad
2017-11-04,0.0,28.7,22.8,61,trad
2017-11-05,1.4,26.0,22.2,80,trad
2017-11-06,0.0,28.2,21.9,81,trad
2017-11-07,0.6,29.0,24.0,77,trad
2017-11-08,1.5,29.4,23.8,81,trad
2017-11-09,0.2,31.1,23.4,81,trad
2017-11-10,0.1,31.6,24.0,80,trad
2017-11-11,6.1,30.0,23.9,86,trad
2017-11-12,4.2,29.4,24.0,89,trad
2017-11-13,8.4,28.8,23.6,92,trad
2017-11-14,7.5,30.4,23.1,92,trad
2017-11-15,6.6,29.9,23.2,89,trad
2017-11-16,9.5,31.1,23.8,88,trad
2017-11-17,4.1,31.8,23.7,87,trad
2017-11-18,1.8,31.7,24.2,88,trad
2017-11-19,45.0,28.4,24.3,94,trad
2017-11-20,17.8,27.4,24.0,93,trad
2017-11-21,0.7,30.7,23.4,86,trad
2017-11-22,1.0,30.8,23.6,83,trad
2017-11-23,0.0,31.7,23.5,81,trad
2017-11-24,0.0,29.9,22.4,72,trad
2017-11-25,0.0,29.1,21.2,70,trad
2017-11-26,0.0,30.4,21.8,71,trad
2017-11-27,0.0,30.4,22.5,71,trad
2017-11-28,0.0,31.2,23.6,73,trad
2017-11-29,0.5,30.0,24.9,76,trad
2017-11-30,0.0,32.3,25.0,75,trad
2017-12-01,0.0,31.8,24.3,73,trad
2017-12-02,0.0,31.1,24.1,69,trad
2017-12-03,0.0,30.5,23.8,68,trad
2017-12-04,0.6,31.0,25.0,75,trad
2017-12-05,0.1,30.3,24.2,75,trad
2017-12-06,0.0,31.7,22.5,69,trad
2017-12-07,0.0,32.1,23.0,70,trad
2017-12-08,0.0,31.8,24.4,70,trad
2017-12-09,0.0,30.5,23.5,68,trad
2017-12-10,0.0,30.7,22.2,71,trad
2017-12-11,0.8,31.3,20.8,80,trad
2017-12-12,0.4,30.4,22.6,82,trad
2017-12-13,1.4,30.6,22.9,86,trad
2017-12-14,3.6,29.7,23.3,88,trad
2017-12-15,0.2,30.9,22.6,86,trad
2017-12-16,0.0,31.3,23.6,75,trad
2017-12-17,0.0,28.5,21.4,60,trad
2017-12-18,0.0,25.0,17.6,55,trad
2017-12-19,0.0,23.8,15.8,54,trad
2017-12-20,0.0,24.0,15.7,49,trad
2017-12-21,0.0,25.4,16.6,53,trad
2017-12-22,0.0,26.8,19.7,57,trad
2017-12-23,0.0,31.2,22.4,60,trad
2017-12-24,0.0,32.6,24.0,61,trad
2017-12-25,0.5,28.7,21.5,59,trad
2017-12-26,24.5,24.5,18.5,85,trad
2017-12-27,4.1,28.9,20.2,83,trad
2017-12-28,0.6,31.5,22.1,76,trad
2017-12-29,0.4,31.9,23.6,71,trad
2017-12-30,0.0,32.5,23.9,66,trad
2017-12-31,0.0,31.3,23.6,63,trad
2018-01-01,0.0,30.9,21.7,59,trad
2018-01-02,0.0,31.8,22.9,58,trad
2018-01-03,0.0,33.2,23.3,62,trad
2018-01-04,0.1,32.8,21.9,68,trad
2018-01-05,0.0,32.3,23.3,75,trad
2018-01-06,4.5,30.5,24.7,84,trad
2018-01-07,8.7,29.9,23.6,86,trad
2018-01-08,0.7,31.5,23.2,85,trad
2018-01-09,5.1,31.4,24.0,88,trad
2018-01-10,71.6,28.2,23.7,88,trad
2018-01-11,0.0,28.6,21.0,66,trad
2018-01-12,0.0,26.5,18.7,62,trad
2018-01-13,0.0,26.9,17.8,64,trad
2018-01-14,0.0,28.9,18.7,66,trad
2018-01-15,0.0,29.6,21.0,68,trad
2018-01-16,0.0,30.3,21.5,71,trad
2018-01-17,0.0,31.3,21.0,75,trad
2018-01-18,0.0,31.7,21.8,73,trad
2018-01-19,0.0,31.6,21.9,71,trad
2018-01-20,0.0,32.6,22.2,72,trad
2018-01-21,0.3,31.3,22.7,83,trad
2018-01-22,3.1,30.3,23.8,90,trad
2018-01-23,2.9,31.2,23.6,90,trad
2018-01-24,7.8,27.3,23.9,91,trad
2018-01-25,14.6,28.5,23.9,91,trad
2018-01-26,7.5,30.4,22.7,91,trad
2018-01-27,2.4,29.3,23.0,92,trad
2018-01-28,9.3,28.7,23.0,91,trad
2018-01-29,17.1,28.6,23.2,91,trad
2018-01-30,4.5,27.6,24.0,92,trad
2018-01-31,3.5,29.3,23.3,89,trad
2018-02-01,0.0,29.7,22.7,81,trad
2018-02-02,0.4,27.8,21.3,76,trad
2018-02-03,0.0,29.4,20.9,66,trad
2018-02-04,0.0,28.9,19.7,61,trad
2018-02-05,0.0,28.7,19.8,61,trad
2018-02-06,0.0,28.3,17.6,62,trad
2018-02-07,0.0,29.4,18.0,69,trad
2018-02-08,0.0,29.9,17.8,80,trad
2018-02-09,1.5,28.8,21.1,82,trad
2018-02-10,1.4,29.3,21.8,85,trad
2018-02-11,2.6,30.0,21.2,85,trad
2018-02-12,0.5,31.2,22.8,80,trad
2018-02-13,0.0,31.2,21.4,59,trad
2018-02-14,0.0,31.8,19.9,68,trad
2018-02-15,0.0,31.3,20.6,82,trad
2018-02-16,0.0,31.2,21.6,83,trad
2018-02-17,0.4,31.8,24.5,83,trad
2018-02-18,7.3,30.3,24.9,84,trad
2018-02-19,7.1,29.5,24.0,88,trad
2018-02-20,0.5,30.6,22.8,84,trad
2018-02-21,3.3,30.2,23.6,84,trad
2018-02-22,6.9,32.8,23.7,83,trad
2018-02-23,32.2,30.3,23.1,90,trad
2018-02-24,2.0,30.4,23.5,85,trad
2018-02-25,1.8,31.9,23.4,85,trad
2018-02-26,5.5,30.2,23.9,88,trad
2018-02-27,1.5,29.8,23.1,89,trad
2018-02-28,3.7,30.9,23.7,89,trad
2018-03-01,6.7,30.0,23.9,89,trad
2018-03-02,1.0,30.2,24.5,86,trad
2018-03-03,1.4,30.1,24.1,87,trad
2018-03-04,0.9,31.4,25.4,85,trad
2018-03-05,7.0,30.4,24.4,90,trad
2018-03-06,5.8,30.4,24.6,90,trad
2018-03-07,7.0,29.2,24.8,90,trad
2018-03-08,1.3,30.6,23.4,88,trad
2018-03-09,2.4,29.0,23.3,82,trad
2018-03-10,0.0,31.7,22.0,65,trad
2018-03-11,0.1,32.2,22.7,68,trad
2018-03-12,0.6,31.8,23.6,83,trad
2018-03-13,5.3,30.8,23.5,87,trad
2018-03-14,6.7,29.5,24.7,86,trad
2018-03-15,1.7,28.8,24.6,87,trad
2018-03-16,1.6,30.7,22.9,82,trad
2018-03-17,1.1,31.5,23.1,85,trad
2018-03-18,8.0,29.5,23.8,87,trad
2018-03-19,1.6,30.3,24.0,88,trad
2018-03-20,0.4,31.1,25.0,86,trad
2018-03-21,24.9,31.0,24.2,88,trad
2018-03-22,1.8,29.9,22.8,86,trad
2018-03-23,2.7,29.6,23.1,87,trad
2018-03-24,0.1,31.9,22.9,82,trad
2018-03-25,2.4,30.6,22.4,86,trad
2018-03-26,2.7,30.1,24.1,87,trad
2018-03-27,5.0,29.9,22.8,89,trad
2018-03-28,2.7,29.1,23.5,87,trad
2018-03-29,7.1,28.7,24.3,88,trad
2018-03-30,7.6,29.2,24.5,88,trad
2018-03-31,7.9,29.4,24.0,88,trad
2018-04-01,14.7,28.2,23.2,90,trad
2018-04-02,11.4,29.5,23.7,88,trad
2018-04-03,2.6,30.0,22.8,89,trad
2018-04-04,6.6,29.7,24.0,88,trad
2018-04-05,5.2,29.6,24.5,86,trad
2018-04-06,4.5,31.5,23.2,86,trad
2018-04-07,4.8,28.3,22.7,83,trad
2018-04-08,0.0,30.5,20.3,64,trad
2018-04-09,0.0,32.0,22.7,66,trad
2018-04-10,0.7,31.2,21.9,81,trad
2018-04-11,0.9,31.0,23.8,86,trad
2018-04-12,3.7,31.4,25.3,85,trad
2018-04-13,2.0,31.5,25.2,87,trad
2018-04-14,2.4,32.3,24.5,85,trad
2018-04-15,1.8,31.8,25.8,87,trad
2018-04-16,7.7,32.7,25.6,85,trad
2018-04-17,14.7,28.6,23.7,91,trad
2018-04-18,0.5,30.8,22.4,83,trad
2018-04-19,6.7,30.7,25.1,88,trad
2018-04-20,1.6,30.7,24.1,89,trad
2018-04-21,11.3,29.3,25.4,91,trad
2018-04-22,2.7,29.9,24.8,92,trad
2018-04-23,8.6,31.2,24.7,86,trad
2018-04-24,3.8,31.4,25.6,85,trad
2018-04-25,6.5,30.8,25.9,87,trad
2018-04-26,3.5,30.8,25.3,85,trad
2018-04-27,2.5,32.7,24.6,86,trad
2018-04-28,17.0,28.5,23.8,94,trad
2018-04-29,11.9,30.0,23.8,91,trad
2018-04-30,12.9,30.0,24.2,91,trad
2018-05-01,12.0,30.7,23.9,89,trad
2018-05-02,3.3,30.9,24.3,87,trad
2018-05-03,6.4,32.9,24.8,86,trad
2018-05-04,9.0,30.9,24.2,88,trad
2018-05-05,5.1,30.3,24.9,87,trad
2018-05-06,9.9,29.6,25.2,91,trad
2018-05-07,3.6,30.7,26.0,85,trad
2018-05-08,5.8,30.5,26.4,87,trad
2018-05-09,7.9,29.7,25.3,88,trad
2018-05-10,10.1,29.5,25.0,90,trad
2018-05-11,8.8,29.8,24.2,91,trad
2018-05-12,1.1,32.3,23.7,83,trad
2018-05-13,6.3,30.5,25.0,89,trad
2018-05-14,18.2,32.2,24.2,90,trad
2018-05-15,2.5,31.9,24.2,85,trad
2018-05-16,8.7,30.8,25.3,88,trad
2018-05-17,6.5,30.8,24.5,87,trad
2018-05-18,6.1,31.0,24.9,88,trad
2018-05-19,4.1,31.4,24.6,87,trad
2018-05-20,5.8,32.4,24.9,85,trad
2018-05-21,10.3,31.6,24.3,87,trad
2018-05-22,0.4,31.7,24.9,88,trad
2018-05-23,0.0,32.5,24.5,81,trad
2018-05-24,17.3,30.3,25.4,88,trad
2018-05-25,0.3,32.0,24.1,85,trad
2018-05-26,8.8,29.2,25.3,90,trad
2018-05-27,0.5,32.4,24.2,86,trad
2018-05-28,10.7,32.8,25.1,86,trad
2018-05-29,10.0,30.4,25.1,88,trad
2018-05-30,0.5,31.8,25.1,84,trad
2018-05-31,9.8,30.8,25.7,91,trad
2018-06-01,9.8,29.2,25.1,89,trad
2018-06-02,3.4,29.5,25.6,89,trad
2018-06-03,8.3,29.0,25.0,92,trad
2018-06-04,13.6,28.2,25.2,91,trad
2018-06-05,10.0,28.9,25.2,90,trad
2018-06-06,14.8,30.1,25.5,91,trad
2018-06-07,25.6,29.9,25.5,91,trad
2018-06-08,24.4,28.4,25.2,91,trad
2018-06-09,14.6,28.0,25.8,93,trad
2018-06-10,18.8,28.1,25.2,93,trad
2018-06-11,9.4,29.1,25.5,90,trad
2018-06-12,5.3,29.0,25.4,91,trad
2018-06-13,7.1,31.2,26.0,84,trad
2018-06-14,5.6,31.1,25.9,84,trad
2018-06-15,17.4,29.4,25.4,89,trad
2018-06-16,29.4,28.0,24.9,93,trad
2018-06-17,19.3,27.5,25.0,94,trad
2018-06-18,15.6,29.5,24.7,91,trad
2018-06-19,22.1,27.7,24.9,93,trad
2018-06-20,8.2,29.0,25.0,90,trad
2018-06-21,19.2,29.7,24.5,89,trad
2018-06-22,2.7,30.2,25.4,89,trad
2018-06-23,4.4,31.2,25.0,84,trad
2018-06-24,6.3,29.9,24.9,88,trad
2018-06-25,4.8,30.5,25.1,85,trad
2018-06-26,11.4,27.8,24.5,92,trad
2018-06-27,3.2,27.6,24.7,92,trad
2018-06-28,5.8,29.5,23.6,90,trad
2018-06-29,4.8,29.9,24.0,88,trad
2018-06-30,8.1,29.8,24.6,87,trad
2018-07-01,4.4,30.6,24.9,85,trad
2018-07-02,18.1,29.1,24.6,91,trad
2018-07-03,15.8,29.0,24.9,90,trad
2018-07-04,18.8,28.8,24.2,91,trad
2018-07-05,27.2,29.1,24.1,89,trad
2018-07-06,23.3,27.4,24.2,91,trad
2018-07-07,10.5,29.1,24.2,89,trad
2018-07-08,4.7,29.4,24.7,86,trad
2018-07-09,19.0,29.4,24.5,90,trad
2018-07-10,47.3,26.4,23.7,96,trad
2018-07-11,34.1,28.5,24.2,90,trad
2018-07-12,15.8,27.2,24.5,91,trad
2018-07-13,21.5,27.7,24.8,91,trad
2018-07-14,20.6,27.5,24.6,93,trad
2018-07-15,10.2,27.9,24.5,93,trad
2018-07-16,12.6,27.6,25.3,93,trad
2018-07-17,26.2,27.8,24.2,95,trad
2018-07-18,57.0,27.4,24.1,94,trad
2018-07-19,20.4,28.4,25.3,92,trad
2018-07-20,20.4,28.5,24.6,91,trad
2018-07-21,23.9,29.0,25.1,91,trad
2018-07-22,22.8,27.5,24.8,94,trad
2018-07-23,31.3,29.0,24.4,90,trad
2018-07-24,21.8,28.8,25.0,91,trad
2018-07-25,26.7,27.5,24.4,94,trad
2018-07-26,9.8,29.5,24.9,89,trad
2018-07-27,24.8,28.4,24.7,92,trad
2018-07-28,18.5,28.8,24.5,91,trad
2018-07-29,12.0,29.0,25.3,91,trad
2018-07-30,26.0,27.9,24.7,93,trad
2018-07-31,8.6,29.1,24.9,88,trad
2018-08-01,20.4,28.7,24.6,92,trad
2018-08-02,7.5,28.9,24.7,85,trad
2018-08-03,12.4,28.4,25.2,86,trad
2018-08-04,16.8,28.3,24.5,91,trad
2018-08-05,20.1,27.9,24.6,91,trad
2018-08-06,34.5,27.2,23.7,94,trad
2018-08-07,28.6,27.1,23.9,94,trad
2018-08-08,30.2,27.3,23.9,93,trad
2018-08-09,27.3,27.1,24.3,94,trad
2018-08-10,11.8,28.1,24.3,89,trad
2018-08-11,14.4,28.3,24.9,87,trad
2018-08-12,32.9,28.6,24.1,91,trad
2018-08-13,13.9,28.0,24.3,92,trad
2018-08-14,18.5,27.4,24.6,93,trad
2018-08-15,22.1,27.6,24.1,93,trad
2018-08-16,7.8,28.0,24.9,92,trad
2018-08-17,13.9,28.7,24.9,90,trad
2018-08-18,23.6,28.1,24.6,92,trad
2018-08-19,13.2,27.6,24.4,93,trad
2018-08-20,9.4,28.2,24.5,93,trad
2018-08-21,9.6,29.0,24.9,92,trad
2018-08-22,16.4,29.1,24.4,91,trad
2018-08-23,19.3,29.0,24.7,91,trad
2018-08-24,9.0,28.0,25.0,91,trad
2018-08-25,15.2,28.4,24.2,90,trad
2018-08-26,10.7,28.2,24.4,92,trad
2018-08-27,17.1,28.3,24.4,93,trad
2018-08-28,2.6,29.9,24.3,85,trad
2018-08-29,6.5,28.4,24.2,89,trad
2018-08-30,14.0,27.9,25.0,88,trad
2018-08-31,6.2,29.7,24.4,87,trad
2018-09-01,5.0,29.9,24.5,86,trad
2018-09-02,5.1,29.7,24.8,86,trad
2018-09-03,31.5,27.1,24.0,93,trad
2018-09-04,24.8,26.1,23.8,95,trad
2018-09-05,5.2,29.4,24.1,85,trad
2018-09-06,1.8,30.4,24.6,86,trad
2018-09-07,11.4,30.3,23.7,88,trad
2018-09-08,21.8,28.4,24.3,92,trad
2018-09-09,12.7,29.5,23.5,90,trad
2018-09-10,9.9,29.4,24.3,89,trad
2018-09-11,9.5,28.3,24.4,91,trad
2018-09-12,11.2,28.8,24.6,91,trad
2018-09-13,24.1,28.4,23.3,91,trad
2018-09-14,22.1,27.4,23.4,94,trad
2018-09-15,26.0,26.9,24.1,93,trad
2018-09-16,14.3,27.6,24.2,93,trad
2018-09-17,21.3,27.3,24.6,93,trad
2018-09-18,16.0,26.6,24.2,94,trad
2018-09-19,9.1,28.5,23.4,91,trad
2018-09-20,3.2,30.7,23.1,89,trad
2018-09-21,6.7,29.8,23.8,91,trad
2018-09-22,6.3,28.8,24.7,91,trad
2018-09-23,10.1,30.5,23.5,92,trad
2018-09-24,6.0,29.6,23.7,90,trad
2018-09-25,5.3,29.1,23.4,91,trad
2018-09-26,2.9,30.6,24.6,87,trad
2018-09-27,3.4,30.2,25.1,89,trad
2018-09-28,9.2,31.2,25.2,89,trad
2018-09-29,5.1,30.9,24.9,89,trad
2018-09-30,20.9,29.4,23.9,91,trad
2018-10-01,7.9,29.6,24.4,94,trad
2018-10-02,22.0,30.8,24.4,90,trad
2018-10-03,5.7,29.7,24.2,90,trad
2018-10-04,4.0,30.6,24.5,85,trad
2018-10-05,8.8,29.0,23.7,90,trad
2018-10-06,25.8,29.3,23.6,92,trad
2018-10-07,10.3,30.4,22.7,90,trad
2018-10-08,3.3,31.2,23.1,88,trad
2018-10-09,4.2,31.8,24.0,86,trad
2018-10-10,3.8,31.3,23.6,89,trad
2018-10-11,0.6,32.1,23.8,84,trad
2018-10-12,1.8,32.0,24.8,83,trad
2018-10-13,5.8,30.5,24.1,88,trad
2018-10-14,3.2,30.7,24.0,88,trad
2018-10-15,2.3,30.1,23.7,89,trad
2018-10-16,4.2,30.6,23.5,88,trad
2018-10-17,1.1,30.7,24.4,88,trad
2018-10-18,4.5,30.6,24.5,88,trad
2018-10-19,22.6,28.7,24.6,92,trad
2018-10-20,39.6,27.9,23.2,92,trad
2018-10-21,12.2,29.6,24.5,90,trad
2018-10-22,0.4,30.7,23.7,88,trad
2018-10-23,23.1,30.8,24.5,91,trad
2018-10-24,6.3,29.6,23.6,92,trad
2018-10-25,4.5,30.8,23.7,89,trad
2018-10-26,5.9,29.2,24.0,93,trad
2018-10-27,0.2,32.3,22.2,83,trad
2018-10-28,1.9,32.9,24.5,78,trad
2018-10-29,0.2,31.6,23.9,80,trad
2018-10-30,0.3,30.7,24.5,75,trad
2018-10-31,0.0,29.3,21.9,67,trad
2018-11-01,0.0,29.3,21.5,68,trad
2018-11-02,0.0,31.1,22.1,68,trad
2018-11-03,0.0,31.9,23.4,68,trad
2018-11-04,0.1,32.4,22.5,74,trad
2018-11-05,0.0,33.1,24.1,73,trad
2018-11-06,0.0,33.6,24.8,68,trad
2018-11-07,0.7,33.3,24.7,67,trad
2018-11-08,1.2,32.8,24.0,80,trad
2018-11-09,7.5,31.7,24.5,83,trad
2018-11-10,13.9,30.8,23.5,88,trad
2018-11-11,0.6,31.7,22.5,82,trad
2018-11-12,1.0,31.1,23.2,83,trad
2018-11-13,7.5,30.4,23.7,90,trad
2018-11-14,5.1,30.3,24.4,90,trad
2018-11-15,1.2,30.4,23.8,88,trad
2018-11-16,2.3,30.7,24.0,87,trad
2018-11-17,3.0,32.4,23.6,86,trad
2018-11-18,1.9,32.2,23.1,87,trad
2018-11-19,4.4,31.4,24.0,88,trad
2018-11-20,0.3,31.7,23.9,80,trad
2018-11-21,1.0,32.0,22.7,84,trad
2018-11-22,0.5,32.7,23.3,84,trad
2018-11-23,0.5,32.2,24.3,78,trad
2018-11-24,0.2,32.7,24.2,72,trad
2018-11-25,0.0,32.1,23.2,63,trad
2018-11-26,0.1,30.0,25.3,61,trad
2018-11-27,0.7,29.4,22.4,70,trad
2018-11-28,1.3,31.3,22.0,74,trad
2018-11-29,0.3,32.7,23.9,74,trad
2018-11-30,0.0,33.5,24.6,72,trad
2018-12-01,0.8,33.3,22.9,80,trad
2018-12-02,0.2,34.0,23.3,74,trad
2018-12-03,0.1,34.9,24.2,76,trad
2018-12-04,0.5,34.3,24.6,75,trad
2018-12-05,0.0,34.7,24.9,77,trad
2018-12-06,0.1,34.5,22.6,72,trad
2018-12-07,13.2,31.4,23.8,82,trad
2018-12-08,1.5,30.2,24.2,84,trad
2018-12-09,0.0,32.5,24.8,73,trad
2018-12-10,4.1,31.2,25.3,79,trad
2018-12-11,1.9,32.6,24.0,82,trad
2018-12-12,1.0,32.7,24.3,72,trad
2018-12-13,0.0,32.4,23.2,61,trad
2018-12-14,0.1,32.5,22.6,59,trad
2018-12-15,0.0,33.1,23.8,57,trad
2018-12-16,0.0,33.6,24.1,59,trad
2018-12-17,0.0,32.1,24.8,60,trad
2018-12-18,0.0,33.0,23.6,59,trad
2018-12-19,0.0,32.9,24.8,63,trad
2018-12-20,0.4,32.8,22.6,79,trad
2018-12-21,0.7,32.3,24.0,83,trad
2018-12-22,1.1,32.8,24.5,84,trad
2018-12-23,0.0,34.7,24.3,78,trad
2018-12-24,0.2,33.5,25.0,66,trad
2018-12-25,0.0,34.0,25.5,60,trad
2018-12-26,0.2,33.8,24.2,71,trad
2018-12-27,0.4,33.1,23.7,76,trad
2018-12-28,3.6,28.2,24.5,88,trad
2018-12-29,0.1,33.5,22.8,69,trad
2018-12-30,0.7,32.2,23.4,64,trad
2018-12-31,0.0,31.6,23.5,56,trad
2019-01-01,0.0,30.1,20.6,52,trad
2019-01-02,0.0,28.0,21.1,55,trad
2019-01-03,0.0,25.9,22.0,59,trad
2019-01-04,4.0,27.3,23.0,69,trad
2019-01-05,0.0,33.0,23.5,70,trad
2019-01-06,0.0,33.6,22.3,75,trad
2019-01-07,2.3,33.6,23.6,77,trad
2019-01-08,2.4,32.7,23.4,80,trad
2019-01-09,1.4,30.8,23.3,82,trad
2019-01-10,0.1,33.8,23.7,79,trad
2019-01-11,2.0,31.2,23.9,83,trad
2019-01-12,1.3,34.1,23.8,79,trad
2019-01-13,1.4,32.7,24.7,85,trad
2019-01-14,1.8,31.8,23.6,84,trad
2019-01-15,0.0,34.1,22.9,80,trad
2019-01-16,0.8,33.4,22.7,79,trad
2019-01-17,0.3,32.2,23.6,78,trad
2019-01-18,0.0,33.3,24.7,56,trad
2019-01-19,0.0,34.0,23.4,57,trad
2019-01-20,0.4,34.7,22.2,69,trad
2019-01-21,1.2,33.9,24.4,77,trad
2019-01-22,1.3,34.1,23.7,69,trad
2019-01-23,0.0,33.7,22.9,57,trad
2019-01-24,0.0,33.5,22.4,65,trad
2019-01-25,0.0,33.7,19.7,60,trad
2019-01-26,0.0,33.2,19.1,47,trad
2019-01-27,0.0,33.3,22.2,46,trad
2019-01-28,0.0,32.9,22.5,46,trad
2019-01-29,0.0,33.8,24.7,57,trad
2019-01-30,1.6,30.8,22.4,80,trad
2019-01-31,5.0,33.4,23.0,82,trad
2019-02-01,2.1,30.6,23.0,84,trad
2019-02-02,0.4,33.1,23.1,79,trad
2019-02-03,0.8,32.8,23.6,80,trad
2019-02-04,0.5,32.0,24.5,82,trad
2019-02-05,3.7,28.0,25.2,87,trad
2019-02-06,1.8,30.3,24.8,82,trad
2019-02-07,0.7,31.2,24.8,79,trad
2019-02-08,0.4,32.6,23.7,80,trad
2019-02-09,0.1,33.3,24.6,79,trad
2019-02-10,5.2,31.2,24.8,86,trad
2019-02-11,0.3,32.4,25.1,75,trad
2019-02-12,0.0,35.0,22.8,73,trad
2019-02-13,2.0,32.9,23.4,78,trad
2019-02-14,0.7,31.2,23.4,78,trad
2019-02-15,0.5,31.9,23.8,77,trad
2019-02-16,0.2,31.2,23.5,75,trad
2019-02-17,0.4,30.5,24.5,77,trad
2019-02-18,0.7,30.9,24.3,78,trad
2019-02-19,0.9,31.3,24.0,79,trad
2019-02-20,0.5,32.5,23.1,77,trad
2019-02-21,0.7,33.1,23.3,76,trad
2019-02-22,1.9,32.5,24.4,79,trad
2019-02-23,2.4,30.9,24.9,81,trad
2019-02-24,5.3,31.9,24.7,83,trad
2019-02-25,1.6,31.1,25.0,81,trad
2019-02-26,0.5,31.5,24.4,73,trad
2019-02-27,0.9,32.5,23.0,76,trad
2019-02-28,0.8,31.6,23.0,78,trad
2019-03-01,1.0,31.8,24.6,77,trad
2019-03-02,2.5,30.7,25.3,81,trad
2019-03-03,2.3,31.0,25.3,78,trad
2019-03-04,1.3,31.1,25.1,79,trad
2019-03-05,1.3,30.8,23.9,79,trad
2019-03-06,0.0,32.1,23.7,74,trad
2019-03-07,0.0,33.2,23.9,72,trad
2019-03-08,0.1,32.5,24.9,75,trad
2019-03-09,0.5,32.8,25.0,72,trad
2019-03-10,0.0,32.3,24.6,73,trad
2019-03-11,0.0,33.6,23.3,74,trad
2019-03-12,0.0,34.8,23.4,74,trad
2019-03-13,0.5,33.7,24.7,73,trad
2019-03-14,4.1,32.0,25.3,77,trad
2019-03-15,22.1,33.4,24.8,78,trad
2019-03-16,7.2,28.9,23.8,89,trad
2019-03-17,0.6,31.6,23.3,84,trad
2019-03-18,3.8,29.8,24.7,89,trad
2019-03-19,2.1,29.5,24.3,87,trad
2019-03-20,1.4,29.8,23.9,86,trad
2019-03-21,1.0,32.2,24.5,81,trad
2019-03-22,1.1,32.2,25.8,80,trad
2019-03-23,7.8,32.0,25.9,83,trad
2019-03-24,17.0,30.5,25.0,88,trad
2019-03-25,28.3,29.1,25.0,91,trad
2019-03-26,1.8,32.6,23.3,83,trad
2019-03-27,4.1,30.4,24.5,87,trad
2019-03-28,1.5,31.3,24.3,83,trad
2019-03-29,6.9,30.9,24.5,84,trad
2019-03-30,0.8,32.2,24.9,80,trad
2019-03-31,0.4,31.9,26.2,79,trad
2019-04-01,13.9,31.5,24.9,84,trad
2019-04-02,11.0,31.7,25.0,89,trad
2019-04-03,9.9,30.9,23.7,92,trad
2019-04-04,10.0,30.6,24.0,89,trad
2019-04-05,9.4,30.0,24.6,89,trad
2019-04-06,1.6,31.0,23.8,89,trad
2019-04-07,7.7,30.1,24.3,88,trad
2019-04-08,2.8,31.7,24.1,87,trad
2019-04-09,3.0,32.0,25.7,83,trad
2019-04-10,2.0,30.8,26.4,87,trad
2019-04-11,0.8,32.5,26.2,83,trad
2019-04-12,0.0,32.6,26.9,81,trad
2019-04-13,4.5,31.8,27.8,83,trad
2019-04-14,1.0,32.2,26.9,82,trad
2019-04-15,4.0,32.5,26.3,84,trad
2019-04-16,1.2,32.8,24.9,84,trad
2019-04-17,7.8,31.7,27.0,85,trad
2019-04-18,4.8,30.6,26.8,86,trad
2019-04-19,0.9,32.4,27.1,83,trad
2019-04-20,0.3,31.5,27.3,83,trad
2019-04-21,5.9,31.8,27.8,82,trad
2019-04-22,9.1,31.8,26.8,82,trad
2019-04-23,1.6,32.7,24.6,85,trad
2019-04-24,5.3,32.9,26.2,85,trad
2019-04-25,1.5,31.9,27.3,86,trad
2019-04-26,5.2,32.6,25.7,85,trad
2019-04-27,1.0,32.2,26.6,81,trad
2019-04-28,0.5,30.8,26.8,82,trad
2019-04-29,1.0,34.3,24.8,80,trad
2019-04-30,4.4,31.7,27.0,82,trad
2019-05-01,9.9,33.3,26.1,83,trad
2019-05-02,5.4,31.8,26.5,83,trad
2019-05-03,5.0,31.8,27.6,82,trad
2019-05-04,18.3,30.6,26.9,87,trad
2019-05-05,6.2,31.1,25.9,85,trad
2019-05-06,9.1,31.8,26.1,85,trad
2019-05-07,2.8,31.0,27.0,86,trad
2019-05-08,11.1,30.5,27.0,86,trad
2019-05-09,7.4,29.9,25.9,89,trad
2019-05-10,9.4,30.7,26.1,89,trad
2019-05-11,13.3,29.0,26.1,89,trad
2019-05-12,17.2,28.6,25.3,93,trad
2019-05-13,13.0,27.2,25.2,93,trad
2019-05-14,7.9,29.2,25.2,89,trad
2019-05-15,12.7,29.3,25.4,89,trad
2019-05-16,10.1,28.9,25.5,91,trad
2019-05-17,9.0,30.0,25.9,89,trad
2019-05-18,3.6,30.7,26.3,85,trad
2019-05-19,5.1,31.7,26.3,84,trad
2019-05-20,9.6,31.1,26.5,85,trad
2019-05-21,4.5,29.6,26.3,87,trad
2019-05-22,11.6,30.1,25.2,89,trad
2019-05-23,8.7,28.9,25.8,91,trad
2019-05-24,7.4,31.0,25.4,89,trad
2019-05-25,13.0,30.0,24.8,88,trad
2019-05-26,15.4,29.8,25.3,90,trad
2019-05-27,8.9,30.5,25.8,90,trad
2019-05-28,8.4,29.0,25.7,91,trad
2019-05-29,4.7,29.9,25.5,88,trad
2019-05-30,3.5,30.4,25.9,87,trad
2019-05-31,4.2,31.7,25.8,86,trad
2019-06-01,1.8,31.2,26.2,85,trad
2019-06-02,1.7,31.5,25.8,83,trad
2019-06-03,0.4,32.4,25.3,82,trad
2019-06-04,0.9,31.7,26.6,86,trad
2019-06-05,16.4,30.2,25.4,90,trad
2019-06-06,7.0,30.4,24.8,91,trad
2019-06-07,8.1,30.3,25.2,92,trad
2019-06-08,12.0,28.5,25.1,91,trad
2019-06-09,20.2,28.3,25.3,93,trad
2019-06-10,13.4,30.5,25.6,91,trad
2019-06-11,11.6,29.1,25.4,91,trad
2019-06-12,7.4,29.5,26.2,91,trad
2019-06-13,10.5,30.3,25.8,88,trad
2019-06-14,13.2,29.9,24.8,88,trad
2019-06-15,7.8,30.3,26.0,87,trad
2019-06-16,11.4,31.1,26.6,88,trad
2019-06-17,26.6,27.1,25.3,95,trad
2019-06-18,27.0,27.1,24.8,95,trad
2019-06-19,24.2,28.4,24.9,92,trad
2019-06-20,1.6,31.0,25.4,86,trad
2019-06-21,5.6,31.4,25.3,87,trad
2019-06-22,16.9,29.9,25.0,88,trad
2019-06-23,18.9,29.0,25.5,90,trad
2019-06-24,13.3,28.8,25.4,91,trad
2019-06-25,10.2,29.8,25.6,91,trad
2019-06-26,14.5,29.7,25.2,92,trad
2019-06-27,14.9,29.3,25.0,89,trad
2019-06-28,19.4,28.6,25.1,93,trad
2019-06-29,16.0,27.8,25.3,94,trad
2019-06-30,24.6,28.4,24.7,93,trad
2019-07-01,18.0,30.4,24.7,91,trad
2019-07-02,25.3,29.6,25.0,91,trad
2019-07-03,41.6,26.7,23.9,96,trad
2019-07-04,12.5,28.3,25.1,92,trad
2019-07-05,14.3,28.0,25.0,93,trad
2019-07-06,3.2,30.5,24.8,85,trad
2019-07-07,5.9,31.2,24.9,86,trad
2019-07-08,8.6,30.1,25.0,87,trad
2019-07-09,9.0,31.0,25.1,84,trad
2019-07-10,7.4,31.0,24.8,84,trad
2019-07-11,2.1,31.5,25.4,82,trad
2019-07-12,2.0,31.7,25.3,82,trad
2019-07-13,7.0,31.4,24.8,80,trad
2019-07-14,6.6,31.3,25.1,82,trad
2019-07-15,23.1,29.8,24.3,89,trad
2019-07-16,3.6,30.8,25.5,85,trad
2019-07-17,29.8,29.4,24.5,91,trad
2019-07-18,27.1,27.7,24.8,93,trad
2019-07-19,16.7,28.6,24.9,92,trad
2019-07-20,17.1,28.5,25.3,90,trad
2019-07-21,9.5,29.4,25.2,89,trad
2019-07-22,7.2,30.4,24.6,89,trad
2019-07-23,8.9,29.3,25.6,90,trad
2019-07-24,17.8,30.2,24.5,88,trad
2019-07-25,12.1,28.3,24.5,93,trad
2019-07-26,3.3,30.2,25.4,87,trad
2019-07-27,4.0,30.3,23.4,86,trad
2019-07-28,16.7,30.4,24.2,84,trad
2019-07-29,22.9,28.3,24.1,91,trad
2019-07-30,5.4,30.5,24.8,86,trad
2019-07-31,53.9,30.4,23.7,88,trad
2019-08-01,5.8,29.8,25.3,82,trad
2019-08-02,16.3,27.5,25.6,91,trad
2019-08-03,20.6,27.9,24.7,88,trad
2019-08-04,15.6,29.8,25.1,88,trad
2019-08-05,19.8,27.7,24.7,93,trad
2019-08-06,30.5,28.4,24.7,92,trad
2019-08-07,15.1,28.0,24.1,90,trad
2019-08-08,29.0,28.4,25.1,88,trad
2019-08-09,23.2,28.2,25.0,91,trad
2019-08-10,33.5,28.1,25.2,92,trad
2019-08-11,20.3,27.9,25.0,93,trad
2019-08-12,12.7,27.8,25.1,91,trad
2019-08-13,19.4,29.2,24.7,92,trad
2019-08-14,7.8,29.5,25.2,87,trad
2019-08-15,10.7,30.5,25.4,88,trad
2019-08-16,15.3,29.2,25.1,91,trad
2019-08-17,9.8,27.7,25.0,91,trad
2019-08-18,4.3,30.7,25.1,85,trad
2019-08-19,0.7,31.7,25.4,83,trad
2019-08-20,20.2,29.0,25.0,93,trad
2019-08-21,19.3,29.9,25.0,91,trad
2019-08-22,11.3,29.6,25.2,90,trad
2019-08-23,15.6,29.2,24.9,91,trad
2019-08-24,23.8,27.7,24.9,93,trad
2019-08-25,21.7,27.9,24.2,93,trad
2019-08-26,15.5,27.1,24.2,92,trad
2019-08-27,4.6,29.3,25.0,86,trad
2019-08-28,7.2,30.3,24.5,84,trad
2019-08-29,40.7,26.4,23.9,95,trad
2019-08-30,22.0,26.8,24.6,93,trad
2019-08-31,13.4,27.5,24.8,91,trad
2019-09-01,24.1,27.7,24.6,92,trad
2019-09-02,14.9,27.3,24.8,93,trad
2019-09-03,28.9,27.2,24.7,94,trad
2019-09-04,33.0,26.3,24.3,95,trad
2019-09-05,20.0,28.1,24.7,91,trad
2019-09-06,10.4,27.5,24.6,94,trad
2019-09-07,15.4,29.9,24.0,88,trad
2019-09-08,29.1,28.8,23.8,90,trad
2019-09-09,23.0,28.5,24.7,92,trad
2019-09-10,21.5,28.9,23.8,93,trad
2019-09-11,4.5,30.8,24.2,86,trad
2019-09-12,0.2,31.7,23.5,84,trad
2019-09-13,14.7,30.6,24.7,87,trad
2019-09-14,43.5,26.1,24.1,95,trad
2019-09-15,123.2,27.1,23.2,96,trad
2019-09-16,55.9,28.9,23.5,93,trad
2019-09-17,13.2,26.9,24.5,96,trad
2019-09-18,18.4,28.6,24.2,91,trad
2019-09-19,18.5,25.9,24.0,95,trad
2019-09-20,22.4,27.4,24.3,92,trad
2019-09-21,17.1,27.8,24.4,94,trad
2019-09-22,20.8,26.8,23.5,95,trad
2019-09-23,5.4,30.6,23.7,88,trad
2019-09-24,1.5,31.7,23.9,84,trad
2019-09-25,0.2,31.9,24.9,80,trad
2019-09-26,4.1,32.3,25.2,83,trad
2019-09-27,2.0,30.1,24.2,86,trad
2019-09-28,3.4,31.4,24.7,84,trad
2019-09-29,12.2,31.5,24.7,89,trad
2019-09-30,6.3,32.1,24.1,90,trad
2019-10-01,4.9,30.6,24.0,89,trad
2019-10-02,6.7,30.3,24.4,89,trad
2019-10-03,8.7,29.9,24.0,90,trad
2019-10-04,7.0,30.0,24.9,89,trad
2019-10-05,3.7,28.7,24.3,92,trad
2019-10-06,13.5,31.3,23.5,92,trad
2019-10-07,7.0,30.9,22.9,89,trad
2019-10-08,0.9,29.9,23.4,90,trad
2019-10-09,5.3,32.1,23.7,89,trad
2019-10-10,11.8,28.7,24.1,92,trad
2019-10-11,14.3,31.2,23.7,90,trad
2019-10-12,11.9,29.8,23.8,90,trad
2019-10-13,19.8,31.4,24.2,90,trad
2019-10-14,7.5,31.1,22.4,89,trad
2019-10-15,3.1,32.5,23.5,83,trad
2019-10-16,0.2,32.4,23.6,81,trad
2019-10-17,0.2,31.9,24.1,78,trad
2019-10-18,1.5,32.5,24.3,78,trad
2019-10-19,0.0,32.9,24.2,78,trad
2019-10-20,8.9,32.3,23.8,79,trad
2019-10-21,0.4,32.3,24.5,80,trad
2019-10-22,1.2,33.4,24.2,81,trad
2019-10-23,2.1,30.9,23.6,86,trad
2019-10-24,1.5,30.4,24.3,90,trad
2019-10-25,2.1,31.1,24.1,88,trad
2019-10-26,0.3,33.9,24.3,81,trad
2019-10-27,2.9,32.2,24.9,86,trad
2019-10-28,4.6,32.5,23.7,87,trad
2019-10-29,0.9,32.8,24.8,82,trad
2019-10-30,0.0,32.6,24.2,68,trad
2019-10-31,0.7,31.3,22.8,68,trad
2019-11-01,0.2,30.4,22.9,77,trad
2019-11-02,1.1,30.6,22.4,83,trad
2019-11-03,5.0,31.1,23.8,87,trad
2019-11-04,0.8,32.4,23.4,86,trad
2019-11-05,4.9,32.0,23.3,81,trad
2019-11-06,1.2,31.0,23.6,85,trad
2019-11-07,1.5,32.5,24.3,81,trad
2019-11-08,0.0,32.1,23.0,71,trad
2019-11-09,0.0,30.6,23.3,69,trad
2019-11-10,0.0,31.6,21.9,62,trad
2019-11-11,0.0,31.3,21.5,65,trad
2019-11-12,2.3,32.8,23.8,68,trad
2019-11-13,9.9,30.7,24.3,83,trad
2019-11-14,0.3,33.0,23.8,78,trad
2019-11-15,0.0,32.7,24.1,64,trad
2019-11-16,0.8,33.1,22.4,67,trad
2019-11-17,0.9,32.2,22.9,77,trad
2019-11-18,3.8,32.1,23.4,83,trad
2019-11-19,0.5,31.1,23.6,82,trad
2019-11-20,0.0,33.2,23.4,61,trad
2019-11-21,0.0,33.4,23.3,58,trad
2019-11-22,0.0,33.8,23.4,60,trad
2019-11-23,0.0,33.5,22.9,57,trad
2019-11-24,0.0,34.7,21.9,61,trad
2019-11-25,0.0,34.4,25.4,58,trad
2019-11-26,0.0,34.4,24.5,56,trad
2019-11-27,0.0,33.8,24.7,61,trad
2019-11-28,0.0,34.6,25.4,60,trad
2019-11-29,0.0,34.5,25.2,60,trad
2019-11-30,0.0,34.5,25.7,57,trad
2019-12-01,0.0,34.8,25.4,58,trad
2019-12-02,0.0,33.8,25.8,58,trad
2019-12-03,0.0,30.4,22.7,54,trad
2019-12-04,0.0,29.4,20.5,53,trad
2019-12-05,0.0,28.4,19.8,53,trad
2019-12-06,0.0,28.2,19.5,50,trad
2019-12-07,0.0,27.9,18.1,48,trad
2019-12-08,0.0,28.6,19.0,48,trad
2019-12-09,0.0,29.9,19.6,51,trad
2019-12-10,0.0,30.4,20.8,53,trad
2019-12-11,0.0,31.7,21.3,53,trad
2019-12-12,0.0,32.7,21.7,53,trad
2019-12-13,0.0,33.4,21.9,55,trad
2019-12-14,0.0,33.5,22.8,55,trad
2019-12-15,0.0,34.5,24.2,53,trad
2019-12-16,0.7,35.6,24.4,62,trad
2019-12-17,0.1,34.6,24.6,59,trad
2019-12-18,0.2,34.6,23.1,69,trad
2019-12-19,10.3,31.7,24.2,83,trad
2019-12-20,1.3,32.8,23.9,82,trad
2019-12-21,0.1,34.0,23.4,79,trad
2019-12-22,0.0,34.5,22.9,79,trad
2019-12-23,1.1,31.9,22.7,82,trad
2019-12-24,2.0,33.7,23.4,81,trad
2019-12-25,0.1,33.8,23.3,80,trad
2019-12-26,0.4,30.7,24.3,84,trad
2019-12-27,0.0,33.4,23.3,80,trad
2019-12-28,3.4,32.9,23.1,74,trad
2019-12-29,0.0,34.0,22.8,70,trad
2019-12-30,0.0,34.9,21.2,68,trad
2019-12-31,0.0,34.3,23.3,71,trad
2020-01-01,0.0,34.6,23.3,59,trad
2020-01-02,0.0,34.5,22.8,56,trad
2020-01-03,0.0,34.5,24.3,58,trad
2020-01-04,0.0,34.6,23.3,68,trad
2020-01-05,0.0,35.0,22.7,63,trad
2020-01-06,0.0,34.8,21.8,65,trad
2020-01-07,0.1,34.6,20.7,65,trad
2020-01-08,1.5,33.6,24.2,76,trad
2020-01-09,0.0,35.1,24.1,74,trad
2020-01-10,3.5,33.7,25.0,80,trad
2020-01-11,6.3,31.0,24.3,88,trad
2020-01-12,1.4,34.6,24.1,76,trad
2020-01-13,1.9,32.4,24.2,80,trad
2020-01-14,0.0,33.7,23.5,77,trad
2020-01-15,0.0,34.2,21.9,75,trad
2020-01-16,0.1,33.6,22.1,78,trad
2020-01-17,0.0,35.9,22.3,76,trad
2020-01-18,0.7,34.7,22.8,79,trad
2020-01-19,0.3,35.0,23.8,78,trad
2020-01-20,0.0,35.5,23.9,73,trad
2020-01-21,0.2,33.2,24.4,78,trad
2020-01-22,0.5,35.2,23.4,76,trad
2020-01-23,2.2,33.1,24.5,82,trad
2020-01-24,1.1,31.5,24.4,82,trad
2020-01-25,1.3,31.8,24.4,76,trad
2020-01-26,1.0,31.9,23.7,80,trad
2020-01-27,0.1,31.6,24.2,76,trad
2020-01-28,0.8,30.9,24.1,73,trad
2020-01-29,0.6,31.6,23.4,76,trad
2020-01-30,1.4,33.3,23.2,76,trad
2020-01-31,1.3,32.6,23.0,69,trad
2020-02-01,0.0,33.6,23.6,59,trad
2020-02-02,0.5,32.8,22.4,74,trad
2020-02-03,0.0,33.9,21.4,76,trad
2020-02-04,0.5,31.5,22.3,76,trad
2020-02-05,1.7,32.2,22.6,75,trad
2020-02-06,0.4,30.6,22.9,80,trad
2020-02-07,0.0,34.9,22.3,76,trad
2020-02-08,0.1,33.3,22.4,78,trad
2020-02-09,0.0,36.4,23.3,58,trad
2020-02-10,0.0,33.9,25.0,48,trad
2020-02-11,0.0,35.9,25.4,52,trad
2020-02-12,0.8,33.6,24.1,74,trad
2020-02-13,1.0,32.8,24.6,77,trad
2020-02-14,1.3,31.4,25.4,78,trad
2020-02-15,0.3,32.7,24.4,77,trad
2020-02-16,0.2,33.6,24.1,73,trad
2020-02-17,5.9,35.0,23.4,76,trad
2020-02-18,0.4,34.4,22.9,64,trad
2020-02-19,0.0,35.6,24.1,44,trad
2020-02-20,0.0,35.8,23.8,44,trad
2020-02-21,0.0,34.9,23.2,46,trad
2020-02-22,0.0,35.2,25.0,40,trad
2020-02-23,0.0,35.2,24.7,40,trad
2020-02-24,0.0,35.2,23.2,53,trad
2020-02-25,0.0,32.3,22.2,76,trad
2020-02-26,0.1,34.3,23.4,75,trad
2020-02-27,5.5,29.6,24.6,83,trad
2020-02-28,7.2,29.4,23.6,83,trad
2020-02-29,1.1,32.4,21.9,78,trad
2020-03-01,1.6,31.6,24.0,81,trad
2020-03-02,0.6,31.4,24.9,80,trad
2020-03-03,1.6,31.3,25.0,79,trad
2020-03-04,1.2,31.0,25.1,79,trad
2020-03-05,1.8,32.0,24.2,79,trad
2020-03-06,6.7,30.6,24.6,82,trad
2020-03-07,0.1,33.8,23.5,78,trad
2020-03-08,0.4,33.4,25.4,77,trad
2020-03-09,0.0,33.3,25.3,79,trad
2020-03-10,0.0,33.5,25.5,75,trad
2020-03-11,0.6,34.0,25.2,77,trad
2020-03-12,1.9,32.9,27.3,77,trad
2020-03-13,0.2,34.0,26.5,76,trad
2020-03-14,1.4,33.2,27.1,78,trad
2020-03-15,34.4,32.7,25.5,83,trad
2020-03-16,5.1,31.5,24.1,86,trad
2020-03-17,3.7,31.6,24.3,83,trad
2020-03-18,2.7,30.1,25.0,84,trad
2020-03-19,2.2,30.6,25.5,81,trad
2020-03-20,2.9,30.5,25.4,83,trad
2020-03-21,2.1,31.1,25.0,80,trad
2020-03-22,0.6,31.3,25.1,77,trad
2020-03-23,1.3,31.7,25.3,81,trad
2020-03-24,1.0,32.1,25.4,79,trad
2020-03-25,0.3,31.7,24.9,79,trad
2020-03-26,0.8,32.1,24.6,80,trad
2020-03-27,0.1,33.6,25.3,78,trad
2020-03-28,1.6,31.9,26.1,82,trad
2020-03-29,1.3,32.5,26.7,79,trad
2020-03-30,3.3,31.4,26.1,82,trad
2020-03-31,0.0,33.7,26.2,77,trad
2020-04-01,1.3,33.5,26.6,77,trad
2020-04-02,5.8,32.7,26.2,82,trad
2020-04-03,5.8,33.2,24.7,82,trad
2020-04-04,9.1,33.3,25.5,83,trad
2020-04-05,3.1,32.2,26.5,80,trad
2020-04-06,2.5,32.2,25.8,81,trad
2020-04-07,1.1,32.3,26.1,76,trad
2020-04-08,0.5,31.8,25.8,79,trad
2020-04-09,2.8,32.6,25.1,80,trad
2020-04-10,13.8,30.3,24.6,84,trad
2020-04-11,1.7,31.6,25.5,83,trad
2020-04-12,0.9,33.1,26.0,82,trad
2020-04-13,13.8,29.6,25.0,89,trad
2020-04-14,4.2,32.4,24.2,81,trad
2020-04-15,5.7,30.7,25.0,87,trad
2020-04-16,2.9,30.8,25.2,82,trad
2020-04-17,10.8,29.5,24.5,88,trad
2020-04-18,2.1,33.1,23.7,84,trad
2020-04-19,1.1,32.4,25.0,82,trad
2020-04-20,0.6,33.1,25.7,80,trad
2020-04-21,0.0,34.2,26.1,78,trad
2020-04-22,1.0,32.6,26.9,79,trad
2020-04-23,14.9,33.7,25.0,81,trad
2020-04-24,4.5,32.0,24.2,88,trad
2020-04-25,10.3,30.6,25.3,88,trad
2020-04-26,3.6,33.9,24.5,80,trad
2020-04-27,31.6,29.6,24.2,91,trad
2020-04-28,0.0,33.2,24.5,80,trad
2020-04-29,3.9,30.1,25.6,88,trad
2020-04-30,10.3,29.8,25.2,88,trad
2020-05-01,2.7,31.3,25.9,87,trad
2020-05-02,4.4,31.6,24.9,85,trad
2020-05-03,11.3,30.7,25.4,87,trad
2020-05-04,4.1,33.1,25.7,87,trad
2020-05-05,4.3,32.3,26.4,86,trad
2020-05-06,0.9,32.2,27.1,82,trad
2020-05-07,0.9,32.0,27.0,84,trad
2020-05-08,0.4,32.5,27.4,81,trad
2020-05-09,0.2,33.3,27.6,79,trad
2020-05-10,0.5,32.9,27.5,82,trad
2020-05-11,6.0,30.3,26.6,86,trad
2020-05-12,0.2,33.7,25.4,78,trad
2020-05-13,6.2,32.6,25.9,83,trad
2020-05-14,6.9,32.8,25.7,87,trad
2020-05-15,3.6,32.6,26.1,86,trad
2020-05-16,4.0,32.1,26.6,87,trad
2020-05-17,10.1,30.8,26.5,88,trad
2020-05-18,6.1,31.0,27.0,84,trad
2020-05-19,6.2,32.6,26.4,84,trad
2020-05-20,4.4,31.9,27.0,85,trad
2020-05-21,7.7,31.0,26.1,86,trad
2020-05-22,8.3,32.2,26.5,83,trad
2020-05-23,9.8,30.8,27.5,88,trad
2020-05-24,12.7,32.0,26.6,89,trad
2020-05-25,7.7,28.9,26.3,91,trad
2020-05-26,5.5,30.9,26.7,88,trad
2020-05-27,3.2,29.8,26.0,90,trad
2020-05-28,13.6,29.9,26.3,89,trad
2020-05-29,28.1,30.4,25.1,90,trad
2020-05-30,15.0,31.0,25.2,87,trad
2020-05-31,8.0,30.3,26.7,88,trad
2020-06-01,4.0,31.1,26.0,85,trad
2020-06-02,3.1,29.3,25.9,87,trad
2020-06-03,12.7,29.9,25.6,90,trad
2020-06-04,7.4,29.3,25.9,89,trad
2020-06-05,14.1,29.7,25.5,90,trad
2020-06-06,9.6,28.8,25.6,89,trad
2020-06-07,11.7,29.8,25.2,89,trad
2020-06-08,3.5,30.3,25.4,85,trad
2020-06-09,6.0,29.7,25.8,88,trad
2020-06-10,9.4,28.9,25.3,89,trad
2020-06-11,1.9,31.5,25.0,82,trad
2020-06-12,5.2,30.8,24.9,88,trad
2020-06-13,6.2,30.1,25.6,87,trad
2020-06-14,7.8,28.2,25.6,91,trad
2020-06-15,28.0,27.0,25.1,94,trad
2020-06-16,11.7,28.7,25.3,92,trad
2020-06-17,25.7,27.4,25.2,94,trad
2020-06-18,6.0,31.3,24.9,85,trad
2020-06-19,3.6,29.7,24.6,88,trad
2020-06-20,4.3,29.6,25.8,89,trad
2020-06-21,8.2,29.4,25.3,89,trad
2020-06-22,14.4,29.6,25.3,90,trad
2020-06-23,11.5,28.9,25.4,90,trad
2020-06-24,2.1,31.2,24.7,85,trad
2020-06-25,16.7,30.3,25.9,87,trad
2020-06-26,35.5,27.3,24.1,93,trad
2020-06-27,16.1,28.4,24.0,90,trad
2020-06-28,15.0,28.2,24.8,91,trad
2020-06-29,21.6,27.5,24.7,93,trad
2020-06-30,34.9,27.0,23.8,94,trad
2020-07-01,9.5,29.9,24.1,86,trad
2020-07-02,19.5,28.3,25.1,93,trad
2020-07-03,37.3,26.9,24.3,95,trad
2020-07-04,5.6,30.3,24.3,84,trad
2020-07-05,0.3,31.9,25.0,81,trad
2020-07-06,6.2,30.9,24.6,86,trad
2020-07-07,7.2,29.2,25.5,88,trad
2020-07-08,5.3,30.2,24.8,85,trad
2020-07-09,3.1,31.2,25.1,85,trad
2020-07-10,8.1,29.3,25.7,90,trad
2020-07-11,13.2,29.7,25.3,90,trad
2020-07-12,14.3,29.3,25.6,90,trad
2020-07-13,17.1,28.8,24.8,92,trad
2020-07-14,7.1,30.9,24.5,86,trad
2020-07-15,2.3,30.5,24.5,85,trad
2020-07-16,5.5,29.8,25.3,90,trad
2020-07-17,2.6,30.4,25.6,87,trad
2020-07-18,8.0,31.0,24.5,88,trad
2020-07-19,11.5,31.3,26.4,87,trad
2020-07-20,3.8,29.7,25.5,89,trad
2020-07-21,8.7,30.8,25.3,90,trad
2020-07-22,5.1,30.1,24.8,88,trad
2020-07-23,3.9,30.9,25.0,89,trad
2020-07-24,2.2,28.2,25.2,92,trad
2020-07-25,2.9,31.2,25.3,84,trad
2020-07-26,11.4,29.8,25.5,88,trad
2020-07-27,3.5,30.4,25.5,89,trad
2020-07-28,6.1,29.6,25.6,90,trad
2020-07-29,8.4,30.2,25.0,88,trad
2020-07-30,8.6,30.6,25.3,87,trad
2020-07-31,30.1,30.0,24.5,88,trad
2020-08-01,42.6,27.4,24.5,95,trad
2020-08-02,32.1,27.6,25.3,93,trad
2020-08-03,34.2,28.4,25.3,93,trad
2020-08-04,39.0,27.2,24.8,95,trad
2020-08-05,17.1,29.0,24.7,92,trad
2020-08-06,13.6,28.5,24.9,90,trad
2020-08-07,19.0,28.6,24.1,91,trad
2020-08-08,29.2,26.5,24.7,94,trad
2020-08-09,5.1,28.8,25.2,90,trad
2020-08-10,16.3,28.1,24.9,92,trad
2020-08-11,11.5,30.9,25.7,82,trad
2020-08-12,15.6,27.8,25.1,92,trad
2020-08-13,31.2,27.3,24.9,94,trad
2020-08-14,24.5,27.0,23.7,96,trad
2020-08-15,3.8,28.2,24.5,93,trad
2020-08-16,7.8,29.9,24.0,89,trad
2020-08-17,4.3,29.9,25.0,87,trad
2020-08-18,13.1,30.6,24.9,87,trad
2020-08-19,4.2,29.5,25.0,88,trad
2020-08-20,8.4,27.6,24.7,90,trad
2020-08-21,1.1,29.9,24.8,85,trad
2020-08-22,1.0,30.7,24.9,85,trad
2020-08-23,10.1,29.8,25.1,89,trad
2020-08-24,3.5,31.6,25.3,82,trad
2020-08-25,2.0,31.3,23.9,85,trad
2020-08-26,1.1,31.6,25.7,83,trad
2020-08-27,0.8,32.3,25.7,81,trad
2020-08-28,8.1,30.9,26.1,86,trad
2020-08-29,5.9,30.3,26.3,86,trad
2020-08-30,5.2,30.6,26.0,86,trad
2020-08-31,3.5,30.5,26.3,86,trad
2020-09-01,9.7,29.6,25.3,90,trad
2020-09-02,5.1,29.1,24.8,91,trad
2020-09-03,4.1,31.1,25.1,89,trad
2020-09-04,17.1,30.2,24.3,89,trad
2020-09-05,3.0,30.6,25.8,88,trad
2020-09-06,9.8,30.0,25.8,89,trad
2020-09-07,5.7,30.5,25.0,87,trad
2020-09-08,12.4,28.9,25.8,90,trad
2020-09-09,7.5,30.7,24.9,90,trad
2020-09-10,12.7,30.8,24.5,91,trad
2020-09-11,5.9,28.8,25.3,91,trad
2020-09-12,7.7,30.5,24.9,87,trad
2020-09-13,23.3,28.0,24.0,95,trad
2020-09-14,6.2,30.2,23.9,87,trad
2020-09-15,15.1,28.2,24.9,93,trad
2020-09-16,15.0,29.2,24.3,91,trad
2020-09-17,27.8,29.6,24.6,94,trad
2020-09-18,39.6,27.2,24.5,96,trad
2020-09-19,57.9,26.1,24.7,94,trad
2020-09-20,28.5,27.9,24.3,94,trad
2020-09-21,5.6,30.8,23.7,90,trad
2020-09-22,13.1,30.1,24.1,90,trad
2020-09-23,10.7,28.4,25.2,93,trad
2020-09-24,18.7,29.1,23.7,92,trad
2020-09-25,1.2,31.3,24.8,84,trad
2020-09-26,13.6,29.7,24.3,88,trad
2020-09-27,30.5,29.5,23.7,91,trad
2020-09-28,28.0,27.4,22.9,94,trad
2020-09-29,17.8,26.6,24.3,94,trad
2020-09-30,5.9,29.4,24.7,87,trad
2020-10-01,9.3,30.3,24.7,86,trad
2020-10-02,17.1,28.4,24.4,95,trad
2020-10-03,27.3,27.3,24.3,94,trad
2020-10-04,6.8,30.2,24.5,90,trad
2020-10-05,4.7,29.0,25.2,91,trad
2020-10-06,18.4,28.6,23.9,92,trad
2020-10-07,15.2,28.0,24.2,94,trad
2020-10-08,2.6,28.6,23.9,88,trad
2020-10-09,25.2,27.0,24.3,94,trad
2020-10-10,83.6,26.5,23.7,95,trad
2020-10-11,20.5,28.3,23.8,92,trad
2020-10-12,0.6,30.5,23.3,81,trad
2020-10-13,5.6,27.1,22.8,88,trad
2020-10-14,2.9,28.2,23.0,90,trad
2020-10-15,17.4,27.8,23.8,94,trad
2020-10-16,21.5,26.9,23.9,96,trad
2020-10-17,51.3,26.1,23.3,96,trad
2020-10-18,32.5,26.1,23.3,95,trad
2020-10-19,6.9,27.0,24.0,96,trad
2020-10-20,8.8,30.6,23.1,91,trad
2020-10-21,0.1,30.2,23.0,81,trad
2020-10-22,0.0,31.2,23.6,80,trad
2020-10-23,0.0,29.3,23.7,71,trad
2020-10-24,0.0,31.0,23.1,74,trad
2020-10-25,0.0,30.4,22.2,73,trad
2020-10-26,0.0,31.1,21.2,70,trad
2020-10-27,2.3,30.8,22.8,81,trad
2020-10-28,0.6,30.0,23.7,83,trad
2020-10-29,6.6,28.8,24.4,89,trad
2020-10-30,4.5,29.2,24.5,90,trad
2020-10-31,13.8,30.9,24.1,91,trad
2020-11-01,59.7,32.0,24.0,82,trad
2020-11-02,2.4,31.1,25.1,82,trad
2020-11-03,0.2,31.4,24.4,77,trad
2020-11-04,0.7,31.1,24.0,79,trad
2020-11-05,0.2,31.4,23.7,79,trad
2020-11-06,0.0,31.0,23.8,75,trad
2020-11-07,15.2,30.5,24.2,79,trad
2020-11-08,22.8,30.8,23.3,81,trad
2020-11-09,0.0,30.0,23.1,71,trad
2020-11-10,0.0,28.2,22.6,66,trad
2020-11-11,5.2,25.0,21.1,77,trad
2020-11-12,1.3,28.8,20.3,84,trad
2020-11-13,0.0,29.9,22.7,72,trad
2020-11-14,0.0,29.6,22.3,65,trad
2020-11-15,0.0,30.2,22.2,66,trad
2020-11-16,0.0,31.4,22.8,72,trad
2020-11-17,0.1,32.8,24.3,73,trad
2020-11-18,1.1,32.9,23.5,79,trad
2020-11-19,0.5,32.5,23.9,85,trad
2020-11-20,21.3,29.7,24.4,92,trad
2020-11-21,8.1,30.6,23.6,93,trad
2020-11-22,2.4,29.1,23.9,94,trad
2020-11-23,0.0,32.2,24.0,81,trad
2020-11-24,0.0,32.2,23.6,73,trad
2020-11-25,0.0,32.4,24.1,71,trad
2020-11-26,0.0,31.9,23.8,72,trad
2020-11-27,0.0,32.4,23.9,68,trad
2020-11-28,0.0,31.5,23.9,64,trad
2020-11-29,1.5,28.9,23.4,69,trad
2020-11-30,1.4,27.6,22.3,66,trad
2020-12-01,5.8,28.8,22.4,72,trad
2020-12-02,0.6,31.2,22.5,70,trad
2020-12-03,0.0,31.5,23.8,63,trad
2020-12-04,0.0,29.4,22.1,60,trad
2020-12-05,0.0,29.4,20.0,58,trad
2020-12-06,0.0,29.9,20.9,61,trad
2020-12-07,0.0,31.8,22.2,59,trad
2020-12-08,0.0,31.5,23.3,63,trad
2020-12-09,0.0,31.0,22.4,59,trad
2020-12-10,0.0,31.6,23.1,58,trad
2020-12-11,0.3,32.9,24.2,62,trad
2020-12-12,2.5,33.3,24.6,77,trad
2020-12-13,12.9,29.2,24.6,90,trad
2020-12-14,6.9,30.5,23.6,91,trad
2020-12-15,2.2,28.6,23.9,92,trad
2020-12-16,0.0,32.7,23.4,73,trad
2020-12-17,0.1,32.4,23.8,63,trad
2020-12-18,0.0,32.4,23.6,58,trad
2020-12-19,0.0,30.8,22.2,58,trad
2020-12-20,0.0,27.4,20.1,54,trad
2020-12-21,0.0,27.2,17.7,55,trad
2020-12-22,0.0,28.1,18.6,54,trad
2020-12-23,0.0,30.7,21.6,56,trad
2020-12-24,0.0,31.3,23.6,61,trad
2020-12-25,6.0,32.4,23.2,78,trad
2020-12-26,1.5,30.9,23.2,83,trad
2020-12-27,2.5,31.8,23.2,83,trad
2020-12-28,0.1,33.6,23.1,81,trad
2020-12-29,0.0,34.6,23.1,78,trad
2020-12-30,0.0,33.3,23.4,67,trad
2020-12-31,0.0,29.2,21.6,52,trad
2021-01-01,0.0,28.5,19.3,51,trad
2021-01-02,0.0,29.4,19.7,52,trad
2021-01-03,0.0,32.1,21.9,52,trad
2021-01-04,0.0,33.9,22.4,55,trad
2021-01-05,1.1,27.5,23.8,65,trad
2021-01-06,0.0,34.5,23.3,62,trad
2021-01-07,0.1,34.0,23.5,61,trad
2021-01-08,0.0,33.4,24.0,56,trad
2021-01-09,0.0,31.6,19.9,50,trad
2021-01-10,0.0,31.9,20.4,51,trad
2021-01-11,0.0,31.0,20.3,53,trad
2021-01-12,0.0,26.3,15.1,48,trad
2021-01-13,0.0,28.7,16.5,47,trad
2021-01-14,0.0,30.9,19.5,56,trad
2021-01-15,0.0,32.7,17.4,70,trad
2021-01-16,0.0,32.0,20.3,79,trad
2021-01-17,0.0,32.8,20.7,64,trad
2021-01-18,0.0,30.2,20.5,51,trad
2021-01-19,0.0,30.2,18.6,49,trad
2021-01-20,0.0,31.7,19.3,55,trad
2021-01-21,0.0,32.7,18.6,62,trad
2021-01-22,0.0,33.4,19.6,69,trad
2021-01-23,0.2,33.1,20.8,72,trad
2021-01-24,1.8,29.6,23.3,82,trad
2021-01-25,4.4,31.8,23.2,87,trad
2021-01-26,1.5,32.9,23.4,85,trad
2021-01-27,4.6,32.8,23.6,85,trad
2021-01-28,1.4,34.2,23.4,78,trad
2021-01-29,2.2,33.1,22.8,69,trad
2021-01-30,0.0,33.5,22.9,59,trad
2021-01-31,0.0,33.7,21.7,62,trad
2021-02-01,0.0,33.3,21.6,66,trad
2021-02-02,0.0,34.7,21.8,70,trad
2021-02-03,0.1,32.7,22.3,77,trad
2021-02-04,0.0,33.9,22.5,69,trad
2021-02-05,0.0,34.5,21.2,67,trad
2021-02-06,0.6,34.1,22.3,69,trad
2021-02-07,0.1,34.3,22.5,73,trad
2021-02-08,0.9,32.1,23.6,81,trad
2021-02-09,6.6,27.9,23.5,87,trad
2021-02-10,0.0,31.6,23.3,69,trad
2021-02-11,0.0,31.7,23.3,59,trad
2021-02-12,0.0,34.5,21.0,57,trad
2021-02-13,0.0,34.9,19.0,67,trad
2021-02-14,0.2,31.4,21.5,76,trad
2021-02-15,0.4,31.4,23.4,77,trad
2021-02-16,1.5,31.1,23.5,77,trad
2021-02-17,3.7,29.9,23.6,81,trad
2021-02-18,0.0,35.0,22.3,56,trad
2021-02-19,0.0,33.9,21.7,45,trad
2021-02-20,0.0,34.4,21.8,48,trad
2021-02-21,0.0,33.6,20.6,67,trad
2021-02-22,0.0,33.0,20.3,74,trad
2021-02-23,0.0,33.7,22.9,74,trad
2021-02-24,1.2,31.6,23.4,77,trad
2021-02-25,0.0,33.8,23.6,73,trad
2021-02-26,0.2,33.3,23.6,77,trad
2021-02-27,0.0,33.0,24.2,75,trad
2021-02-28,0.1,32.3,25.1,73,trad
2021-03-01,11.7,31.5,25.2,84,trad
2021-03-02,5.4,31.6,24.2,85,trad
2021-03-03,28.3,30.5,24.0,89,trad
2021-03-04,3.1,32.5,23.5,82,trad
2021-03-05,0.4,33.3,23.9,80,trad
2021-03-06,0.3,34.1,24.0,80,trad
2021-03-07,1.0,33.2,24.0,80,trad
2021-03-08,10.2,31.4,23.7,86,trad
2021-03-09,20.3,31.8,23.2,89,trad
2021-03-10,7.5,29.6,23.7,90,trad
2021-03-11,0.8,31.3,23.1,85,trad
2021-03-12,1.8,31.1,23.5,87,trad
2021-03-13,4.0,31.6,23.6,85,trad
2021-03-14,7.2,30.4,23.9,87,trad
2021-03-15,1.6,30.3,24.0,83,trad
2021-03-16,1.6,30.2,24.6,86,trad
2021-03-17,11.9,30.7,24.9,87,trad
2021-03-18,1.7,31.3,24.3,86,trad
2021-03-19,2.3,31.2,25.3,81,trad
2021-03-20,1.0,31.9,25.6,81,trad
2021-03-21,2.7,32.5,26.0,83,trad
2021-03-22,5.9,32.2,24.1,85,trad
2021-03-23,0.2,34.6,24.5,57,trad
2021-03-24,0.4,34.6,24.9,63,trad
2021-03-25,4.7,31.3,24.5,82,trad
2021-03-26,1.7,31.8,24.5,82,trad
2021-03-27,0.8,32.1,24.9,80,trad
2021-03-28,1.4,31.8,25.8,81,trad
2021-03-29,0.4,33.0,26.1,79,trad
2021-03-30,0.2,33.1,25.8,75,trad
2021-03-31,0.0,33.7,25.9,76,trad
2021-04-01,0.2,34.0,26.3,75,trad
2021-04-02,0.5,34.3,26.7,75,trad
2021-04-03,0.5,34.2,25.9,74,trad
2021-04-04,7.5,30.0,26.4,81,trad
2021-04-05,8.5,32.3,24.9,82,trad
2021-04-06,3.9,31.9,24.5,82,trad
2021-04-07,3.5,29.6,24.1,88,trad
2021-04-08,7.3,31.2,23.8,85,trad
2021-04-09,13.7,30.1,24.4,90,trad
2021-04-10,7.4,30.5,24.4,90,trad
2021-04-11,22.1,30.0,24.2,90,trad
2021-04-12,18.2,31.0,24.1,88,trad
2021-04-13,7.9,30.8,23.4,88,trad
2021-04-14,18.4,30.5,24.4,88,trad
2021-04-15,1.0,31.3,24.2,86,trad
2021-04-16,1.2,31.1,25.6,82,trad
2021-04-17,9.3,30.3,25.5,90,trad
2021-04-18,6.1,30.8,25.1,87,trad
2021-04-19,4.3,29.2,25.3,89,trad
2021-04-20,8.7,29.4,24.9,88,trad
2021-04-21,1.5,31.5,25.1,84,trad
2021-04-22,1.5,31.7,26.1,84,trad
2021-04-23,7.3,30.2,26.1,86,trad
2021-04-24,12.6,29.3,25.3,89,trad
2021-04-25,3.0,29.9,25.2,88,trad
2021-04-26,5.3,29.6,25.8,87,trad
2021-04-27,6.2,30.5,25.5,89,trad
2021-04-28,6.8,30.2,24.5,89,trad
2021-04-29,6.5,29.5,24.5,91,trad
2021-04-30,7.1,32.0,23.6,88,trad
2021-05-01,6.2,30.6,24.0,89,trad
2021-05-02,5.4,30.8,24.7,90,trad
2021-05-03,6.5,32.3,24.8,89,trad
2021-05-04,2.8,32.9,25.0,86,trad
2021-05-05,5.5,31.7,24.8,88,trad
2021-05-06,15.4,30.9,23.9,88,trad
2021-05-07,8.7,34.1,25.4,84,trad
2021-05-08,8.5,32.4,24.6,89,trad
2021-05-09,3.2,32.3,24.9,86,trad
2021-05-10,6.6,31.8,25.3,88,trad
2021-05-11,1.8,31.8,25.1,87,trad
2021-05-12,1.3,32.3,25.7,86,trad
2021-05-13,7.5,31.6,26.3,87,trad
2021-05-14,6.2,32.0,26.5,87,trad
2021-05-15,13.4,30.9,26.3,91,trad
2021-05-16,1.9,31.4,25.6,87,trad
2021-05-17,7.6,31.8,26.1,88,trad
2021-05-18,16.7,29.7,26.1,90,trad
2021-05-19,11.6,30.9,25.2,89,trad
2021-05-20,6.4,29.1,25.0,90,trad
2021-05-21,11.7,30.1,25.3,89,trad
2021-05-22,17.1,29.1,25.7,89,trad
2021-05-23,15.0,30.6,24.7,87,trad
2021-05-24,11.5,31.4,24.9,85,trad
2021-05-25,35.6,29.2,24.5,92,trad
2021-05-26,18.1,27.9,25.5,93,trad
2021-05-27,34.8,27.9,24.6,94,trad
2021-05-28,38.6,27.9,23.9,94,trad
2021-05-29,9.6,29.2,25.5,89,trad
2021-05-30,5.2,30.4,26.3,86,trad
2021-05-31,7.2,30.4,25.9,89,trad
2021-06-01,3.5,31.6,26.3,85,trad
2021-06-02,2.4,31.4,26.4,87,trad
2021-06-03,3.1,30.8,26.7,86,trad
2021-06-04,1.9,32.0,26.6,86,trad
2021-06-05,4.4,30.3,26.3,90,trad
2021-06-06,9.2,30.2,26.2,88,trad
2021-06-07,21.1,27.6,25.2,92,trad
2021-06-08,22.6,27.6,24.9,93,trad
2021-06-09,10.0,28.2,24.9,92,trad
2021-06-10,39.8,26.3,23.9,95,trad
2021-06-11,20.2,28.0,25.2,92,trad
2021-06-12,37.2,29.3,23.8,89,trad
2021-06-13,12.2,28.2,24.9,92,trad
2021-06-14,8.4,29.2,25.0,90,trad
2021-06-15,5.9,28.1,25.4,92,trad
2021-06-16,6.1,30.5,25.1,87,trad
2021-06-17,6.4,29.6,25.8,88,trad
2021-06-18,3.9,30.1,25.5,87,trad
2021-06-19,5.0,30.8,25.4,86,trad
2021-06-20,6.8,31.0,24.4,85,trad
2021-06-21,20.7,29.3,24.2,91,trad
2021-06-22,20.3,29.6,24.8,90,trad
2021-06-23,18.8,28.4,24.7,92,trad
2021-06-24,7.4,29.5,25.5,90,trad
2021-06-25,6.5,29.9,25.2,88,trad
2021-06-26,3.5,29.9,25.3,86,trad
2021-06-27,2.8,30.4,25.2,85,trad
2021-06-28,7.1,30.3,25.7,87,trad
2021-06-29,5.3,30.2,25.2,87,trad
2021-06-30,11.2,29.3,25.1,89,trad
2021-07-01,2.8,31.0,25.6,87,trad
2021-07-02,11.0,30.5,25.0,85,trad
2021-07-03,0.7,31.9,24.6,84,trad
2021-07-04,1.0,31.6,25.5,84,trad
2021-07-05,8.1,30.5,26.0,88,trad
2021-07-06,20.3,29.1,25.3,91,trad
2021-07-07,31.3,28.3,25.4,94,trad
2021-07-08,25.4,27.8,24.6,94,trad
2021-07-09,18.5,27.7,24.3,94,trad
2021-07-10,55.0,26.0,23.5,96,trad
2021-07-11,22.0,28.5,23.6,90,trad
2021-07-12,5.9,30.5,23.3,90,trad
2021-07-13,2.0,31.9,23.7,88,trad
2021-07-14,17.1,29.5,24.8,90,trad
2021-07-15,50.3,26.6,24.0,93,trad
2021-07-16,10.2,28.7,24.5,88,trad
2021-07-17,11.4,29.3,25.2,88,trad
2021-07-18,15.8,29.9,25.2,87,trad
2021-07-19,6.4,29.5,25.3,88,trad
2021-07-20,13.3,28.2,25.1,89,trad
2021-07-21,37.8,27.0,24.7,95,trad
2021-07-22,6.8,30.9,24.6,87,trad
2021-07-23,16.3,28.4,24.9,91,trad
2021-07-24,38.4,28.2,24.1,95,trad
2021-07-25,18.2,28.1,25.1,94,trad
2021-07-26,7.0,29.4,25.2,89,trad
2021-07-27,17.6,28.9,24.7,91,trad
2021-07-28,20.2,29.2,25.1,93,trad
2021-07-29,19.1,29.0,25.2,91,trad
2021-07-30,20.4,28.3,24.5,92,trad
2021-07-31,18.9,29.5,25.1,90,trad
2021-08-01,7.6,29.8,25.4,88,trad
2021-08-02,11.6,29.7,25.1,88,trad
2021-08-03,9.5,28.4,25.4,90,trad
2021-08-04,6.9,29.0,25.8,90,trad
2021-08-05,13.1,28.3,25.9,91,trad
2021-08-06,12.1,30.4,25.1,90,trad
2021-08-07,14.0,30.9,24.7,87,trad
2021-08-08,4.5,30.2,25.7,88,trad
2021-08-09,11.7,30.0,25.1,88,trad
2021-08-10,10.8,29.0,25.5,90,trad
2021-08-11,20.2,28.9,25.2,91,trad
2021-08-12,8.8,29.1,25.1,90,trad
2021-08-13,16.0,28.5,25.0,90,trad
2021-08-14,20.0,29.9,24.7,88,trad
2021-08-15,28.5,26.4,24.8,95,trad
2021-08-16,14.2,29.8,24.7,89,trad
2021-08-17,0.7,32.5,23.7,83,trad
2021-08-18,6.5,31.9,24.7,85,trad
2021-08-19,6.6,30.2,25.2,89,trad
2021-08-20,21.5,30.7,24.2,89,trad
2021-08-21,10.7,28.9,25.5,90,trad
2021-08-22,5.6,29.4,25.0,88,trad
2021-08-23,9.6,28.5,24.8,90,trad
2021-08-24,17.7,29.4,25.2,90,trad
2021-08-25,43.3,27.3,23.8,95,trad
2021-08-26,47.7,26.2,23.8,95,trad
2021-08-27,45.7,26.8,23.1,95,trad
2021-08-28,14.5,27.8,23.7,94,trad
2021-08-29,6.8,31.0,23.5,87,trad
2021-08-30,6.0,30.2,23.4,89,trad
2021-08-31,12.1,28.4,24.6,95,trad
2021-09-01,7.6,29.0,23.6,92,trad
2021-09-02,23.2,28.7,24.1,92,trad
2021-09-03,13.6,28.7,24.5,89,trad
2021-09-04,10.6,29.1,24.9,89,trad
2021-09-05,3.5,27.3,25.1,92,trad
2021-09-06,3.6,29.5,24.5,87,trad
2021-09-07,30.5,28.1,23.9,94,trad
2021-09-08,30.3,26.7,23.4,95,trad
2021-09-09,54.2,26.0,23.0,96,trad
2021-09-10,24.8,29.2,24.5,91,trad
2021-09-11,22.0,27.3,24.5,94,trad
2021-09-12,1.1,29.7,25.4,85,trad
2021-09-13,12.4,29.4,25.2,88,trad
2021-09-14,25.9,27.7,24.1,94,trad
2021-09-15,125.8,26.3,23.8,96,trad
2021-09-16,10.2,28.0,24.2,92,trad
2021-09-17,1.3,31.1,24.6,87,trad
2021-09-18,5.7,32.4,23.5,87,trad
2021-09-19,16.7,26.8,24.2,95,trad
2021-09-20,32.8,26.9,23.5,93,trad
2021-09-21,20.2,27.9,24.8,93,trad
2021-09-22,19.7,27.3,24.3,93,trad
2021-09-23,10.5,29.3,24.5,90,trad
2021-09-24,17.5,27.3,24.6,95,trad
2021-09-25,46.1,25.6,23.6,96,trad
2021-09-26,21.5,26.3,24.4,97,trad
2021-09-27,9.3,30.3,23.8,92,trad
2021-09-28,3.9,32.4,23.6,89,trad
2021-09-29,4.4,31.6,23.8,89,trad
2021-09-30,4.4,30.2,24.9,91,trad
2021-10-01,9.5,30.4,24.7,90,trad
2021-10-02,26.6,28.2,24.9,93,trad
2021-10-03,12.0,31.5,24.0,90,trad
2021-10-04,8.7,32.0,24.1,88,trad
2021-10-05,19.1,31.0,24.7,92,trad
2021-10-06,20.6,30.3,24.0,92,trad
2021-10-07,19.9,29.4,23.9,91,trad
2021-10-08,6.0,28.3,24.7,90,trad
2021-10-09,17.7,27.1,24.8,94,trad
2021-10-10,17.0,29.4,24.7,88,trad
2021-10-11,40.7,27.5,24.4,94,trad
2021-10-12,53.4,27.8,23.9,95,trad
2021-10-13,39.1,29.7,23.3,91,trad
2021-10-14,43.9,27.2,23.7,95,trad
2021-10-15,52.6,26.5,23.7,95,trad
2021-10-16,6.8,29.4,23.9,90,trad
2021-10-17,20.8,25.4,21.4,94,trad
2021-10-18,3.1,28.3,20.8,85,trad
2021-10-19,1.3,30.9,23.2,87,trad
2021-10-20,10.5,29.4,23.5,90,trad
2021-10-21,8.1,30.7,23.9,91,trad
2021-10-22,15.6,28.2,23.6,93,trad
2021-10-23,10.9,27.6,23.1,92,trad
2021-10-24,0.5,29.9,23.3,80,trad
2021-10-25,0.2,32.3,23.8,76,trad
2021-10-26,0.0,30.9,24.1,75,trad
2021-10-27,0.2,30.7,23.8,75,trad
2021-10-28,2.7,29.4,23.5,86,trad
2021-10-29,3.7,31.9,22.4,85,trad
2021-10-30,15.5,31.9,23.7,91,trad
2021-10-31,7.2,30.3,23.0,90,trad
2021-11-01,13.7,30.7,23.5,90,trad
2021-11-02,3.0,33.0,23.7,84,trad
2021-11-03,0.0,32.4,23.5,81,trad
2021-11-04,9.0,31.4,23.1,85,trad
2021-11-05,2.8,31.9,24.3,87,trad
2021-11-06,10.2,29.2,23.8,91,trad
2021-11-07,11.4,29.9,23.8,90,trad
2021-11-08,25.7,30.1,23.9,93,trad
2021-11-09,1.0,30.9,23.2,81,trad
2021-11-10,0.3,30.2,23.4,73,trad
2021-11-11,21.7,30.3,22.6,80,trad
2021-11-12,2.1,30.1,22.1,82,trad
2021-11-13,0.0,30.2,23.8,81,trad
2021-11-14,8.8,29.6,23.3,86,trad
2021-11-15,18.9,30.9,23.1,88,trad
2021-11-16,14.1,30.1,23.4,87,trad
2021-11-17,3.5,32.3,23.8,82,trad
2021-11-18,13.4,31.2,23.4,87,trad
2021-11-19,2.2,31.8,22.9,86,trad
2021-11-20,4.8,32.0,23.8,88,trad
2021-11-21,8.1,32.4,23.3,87,trad
2021-11-22,6.1,31.5,23.8,89,trad
2021-11-23,0.2,31.9,24.5,79,trad
2021-11-24,0.0,30.9,23.0,73,trad
2021-11-25,0.0,31.2,22.8,69,trad
2021-11-26,0.0,31.4,23.1,70,trad
2021-11-27,0.0,29.6,21.9,68,trad
2021-11-28,12.5,29.3,22.1,68,trad
2021-11-29,47.0,25.2,22.3,83,trad
2021-11-30,37.3,24.3,21.4,91,trad
2021-12-01,0.0,27.8,22.1,71,trad
2021-12-02,0.0,28.7,21.4,68,trad
2021-12-03,0.0,27.8,20.5,70,trad
2021-12-04,0.0,27.3,19.3,69,trad
2021-12-05,0.0,25.9,18.4,67,trad
2021-12-06,0.0,28.4,20.1,69,trad
2021-12-07,0.0,29.8,20.8,67,trad
2021-12-08,0.0,29.6,20.8,67,trad
2021-12-09,0.0,31.7,22.2,66,trad
2021-12-10,0.0,31.5,23.3,66,trad
2021-12-11,0.0,31.6,22.8,65,trad
2021-12-12,0.0,31.6,22.3,65,trad
2021-12-13,0.0,30.1,23.1,63,trad
2021-12-14,0.0,30.8,22.1,61,trad
2021-12-15,0.0,31.8,23.2,63,trad
2021-12-16,0.0,33.4,24.3,64,trad
2021-12-17,0.0,33.7,23.5,70,trad
2021-12-18,0.0,31.7,23.6,63,trad
2021-12-19,0.0,29.0,21.7,58,trad
2021-12-20,0.0,29.3,20.1,56,trad
2021-12-21,0.0,32.0,22.1,62,trad
2021-12-22,0.2,31.8,22.8,73,trad
2021-12-23,21.8,28.7,22.5,86,trad
2021-12-24,3.8,30.4,22.1,86,trad
2021-12-25,8.1,29.5,21.8,88,trad
2021-12-26,20.4,31.4,21.8,81,trad
2021-12-27,0.3,31.6,23.8,70,trad
2021-12-28,0.0,31.2,23.0,63,trad
2021-12-29,0.0,32.4,23.2,61,trad
2021-12-30,0.0,32.0,24.4,59,trad
2021-12-31,0.0,31.9,23.3,57,trad
2022-01-01,0.0,31.7,22.3,56,trad
2022-01-02,0.0,32.4,21.9,58,trad
2022-01-03,0.0,33.2,22.9,59,trad
2022-01-04,0.0,34.3,23.4,59,trad
2022-01-05,0.0,32.8,23.6,57,trad
2022-01-06,0.0,33.6,22.8,58,trad
2022-01-07,0.0,35.2,21.3,70,trad
2022-01-08,0.0,34.2,22.4,65,trad
2022-01-09,0.0,34.2,21.1,61,trad
2022-01-10,0.0,33.9,20.9,67,trad
2022-01-11,0.4,33.4,22.5,79,trad
2022-01-12,1.2,32.0,23.3,80,trad
2022-01-13,0.0,34.8,21.6,69,trad
2022-01-14,0.0,33.7,21.6,71,trad
2022-01-15,0.0,34.3,20.9,69,trad
2022-01-16,0.0,33.8,21.0,71,trad
2022-01-17,0.5,35.0,21.7,73,trad
2022-01-18,0.0,33.0,21.7,72,trad
2022-01-19,0.0,34.2,22.5,61,trad
2022-01-20,2.4,32.0,21.2,75,trad
2022-01-21,1.6,30.5,22.3,80,trad
2022-01-22,6.5,30.2,22.2,80,trad
2022-01-23,2.6,30.0,22.2,81,trad
2022-01-24,0.5,32.0,21.8,78,trad
2022-01-25,0.2,33.5,21.5,76,trad
2022-01-26,3.3,31.9,22.7,82,trad
2022-01-27,4.4,32.2,22.9,82,trad
2022-01-28,2.7,33.0,22.8,82,trad
2022-01-29,0.8,31.7,23.9,82,trad
2022-01-30,1.2,31.3,24.0,79,trad
2022-01-31,0.9,30.5,24.4,77,trad
2022-02-01,0.0,33.0,23.6,71,trad
2022-02-02,0.7,32.1,24.2,76,trad
2022-02-03,0.4,34.0,22.7,74,trad
2022-02-04,6.7,33.6,22.7,82,trad
2022-02-05,0.0,34.3,23.3,71,trad
2022-02-06,0.0,34.5,23.6,61,trad
2022-02-07,0.3,35.9,23.3,67,trad
2022-02-08,1.9,31.9,23.5,81,trad
2022-02-09,1.5,32.2,23.7,82,trad
2022-02-10,7.1,31.3,24.0,88,trad
2022-02-11,20.2,31.5,23.3,90,trad
2022-02-12,19.3,30.3,22.7,90,trad
2022-02-13,4.0,29.8,23.1,86,trad
2022-02-14,18.9,29.8,23.2,88,trad
2022-02-15,12.6,29.9,23.0,88,trad
2022-02-16,5.8,30.1,22.4,89,trad
2022-02-17,0.9,30.2,22.4,86,trad
2022-02-18,1.5,32.0,23.6,83,trad
2022-02-19,1.4,30.8,24.2,83,trad
2022-02-20,0.9,31.0,25.2,81,trad
2022-02-21,14.1,29.1,23.0,87,trad
2022-02-22,0.0,29.5,20.7,78,trad
2022-02-23,0.0,31.2,23.1,64,trad
2022-02-24,0.0,31.1,21.3,57,trad
2022-02-25,0.0,31.2,22.2,55,trad
2022-02-26,0.0,33.2,23.0,57,trad
2022-02-27,0.1,33.7,24.4,62,trad
2022-02-28,2.7,32.6,23.1,78,trad
2022-03-01,5.4,32.0,23.5,83,trad
2022-03-02,4.9,30.1,23.4,86,trad
2022-03-03,12.5,31.8,22.9,90,trad
2022-03-04,8.3,31.7,23.4,88,trad
2022-03-05,2.7,31.2,24.4,86,trad
2022-03-06,5.7,31.3,25.4,82,trad
2022-03-07,14.3,29.6,23.2,91,trad
2022-03-08,2.0,31.2,23.3,84,trad
2022-03-09,0.3,32.8,22.9,81,trad
2022-03-10,1.7,30.4,24.4,85,trad
2022-03-11,6.0,30.1,23.7,88,trad
2022-03-12,3.8,31.8,23.2,86,trad
2022-03-13,7.2,31.2,24.1,86,trad
2022-03-14,6.0,30.4,24.7,85,trad
2022-03-15,4.8,32.3,25.0,83,trad
2022-03-16,3.6,30.6,25.7,85,trad
2022-03-17,7.3,32.0,23.8,84,trad
2022-03-18,17.7,29.7,24.7,87,trad
2022-03-19,9.0,32.7,23.1,83,trad
2022-03-20,7.0,31.8,23.4,84,trad
2022-03-21,6.4,30.4,24.6,84,trad
2022-03-22,5.6,30.4,24.8,85,trad
2022-03-23,10.5,28.8,23.9,90,trad
2022-03-24,3.3,30.5,24.7,86,trad
2022-03-25,6.6,31.0,23.9,85,trad
2022-03-26,1.1,32.3,24.5,83,trad
2022-03-27,1.3,32.6,25.0,83,trad
2022-03-28,14.0,33.6,23.7,82,trad
2022-03-29,20.2,32.2,23.8,88,trad
2022-03-30,11.1,31.8,24.0,88,trad
2022-03-31,5.3,33.0,23.6,86,trad
2022-04-01,14.5,32.2,23.9,86,trad
2022-04-02,28.7,25.1,19.9,85,trad
2022-04-03,1.0,27.2,18.3,73,trad
2022-04-04,0.0,31.4,20.6,63,trad
2022-04-05,0.0,32.6,23.4,68,trad
2022-04-06,4.1,32.1,23.1,82,trad
2022-04-07,2.2,32.5,23.7,83,trad
2022-04-08,0.4,32.9,24.0,71,trad
2022-04-09,0.0,34.4,22.7,75,trad
2022-04-10,1.5,32.0,24.3,80,trad
2022-04-11,1.9,32.0,25.0,81,trad
2022-04-12,3.0,32.3,25.7,79,trad
2022-04-13,2.8,31.7,25.8,80,trad
2022-04-14,6.1,31.6,26.6,81,trad
2022-04-15,7.5,32.6,25.6,81,trad
2022-04-16,8.4,31.9,26.7,79,trad
2022-04-17,19.7,29.1,25.5,84,trad
2022-04-18,8.6,32.7,24.5,87,trad
2022-04-19,2.0,31.5,23.8,83,trad
2022-04-20,3.8,31.3,23.8,83,trad
2022-04-21,8.6,31.7,23.9,85,trad
2022-04-22,10.6,29.7,24.3,88,trad
2022-04-23,2.6,32.1,24.2,84,trad
2022-04-24,10.0,31.3,24.8,87,trad
2022-04-25,6.2,31.9,25.4,85,trad
2022-04-26,8.0,31.2,26.2,83,trad
2022-04-27,1.3,32.8,26.6,79,trad
2022-04-28,21.8,33.0,25.8,87,trad
2022-04-29,5.0,34.0,24.7,87,trad
2022-04-30,12.0,33.0,24.5,83,trad
2022-05-01,10.7,29.0,23.5,90,trad
2022-05-02,30.7,29.4,22.7,92,trad
2022-05-03,2.8,27.9,21.4,81,trad
2022-05-04,7.3,30.9,20.6,84,trad
2022-05-05,6.3,30.9,22.5,84,trad
2022-05-06,5.8,29.9,23.9,91,trad
2022-05-07,3.4,31.6,24.5,88,trad
2022-05-08,9.1,31.8,24.2,88,trad
2022-05-09,9.2,31.4,24.1,87,trad
2022-05-10,2.7,30.6,24.7,87,trad
2022-05-11,15.3,30.4,24.1,90,trad
2022-05-12,14.6,29.9,24.9,87,trad
2022-05-13,8.8,31.4,25.5,84,trad
2022-05-14,10.1,31.2,24.8,84,trad
2022-05-15,9.0,31.0,26.5,87,trad
2022-05-16,7.4,30.1,24.8,87,trad
2022-05-17,2.5,28.9,24.4,90,trad
2022-05-18,10.8,29.6,23.3,88,trad
2022-05-19,36.7,27.2,23.9,94,trad
2022-05-20,16.1,29.2,23.9,90,trad
2022-05-21,21.0,27.4,24.0,93,trad
2022-05-22,58.6,26.4,24.1,95,trad
2022-05-23,47.7,26.6,23.0,93,trad
2022-05-24,9.9,31.0,24.2,87,trad
2022-05-25,6.9,31.0,24.2,86,trad
2022-05-26,13.5,29.5,25.3,89,trad
2022-05-27,18.7,28.9,24.3,91,trad
2022-05-28,15.6,27.4,23.8,92,trad
2022-05-29,12.1,29.6,23.7,87,trad
2022-05-30,7.5,30.1,24.5,86,trad
2022-05-31,20.1,30.3,24.6,87,trad
2022-06-01,4.2,31.6,25.2,85,trad
2022-06-02,7.1,29.5,25.4,86,trad
2022-06-03,4.9,30.1,24.8,85,trad
2022-06-04,26.4,27.3,23.3,93,trad
2022-06-05,6.1,29.7,24.2,88,trad
2022-06-06,11.9,30.1,24.4,85,trad
2022-06-07,11.4,30.9,23.9,85,trad
2022-06-08,3.6,31.4,24.8,81,trad
2022-06-09,1.2,31.9,25.2,82,trad
2022-06-10,1.5,30.7,25.2,84,trad
2022-06-11,5.5,30.5,25.7,87,trad
2022-06-12,1.5,31.6,25.0,84,trad
2022-06-13,6.3,31.0,25.1,86,trad
2022-06-14,2.5,30.9,25.8,83,trad
2022-06-15,1.4,29.4,25.6,85,trad
2022-06-16,0.9,30.9,24.5,86,trad
2022-06-17,0.4,31.9,24.3,84,trad
2022-06-18,2.3,32.0,25.6,82,trad
2022-06-19,5.0,31.0,25.2,85,trad
2022-06-20,14.8,31.8,24.4,87,trad
2022-06-21,1.3,31.0,25.4,83,trad
2022-06-22,3.5,30.8,24.3,84,trad
2022-06-23,5.6,30.6,24.1,86,trad
2022-06-24,11.1,30.3,23.9,87,trad
2022-06-25,8.3,29.9,24.5,86,trad
2022-06-26,10.5,29.0,25.1,88,trad
2022-06-27,3.9,30.7,25.1,87,trad
2022-06-28,9.8,30.4,24.6,87,trad
2022-06-29,2.4,31.5,25.5,83,trad
2022-06-30,30.6,29.6,24.3,89,trad
2022-07-01,23.3,30.7,24.4,88,trad
2022-07-02,47.5,27.5,24.7,94,trad
2022-07-03,44.4,26.3,24.3,94,trad
2022-07-04,21.3,29.2,24.7,90,trad
2022-07-05,13.8,29.7,24.6,89,trad
2022-07-06,6.8,29.8,25.9,86,trad
2022-07-07,19.6,29.2,24.0,88,trad
2022-07-08,21.0,29.6,24.2,89,trad
2022-07-09,26.3,29.5,24.3,91,trad
2022-07-10,26.3,27.0,24.3,93,trad
2022-07-11,44.1,27.8,23.7,92,trad
2022-07-12,32.2,27.0,23.5,95,trad
2022-07-13,36.0,25.4,23.6,95,trad
2022-07-14,26.5,28.7,23.9,90,trad
2022-07-15,19.0,28.5,24.0,90,trad
2022-07-16,10.6,29.3,24.4,89,trad
2022-07-17,25.6,28.7,23.8,89,trad
2022-07-18,4.2,30.7,24.6,86,trad
2022-07-19,15.6,29.4,24.2,89,trad
2022-07-20,19.3,28.6,24.9,92,trad
2022-07-21,51.5,25.8,24.1,94,trad
2022-07-22,8.9,30.3,23.8,84,trad
2022-07-23,2.3,30.8,24.2,85,trad
2022-07-24,8.3,32.5,23.6,88,trad
2022-07-25,2.4,32.5,23.5,84,trad
2022-07-26,8.5,30.7,24.4,90,trad
2022-07-27,4.2,32.2,25.0,86,trad
2022-07-28,11.9,28.8,24.6,90,trad
2022-07-29,0.8,31.3,25.7,83,trad
2022-07-30,2.7,31.6,26.0,82,trad
2022-07-31,17.5,29.2,24.3,88,trad
2022-08-01,7.8,27.9,24.6,91,trad
2022-08-02,31.2,26.7,24.3,94,trad
2022-08-03,20.0,27.0,23.7,91,trad
2022-08-04,18.3,30.0,24.0,89,trad
2022-08-05,33.4,28.3,23.8,91,trad
2022-08-06,31.1,28.1,23.1,91,trad
2022-08-07,56.4,26.2,23.0,95,trad
2022-08-08,65.5,25.5,22.8,96,trad
2022-08-09,21.2,26.1,22.9,93,trad
2022-08-10,30.5,27.8,22.9,92,trad
2022-08-11,87.1,24.9,22.6,95,trad
2022-08-12,15.6,29.4,22.7,87,trad
2022-08-13,2.0,30.5,24.0,82,trad
2022-08-14,0.6,32.2,23.6,79,trad
2022-08-15,19.6,29.6,24.8,88,trad
2022-08-16,27.7,28.4,23.7,92,trad
2022-08-17,10.6,28.0,24.7,89,trad
2022-08-18,10.6,30.4,24.1,85,trad
2022-08-19,8.1,30.2,24.0,87,trad
2022-08-20,35.8,26.9,23.8,94,trad
2022-08-21,18.9,29.6,24.0,90,trad
2022-08-22,22.9,29.1,24.2,90,trad
2022-08-23,1.9,31.6,24.9,84,trad
2022-08-24,10.9,30.8,25.3,87,trad
2022-08-25,19.3,28.4,24.6,90,trad
2022-08-26,22.3,27.4,24.2,92,trad
2022-08-27,4.7,30.3,24.4,89,trad
2022-08-28,9.5,32.3,23.5,88,trad
2022-08-29,18.4,30.8,23.3,90,trad
2022-08-30,8.9,31.4,23.2,88,trad
2022-08-31,5.9,31.5,24.0,90,trad
2022-09-01,4.8,32.6,23.5,86,trad
2022-09-02,7.4,31.9,24.4,86,trad
2022-09-03,15.4,29.7,25.7,89,trad
2022-09-04,18.9,28.5,24.8,91,trad
2022-09-05,9.9,27.2,24.3,92,trad
2022-09-06,23.1,28.4,23.7,92,trad
2022-09-07,58.8,26.1,23.1,96,trad
2022-09-08,42.6,26.3,23.2,94,trad
2022-09-09,2.5,29.8,23.1,87,trad
2022-09-10,5.1,29.9,24.0,89,trad
2022-09-11,30.7,31.4,22.5,89,trad
2022-09-12,29.2,27.9,23.1,93,trad
2022-09-13,3.6,30.2,23.5,90,trad
2022-09-14,5.4,28.3,24.2,88,trad
2022-09-15,20.1,28.9,23.6,89,trad
2022-09-16,4.4,29.9,24.6,85,trad
2022-09-17,29.4,29.0,23.8,90,trad
2022-09-18,27.3,27.1,23.4,92,trad
2022-09-19,14.5,28.2,23.2,91,trad
2022-09-20,22.5,29.2,23.9,91,trad
2022-09-21,2.9,29.6,23.6,89,trad
2022-09-22,22.4,27.8,23.3,92,trad
2022-09-23,12.1,28.2,24.4,89,trad
2022-09-24,3.9,27.7,24.7,90,trad
2022-09-25,16.8,28.8,24.2,90,trad
2022-09-26,27.4,29.2,23.2,93,trad
2022-09-27,19.4,26.9,23.7,94,trad
2022-09-28,19.9,27.4,22.9,94,trad
2022-09-29,61.7,25.5,22.6,95,trad
2022-09-30,20.3,27.0,23.5,93,trad
2022-10-01,17.3,30.2,23.5,90,trad
2022-10-02,24.6,28.3,24.5,92,trad
2022-10-03,6.9,27.1,23.3,94,trad
2022-10-04,14.8,31.1,23.0,92,trad
2022-10-05,19.0,30.3,23.3,90,trad
2022-10-06,23.7,30.1,23.3,93,trad
2022-10-07,5.3,31.2,23.2,89,trad
2022-10-08,12.1,30.1,23.4,91,trad
2022-10-09,20.6,29.6,23.6,91,trad
2022-10-10,17.8,29.0,22.9,93,trad
2022-10-11,57.4,29.5,22.8,87,trad
2022-10-12,1.2,30.7,23.7,81,trad
2022-10-13,0.0,29.9,23.0,75,trad
2022-10-14,0.0,29.5,22.8,73,trad
2022-10-15,0.0,27.9,21.4,71,trad
2022-10-16,0.3,28.2,20.2,75,trad
2022-10-17,0.4,30.9,22.2,78,trad
2022-10-18,0.0,30.7,23.4,69,trad
2022-10-19,0.0,30.4,23.4,71,trad
2022-10-20,1.6,30.7,23.3,77,trad
2022-10-21,13.2,28.9,23.6,92,trad
2022-10-22,21.6,30.3,23.0,91,trad
2022-10-23,16.6,31.4,23.3,86,trad
2022-10-24,2.0,32.2,23.7,86,trad
2022-10-25,0.3,31.9,23.7,80,trad
2022-10-26,5.8,31.3,24.6,84,trad
2022-10-27,21.1,30.1,23.8,91,trad
2022-10-28,1.4,30.6,23.1,83,trad
2022-10-29,0.0,30.2,23.3,75,trad
2022-10-30,0.0,30.9,23.4,72,trad
2022-10-31,0.0,30.3,23.6,73,trad
2022-11-01,0.0,29.9,22.8,68,trad
2022-11-02,0.0,30.0,21.0,64,trad
2022-11-03,0.0,31.4,18.9,63,trad
2022-11-04,0.0,31.8,20.9,62,trad
2022-11-05,6.0,30.1,23.4,81,trad
2022-11-06,3.1,30.2,22.8,86,trad
2022-11-07,3.3,31.8,22.3,87,trad
2022-11-08,0.0,31.5,23.3,69,trad
2022-11-09,0.0,31.6,23.6,65,trad
2022-11-10,0.0,33.3,23.2,71,trad
2022-11-11,0.6,33.2,24.3,74,trad
2022-11-12,1.2,31.8,24.5,82,trad
2022-11-13,1.4,32.5,24.0,79,trad
2022-11-14,4.6,31.6,23.5,89,trad
2022-11-15,0.1,31.6,23.6,83,trad
2022-11-16,1.0,31.2,23.8,83,trad
2022-11-17,19.9,30.4,23.4,93,trad
2022-11-18,9.0,31.3,23.3,91,trad
2022-11-19,0.1,31.5,23.8,83,trad
2022-11-20,3.9,29.5,24.0,85,trad
2022-11-21,1.4,29.5,23.7,87,trad
2022-11-22,0.1,30.4,23.6,83,trad
2022-11-23,18.4,29.3,23.6,91,trad
2022-11-24,8.9,28.3,23.3,89,trad
2022-11-25,2.9,29.2,23.4,91,trad
2022-11-26,0.7,28.8,23.1,88,trad
2022-11-27,0.7,30.1,23.3,89,trad
2022-11-28,11.0,31.0,23.0,90,trad
2022-11-29,3.2,31.1,23.5,89,trad
2022-11-30,0.9,31.7,23.2,87,trad
2022-12-01,0.1,32.3,23.4,83,trad
2022-12-02,0.3,31.1,23.1,78,trad
2022-12-03,0.5,29.9,23.2,80,trad
2022-12-04,0.1,30.7,23.7,79,trad
2022-12-05,0.1,32.0,24.1,77,trad
2022-12-06,0.0,30.9,24.3,75,trad
2022-12-07,0.1,31.7,23.9,72,trad
2022-12-08,3.0,27.6,24.7,78,trad
2022-12-09,0.3,31.9,23.9,74,trad
2022-12-10,0.1,32.1,24.1,75,trad
2022-12-11,0.0,31.7,22.8,75,trad
2022-12-12,0.0,31.6,20.9,72,trad
2022-12-13,0.0,28.9,21.2,66,trad
2022-12-14,0.0,29.2,19.9,63,trad
2022-12-15,0.0,29.7,20.4,63,trad
2022-12-16,0.0,31.8,21.6,64,trad
2022-12-17,0.4,32.1,23.7,64,trad
2022-12-18,0.0,26.4,19.2,54,trad
2022-12-19,0.0,27.2,17.8,55,trad
2022-12-20,0.0,29.9,19.4,60,trad
2022-12-21,0.0,30.3,22.0,61,trad
2022-12-22,0.0,31.3,21.8,66,trad
2022-12-23,0.0,31.8,21.1,65,trad
2022-12-24,0.0,30.1,20.3,64,trad
2022-12-25,0.0,29.8,19.5,61,trad
2022-12-26,0.0,29.2,19.3,62,trad
2022-12-27,0.0,30.4,18.7,63,trad
2022-12-28,0.0,29.5,18.4,68,trad
2022-12-29,0.0,30.1,18.8,67,trad
2022-12-30,0.0,30.7,21.2,63,trad
2022-12-31,0.0,29.8,21.0,61,trad
2023-01-01,0.0,29.5,19.9,59,trad
2023-01-02,0.0,30.7,22.3,60,trad
2023-01-03,0.0,32.9,22.0,59,trad
2023-01-04,0.0,31.4,22.7,57,trad
2023-01-05,0.0,30.1,22.8,59,trad
2023-01-06,0.8,27.5,23.5,63,trad
2023-01-07,4.5,24.0,18.8,77,trad
2023-01-08,0.0,25.9,20.7,69,trad
2023-01-09,0.0,31.3,22.6,67,trad
2023-01-10,6.1,27.1,23.1,86,trad
2023-01-11,35.4,25.3,22.4,95,trad
2023-01-12,17.1,27.2,22.4,92,trad
2023-01-13,3.4,28.2,22.4,91,trad
2023-01-14,0.1,30.7,21.8,88,trad
2023-01-15,0.0,31.4,21.6,85,trad
2023-01-16,0.2,30.9,21.5,85,trad
2023-01-17,0.0,31.2,20.0,79,trad
2023-01-18,0.0,29.9,21.5,71,trad
2023-01-19,0.0,29.8,21.1,67,trad
2023-01-20,0.0,30.4,21.7,65,trad
2023-01-21,0.0,30.6,21.5,64,trad
2023-01-22,0.0,31.7,22.1,64,trad
2023-01-23,0.0,32.3,22.4,68,trad
2023-01-24,0.0,32.5,23.0,69,trad
2023-01-25,0.0,28.5,20.9,55,trad
2023-01-26,0.0,30.7,20.3,60,trad
2023-01-27,0.0,32.1,20.3,62,trad
2023-01-28,0.0,28.3,21.4,56,trad
2023-01-29,0.0,28.0,19.6,53,trad
2023-01-30,0.0,27.7,18.5,52,trad
2023-01-31,0.0,30.9,20.7,57,trad
2023-02-01,0.0,33.6,20.2,68,trad
2023-02-02,0.0,33.8,22.8,71,trad
2023-02-03,26.8,30.9,23.5,88,trad
2023-02-04,1.2,31.2,22.9,88,trad
2023-02-05,2.6,31.3,22.2,86,trad
2023-02-06,3.7,31.3,22.8,85,trad
2023-02-07,7.2,31.1,23.4,85,trad
2023-02-08,1.7,32.7,22.2,85,trad
2023-02-09,1.5,31.0,23.8,86,trad
2023-02-10,1.5,30.1,23.2,87,trad
2023-02-11,1.1,32.0,22.9,81,trad
2023-02-12,0.5,32.0,23.3,81,trad
2023-02-13,2.1,31.3,23.4,85,trad
2023-02-14,2.0,32.3,23.5,84,trad
2023-02-15,23.5,28.3,22.4,88,trad
2023-02-16,0.0,32.0,22.6,69,trad
2023-02-17,0.0,32.2,23.2,61,trad
2023-02-18,0.0,33.3,22.8,64,trad
2023-02-19,0.0,33.1,23.6,67,trad
2023-02-20,0.5,32.2,22.9,73,trad
2023-02-21,0.1,32.8,21.9,72,trad
2023-02-22,0.0,33.1,20.5,71,trad
2023-02-23,0.0,34.3,20.9,70,trad
2023-02-24,0.0,34.8,21.5,65,trad
2023-02-25,0.4,32.8,22.8,58,trad
2023-02-26,0.0,31.9,21.8,51,trad
2023-02-27,0.0,32.7,21.1,50,trad
2023-02-28,0.0,34.9,22.9,49,trad
2023-03-01,0.0,35.2,23.8,56,trad
2023-03-02,1.8,33.9,23.4,72,trad
2023-03-03,0.0,34.5,24.4,60,trad
2023-03-04,0.0,33.7,21.8,59,trad
2023-03-05,0.0,33.4,22.3,52,trad
2023-03-06,0.0,34.4,20.6,59,trad
2023-03-07,0.0,34.8,20.5,69,trad
2023-03-08,0.0,35.8,21.4,74,trad
2023-03-09,0.4,34.3,22.4,77,trad
2023-03-10,0.1,34.9,22.7,76,trad
2023-03-11,0.6,32.5,23.5,78,trad
2023-03-12,3.7,31.6,23.8,84,trad
2023-03-13,2.3,30.9,22.9,83,trad
2023-03-14,0.0,32.7,22.9,71,trad
2023-03-15,1.9,31.4,23.4,79,trad
2023-03-16,1.7,31.8,23.4,77,trad
2023-03-17,0.9,32.2,22.3,80,trad
2023-03-18,0.9,32.5,23.9,77,trad
2023-03-19,0.2,32.4,24.5,78,trad
2023-03-20,1.7,32.1,24.7,80,trad
2023-03-21,0.1,33.2,25.5,77,trad
2023-03-22,2.3,32.5,25.6,80,trad
2023-03-23,0.4,33.2,25.9,75,trad
2023-03-24,0.0,33.3,25.3,77,trad
2023-03-25,0.1,33.1,25.7,76,trad
2023-03-26,0.2,33.6,26.2,74,trad
2023-03-27,0.0,33.8,26.0,73,trad
2023-03-28,8.0,32.7,25.9,78,trad
2023-03-29,7.9,32.4,23.3,85,trad
2023-03-30,7.0,33.2,23.7,82,trad
2023-03-31,9.7,31.4,25.8,79,trad
2023-04-01,1.8,31.1,25.8,79,trad
2023-04-02,0.7,31.7,25.8,79,trad
2023-04-03,0.1,33.6,25.8,73,trad
2023-04-04,0.0,33.8,25.3,72,trad
2023-04-05,0.7,33.2,26.1,73,trad
2023-04-06,1.9,34.1,26.1,76,trad
2023-04-07,24.0,31.7,25.4,84,trad
2023-04-08,5.4,34.2,25.7,81,trad
2023-04-09,5.4,34.2,23.8,82,trad
2023-04-10,1.4,32.7,24.8,84,trad
2023-04-11,1.6,32.5,25.2,83,trad
2023-04-12,2.5,32.6,26.4,83,trad
2023-04-13,6.6,31.9,26.5,84,trad
2023-04-14,1.6,33.8,26.7,81,trad
2023-04-15,10.0,33.7,26.9,85,trad
2023-04-16,16.3,30.7,24.5,87,trad
2023-04-17,7.3,32.2,24.9,84,trad
2023-04-18,3.3,32.5,26.9,83,trad
2023-04-19,1.2,32.9,26.7,81,trad
2023-04-20,3.8,32.2,27.2,81,trad
2023-04-21,4.6,31.6,26.7,82,trad
2023-04-22,4.4,31.9,27.1,82,trad
2023-04-23,2.2,32.1,27.6,82,trad
2023-04-24,2.3,33.2,25.6,82,trad
2023-04-25,31.5,33.0,24.7,89,trad
2023-04-26,28.8,30.2,24.6,89,trad
2023-04-27,15.2,32.8,23.6,86,trad
2023-04-28,7.1,31.3,24.6,89,trad
2023-04-29,5.1,32.0,25.1,87,trad
2023-04-30,2.2,33.0,24.9,84,trad
2023-05-01,4.9,32.6,24.4,87,trad
2023-05-02,2.8,32.6,24.2,86,trad
2023-05-03,12.7,32.5,24.3,87,trad
2023-05-04,4.9,32.0,25.2,87,trad
2023-05-05,0.3,32.9,27.0,81,trad
2023-05-06,0.6,32.1,27.3,83,trad
2023-05-07,1.2,32.6,27.9,81,trad
2023-05-08,5.4,30.7,27.2,84,trad
2023-05-09,4.8,32.0,26.1,85,trad
2023-05-10,6.2,31.3,24.8,89,trad
2023-05-11,11.9,32.1,24.9,86,trad
2023-05-12,0.3,32.9,25.0,79,trad
2023-05-13,0.7,33.3,25.2,76,trad
2023-05-14,2.5,30.4,24.9,81,trad
2023-05-15,7.3,30.8,25.6,84,trad
2023-05-16,1.3,32.3,25.3,81,trad
2023-05-17,6.1,32.5,25.3,81,trad
2023-05-18,3.1,32.5,25.9,81,trad
2023-05-19,3.9,33.8,26.0,80,trad
2023-05-20,4.4,32.9,25.2,81,trad
2023-05-21,6.1,32.2,27.2,82,trad
2023-05-22,4.1,29.8,27.2,82,trad
2023-05-23,7.4,29.7,26.4,84,trad
2023-05-24,7.5,30.5,26.6,86,trad
2023-05-25,5.1,30.6,24.8,84,trad
2023-05-26,7.0,32.0,24.5,82,trad
2023-05-27,3.3,31.9,25.3,84,trad
2023-05-28,18.7,29.7,24.6,89,trad
2023-05-29,6.9,29.0,24.5,90,trad
2023-05-30,11.7,30.7,24.6,86,trad
2023-05-31,19.8,30.6,24.9,88,trad
2023-06-01,30.8,30.8,24.1,87,trad
2023-06-02,7.2,31.6,25.4,84,trad
2023-06-03,7.5,30.9,25.6,86,trad
2023-06-04,2.5,31.6,26.3,82,trad
2023-06-05,8.6,30.3,25.0,87,trad
2023-06-06,35.3,28.3,25.2,91,trad
2023-06-07,39.6,27.2,24.0,94,trad
2023-06-08,23.4,27.9,23.0,93,trad
2023-06-09,24.4,28.4,23.7,91,trad
2023-06-10,19.5,27.7,24.7,94,trad
2023-06-11,41.6,25.9,23.7,95,trad
2023-06-12,25.7,29.5,24.3,91,trad
2023-06-13,16.8,30.2,24.6,86,trad
2023-06-14,13.6,30.8,24.8,84,trad
2023-06-15,5.3,30.7,25.7,84,trad
2023-06-16,3.1,31.4,25.9,84,trad
2023-06-17,8.9,29.9,24.5,87,trad
2023-06-18,17.0,26.6,23.6,93,trad
2023-06-19,1.8,30.8,24.2,85,trad
2023-06-20,8.5,29.4,25.0,88,trad
2023-06-21,4.6,28.5,25.8,89,trad
2023-06-22,2.8,31.9,24.3,83,trad
2023-06-23,0.7,32.9,25.0,82,trad
2023-06-24,12.4,32.1,23.8,84,trad
2023-06-25,7.3,30.2,24.9,88,trad
2023-06-26,2.4,31.4,25.5,85,trad
2023-06-27,2.1,31.7,25.2,85,trad
2023-06-28,14.1,30.3,24.6,88,trad
2023-06-29,8.2,30.3,25.4,87,trad
2023-06-30,8.5,29.0,24.9,88,trad
2023-07-01,17.5,28.8,25.0,90,trad
2023-07-02,18.0,29.1,24.4,91,trad
2023-07-03,4.2,30.3,24.5,87,trad
2023-07-04,6.5,30.2,24.7,85,trad
2023-07-05,0.0,32.7,24.0,81,trad
2023-07-06,0.2,32.6,24.0,79,trad
2023-07-07,6.9,30.4,24.4,89,trad
2023-07-08,13.5,29.0,24.7,88,trad
2023-07-09,24.7,28.3,23.9,88,trad
2023-07-10,6.4,29.8,24.8,86,trad
2023-07-11,13.4,29.6,24.6,90,trad
2023-07-12,4.3,32.0,24.0,86,trad
2023-07-13,2.3,30.7,24.6,86,trad
2023-07-14,26.1,29.9,23.4,89,trad
2023-07-15,14.0,30.9,24.4,86,trad
2023-07-16,47.7,30.7,23.7,89,trad
2023-07-17,66.8,27.3,23.7,94,trad
2023-07-18,47.1,28.9,24.7,92,trad
2023-07-19,40.5,28.2,23.9,96,trad
2023-07-20,27.0,26.7,23.8,95,trad
2023-07-21,41.5,28.7,23.3,92,trad
2023-07-22,7.5,29.2,24.2,91,trad
2023-07-23,58.4,29.5,23.2,93,trad
2023-07-24,22.6,27.2,23.4,92,trad
2023-07-25,42.6,28.1,23.0,93,trad
2023-07-26,22.0,30.4,23.5,88,trad
2023-07-27,51.7,29.6,23.5,92,trad
2023-07-28,44.8,29.4,23.4,91,trad
2023-07-29,53.4,27.9,23.4,95,trad
2023-07-30,27.2,27.7,23.1,95,trad
2023-07-31,21.0,28.1,23.9,92,trad
2023-08-01,10.3,29.7,24.1,90,trad
2023-08-02,12.9,28.4,24.4,92,trad
2023-08-03,18.1,28.0,23.4,94,trad
2023-08-04,11.2,28.7,23.5,92,trad
2023-08-05,8.7,31.2,23.3,87,trad
2023-08-06,14.9,27.5,24.2,93,trad
2023-08-07,8.6,29.0,23.5,92,trad
2023-08-08,16.4,29.0,23.9,92,trad
2023-08-09,12.2,30.4,23.1,88,trad
2023-08-10,6.8,30.8,23.5,87,trad
2023-08-11,11.3,31.1,23.5,87,trad
2023-08-12,22.0,30.1,24.0,90,trad
2023-08-13,7.4,29.5,24.3,89,trad
2023-08-14,14.7,30.4,24.4,88,trad
2023-08-15,18.6,28.9,23.6,91,trad
2023-08-16,5.1,30.0,24.1,87,trad
2023-08-17,23.4,30.3,23.8,89,trad
2023-08-18,13.5,30.2,23.7,89,trad
2023-08-19,17.9,31.5,23.6,88,trad
2023-08-20,12.4,29.9,24.2,91,trad
2023-08-21,48.1,26.9,23.8,94,trad
2023-08-22,11.1,30.5,23.4,86,trad
2023-08-23,7.7,31.4,24.1,85,trad
2023-08-24,15.3,30.1,24.5,88,trad
2023-08-25,4.8,31.0,24.5,86,trad
2023-08-26,27.2,30.8,24.0,91,trad
2023-08-27,3.8,30.9,24.3,89,trad
2023-08-28,9.8,30.9,23.6,87,trad
2023-08-29,13.5,29.3,23.1,91,trad
2023-08-30,12.8,28.6,24.0,90,trad
2023-08-31,26.4,28.2,23.8,93,trad
2023-09-01,36.2,27.9,23.9,95,trad
2023-09-02,24.8,27.3,23.9,95,trad
2023-09-03,10.4,30.0,24.2,91,trad
2023-09-04,23.8,30.1,24.5,93,trad
2023-09-05,36.5,28.5,24.0,93,trad
2023-09-06,9.0,31.1,23.9,89,trad
2023-09-07,25.3,29.8,23.7,89,trad
2023-09-08,28.8,30.1,24.2,92,trad
2023-09-09,19.5,30.6,24.0,90,trad
2023-09-10,49.0,27.3,23.3,95,trad
2023-09-11,39.3,27.5,22.9,94,trad
2023-09-12,35.9,26.7,23.6,94,trad
2023-09-13,3.9,29.4,24.7,87,trad
2023-09-14,44.6,28.3,23.9,93,trad
2023-09-15,52.7,26.4,23.4,95,trad
2023-09-16,19.4,28.1,24.0,93,trad
2023-09-17,24.4,27.5,24.3,92,trad
2023-09-18,8.1,28.4,24.0,92,trad
2023-09-19,4.3,32.5,23.4,88,trad
2023-09-20,5.4,31.4,24.2,90,trad
2023-09-21,23.7,30.3,24.0,93,trad
2023-09-22,6.8,31.8,23.2,90,trad
2023-09-23,13.1,30.6,23.7,91,trad
2023-09-24,14.2,29.9,24.1,90,trad
2023-09-25,19.8,31.2,23.6,91,trad
2023-09-26,18.3,28.4,23.2,93,trad
2023-09-27,49.8,26.6,23.3,96,trad
2023-09-28,56.1,26.3,24.0,93,trad
2023-09-29,26.4,29.2,22.9,90,trad
2023-09-30,0.3,30.6,24.0,85,trad
2023-10-01,12.0,30.4,24.4,90,trad
2023-10-02,9.3,28.6,24.3,92,trad
2023-10-03,20.4,29.0,24.0,95,trad
2023-10-04,15.3,30.4,23.7,90,trad
2023-10-05,7.1,30.0,24.9,90,trad
2023-10-06,11.5,28.4,24.6,91,trad
2023-10-07,8.5,30.4,23.6,89,trad
2023-10-08,16.7,30.9,24.2,91,trad
2023-10-09,12.0,28.2,24.5,94,trad
2023-10-10,11.7,31.1,24.1,90,trad
2023-10-11,16.8,30.3,23.6,91,trad
2023-10-12,5.2,29.9,24.5,89,trad
2023-10-13,8.4,30.6,24.3,89,trad
2023-10-14,28.8,31.9,24.4,89,trad
2023-10-15,3.8,31.1,24.0,88,trad
2023-10-16,3.3,31.9,23.8,88,trad
2023-10-17,15.9,30.2,24.0,93,trad
2023-10-18,12.1,31.3,24.3,92,trad
2023-10-19,12.1,30.1,23.8,93,trad
2023-10-20,18.9,31.5,24.0,92,trad
2023-10-21,7.2,29.5,23.7,92,trad
2023-10-22,4.4,30.4,23.3,90,trad
2023-10-23,4.8,30.3,24.1,89,trad
2023-10-24,5.0,31.5,23.9,91,trad
2023-10-25,12.4,28.7,23.4,92,trad
2023-10-26,1.3,30.6,23.4,87,trad
2023-10-27,1.4,30.2,25.1,87,trad
2023-10-28,4.4,31.5,24.3,88,trad
2023-10-29,14.2,30.2,24.3,91,trad
2023-10-30,13.7,31.6,23.4,89,trad
2023-10-31,0.3,31.0,24.7,81,trad
2023-11-01,0.4,32.1,24.5,81,trad
2023-11-02,7.8,30.5,25.0,84,trad
2023-11-03,3.7,31.2,23.6,89,trad
2023-11-04,6.8,31.2,23.5,92,trad
2023-11-05,6.1,29.7,23.5,92,trad
2023-11-06,13.8,32.4,23.7,89,trad
2023-11-07,12.5,31.3,24.1,93,trad
2023-11-08,14.0,30.8,23.5,92,trad
2023-11-09,4.2,28.1,24.0,95,trad
2023-11-10,8.2,31.0,23.7,92,trad
2023-11-11,7.2,31.8,24.3,91,trad
2023-11-12,4.3,31.3,24.0,88,trad
2023-11-13,0.3,33.1,24.4,78,trad
2023-11-14,0.1,31.9,25.2,80,trad
2023-11-15,0.5,30.8,24.9,79,trad
2023-11-16,0.5,31.9,24.5,81,trad
2023-11-17,0.1,28.3,23.5,73,trad
2023-11-18,0.0,27.9,20.9,65,trad
2023-11-19,0.0,28.9,21.0,67,trad
2023-11-20,0.0,29.6,21.3,68,trad
2023-11-21,0.0,30.8,23.1,70,trad
2023-11-22,0.0,32.0,23.1,71,trad
2023-11-23,0.1,32.4,23.6,69,trad
2023-11-24,0.0,32.2,24.4,70,trad
2023-11-25,0.0,32.6,24.4,67,trad
2023-11-26,7.3,28.3,23.3,79,trad
2023-11-27,0.0,31.8,24.0,74,trad
2023-11-28,0.0,31.1,23.5,64,trad
2023-11-29,0.0,32.9,23.4,63,trad
2023-11-30,0.2,34.0,25.4,64,trad
2023-12-01,6.6,33.0,23.7,77,trad
2023-12-02,0.3,32.8,24.3,75,trad
2023-12-03,0.5,32.0,25.2,76,trad
2023-12-04,9.7,32.9,24.3,79,trad
2023-12-05,5.1,32.3,23.7,87,trad
2023-12-06,0.6,32.5,23.7,83,trad
2023-12-07,0.2,32.9,24.1,79,trad
2023-12-08,0.1,33.4,24.4,73,trad
2023-12-09,0.0,33.7,22.8,78,trad
2023-12-10,0.4,32.6,22.3,81,trad
2023-12-11,0.1,33.6,23.7,79,trad
2023-12-12,0.2,34.7,23.1,82,trad
2023-12-13,0.0,33.3,23.6,73,trad
2023-12-14,0.1,34.4,24.3,66,trad
2023-12-15,0.1,34.1,23.6,71,trad
2023-12-16,0.7,32.6,23.5,74,trad
2023-12-17,0.0,33.9,23.7,74,trad
2023-12-18,0.1,33.2,24.1,68,trad
2023-12-19,0.3,33.5,25.0,65,trad
2023-12-20,0.0,33.6,24.8,64,trad
2023-12-21,0.0,30.5,22.9,58,trad
2023-12-22,0.0,28.0,19.7,55,trad
2023-12-23,0.0,27.7,18.4,55,trad
2023-12-24,1.8,25.5,19.8,59,trad
2023-12-25,0.0,28.8,18.8,56,trad
2023-12-26,0.0,31.1,21.4,55,trad
2023-12-27,0.0,31.9,22.3,59,trad
2023-12-28,0.0,33.9,22.6,62,trad
2023-12-29,0.6,33.6,24.8,61,trad
2023-12-30,0.7,34.3,25.8,67,trad
2023-12-31,0.7,34.3,23.4,77,trad
2024-01-01,0.9,33.6,23.6,81,trad
2024-01-02,0.5,34.5,22.8,74,trad
2024-01-03,0.3,35.0,23.2,67,trad
2024-01-04,0.0,34.6,22.8,60,trad
2024-01-05,0.0,33.8,23.1,61,trad
2024-01-06,0.0,33.8,22.7,58,trad
2024-01-07,0.0,34.3,24.2,56,trad
2024-01-08,0.0,34.3,21.7,70,trad
2024-01-09,0.0,34.5,21.9,74,trad
2024-01-10,0.0,34.0,22.5,77,trad
2024-01-11,2.9,32.3,24.2,84,trad
2024-01-12,0.4,33.1,23.0,80,trad
2024-01-13,2.5,32.6,22.7,81,trad
2024-01-14,0.0,34.0,22.2,67,trad
2024-01-15,0.0,33.5,21.6,58,trad
2024-01-16,0.0,33.9,22.5,56,trad
2024-01-17,0.0,34.5,22.6,55,trad
2024-01-18,0.0,34.6,21.8,58,trad
2024-01-19,0.0,36.0,21.3,66,trad
2024-01-20,0.7,34.9,22.2,76,trad
2024-01-21,7.6,33.4,24.1,82,trad
2024-01-22,17.5,32.5,23.1,86,trad
2024-01-23,1.8,30.0,23.0,85,trad
2024-01-24,0.5,32.8,23.2,64,trad
2024-01-25,0.0,32.6,24.4,53,trad
2024-01-26,0.0,33.4,23.5,53,trad
2024-01-27,0.0,34.1,23.3,56,trad
2024-01-28,0.0,35.5,22.1,64,trad
2024-01-29,0.0,34.3,23.3,67,trad
2024-01-30,1.8,33.7,22.7,74,trad
2024-01-31,11.8,31.9,22.0,83,trad
2024-02-01,0.3,31.3,23.3,84,trad
2024-02-02,1.6,32.1,23.5,83,trad
2024-02-03,1.5,32.4,23.7,85,trad
2024-02-04,0.6,32.8,24.4,81,trad
2024-02-05,5.6,31.9,24.1,85,trad
2024-02-06,7.5,32.7,24.0,86,trad
2024-02-07,4.0,31.0,24.1,88,trad
2024-02-08,2.6,31.2,24.4,86,trad
2024-02-09,1.3,32.1,24.9,81,trad
2024-02-10,1.7,33.4,23.6,82,trad
2024-02-11,0.0,33.7,23.1,55,trad
2024-02-12,0.0,33.0,22.5,52,trad
2024-02-13,0.0,34.6,23.0,53,trad
2024-02-14,0.0,36.1,22.5,65,trad
2024-02-15,0.8,35.2,23.2,77,trad
2024-02-16,4.6,34.5,24.1,83,trad
2024-02-17,3.5,30.3,23.0,84,trad
2024-02-18,0.5,33.2,24.0,77,trad
2024-02-19,0.9,32.6,23.7,80,trad
2024-02-20,1.0,32.9,24.4,79,trad
2024-02-21,1.4,32.9,25.5,78,trad
2024-02-22,3.6,32.2,25.5,79,trad
2024-02-23,2.2,32.9,25.1,80,trad
2024-02-24,2.4,33.2,24.2,80,trad
2024-02-25,3.1,32.6,23.6,83,trad
2024-02-26,0.0,35.1,23.2,78,trad
2024-02-27,0.9,33.7,23.6,78,trad
2024-02-28,6.9,33.6,24.6,78,trad
2024-02-29,3.4,33.4,24.4,81,trad
2024-03-01,1.4,32.0,23.7,85,trad
2024-03-02,2.5,32.7,24.0,86,trad
2024-03-03,2.3,34.3,23.5,82,trad
2024-03-04,3.6,31.7,24.7,81,trad
2024-03-05,0.3,33.6,25.3,79,trad
2024-03-06,0.0,35.1,25.8,76,trad
2024-03-07,3.2,33.9,26.3,78,trad
2024-03-08,3.6,33.5,26.8,79,trad
2024-03-09,0.9,33.4,24.7,78,trad
2024-03-10,1.4,32.1,25.3,80,trad
2024-03-11,17.1,33.2,24.3,86,trad
2024-03-12,12.1,30.7,24.3,88,trad
2024-03-13,10.1,30.9,23.0,85,trad
2024-03-14,3.1,31.5,25.1,80,trad
2024-03-15,1.0,32.6,25.9,77,trad
2024-03-16,5.5,31.9,25.5,77,trad
2024-03-17,3.1,33.8,23.3,76,trad
2024-03-18,13.8,34.5,23.6,82,trad
2024-03-19,9.6,31.1,24.8,84,trad
2024-03-20,1.6,32.4,23.1,80,trad
2024-03-21,3.9,32.7,24.2,82,trad
2024-03-22,8.0,30.2,23.8,89,trad
2024-03-23,1.9,29.8,24.4,85,trad
2024-03-24,0.7,32.8,25.0,80,trad
2024-03-25,3.6,33.1,25.8,82,trad
2024-03-26,3.0,32.1,25.7,80,trad
2024-03-27,2.4,34.0,25.2,80,trad
2024-03-28,5.3,33.9,25.0,83,trad
2024-03-29,1.9,33.1,25.5,79,trad
2024-03-30,10.9,33.3,24.1,80,trad
2024-03-31,0.4,34.3,25.3,77,trad
2024-04-01,0.2,34.7,26.4,73,trad
2024-04-02,0.2,35.4,26.6,70,trad
2024-04-03,0.4,35.5,27.2,70,trad
2024-04-04,0.5,34.9,27.1,72,trad
2024-04-05,1.1,34.0,27.7,74,trad
2024-04-06,1.0,34.4,28.0,73,trad
2024-04-07,0.8,35.0,26.7,73,trad
2024-04-08,0.6,36.1,27.4,70,trad
2024-04-09,2.1,33.8,27.0,78,trad
2024-04-10,2.9,32.3,25.2,84,trad
2024-04-11,5.2,32.9,25.7,83,trad
2024-04-12,3.5,34.6,25.9,77,trad
2024-04-13,5.0,32.1,26.2,79,trad
2024-04-14,4.0,33.1,26.9,78,trad
2024-04-15,1.1,34.1,26.6,74,trad
2024-04-16,1.2,34.7,26.9,75,trad
2024-04-17,3.2,33.6,26.9,76,trad
2024-04-18,5.0,33.8,26.8,76,trad
2024-04-19,0.0,34.1,27.8,72,trad
2024-04-20,4.8,33.4,27.7,73,trad
2024-04-21,2.4,34.1,28.3,73,trad
2024-04-22,4.8,33.4,28.2,75,trad
2024-04-23,4.0,34.2,28.3,71,trad
2024-04-24,0.0,34.9,28.3,72,trad
2024-04-25,1.3,36.0,28.7,67,trad
2024-04-26,2.3,35.7,27.6,70,trad
2024-04-27,0.0,36.7,26.2,71,trad
2024-04-28,1.4,35.5,28.2,73,trad
2024-04-29,0.0,36.5,28.6,68,trad
2024-04-30,0.4,36.0,29.0,70,trad
2024-05-01,0.0,36.5,28.6,68,trad
2024-05-02,0.0,36.0,28.9,67,trad
2024-05-03,4.6,36.2,28.4,70,trad
2024-05-04,10.3,34.7,28.4,72,trad
2024-05-05,9.6,35.1,28.6,74,trad
2024-05-06,10.8,34.3,27.6,78,trad
2024-05-07,5.7,33.6,25.6,79,trad
2024-05-08,6.9,35.7,25.2,81,trad
2024-05-09,10.9,31.8,26.2,86,trad
2024-05-10,18.5,33.8,25.6,88,trad
2024-05-11,19.9,33.0,25.0,87,trad
2024-05-12,4.7,33.2,25.4,87,trad
2024-05-13,18.2,32.2,25.4,88,trad
2024-05-14,0.0,34.9,25.3,77,trad
2024-05-15,8.4,33.0,25.9,83,trad
2024-05-16,13.2,33.2,26.1,84,trad
2024-05-17,13.2,32.4,24.9,87,trad
2024-05-18,1.6,32.3,25.5,88,trad
2024-05-19,2.7,31.4,26.9,85,trad
2024-05-20,6.3,30.9,26.0,85,trad
2024-05-21,26.6,28.9,24.9,91,trad
2024-05-22,26.4,28.7,24.5,92,trad
2024-05-23,17.5,30.2,25.6,91,trad
2024-05-24,5.0,32.7,25.9,87,trad
2024-05-25,1.9,33.0,25.6,84,trad
2024-05-26,2.3,32.6,25.8,84,trad
2024-05-27,0.8,34.0,27.2,81,trad
2024-05-28,0.5,34.4,27.6,75,trad
2024-05-29,3.3,31.0,27.4,82,trad
2024-05-30,15.4,31.6,26.1,85,trad
2024-05-31,47.9,28.9,25.4,94,trad
2024-06-01,40.4,30.4,24.6,89,trad
2024-06-02,1.2,31.6,25.1,85,trad
2024-06-03,1.6,32.1,26.8,80,trad
2024-06-04,0.7,33.5,26.7,78,trad
2024-06-05,23.6,31.3,24.6,87,trad
2024-06-06,3.0,32.8,25.2,83,trad
2024-06-07,4.6,31.3,25.2,85,trad
2024-06-08,11.2,31.4,25.4,85,trad
2024-06-09,57.9,30.3,23.8,90,trad
2024-06-10,66.9,27.2,23.2,94,trad
2024-06-11,27.5,30.0,23.8,88,trad
2024-06-12,8.9,31.2,25.0,85,trad
2024-06-13,10.7,32.4,24.5,83,trad
2024-06-14,3.1,32.2,25.4,84,trad
2024-06-15,1.7,32.5,26.2,84,trad
2024-06-16,9.5,31.1,25.0,88,trad
2024-06-17,2.6,30.4,25.4,86,trad
2024-06-18,7.4,29.6,24.1,88,trad
2024-06-19,16.6,30.6,24.6,89,trad
2024-06-20,5.4,31.1,25.2,87,trad
2024-06-21,19.2,29.8,24.5,92,trad
2024-06-22,48.8,26.7,23.8,96,trad
2024-06-23,43.0,26.2,24.0,94,trad
2024-06-24,31.9,29.3,23.5,92,trad
2024-06-25,65.8,25.5,22.5,97,trad
2024-06-26,13.1,29.1,24.5,92,trad
2024-06-27,0.3,32.1,23.4,85,trad
2024-06-28,25.7,29.6,24.1,90,trad
2024-06-29,22.1,30.1,25.5,90,trad
2024-06-30,7.8,29.2,24.8,88,trad
2024-07-01,7.9,29.5,24.8,87,trad
2024-07-02,2.3,31.0,24.6,88,trad
2024-07-03,4.1,30.1,25.4,87,trad
2024-07-04,24.9,29.3,23.7,90,trad
2024-07-05,7.7,28.8,24.4,90,trad
2024-07-06,5.5,31.9,24.8,84,trad
2024-07-07,2.8,30.0,25.0,88,trad
2024-07-08,3.6,29.9,25.5,86,trad
2024-07-09,10.3,30.2,25.5,89,trad
2024-07-10,10.9,28.5,24.9,89,trad
2024-07-11,15.0,29.5,24.6,90,trad
2024-07-12,20.9,28.8,23.9,92,trad
2024-07-13,65.3,29.9,23.2,89,trad
2024-07-14,36.0,29.7,23.5,90,trad
2024-07-15,10.4,28.9,24.2,93,trad
2024-07-16,58.1,26.2,23.6,97,trad
2024-07-17,44.3,28.9,23.4,91,trad
2024-07-18,34.1,28.8,24.1,93,trad
2024-07-19,31.5,29.4,24.1,94,trad
2024-07-20,37.7,27.7,23.6,95,trad
2024-07-21,18.7,27.9,23.6,95,trad
2024-07-22,11.8,30.3,24.1,89,trad
2024-07-23,38.3,30.9,24.3,91,trad
2024-07-24,37.1,29.2,22.9,94,trad
2024-07-25,49.4,25.3,22.8,96,trad
2024-07-26,64.2,26.4,23.5,97,trad
2024-07-27,35.2,27.1,24.2,94,trad
2024-07-28,42.4,27.5,23.8,94,trad
2024-07-29,45.6,28.7,24.2,92,trad
2024-07-30,19.6,29.5,24.0,90,trad
2024-07-31,15.9,28.7,23.7,91,trad
2024-08-01,6.3,29.1,24.7,88,trad
2024-08-02,4.8,30.0,24.8,86,trad
2024-08-03,12.0,30.7,23.8,86,trad
2024-08-04,4.7,29.8,24.7,88,trad
2024-08-05,6.0,30.6,24.5,88,trad
2024-08-06,6.4,30.0,24.5,87,trad
2024-08-07,5.0,30.1,24.5,88,trad
2024-08-08,4.7,30.3,24.9,87,trad
2024-08-09,2.1,30.5,25.2,87,trad
2024-08-10,3.9,31.7,25.9,84,trad
2024-08-11,15.0,30.8,24.4,87,trad
2024-08-12,47.6,31.0,24.0,87,trad
2024-08-13,19.0,30.3,24.2,90,trad
2024-08-14,19.3,30.9,24.8,89,trad
2024-08-15,1.5,30.9,25.6,87,trad
2024-08-16,14.6,30.6,25.3,88,trad
2024-08-17,3.6,29.7,24.9,87,trad
2024-08-18,1.9,30.1,25.8,86,trad
2024-08-19,4.5,31.1,25.1,87,trad
2024-08-20,5.1,30.9,25.5,86,trad
2024-08-21,1.5,31.6,25.1,86,trad
2024-08-22,1.4,31.3,25.5,85,trad
2024-08-23,4.2,29.8,25.5,87,trad
2024-08-24,2.5,29.7,24.7,86,trad
2024-08-25,17.5,30.5,23.1,91,trad
2024-08-26,7.1,29.7,23.6,90,trad
2024-08-27,5.2,30.8,24.2,85,trad
2024-08-28,18.1,29.8,24.0,90,trad
2024-08-29,11.3,29.4,24.6,90,trad
2024-08-30,10.3,28.9,24.4,90,trad
2024-08-31,25.8,30.1,25.0,88,trad
2024-09-01,6.2,31.1,24.1,86,trad
2024-09-02,18.9,29.7,24.1,91,trad
2024-09-03,27.9,26.5,24.3,95,trad
2024-09-04,29.9,28.1,24.0,92,trad
2024-09-05,11.4,30.5,24.5,87,trad
2024-09-06,19.2,29.2,25.4,89,trad
2024-09-07,19.0,30.9,24.7,89,trad
2024-09-08,24.6,29.4,24.2,92,trad
2024-09-09,16.8,30.9,23.9,87,trad
2024-09-10,5.4,30.6,25.2,88,trad
2024-09-11,5.9,29.4,24.0,90,trad
2024-09-12,8.8,29.8,24.4,91,trad
2024-09-13,7.3,30.4,24.5,90,trad
2024-09-14,8.4,29.2,24.6,89,trad
2024-09-15,34.0,30.2,23.3,93,trad
2024-09-16,26.1,31.1,23.9,90,trad
2024-09-17,11.1,28.9,23.8,94,trad
2024-09-18,38.5,27.8,23.1,97,trad
2024-09-19,5.0,30.7,23.5,89,trad
2024-09-20,20.0,27.3,24.4,95,trad
2024-09-21,46.4,28.8,24.2,94,trad
2024-09-22,23.1,28.1,24.4,94,trad
2024-09-23,4.7,29.2,23.9,89,trad
2024-09-24,5.2,27.5,23.7,94,trad
2024-09-25,8.2,31.4,23.7,89,trad
2024-09-26,6.3,31.2,23.4,90,trad
2024-09-27,16.2,31.8,23.7,91,trad
2024-09-28,5.5,30.8,24.0,90,trad
2024-09-29,0.4,31.5,24.4,84,trad
2024-09-30,16.8,30.1,24.4,89,trad
2024-10-01,4.9,30.2,24.7,89,trad
2024-10-02,5.0,30.6,25.5,87,trad
2024-10-03,12.3,31.2,23.2,93,trad
2024-10-04,17.2,31.3,23.5,90,trad
2024-10-05,15.6,30.9,24.0,90,trad
2024-10-06,12.4,31.1,23.1,90,trad
2024-10-07,7.7,31.0,24.0,89,trad
2024-10-08,8.0,30.2,24.6,90,trad
2024-10-09,21.3,31.4,24.1,91,trad
2024-10-10,14.5,30.6,23.8,92,trad
2024-10-11,12.3,31.2,23.9,91,trad
2024-10-12,3.3,30.3,24.6,92,trad
2024-10-13,15.2,31.3,24.3,90,trad
2024-10-14,5.7,31.6,23.8,90,trad
2024-10-15,3.8,30.7,24.0,92,trad
2024-10-16,23.8,29.3,23.4,94,trad
2024-10-17,1.5,30.4,24.1,91,trad
2024-10-18,25.2,28.8,23.6,92,trad
2024-10-19,25.3,28.6,23.3,93,trad
2024-10-20,16.1,28.7,23.5,91,trad
2024-10-21,6.4,28.6,23.2,91,trad
2024-10-22,32.4,31.6,23.3,90,trad
2024-10-23,9.8,31.0,23.0,88,trad
2024-10-24,0.0,32.3,23.8,80,trad
2024-10-25,0.0,32.2,23.4,82,trad
2024-10-26,5.1,31.5,23.6,87,trad
2024-10-27,18.1,29.5,23.1,92,trad
2024-10-28,28.5,27.1,23.3,95,trad
2024-10-29,1.6,31.5,22.7,84,trad
2024-10-30,8.8,31.5,23.2,89,trad
2024-10-31,1.9,31.7,23.5,89,trad
2024-11-01,4.8,31.9,23.1,91,trad
2024-11-02,0.2,31.1,24.1,80,trad
2024-11-03,0.6,31.7,24.4,75,trad
2024-11-04,8.0,30.3,24.0,86,trad
2024-11-05,0.7,30.1,23.5,84,trad
2024-11-06,0.5,29.8,24.2,81,trad
2024-11-07,0.3,32.2,23.6,77,trad
2024-11-08,0.4,31.3,24.8,77,trad
2024-11-09,0.7,31.8,24.1,76,trad
2024-11-10,0.0,32.1,24.0,71,trad
2024-11-11,0.0,32.1,23.9,73,trad
2024-11-12,0.0,32.7,23.4,72,trad
2024-11-13,0.0,32.5,23.1,79,trad
2024-11-14,3.3,31.0,23.8,90,trad
2024-11-15,1.6,31.0,24.3,90,trad
2024-11-16,1.3,32.7,23.6,88,trad
2024-11-17,7.6,31.8,23.3,90,trad
2024-11-18,0.0,32.4,23.1,78,trad
2024-11-19,0.0,32.3,22.7,75,trad
2024-11-20,0.0,31.6,24.1,76,trad
2024-11-21,0.0,32.6,24.8,71,trad
2024-11-22,0.0,32.6,24.6,69,trad
2024-11-23,0.0,32.1,24.8,72,trad
2024-11-24,0.1,33.2,24.8,71,trad
2024-11-25,0.0,33.5,25.7,69,trad
2024-11-26,0.0,33.3,25.1,69,trad
2024-11-27,0.0,33.3,24.0,69,trad
2024-11-28,0.0,31.4,25.0,66,trad
2024-11-29,0.0,29.3,22.6,62,trad
2024-11-30,0.0,29.6,21.7,63,trad
2024-12-01,0.0,30.6,23.3,64,trad
2024-12-02,0.0,31.8,22.9,67,trad
2024-12-03,0.0,33.2,23.5,68,trad
2024-12-04,0.0,32.9,23.3,72,trad
2024-12-05,0.0,32.5,24.6,69,trad
2024-12-06,0.2,33.4,24.7,70,trad
2024-12-07,0.1,33.3,24.3,75,trad
2024-12-08,1.8,30.9,24.9,75,trad
2024-12-09,0.0,32.4,23.7,66,trad
2024-12-10,0.0,31.3,24.1,65,trad
2024-12-11,0.1,30.5,24.1,68,trad
2024-12-12,11.3,31.0,24.3,79,trad
2024-12-13,22.1,28.6,24.3,90,trad
2024-12-14,8.3,25.5,22.9,88,trad
2024-12-15,0.0,30.0,21.8,68,trad
2024-12-16,0.0,27.3,20.7,65,trad
2024-12-17,0.0,29.2,20.8,66,trad
2024-12-18,0.0,30.1,22.8,69,trad
2024-12-19,0.0,28.9,21.3,67,trad
2024-12-20,0.0,29.3,20.6,65,trad
2024-12-21,0.0,29.0,21.1,69,trad
2024-12-22,0.0,27.3,20.3,68,trad
2024-12-23,0.0,27.3,19.1,67,trad
2024-12-24,0.0,28.4,21.1,66,trad
2024-12-25,0.0,29.0,21.1,66,trad
2024-12-26,0.6,30.5,23.2,68,trad
2024-12-27,0.2,31.6,24.4,70,trad
2024-12-28,0.0,30.7,24.3,70,trad
2024-12-29,0.0,29.5,21.5,63,trad
2024-12-30,0.0,30.7,22.0,65,trad
2024-12-31,0.0,30.0,22.1,64,trad
2025-01-01,0.0,29.1,21.9,66,trad
2025-01-02,0.0,30.6,21.5,67,trad
2025-01-03,0.0,29.9,23.5,66,trad
2025-01-04,0.0,30.4,22.2,64,trad
2025-01-05,0.0,28.3,22.3,63,trad
2025-01-06,0.0,28.7,20.5,61,trad
2025-01-07,0.0,30.0,19.2,67,trad
2025-01-08,0.0,31.2,19.0,71,trad
2025-01-09,0.0,31.8,19.9,67,trad
2025-01-10,0.0,31.1,22.1,61,trad
2025-01-11,0.0,28.1,21.5,56,trad
2025-01-12,0.0,25.9,18.6,55,trad
2025-01-13,0.0,27.6,17.4,54,trad
2025-01-14,0.0,30.2,19.8,57,trad
2025-01-15,0.0,29.2,22.6,59,trad
2025-01-16,0.0,31.3,22.8,57,trad
2025-01-17,0.0,29.8,20.9,58,trad
2025-01-18,0.0,29.6,20.7,59,trad
2025-01-19,0.0,30.6,22.2,58,trad
2025-01-20,0.0,31.0,21.2,60,trad
2025-01-21,0.0,31.2,19.0,62,trad
2025-01-22,0.0,31.9,18.2,65,trad
2025-01-23,0.0,33.0,18.7,74,trad
2025-01-24,0.0,33.2,20.6,76,trad
2025-01-25,0.0,32.8,20.6,79,trad
2025-01-26,0.0,34.4,22.3,80,trad
2025-01-27,0.2,30.7,21.8,61,trad
2025-01-28,0.0,30.3,20.9,54,trad
2025-01-29,0.0,30.5,19.7,57,trad
2025-01-30,0.0,30.5,19.5,61,trad
2025-01-31,0.0,31.7,16.8,71,trad
2025-02-01,0.0,32.9,18.6,78,trad
2025-02-02,0.0,32.6,21.0,82,trad
2025-02-03,0.8,32.1,22.0,83,trad
2025-02-04,1.8,32.6,23.1,81,trad
2025-02-05,0.0,33.4,21.8,70,trad
2025-02-06,0.0,32.7,20.9,77,trad
2025-02-07,0.5,33.0,21.2,80,trad
2025-02-08,0.0,33.4,22.3,64,trad
2025-02-09,0.0,31.5,22.2,54,trad
2025-02-10,0.0,31.3,20.9,53,trad
2025-02-11,0.0,33.3,22.1,58,trad
2025-02-12,0.0,34.6,21.3,70,trad
2025-02-13,0.2,34.6,22.5,76,trad
2025-02-14,0.7,33.0,23.7,81,trad
2025-02-15,1.8,33.4,23.3,81,trad
2025-02-16,2.1,30.7,24.9,84,trad
2025-02-17,11.6,29.9,23.6,87,trad
2025-02-18,18.3,30.4,23.2,89,trad
2025-02-19,7.4,30.1,22.6,91,trad
2025-02-20,0.6,31.9,22.3,85,trad
2025-02-21,8.8,28.5,23.3,92,trad
2025-02-22,7.3,31.5,22.8,89,trad
2025-02-23,1.2,32.8,23.5,84,trad
2025-02-24,14.8,28.5,23.1,87,trad
2025-02-25,0.0,32.5,23.4,71,trad
2025-02-26,1.1,32.2,23.2,73,trad
2025-02-27,5.5,32.9,23.4,78,trad
2025-02-28,7.5,30.9,23.5,88,trad
2025-03-01,1.1,30.9,23.0,89,trad
2025-03-02,2.6,31.2,23.5,88,trad
2025-03-03,2.7,31.6,24.8,85,trad
2025-03-04,2.1,31.7,24.0,84,trad
2025-03-05,1.1,31.9,24.8,84,trad
2025-03-06,4.5,31.8,24.5,83,trad
2025-03-07,32.9,30.8,23.4,90,trad
2025-03-08,0.3,28.0,22.8,83,trad
2025-03-09,0.0,33.4,22.5,73,trad
2025-03-10,0.1,33.7,23.3,79,trad
2025-03-11,21.5,30.9,23.4,90,trad
2025-03-12,8.6,30.9,23.4,89,trad
2025-03-13,12.1,30.7,23.2,89,trad
2025-03-14,0.2,32.1,22.6,84,trad
2025-03-15,1.7,32.0,24.0,86,trad
2025-03-16,13.7,31.0,24.3,91,trad
2025-03-17,15.3,31.0,22.8,92,trad
2025-03-18,0.4,33.2,23.3,82,trad
2025-03-19,0.0,32.4,23.0,68,trad
2025-03-20,0.0,29.4,21.8,60,trad
2025-03-21,0.0,31.6,22.1,64,trad
2025-03-22,0.0,31.9,22.2,65,trad
2025-03-23,0.0,33.4,19.9,72,trad
2025-03-24,0.5,33.0,22.3,82,trad
2025-03-25,7.8,31.2,24.0,86,trad
2025-03-26,1.2,30.6,25.3,84,trad
2025-03-27,0.3,31.5,25.4,81,trad
2025-03-28,0.9,31.5,25.5,80,trad
2025-03-29,5.6,32.0,26.5,83,trad
2025-03-30,7.0,31.5,24.4,88,trad
2025-03-31,30.1,28.5,23.7,91,trad
2025-04-01,2.0,31.0,23.7,88,trad
2025-04-02,18.6,31.3,23.9,90,trad
2025-04-03,10.4,31.9,24.0,87,trad
2025-04-04,2.1,30.8,23.9,87,trad
2025-04-05,0.3,32.0,24.6,83,trad
2025-04-06,2.4,32.3,24.6,83,trad
2025-04-07,3.3,30.5,24.2,88,trad
2025-04-08,4.7,30.5,23.8,88,trad
2025-04-09,11.5,31.0,23.6,89,trad
2025-04-10,17.6,29.6,24.1,90,trad
2025-04-11,4.6,30.9,23.6,85,trad
2025-04-12,4.1,30.2,24.9,86,trad
2025-04-13,12.2,32.5,24.2,83,trad
2025-04-14,18.9,31.5,23.7,90,trad
2025-04-15,9.9,31.7,24.3,90,trad
2025-04-16,10.0,29.9,23.9,92,trad
2025-04-17,12.1,30.9,23.5,89,trad
2025-04-18,4.7,31.9,25.6,82,trad
2025-04-19,3.0,32.1,25.0,82,trad
2025-04-20,1.9,32.5,25.5,82,trad
2025-04-21,4.5,33.2,24.0,81,trad
2025-04-22,4.5,32.5,25.0,83,trad
2025-04-23,11.0,31.9,24.4,86,trad
2025-04-24,11.7,30.8,26.0,85,trad
2025-04-25,8.1,31.4,25.4,83,trad
2025-04-26,28.9,30.3,25.2,87,trad
2025-04-27,10.6,31.8,24.5,84,trad
2025-04-28,2.2,31.7,23.6,88,trad
2025-04-29,2.8,32.1,24.0,87,trad
2025-04-30,1.9,32.5,23.7,88,trad
2025-05-01,1.1,32.4,23.9,88,trad
2025-05-02,19.8,31.6,23.7,89,trad
2025-05-03,5.4,31.3,23.9,90,trad
2025-05-04,12.8,31.0,23.7,91,trad
2025-05-05,3.5,31.5,24.1,88,trad
2025-05-06,11.4,31.3,25.0,86,trad
2025-05-07,3.8,30.6,26.0,85,trad
2025-05-08,4.5,29.8,26.2,86,trad
2025-05-09,3.0,32.0,26.6,84,trad
2025-05-10,15.0,30.2,24.7,89,trad
2025-05-11,4.0,30.4,23.8,90,trad
2025-05-12,5.7,30.6,23.8,91,trad
2025-05-13,4.9,29.4,24.2,90,trad
2025-05-14,7.8,30.1,24.5,88,trad
2025-05-15,3.2,31.6,24.1,88,trad
2025-05-16,13.5,32.8,24.6,87,trad
2025-05-17,8.4,32.3,24.8,90,trad
2025-05-18,5.9,32.9,25.0,88,trad
2025-05-19,11.6,30.9,24.1,90,trad
2025-05-20,0.7,31.9,24.7,84,trad
2025-05-21,20.8,30.9,25.4,91,trad
2025-05-22,2.5,30.2,24.6,90,trad
2025-05-23,2.9,31.2,25.6,88,trad
2025-05-24,15.3,30.5,24.2,91,trad
2025-05-25,13.1,27.9,24.3,94,trad
2025-05-26,7.6,29.2,25.1,90,trad
2025-05-27,13.6,29.5,25.0,90,trad
2025-05-28,2.3,32.1,24.9,82,trad
2025-05-29,12.2,31.3,24.9,87,trad
2025-05-30,45.5,29.6,23.8,92,trad
2025-05-31,22.4,28.9,23.8,90,trad
2025-06-01,1.2,32.3,24.2,83,trad
2025-06-02,30.2,28.6,24.9,93,trad
2025-06-03,11.7,30.1,24.6,91,trad
2025-06-04,0.8,31.6,25.2,84,trad
2025-06-05,2.6,31.0,24.9,86,trad
2025-06-06,8.6,31.2,24.3,87,trad
2025-06-07,14.3,30.7,26.2,86,trad
2025-06-08,15.1,30.5,24.0,87,trad
2025-06-09,58.6,29.1,23.6,93,trad
2025-06-10,17.8,30.7,24.3,87,trad
2025-06-11,44.3,28.2,23.2,95,trad
2025-06-12,42.7,28.0,23.3,95,trad
2025-06-13,12.3,29.2,25.3,89,trad
2025-06-14,11.5,29.8,25.1,90,trad
2025-06-15,7.5,30.3,25.2,88,trad
2025-06-16,0.3,31.7,25.2,83,trad
2025-06-17,0.3,31.8,25.4,84,trad
2025-06-18,1.9,31.4,25.7,86,trad
2025-06-19,14.2,30.7,24.3,88,trad
2025-06-20,21.1,30.9,24.0,89,trad
2025-06-21,14.6,29.8,23.9,89,trad
2025-06-22,36.7,27.9,23.8,94,trad
2025-06-23,25.7,28.5,23.8,93,trad
2025-06-24,18.0,29.3,24.7,90,trad
2025-06-25,12.3,28.5,24.1,90,trad
2025-06-26,22.3,30.1,23.9,88,trad
2025-06-27,34.6,29.2,24.0,92,trad
2025-06-28,16.0,30.0,24.0,89,trad
2025-06-29,33.0,29.4,23.1,90,trad
2025-06-30,8.3,30.1,23.6,88,trad
2025-07-01,24.0,30.7,24.4,90,trad
2025-07-02,11.6,30.2,23.2,91,trad
2025-07-03,12.0,27.7,23.3,93,trad
2025-07-04,11.7,28.5,23.2,91,trad
2025-07-05,20.5,30.2,23.4,88,trad
2025-07-06,16.4,29.0,24.0,91,trad
2025-07-07,31.6,28.8,24.1,93,trad
2025-07-08,7.2,28.6,24.8,91,trad
2025-07-09,14.7,28.0,24.0,92,trad
2025-07-10,16.5,30.5,24.2,89,trad
2025-07-11,29.6,28.3,23.4,94,trad
2025-07-12,24.3,30.1,23.2,91,trad
2025-07-13,17.6,30.2,23.3,88,trad
2025-07-14,24.6,29.1,23.8,90,trad
2025-07-15,36.5,30.0,23.4,89,trad
2025-07-16,9.9,28.4,24.8,89,trad
2025-07-17,16.8,27.8,23.9,93,trad
2025-07-18,27.6,28.2,24.1,93,trad
2025-07-19,47.7,28.1,23.5,93,trad
2025-07-20,53.3,28.3,24.3,93,trad
2025-07-21,21.4,28.4,23.9,93,trad
2025-07-22,9.0,28.5,24.4,87,trad
2025-07-23,26.5,29.1,25.1,87,trad
2025-07-24,0.3,31.1,25.9,81,trad
2025-07-25,0.3,30.9,25.7,84,trad
2025-07-26,2.4,31.4,26.7,82,trad
2025-07-27,46.4,28.0,23.6,96,trad
2025-07-28,38.8,28.0,23.2,95,trad
2025-07-29,23.6,29.6,23.9,92,trad
2025-07-30,37.1,29.7,23.0,89,trad
2025-07-31,13.1,30.6,24.2,87,trad
2025-08-01,2.4,31.5,23.8,85,trad
2025-08-02,8.2,31.0,24.6,87,trad
2025-08-03,5.4,30.2,25.2,88,trad
2025-08-04,0.7,31.8,25.8,82,trad
2025-08-05,3.8,30.5,26.4,85,trad
2025-08-06,4.0,30.3,24.1,88,trad
2025-08-07,5.6,29.1,24.9,88,trad
2025-08-08,8.2,31.1,23.5,87,trad
2025-08-09,13.2,29.5,24.7,90,trad
2025-08-10,9.7,30.5,24.0,86,trad
2025-08-11,36.7,28.9,23.5,91,trad
2025-08-12,37.4,29.8,23.6,88,trad
2025-08-13,5.8,28.8,24.4,89,trad
2025-08-14,24.7,29.4,23.1,90,trad
2025-08-15,14.4,29.6,23.9,89,trad
2025-08-16,30.8,26.1,23.7,97,trad
2025-08-17,18.1,27.9,23.1,90,trad
2025-08-18,7.8,30.4,23.7,86,trad
2025-08-19,15.8,28.8,23.7,90,trad
2025-08-20,3.3,29.8,24.1,85,trad
2025-08-21,14.8,30.3,23.9,86,trad
2025-08-22,32.6,26.3,22.5,95,trad
2025-08-23,12.0,30.2,23.2,86,trad
2025-08-24,8.4,30.2,23.3,86,trad
2025-08-25,24.4,28.3,23.9,91,trad
2025-08-26,46.4,29.1,23.5,92,trad
2025-08-27,6.4,29.6,23.2,89,trad
2025-08-28,19.4,29.5,23.0,92,trad
2025-08-29,14.3,29.8,23.4,90,trad
2025-08-30,24.6,28.9,23.1,91,trad
2025-08-31,47.7,28.5,22.9,94,trad
2025-09-01,11.7,29.0,24.2,89,trad
2025-09-02,28.8,28.1,23.8,95,trad
2025-09-03,24.4,30.1,23.0,88,trad
2025-09-04,11.3,29.8,24.4,90,trad
2025-09-05,2.3,29.0,24.0,90,trad
2025-09-06,5.5,29.5,24.6,89,trad
2025-09-07,11.3,28.2,24.4,93,trad
2025-09-08,35.7,26.4,23.5,96,trad
2025-09-09,18.3,26.7,23.6,94,trad
2025-09-10,4.3,29.8,23.8,88,trad
2025-09-11,0.8,30.4,23.2,87,trad
2025-09-12,8.3,31.5,23.6,88,trad
2025-09-13,20.0,29.6,23.4,94,trad
2025-09-14,17.2,28.5,24.1,92,trad
2025-09-15,1.6,29.6,23.7,88,trad
2025-09-16,4.8,29.9,23.3,87,trad
2025-09-17,16.2,29.4,23.5,90,trad
2025-09-18,23.1,28.9,23.7,92,trad
2025-09-19,27.9,27.3,23.2,95,trad
2025-09-20,22.4,29.8,23.5,91,trad
2025-09-21,13.9,30.4,25.0,85,trad
2025-09-22,22.2,29.5,23.6,87,trad
2025-09-23,21.4,29.3,23.9,91,trad
2025-09-24,25.0,28.2,23.3,94,trad
2025-09-25,27.0,28.3,23.7,95,trad
2025-09-26,49.6,27.2,23.6,96,trad
2025-09-27,19.5,28.6,23.3,93,trad
2025-09-28,6.4,29.6,23.8,89,trad
2025-09-29,46.5,27.6,23.5,94,trad
2025-09-30,30.5,28.2,23.6,91,trad
2025-10-01,3.3,29.9,22.7,91,trad
2025-10-02,9.2,31.1,24.0,90,trad
2025-10-03,10.4,32.2,23.1,88,trad
2025-10-04,16.0,30.4,23.4,87,trad
2025-10-05,5.2,29.7,24.2,86,trad
2025-10-06,7.3,31.2,23.5,84,trad
2025-10-07,14.7,30.1,23.8,89,trad
2025-10-08,11.6,30.5,23.0,92,trad
2025-10-09,8.2,31.3,23.7,91,trad
2025-10-10,4.3,31.0,23.7,89,trad
2025-10-11,4.2,29.4,23.1,89,trad
2025-10-12,0.7,31.3,23.4,85,trad
2025-10-13,4.3,30.6,24.0,89,trad
2025-10-14,3.2,29.1,24.0,88,trad
2025-10-15,9.0,31.0,24.2,88,trad
2025-10-16,0.6,31.9,24.1,83,trad
2025-10-17,0.8,32.9,24.6,82,trad
2025-10-18,3.9,32.4,24.5,83,trad
2025-10-19,4.0,31.9,23.8,87,trad
2025-10-20,20.3,32.1,24.7,87,trad
2025-10-21,0.0,32.6,23.8,81,trad
2025-10-22,0.0,31.9,24.6,71,trad
2025-10-23,0.0,30.8,23.9,68,trad
2025-10-24,0.0,32.0,24.1,74,trad
2025-10-25,1.2,29.3,24.6,81,trad
2025-10-26,0.0,31.3,24.7,78,trad
2025-10-27,0.0,30.3,24.0,76,trad
2025-10-28,0.6,28.9,24.4,76,trad
2025-10-29,6.1,28.8,23.6,82,trad
2025-10-30,1.1,29.4,23.7,88,trad
2025-10-31,18.8,29.6,24.2,90,trad
2025-11-01,19.8,27.9,24.3,93,trad
2025-11-02,21.7,29.5,23.4,94,trad
2025-11-03,26.8,29.2,23.2,93,trad
2025-11-04,2.6,30.2,23.7,87,trad
2025-11-05,0.4,30.6,23.6,84,trad
2025-11-06,0.5,30.5,24.5,86,trad
2025-11-07,3.2,29.5,23.9,91,trad
2025-11-08,8.0,29.8,24.6,91,trad
2025-11-09,16.4,30.9,23.3,91,trad
2025-11-10,7.0,30.9,23.5,88,trad
2025-11-11,3.2,31.2,22.9,90,trad
2025-11-12,1.2,30.9,23.8,94,trad
2025-11-13,13.1,30.5,23.3,90,trad
2025-11-14,0.0,31.5,24.1,77,trad
2025-11-15,0.0,30.0,21.1,70,trad
2025-11-16,0.9,31.2,22.3,77,trad
2025-11-17,1.0,30.8,23.6,83,trad
2025-11-18,10.0,30.5,23.7,84,trad
2025-11-19,20.0,28.8,22.2,81,trad
2025-11-20,2.1,23.2,19.8,74,trad
2025-11-21,0.0,24.8,20.2,72,trad
2025-11-22,0.0,27.7,20.7,71,trad
2025-11-23,0.0,26.6,21.9,73,trad
2025-11-24,0.0,31.3,23.2,72,trad
2025-11-25,0.0,29.1,23.4,70,trad
2025-11-26,0.0,28.6,21.5,67,trad
2025-11-27,0.0,27.6,20.2,64,trad
2025-11-28,0.0,26.1,17.8,59,trad
2025-11-29,0.0,29.2,19.4,65,trad
2025-11-30,0.0,31.2,18.7,70,trad
2025-12-01,0.0,32.1,18.9,80,trad
2025-12-02,0.0,32.5,20.8,81,trad
2025-12-03,0.0,33.1,22.5,77,trad
2025-12-04,3.8,31.2,23.3,74,trad
2025-12-05,1.9,32.0,23.2,82,trad
2025-12-06,0.0,32.2,22.6,71,trad
2025-12-07,0.0,31.3,21.7,71,trad
2025-12-08,0.0,29.7,21.6,67,trad
2025-12-09,0.0,29.5,20.7,66,trad
2025-12-10,0.0,29.6,21.5,66,trad
2025-12-11,0.0,31.5,23.6,73,trad
2025-12-12,4.9,31.0,23.6,82,trad
2025-12-13,0.0,32.1,23.4,75,trad
2025-12-14,0.0,31.9,24.1,69,trad
2025-12-15,0.0,31.8,24.0,70,trad
2025-12-16,0.0,32.4,24.0,67,trad
2025-12-17,0.2,31.6,23.9,69,trad
2025-12-18,0.0,31.9,23.0,68,trad
2025-12-19,0.0,31.3,23.1,67,trad
2025-12-20,0.0,31.7,22.2,67,trad
2025-12-21,0.0,31.1,21.3,61,trad
2025-12-22,0.1,32.3,23.7,70,trad
2025-12-23,0.0,33.0,22.1,76,trad
2025-12-24,0.4,32.2,23.6,73,trad
2025-12-25,0.0,32.8,23.3,66,trad
2025-12-26,0.0,32.0,24.5,70,trad
2025-12-27,0.0,31.8,23.1,65,trad
2025-12-28,0.0,31.3,23.4,65,trad
2025-12-29,0.0,31.2,23.2,61,trad
2025-12-30,0.0,31.6,19.9,70,trad
2025-12-31,0.0,31.8,19.0,73,trad
2026-01-01,0.0,31.8,19.2,75,trad
2026-01-02,0.0,31.7,19.6,67,trad
2026-01-03,0.0,30.9,20.4,61,trad
2026-01-04,0.0,30.5,20.7,59,trad
2026-01-05,0.0,31.2,20.8,60,trad
2026-01-06,0.0,31.8,21.6,61,trad
2026-01-07,0.0,29.9,21.6,57,trad
2026-01-08,0.0,28.4,19.5,57,trad
2026-01-09,0.0,27.5,18.4,57,trad
2026-01-10,0.0,28.5,18.6,57,trad
2026-01-11,0.0,28.8,18.7,55,trad
2026-01-12,0.0,29.9,19.9,56,trad
2026-01-13,0.0,30.5,20.7,57,trad
2026-01-14,0.0,31.8,19.9,67,trad
2026-01-15,0.0,32.9,20.8,75,trad
2026-01-16,1.9,31.4,21.6,83,trad
2026-01-17,1.4,31.0,21.9,84,trad
2026-01-18,1.9,30.5,22.1,85,trad
2026-01-19,4.4,29.2,22.2,88,trad
2026-01-20,5.1,30.9,21.6,85,trad
2026-01-21,1.4,32.1,21.8,82,trad
2026-01-22,0.0,31.5,19.8,69,trad
2026-01-23,0.0,31.2,18.8,58,trad
2026-01-24,0.0,31.5,20.3,53,trad
2026-01-25,0.0,31.7,19.6,66,trad
2026-01-26,0.0,31.8,18.6,75,trad
2026-01-27,0.0,31.9,19.3,75,trad
2026-01-28,0.0,31.2,18.9,76,trad
2026-01-29,0.0,32.0,20.0,74,trad
2026-01-30,0.2,32.4,21.2,82,trad
2026-01-31,0.0,33.9,21.3,81,trad
2026-02-01,0.0,33.1,22.4,65,trad
2026-02-02,0.0,32.2,20.2,57,trad
2026-02-03,0.0,32.3,20.9,66,trad
2026-02-04,0.5,33.1,22.0,74,trad
2026-02-05,2.1,30.9,22.2,81,trad
2026-02-06,0.6,30.8,22.5,83,trad
2026-02-07,0.2,31.2,22.9,81,trad
2026-02-08,3.9,28.3,24.1,88,trad
2026-02-09,0.0,32.9,22.8,75,trad
2026-02-10,0.0,32.8,20.1,78,trad
2026-02-11,0.0,35.3,21.5,76,trad
2026-02-12,6.2,31.8,23.5,85,trad
2026-02-13,3.1,32.0,22.9,86,trad
2026-02-14,1.4,32.0,23.3,85,trad
2026-02-15,3.7,34.0,23.5,85,trad
2026-02-16,5.2,32.2,24.1,86,trad
2026-02-17,6.9,31.5,23.9,87,trad
2026-02-18,0.0,34.2,23.8,82,trad
2026-02-19,0.0,34.9,23.1,80,trad
2026-02-20,0.0,34.9,23.6,74,trad
2026-02-21,0.2,32.4,22.7,81,trad
2026-02-22,3.0,31.7,23.6,83,trad
2026-02-23,3.6,31.6,22.9,81,trad
2026-02-24,1.8,31.6,25.0,83,trad
2026-02-25,2.0,32.6,23.6,81,trad
2026-02-26,1.3,31.2,23.7,83,trad
2026-02-27,2.7,31.2,23.5,82,trad
2026-02-28,7.1,30.7,25.1,82,trad
2026-03-01,1.1,31.0,25.1,82,trad
2026-03-02,0.0,32.9,24.2,79,trad
2026-03-03,0.0,33.1,24.4,81,trad
2026-03-04,0.4,32.7,25.8,81,trad
2026-03-05,0.1,31.9,25.2,76,trad
2026-03-06,5.8,32.5,21.9,80,trad
2026-03-07,5.3,33.1,22.3,78,trad
2026-03-08,0.4,33.7,23.1,78,trad
2026-03-09,0.2,34.3,23.4,77,trad
2026-03-10,1.0,33.9,23.8,75,trad
2026-03-11,3.8,33.8,23.4,76,trad
2026-03-12,10.1,32.2,21.6,79,trad
2026-03-13,0.0,30.1,22.8,78,trad
2026-03-14,0.0,33.6,23.4,65,trad
2026-03-15,1.9,33.1,22.2,76,trad
2026-03-16,5.1,31.7,21.8,84,trad
2026-03-17,1.5,31.3,22.4,83,trad
2026-03-18,3.5,31.5,23.7,81,trad
2026-03-19,2.0,31.6,23.2,82,trad
2026-03-20,4.5,30.6,22.8,86,trad
2026-03-21,1.8,31.6,22.9,83,trad
2026-03-22,4.7,31.1,24.7,85,trad
2026-03-23,6.3,31.6,23.9,84,trad
2026-03-24,1.3,31.0,24.6,83,trad
2026-03-25,0.8,32.0,23.6,81,trad
2026-03-26,0.8,32.3,24.2,81,trad
2026-03-27,4.6,31.6,25.4,82,trad
2026-03-28,1.2,31.6,24.0,80,trad
2026-03-29,0.0,32.4,24.4,77,trad
2026-03-30,0.0,32.1,24.5,76,trad
2026-03-31,0.6,32.7,25.1,73,trad
2026-04-01,0.8,33.6,24.4,77,trad
2026-04-02,0.9,33.3,25.4,76,trad
2026-04-03,2.1,31.7,25.7,81,trad
2026-04-04,0.4,32.9,25.6,77,trad
2026-04-05,0.1,33.6,26.2,75,trad
2026-04-06,1.6,33.0,26.7,74,trad
2026-04-07,0.6,33.6,26.7,75,trad
2026-04-08,0.1,33.6,26.1,76,trad
2026-04-09,0.0,33.6,26.3,75,trad
2026-04-10,0.2,33.3,26.0,74,trad
2026-04-11,0.0,33.9,26.3,71,trad
2026-04-12,0.0,33.6,25.1,73,trad
2026-04-13,2.0,33.1,27.2,73,trad
2026-04-14,2.6,34.0,26.8,74,trad
2026-04-15,0.7,33.2,27.4,76,trad
2026-04-16,0.8,35.2,27.4,75,trad
2026-04-17,7.7,33.6,25.8,79,trad
2026-04-18,1.1,33.8,25.5,76,trad
2026-04-19,14.9,31.7,27.2,79,trad
2026-04-20,14.7,30.1,24.5,86,trad
2026-04-21,14.5,31.5,24.3,85,trad
2026-04-22,1.1,31.1,25.7,83,trad
2026-04-23,5.0,31.2,26.2,79,trad
2026-04-24,0.1,32.9,26.2,74,trad
2026-04-25,0.0,33.9,25.6,73,trad
2026-04-26,1.8,33.1,24.4,78,trad
2026-04-27,0.9,33.6,25.6,80,trad
2026-04-28,19.1,32.1,25.4,86,trad
2026-04-29,10.3,32.1,25.0,82,trad
2026-04-30,2.4,34.2,25.2,79,trad
2026-05-01,14.5,32.4,24.2,81,trad
2026-05-02,3.7,32.8,23.8,81,trad
2026-05-03,2.1,31.9,25.1,82,trad
2026-05-04,1.9,31.8,25.3,85,trad
2026-05-05,11.1,31.2,24.7,90,trad
2026-05-06,5.4,30.8,25.4,88,trad
2026-05-07,17.4,31.6,24.8,90,trad
2026-05-08,23.0,32.0,25.1,90,trad
2026-05-09,2.1,33.1,24.4,86,trad
2026-05-10,7.9,31.7,24.7,90,trad
2026-05-11,1.4,33.6,24.5,87,trad
2026-05-12,9.8,31.8,24.5,92,trad
2026-05-13,23.2,30.4,24.0,90,trad
2026-05-14,8.2,31.6,25.5,88,trad
2026-05-15,5.1,31.8,25.9,83,trad
2026-05-16,6.5,31.4,26.5,87,trad
2026-05-17,18.8,31.9,24.4,84,trad
2026-05-18,24.8,30.5,25.4,91,trad
2026-05-19,17.9,29.9,24.7,91,trad
2026-05-20,13.6,31.0,24.5,87,trad
2026-05-21,11.4,31.4,25.4,87,trad
2026-05-22,15.3,30.3,24.9,86,trad
2026-05-23,6.5,32.1,25.6,84,trad
2026-05-24,2.1,31.4,26.9,83,trad
2026-05-25,5.2,32.3,26.0,82,trad
2026-05-26,3.7,31.5,26.0,85,trad
2026-05-27,4.1,32.7,25.3,83,trad
2026-05-28,9.9,31.5,26.8,86,trad
2026-05-29,7.6,32.1,25.2,87,trad
2026-05-30,15.1,30.2,25.5,92,trad
2026-05-31,14.4,29.5,25.3,93,trad
2026-06-01,11.0,30.1,24.8,91,trad
2026-06-02,5.8,28.8,25.0,90,trad
2026-06-03,29.3,30.3,24.6,90,trad
2026-06-04,14.8,31.1,25.0,84,trad
2026-06-05,13.8,31.9,24.9,81,trad
2026-06-06,13.7,30.9,26.1,85,trad
2026-06-07,15.1,29.1,25.6,92,trad
2026-06-08,15.7,30.1,25.0,92,trad
2026-06-09,18.4,29.7,24.6,94,trad
2026-06-10,23.5,30.1,24.4,93,trad
2026-06-11,12.5,31.5,24.2,88,trad
2026-06-12,1.8,32.2,24.0,85,trad
2026-06-13,4.3,32.4,25.8,85,trad
2026-06-14,5.9,32.6,25.2,81,trad
2026-06-15,1.3,32.0,25.7,79,trad
2026-06-16,14.3,29.4,24.5,88,trad
2026-06-17,5.1,31.7,24.2,88,trad
2026-06-18,16.3,28.3,23.6,94,trad
2026-06-19,8.1,30.5,23.6,91,trad
2026-06-20,4.9,32.0,24.8,90,trad
2026-06-21,2.9,31.0,24.7,87,trad
2026-06-22,0.7,33.0,24.3,81,trad
2026-06-23,3.0,32.3,26.3,85,trad
2026-06-24,9.0,32.0,26.8,82,trad
2026-06-25,21.7,31.6,23.2,87,trad
2026-06-26,4.3,31.7,25.6,87,trad
2026-06-27,10.5,29.0,24.5,90,trad
2026-06-28,21.9,29.8,24.4,91,trad
2026-06-29,26.4,31.5,24.2,91,trad
2026-06-30,11.1,31.4,25.0,86,trad
2026-07-01,49.4,28.4,23.4,95,trad
2026-07-02,26.8,28.6,24.1,94,trad
2026-07-03,51.9,27.7,24.6,96,trad
2026-07-04,32.7,26.6,23.5,95,trad
2026-07-05,13.5,30.2,24.5,87,trad
2026-07-06,19.4,29.3,25.1,90,trad
2026-07-07,11.0,28.3,24.1,90,trad
2026-07-08,7.9,29.1,24.0,91,trad
2026-07-09,0.8,31.8,24.1,79,trad
2026-07-10,1.8,31.9,24.5,80,trad
2026-07-11,17.5,31.5,24.5,83,trad
2026-07-12,64.7,27.4,23.7,97,trad
2026-07-13,61.3,28.0,23.6,95,trad
2026-07-14,33.2,29.5,23.6,94,trad
2026-07-15,19.4,28.1,24.2,94,trad
2026-07-16,5.8,29.8,24.6,88,trad
2026-07-17,6.1,31.1,24.1,87,trad
2026-07-18,1.1,30.5,25.0,86,trad
2026-07-19,6.0,30.7,23.6,86,trad
2026-07-20,1.2,31.2,24.4,84,trad
2026-07-21,0.3,32.0,25.6,76,trad
2026-07-22,3.0,31.7,24.1,80,trad
2026-07-23,7.8,30.0,24.2,90,trad
2026-07-24,35.8,30.1,23.6,88,trad
2026-07-25,38.0,30.1,24.2,91,trad
2026-07-26,31.9,27.0,23.6,96,trad
2026-07-27,22.4,30.7,23.9,86,trad
2026-07-28,41.6,26.9,23.4,96,trad
2026-07-29,20.2,27.4,23.5,96,trad
2026-07-30,29.8,28.0,23.3,94,trad
2026-07-31,9.5,29.7,24.2,88,trad
2026-08-01,7.9,28.9,24.4,89,trad
2026-08-02,10.0,30.5,24.6,86,trad
2026-08-03,6.8,31.1,25.2,82,trad
2026-08-04,7.5,29.8,25.4,86,trad
2026-08-05,40.0,29.1,24.4,93,trad
2026-08-06,35.9,29.7,24.3,94,trad
2026-08-07,37.4,29.8,24.0,89,trad
2026-08-08,10.9,30.7,24.4,88,trad
2026-08-09,29.9,29.9,24.3,94,trad
2026-08-10,20.7,30.9,24.9,89,trad
2026-08-11,15.2,30.2,24.4,89,trad
2026-08-12,6.3,31.3,24.6,84,trad
2026-08-13,10.3,30.6,25.4,84,trad
2026-08-14,32.8,31.1,24.8,91,trad
2026-08-15,29.7,29.4,24.6,92,trad
2026-08-16,11.5,30.2,25.5,86,trad
2026-08-17,21.7,31.5,24.1,89,trad
2026-08-18,35.5,28.8,24.2,95,trad
2026-08-19,41.2,28.6,24.1,95,trad
2026-08-20,26.1,29.0,23.7,92,trad
2026-08-21,2.3,30.4,24.6,82,trad
2026-08-22,5.2,31.3,24.3,83,trad
2026-08-23,18.3,30.6,24.4,85,trad
2026-08-24,15.6,30.4,25.2,84,trad
2026-08-25,2.7,31.0,25.7,81,trad
2026-08-26,25.7,30.7,24.4,86,trad
2026-08-27,31.4,30.5,24.5,91,trad
2026-08-28,46.8,27.9,23.9,95,trad
2026-08-29,41.7,29.5,24.1,92,trad
2026-08-30,13.5,30.3,23.9,91,trad
2026-08-31,34.9,28.3,23.3,95,trad
2026-09-01,12.7,29.9,23.7,87,trad
2026-09-02,5.9,31.2,24.9,84,trad
2026-09-03,13.9,31.7,23.7,85,trad
2026-09-04,9.5,31.4,23.4,86,trad
2026-09-05,14.5,30.0,24.8,89,trad
2026-09-06,12.7,30.1,25.0,85,trad
2026-09-07,15.6,30.5,24.0,87,trad
2026-09-08,10.6,32.3,24.7,85,trad
2026-09-09,7.3,32.2,24.4,83,trad
2026-09-10,22.2,28.6,23.5,96,trad
2026-09-11,12.3,30.7,23.9,90,trad
2026-09-12,35.4,28.9,23.4,94,trad
2026-09-13,7.4,30.6,24.4,88,trad
2026-09-14,48.2,26.4,24.5,94,trad
2026-09-15,16.4,29.6,24.8,88,trad
2026-09-16,7.0,30.0,25.3,82,trad
2026-09-17,33.3,28.8,25.1,95,trad
2026-09-18,23.5,29.7,24.2,91,trad
2026-09-19,12.0,29.7,25.2,91,trad
2026-09-20,14.8,29.8,24.3,94,trad
2026-09-21,9.0,30.5,24.7,91,trad
2010-01-01,0.0,28.6,23.4,82,chumphon
2010-01-02,0.0,28.6,24.0,83,chumphon
2010-01-03,0.3,28.9,24.7,82,chumphon
2010-01-04,4.8,28.1,24.9,85,chumphon
2010-01-05,5.6,28.3,24.5,86,chumphon
2010-01-06,4.7,27.3,25.7,85,chumphon
2010-01-07,5.9,26.5,25.0,89,chumphon
2010-01-08,0.3,28.4,25.5,81,chumphon
2010-01-09,3.4,27.6,24.3,86,chumphon
2010-01-10,2.1,28.1,23.8,86,chumphon
2010-01-11,0.0,28.5,23.9,85,chumphon
2010-01-12,0.0,28.6,23.1,85,chumphon
2010-01-13,2.5,27.9,23.7,86,chumphon
2010-01-14,2.2,26.6,23.8,89,chumphon
2010-01-15,0.4,28.3,24.0,76,chumphon
2010-01-16,0.0,28.2,24.4,74,chumphon
2010-01-17,0.0,28.1,25.2,71,chumphon
2010-01-18,0.0,28.1,24.1,71,chumphon
2010-01-19,0.0,28.4,23.6,69,chumphon
2010-01-20,0.0,29.7,22.7,71,chumphon
2010-01-21,0.4,29.4,24.3,78,chumphon
2010-01-22,1.1,28.6,23.1,84,chumphon
2010-01-23,0.1,29.0,25.4,79,chumphon
2010-01-24,0.7,28.1,24.4,84,chumphon
2010-01-25,1.0,27.8,25.3,81,chumphon
2010-01-26,0.7,28.4,24.7,83,chumphon
2010-01-27,0.8,28.0,23.8,85,chumphon
2010-01-28,2.2,28.1,24.0,85,chumphon
2010-01-29,0.0,28.7,24.6,80,chumphon
2010-01-30,0.9,28.8,24.4,81,chumphon
2010-01-31,0.5,28.8,24.6,80,chumphon
2010-02-01,0.4,28.8,24.7,81,chumphon
2010-02-02,0.0,29.2,24.4,79,chumphon
2010-02-03,0.6,29.2,24.5,79,chumphon
2010-02-04,0.4,29.4,24.7,81,chumphon
2010-02-05,0.0,29.5,24.4,80,chumphon
2010-02-06,0.0,29.3,24.8,77,chumphon
2010-02-07,0.0,29.6,25.8,73,chumphon
2010-02-08,0.0,29.5,23.3,78,chumphon
2010-02-09,0.0,29.5,25.5,74,chumphon
2010-02-10,0.0,29.7,25.7,73,chumphon
2010-02-11,0.0,29.5,25.2,72,chumphon
2010-02-12,0.0,29.6,24.2,73,chumphon
2010-02-13,0.0,30.0,24.8,77,chumphon
2010-02-14,0.0,30.1,25.7,73,chumphon
2010-02-15,0.0,29.6,24.8,74,chumphon
2010-02-16,0.0,29.9,24.4,74,chumphon
2010-02-17,0.0,30.4,24.7,74,chumphon
2010-02-18,0.0,30.3,25.6,76,chumphon
2010-02-19,0.3,30.1,26.0,77,chumphon
2010-02-20,2.5,29.4,26.0,77,chumphon
2010-02-21,3.5,29.6,25.6,79,chumphon
2010-02-22,1.8,29.5,24.8,81,chumphon
2010-02-23,0.0,29.9,26.0,75,chumphon
2010-02-24,0.4,30.1,25.8,76,chumphon
2010-02-25,1.8,30.7,25.9,77,chumphon
2010-02-26,0.0,32.1,25.3,70,chumphon
2010-02-27,2.8,31.5,24.9,71,chumphon
2010-02-28,1.7,30.5,26.0,78,chumphon
2010-03-01,2.6,29.9,26.5,75,chumphon
2010-03-02,0.2,30.4,25.6,76,chumphon
2010-03-03,0.0,31.2,24.9,76,chumphon
2010-03-04,0.0,31.6,24.7,74,chumphon
2010-03-05,0.0,33.6,24.7,66,chumphon
2010-03-06,0.0,32.8,24.1,67,chumphon
2010-03-07,0.0,33.1,24.5,68,chumphon
2010-03-08,0.0,31.4,24.4,74,chumphon
2010-03-09,0.0,30.8,24.1,77,chumphon
2010-03-10,5.1,29.8,25.4,80,chumphon
2010-03-11,17.5,27.6,24.8,85,chumphon
2010-03-12,0.0,29.4,25.6,79,chumphon
2010-03-13,0.0,30.1,25.7,80,chumphon
2010-03-14,0.0,30.1,25.1,81,chumphon
2010-03-15,0.0,30.4,24.6,83,chumphon
2010-03-16,0.0,30.3,24.5,79,chumphon
2010-03-17,0.8,30.0,25.7,78,chumphon
2010-03-18,2.7,29.0,26.1,81,chumphon
2010-03-19,2.8,29.1,25.1,81,chumphon
2010-03-20,0.9,30.3,25.3,77,chumphon
2010-03-21,0.0,30.3,26.3,78,chumphon
2010-03-22,0.6,30.6,26.5,77,chumphon
2010-03-23,0.4,30.8,26.1,76,chumphon
2010-03-24,0.9,31.2,25.9,77,chumphon
2010-03-25,0.0,31.8,25.5,74,chumphon
2010-03-26,0.5,32.0,26.0,78,chumphon
2010-03-27,7.5,28.1,25.6,83,chumphon
2010-03-28,16.5,28.0,25.7,84,chumphon
2010-03-29,5.0,29.5,25.4,83,chumphon
2010-03-30,4.3,28.8,25.4,88,chumphon
2010-03-31,14.1,29.5,25.7,85,chumphon
2010-04-01,1.0,30.5,25.5,83,chumphon
2010-04-02,1.4,30.1,25.9,84,chumphon
2010-04-03,1.4,30.6,26.6,79,chumphon
2010-04-04,1.9,30.6,27.7,79,chumphon
2010-04-05,0.0,30.7,26.1,80,chumphon
2010-04-06,0.3,31.3,26.3,78,chumphon
2010-04-07,0.2,31.4,26.2,81,chumphon
2010-04-08,0.0,31.4,26.4,79,chumphon
2010-04-09,0.0,32.0,25.4,76,chumphon
2010-04-10,1.5,32.4,26.6,74,chumphon
2010-04-11,0.2,32.1,27.1,75,chumphon
2010-04-12,0.0,33.2,26.2,69,chumphon
2010-04-13,0.0,33.8,25.9,65,chumphon
2010-04-14,0.0,32.5,26.2,71,chumphon
2010-04-15,1.1,32.3,27.7,73,chumphon
2010-04-16,4.4,31.5,27.8,77,chumphon
2010-04-17,1.2,31.3,26.7,81,chumphon
2010-04-18,2.3,30.7,27.7,78,chumphon
2010-04-19,13.6,31.9,27.1,81,chumphon
2010-04-20,1.4,32.1,26.3,81,chumphon
2010-04-21,0.9,32.6,26.7,76,chumphon
2010-04-22,0.0,33.1,27.1,72,chumphon
2010-04-23,1.3,32.7,27.4,74,chumphon
2010-04-24,2.5,30.1,26.3,83,chumphon
2010-04-25,0.2,31.4,28.1,76,chumphon
2010-04-26,5.4,30.7,27.6,80,chumphon
2010-04-27,0.5,31.9,26.7,79,chumphon
2010-04-28,2.4,32.5,27.4,76,chumphon
2010-04-29,0.1,32.2,27.2,78,chumphon
2010-04-30,0.1,32.0,26.9,77,chumphon
2010-05-01,3.0,31.2,27.5,79,chumphon
2010-05-02,2.7,30.9,26.8,80,chumphon
2010-05-03,0.2,32.1,27.7,72,chumphon
2010-05-04,1.9,32.5,27.1,77,chumphon
2010-05-05,0.0,32.7,27.5,74,chumphon
2010-05-06,12.6,31.9,27.7,78,chumphon
2010-05-07,0.1,32.5,27.6,78,chumphon
2010-05-08,0.0,33.0,27.5,77,chumphon
2010-05-09,2.2,33.1,27.9,79,chumphon
2010-05-10,4.7,33.4,28.3,77,chumphon
2010-05-11,2.9,32.4,27.9,79,chumphon
2010-05-12,0.3,32.3,27.5,77,chumphon
2010-05-13,0.2,31.0,27.0,81,chumphon
2010-05-14,8.4,31.3,27.7,82,chumphon
2010-05-15,12.5,30.0,26.6,87,chumphon
2010-05-16,10.1,30.4,26.9,84,chumphon
2010-05-17,4.6,29.8,26.5,88,chumphon
2010-05-18,14.9,30.0,26.4,87,chumphon
2010-05-19,2.1,30.9,26.6,82,chumphon
2010-05-20,2.8,31.6,26.3,82,chumphon
2010-05-21,9.1,31.4,27.0,82,chumphon
2010-05-22,3.0,31.6,26.8,82,chumphon
2010-05-23,2.4,31.9,27.1,81,chumphon
2010-05-24,0.3,32.1,26.8,80,chumphon
2010-05-25,2.8,31.7,26.9,82,chumphon
2010-05-26,5.6,29.6,26.4,86,chumphon
2010-05-27,6.0,30.6,26.0,86,chumphon
2010-05-28,6.6,30.6,26.2,84,chumphon
2010-05-29,12.2,30.3,26.3,86,chumphon
2010-05-30,3.3,31.3,26.4,79,chumphon
2010-05-31,3.9,31.1,26.5,83,chumphon
2010-06-01,8.3,32.1,26.6,82,chumphon
2010-06-02,0.4,31.5,26.9,80,chumphon
2010-06-03,3.4,31.2,26.7,83,chumphon
2010-06-04,9.6,30.0,26.3,84,chumphon
2010-06-05,9.7,30.6,26.2,83,chumphon
2010-06-06,4.1,30.4,26.1,84,chumphon
2010-06-07,1.7,30.2,26.0,80,chumphon
2010-06-08,2.1,30.3,26.6,81,chumphon
2010-06-09,17.7,30.4,26.2,83,chumphon
2010-06-10,3.0,28.7,26.1,85,chumphon
2010-06-11,0.0,30.2,26.0,83,chumphon
2010-06-12,0.0,30.8,26.0,81,chumphon
2010-06-13,0.8,31.1,26.0,80,chumphon
2010-06-14,6.9,31.3,26.8,83,chumphon
2010-06-15,7.7,30.9,25.9,84,chumphon
2010-06-16,12.7,31.5,26.1,83,chumphon
2010-06-17,7.5,28.9,25.5,86,chumphon
2010-06-18,1.2,30.5,25.6,80,chumphon
2010-06-19,3.8,29.7,26.7,81,chumphon
2010-06-20,4.2,29.1,26.3,84,chumphon
2010-06-21,20.8,28.1,25.6,89,chumphon
2010-06-22,38.2,27.9,25.6,89,chumphon
2010-06-23,4.9,29.4,25.5,85,chumphon
2010-06-24,0.7,30.5,25.8,81,chumphon
2010-06-25,0.1,30.9,25.9,81,chumphon
2010-06-26,0.3,31.2,26.1,80,chumphon
2010-06-27,2.3,29.6,26.0,83,chumphon
2010-06-28,6.0,30.0,25.3,85,chumphon
2010-06-29,2.2,28.6,25.8,84,chumphon
2010-06-30,12.6,29.9,25.2,86,chumphon
2010-07-01,4.8,29.4,25.4,84,chumphon
2010-07-02,4.2,30.6,25.5,83,chumphon
2010-07-03,4.4,30.0,25.4,83,chumphon
2010-07-04,2.7,29.2,25.2,86,chumphon
2010-07-05,0.8,29.2,25.1,85,chumphon
2010-07-06,17.8,30.1,25.8,85,chumphon
2010-07-07,1.0,31.8,25.3,82,chumphon
2010-07-08,0.0,31.8,25.5,79,chumphon
2010-07-09,0.9,30.8,26.1,78,chumphon
2010-07-10,4.0,30.8,25.7,82,chumphon
2010-07-11,4.1,30.2,25.5,84,chumphon
2010-07-12,9.9,29.9,25.3,85,chumphon
2010-07-13,8.3,29.5,25.6,84,chumphon
2010-07-14,6.1,30.3,25.4,84,chumphon
2010-07-15,14.0,30.1,25.5,84,chumphon
2010-07-16,9.3,29.8,25.4,85,chumphon
2010-07-17,11.1,28.6,25.6,86,chumphon
2010-07-18,5.7,30.0,25.8,84,chumphon
2010-07-19,1.1,29.5,25.6,83,chumphon
2010-07-20,2.6,30.0,25.8,83,chumphon
2010-07-21,0.6,31.1,25.7,79,chumphon
2010-07-22,1.2,31.2,26.1,81,chumphon
2010-07-23,22.0,28.9,25.1,89,chumphon
2010-07-24,6.0,27.8,25.6,87,chumphon
2010-07-25,11.9,27.0,24.6,90,chumphon
2010-07-26,10.7,27.9,25.1,88,chumphon
2010-07-27,10.3,28.3,24.9,86,chumphon
2010-07-28,5.1,29.3,25.2,84,chumphon
2010-07-29,16.7,27.6,25.2,87,chumphon
2010-07-30,8.3,29.1,25.0,86,chumphon
2010-07-31,10.0,29.4,25.6,85,chumphon
2010-08-01,8.1,29.7,25.4,85,chumphon
2010-08-02,12.9,28.1,25.2,87,chumphon
2010-08-03,4.8,28.4,25.0,87,chumphon
2010-08-04,13.7,28.9,25.4,87,chumphon
2010-08-05,5.3,29.7,25.2,86,chumphon
2010-08-06,9.9,29.4,25.3,85,chumphon
2010-08-07,16.6,26.7,24.6,90,chumphon
2010-08-08,10.7,26.9,24.9,91,chumphon
2010-08-09,14.4,27.3,24.7,90,chumphon
2010-08-10,16.9,27.6,24.6,89,chumphon
2010-08-11,18.5,28.3,25.2,89,chumphon
2010-08-12,9.6,28.1,25.4,87,chumphon
2010-08-13,25.3,28.7,24.9,87,chumphon
2010-08-14,8.1,28.8,25.3,88,chumphon
2010-08-15,0.8,30.0,25.2,81,chumphon
2010-08-16,4.8,29.9,25.4,84,chumphon
2010-08-17,1.8,30.0,25.6,83,chumphon
2010-08-18,1.2,29.2,25.0,84,chumphon
2010-08-19,5.5,27.7,24.7,89,chumphon
2010-08-20,21.5,29.0,25.3,88,chumphon
2010-08-21,5.7,28.8,25.0,87,chumphon
2010-08-22,17.2,27.9,24.9,88,chumphon
2010-08-23,9.8,27.3,24.6,90,chumphon
2010-08-24,0.3,29.9,25.1,85,chumphon
2010-08-25,9.6,29.8,25.1,87,chumphon
2010-08-26,0.3,30.5,25.3,84,chumphon
2010-08-27,0.0,31.3,25.6,79,chumphon
2010-08-28,2.9,29.5,25.9,84,chumphon
2010-08-29,3.4,28.9,25.5,86,chumphon
2010-08-30,3.7,30.0,25.2,86,chumphon
2010-08-31,7.3,29.1,24.8,87,chumphon
2010-09-01,2.1,30.6,25.3,85,chumphon
2010-09-02,9.0,29.9,25.5,84,chumphon
2010-09-03,3.0,28.0,25.2,86,chumphon
2010-09-04,15.3,28.4,24.9,88,chumphon
2010-09-05,18.9,28.4,24.8,90,chumphon
2010-09-06,0.8,28.5,25.3,85,chumphon
2010-09-07,5.4,28.1,25.3,87,chumphon
2010-09-08,9.7,28.7,25.2,85,chumphon
2010-09-09,6.7,29.1,24.9,84,chumphon
2010-09-10,1.5,29.6,25.0,84,chumphon
2010-09-11,6.4,28.4,25.0,84,chumphon
2010-09-12,19.1,28.5,25.3,85,chumphon
2010-09-13,11.6,29.2,24.8,88,chumphon
2010-09-14,7.9,28.3,24.9,88,chumphon
2010-09-15,6.6,28.4,24.6,87,chumphon
2010-09-16,0.3,29.3,25.0,84,chumphon
2010-09-17,17.1,29.7,25.2,86,chumphon
2010-09-18,11.1,29.2,25.0,87,chumphon
2010-09-19,3.0,29.4,24.9,85,chumphon
2010-09-20,4.0,29.9,25.1,85,chumphon
2010-09-21,0.7,30.7,25.5,81,chumphon
2010-09-22,12.8,30.3,25.7,83,chumphon
2010-09-23,12.8,30.5,25.2,84,chumphon
2010-09-24,3.0,29.7,25.2,84,chumphon
2010-09-25,0.0,29.9,25.5,83,chumphon
2010-09-26,4.7,29.2,25.8,86,chumphon
2010-09-27,13.0,28.7,25.2,88,chumphon
2010-09-28,2.2,28.0,24.8,87,chumphon
2010-09-29,7.9,29.0,25.0,88,chumphon
2010-09-30,0.6,28.7,24.8,86,chumphon
2010-10-01,14.8,28.4,25.1,87,chumphon
2010-10-02,13.3,27.8,24.5,90,chumphon
2010-10-03,16.8,27.9,24.6,89,chumphon
2010-10-04,20.9,28.2,24.8,89,chumphon
2010-10-05,21.1,27.2,24.8,91,chumphon
2010-10-06,19.5,27.7,24.9,91,chumphon
2010-10-07,12.9,27.5,24.7,88,chumphon
2010-10-08,2.9,29.3,24.9,86,chumphon
2010-10-09,8.1,29.4,25.4,85,chumphon
2010-10-10,5.2,29.0,25.0,87,chumphon
2010-10-11,12.4,28.2,24.8,88,chumphon
2010-10-12,24.0,26.7,24.6,92,chumphon
2010-10-13,24.7,26.9,24.5,91,chumphon
2010-10-14,26.6,27.1,24.6,91,chumphon
2010-10-15,17.9,27.0,24.6,91,chumphon
2010-10-16,2.6,28.7,24.8,86,chumphon
2010-10-17,2.5,29.0,24.8,85,chumphon
2010-10-18,2.8,29.1,24.6,84,chumphon
2010-10-19,2.9,29.6,24.9,83,chumphon
2010-10-20,6.5,29.6,24.9,85,chumphon
2010-10-21,8.4,29.5,24.8,86,chumphon
2010-10-22,1.5,29.2,25.3,82,chumphon
2010-10-23,0.5,28.9,25.0,84,chumphon
2010-10-24,0.0,30.5,25.5,78,chumphon
2010-10-25,16.8,30.6,25.0,83,chumphon
2010-10-26,11.3,28.2,24.5,88,chumphon
2010-10-27,23.4,26.1,24.5,91,chumphon
2010-10-28,9.3,27.6,24.9,88,chumphon
2010-10-29,8.5,26.8,24.1,85,chumphon
2010-10-30,0.0,26.8,25.3,73,chumphon
2010-10-31,0.0,25.7,24.8,72,chumphon
2010-11-01,5.5,25.9,23.8,78,chumphon
2010-11-02,34.7,26.0,23.0,85,chumphon
2010-11-03,73.0,24.8,24.1,91,chumphon
2010-11-04,5.1,26.5,23.8,76,chumphon
2010-11-05,5.2,27.2,25.1,74,chumphon
2010-11-06,0.0,27.3,25.2,76,chumphon
2010-11-07,1.2,28.3,24.7,77,chumphon
2010-11-08,6.2,26.7,24.8,81,chumphon
2010-11-09,4.0,27.4,25.0,78,chumphon
2010-11-10,15.4,26.2,24.4,83,chumphon
2010-11-11,8.3,26.3,24.2,87,chumphon
2010-11-12,10.8,26.7,23.9,89,chumphon
2010-11-13,28.3,26.1,23.9,91,chumphon
2010-11-14,21.0,26.4,24.4,89,chumphon
2010-11-15,2.4,27.2,25.3,85,chumphon
2010-11-16,4.4,26.8,24.8,89,chumphon
2010-11-17,4.0,27.3,24.9,87,chumphon
2010-11-18,3.8,26.7,24.7,88,chumphon
2010-11-19,10.1,25.7,24.1,91,chumphon
2010-11-20,11.7,26.4,24.0,89,chumphon
2010-11-21,0.8,27.6,23.6,88,chumphon
2010-11-22,0.3,28.2,24.0,85,chumphon
2010-11-23,8.3,27.2,24.1,87,chumphon
2010-11-24,10.8,27.1,24.7,88,chumphon
2010-11-25,0.0,28.4,24.8,85,chumphon
2010-11-26,0.1,28.4,24.6,84,chumphon
2010-11-27,2.0,27.9,25.1,79,chumphon
2010-11-28,1.5,28.1,24.9,81,chumphon
2010-11-29,7.2,27.1,25.7,83,chumphon
2010-11-30,2.7,26.9,25.1,84,chumphon
2010-12-01,14.6,26.4,24.8,88,chumphon
2010-12-02,4.1,27.8,25.1,82,chumphon
2010-12-03,3.7,27.4,25.3,82,chumphon
2010-12-04,1.7,28.0,25.7,79,chumphon
2010-12-05,0.3,28.4,25.4,79,chumphon
2010-12-06,34.7,25.9,24.1,90,chumphon
2010-12-07,20.0,25.5,24.3,92,chumphon
2010-12-08,5.0,27.4,24.7,85,chumphon
2010-12-09,0.9,27.5,24.4,83,chumphon
2010-12-10,5.0,27.6,23.0,85,chumphon
2010-12-11,4.2,28.1,23.0,88,chumphon
2010-12-12,2.6,27.9,23.5,87,chumphon
2010-12-13,9.3,27.9,24.3,87,chumphon
2010-12-14,3.8,28.2,23.9,89,chumphon
2010-12-15,0.0,29.6,23.8,78,chumphon
2010-12-16,0.4,28.9,23.7,81,chumphon
2010-12-17,13.1,26.0,23.8,87,chumphon
2010-12-18,3.1,26.0,23.3,78,chumphon
2010-12-19,0.4,27.1,24.1,76,chumphon
2010-12-20,0.0,28.2,24.4,77,chumphon
2010-12-21,0.0,28.5,23.9,80,chumphon
2010-12-22,0.0,28.4,23.5,84,chumphon
2010-12-23,6.6,26.9,24.3,86,chumphon
2010-12-24,0.0,28.1,23.9,84,chumphon
2010-12-25,0.0,28.7,23.7,84,chumphon
2010-12-26,0.0,28.5,23.4,81,chumphon
2010-12-27,0.0,27.3,24.4,75,chumphon
2010-12-28,0.0,27.3,23.8,74,chumphon
2010-12-29,0.0,27.7,24.2,71,chumphon
2010-12-30,0.0,28.3,23.5,71,chumphon
2010-12-31,0.0,27.8,24.7,70,chumphon
2011-01-01,0.1,27.9,25.1,71,chumphon
2011-01-02,0.0,28.0,24.9,75,chumphon
2011-01-03,0.7,27.7,25.1,79,chumphon
2011-01-04,0.0,28.6,23.4,77,chumphon
2011-01-05,1.4,27.2,25.1,82,chumphon
2011-01-06,6.6,26.3,23.9,86,chumphon
2011-01-07,15.7,26.3,24.7,84,chumphon
2011-01-08,1.6,27.1,24.4,79,chumphon
2011-01-09,0.0,27.6,24.7,78,chumphon
2011-01-10,0.5,27.5,23.9,78,chumphon
2011-01-11,0.5,28.0,22.9,79,chumphon
2011-01-12,6.2,28.5,23.7,84,chumphon
2011-01-13,5.9,26.4,23.3,89,chumphon
2011-01-14,0.1,27.6,23.3,83,chumphon
2011-01-15,0.0,27.7,22.4,81,chumphon
2011-01-16,0.0,26.8,23.7,74,chumphon
2011-01-17,0.7,26.2,23.3,76,chumphon
2011-01-18,0.2,26.8,23.4,74,chumphon
2011-01-19,0.0,27.7,21.4,76,chumphon
2011-01-20,0.0,28.7,21.9,75,chumphon
2011-01-21,0.0,28.6,20.9,74,chumphon
2011-01-22,0.0,28.8,21.8,76,chumphon
2011-01-23,1.1,27.4,23.4,83,chumphon
2011-01-24,0.8,27.9,23.8,84,chumphon
2011-01-25,0.6,28.1,23.6,82,chumphon
2011-01-26,0.0,28.6,24.8,74,chumphon
2011-01-27,1.8,28.4,25.4,76,chumphon
2011-01-28,1.2,28.8,25.8,75,chumphon
2011-01-29,2.4,27.9,24.0,81,chumphon
2011-01-30,0.0,27.5,25.0,72,chumphon
2011-01-31,0.0,27.4,24.8,71,chumphon
2011-02-01,0.0,28.1,24.2,71,chumphon
2011-02-02,0.0,28.8,24.4,73,chumphon
2011-02-03,0.0,28.7,24.0,75,chumphon
2011-02-04,0.3,28.3,23.0,78,chumphon
2011-02-05,0.7,28.2,23.9,79,chumphon
2011-02-06,0.0,28.7,24.9,77,chumphon
2011-02-07,11.7,28.8,24.1,81,chumphon
2011-02-08,0.0,29.0,23.1,81,chumphon
2011-02-09,0.0,29.7,22.9,77,chumphon
2011-02-10,0.2,28.6,24.4,80,chumphon
2011-02-11,1.2,29.3,24.2,77,chumphon
2011-02-12,0.0,29.3,24.5,76,chumphon
2011-02-13,0.0,29.4,25.8,68,chumphon
2011-02-14,0.2,29.3,25.5,73,chumphon
2011-02-15,0.4,28.8,25.5,77,chumphon
2011-02-16,2.4,29.1,25.5,75,chumphon
2011-02-17,0.3,29.4,25.1,80,chumphon
2011-02-18,0.0,29.7,24.5,81,chumphon
2011-02-19,0.0,30.0,24.2,79,chumphon
2011-02-20,0.2,30.4,23.9,78,chumphon
2011-02-21,3.1,29.7,25.1,79,chumphon
2011-02-22,3.2,29.1,25.5,77,chumphon
2011-02-23,0.9,27.7,25.5,79,chumphon
2011-02-24,0.9,29.0,25.5,75,chumphon
2011-02-25,0.3,29.2,25.5,76,chumphon
2011-02-26,0.1,29.7,25.5,78,chumphon
2011-02-27,2.7,28.9,25.2,80,chumphon
2011-02-28,1.2,30.2,24.8,75,chumphon
2011-03-01,1.4,29.9,24.9,81,chumphon
2011-03-02,2.6,30.1,24.5,81,chumphon
2011-03-03,0.5,29.5,25.5,80,chumphon
2011-03-04,2.1,30.3,25.2,79,chumphon
2011-03-05,1.4,29.7,25.5,78,chumphon
2011-03-06,0.7,30.2,24.6,80,chumphon
2011-03-07,0.0,30.3,24.7,79,chumphon
2011-03-08,13.3,27.8,24.9,85,chumphon
2011-03-09,8.6,28.2,25.7,85,chumphon
2011-03-10,5.3,27.3,25.0,88,chumphon
2011-03-11,11.5,27.8,24.2,85,chumphon
2011-03-12,3.3,27.9,24.2,85,chumphon
2011-03-13,4.2,28.4,24.4,86,chumphon
2011-03-14,0.9,28.7,25.0,81,chumphon
2011-03-15,0.8,29.1,25.6,79,chumphon
2011-03-16,13.0,26.7,24.2,88,chumphon
2011-03-17,5.7,25.8,23.8,84,chumphon
2011-03-18,0.0,26.3,23.1,79,chumphon
2011-03-19,1.4,27.8,24.8,80,chumphon
2011-03-20,2.0,28.8,24.9,80,chumphon
2011-03-21,10.3,30.1,24.5,86,chumphon
2011-03-22,8.1,31.0,24.3,86,chumphon
2011-03-23,16.2,28.5,24.7,87,chumphon
2011-03-24,27.8,25.6,24.0,91,chumphon
2011-03-25,29.7,25.8,24.4,93,chumphon
2011-03-26,36.5,26.2,24.1,88,chumphon
2011-03-27,39.6,25.2,24.0,89,chumphon
2011-03-28,165.3,24.7,22.8,91,chumphon
2011-03-29,49.5,22.9,22.1,89,chumphon
2011-03-30,57.4,23.6,21.3,88,chumphon
2011-03-31,13.9,24.9,22.4,82,chumphon
2011-04-01,1.8,27.4,24.3,78,chumphon
2011-04-02,1.6,28.2,23.7,81,chumphon
2011-04-03,11.1,27.8,24.1,87,chumphon
2011-04-04,28.5,28.8,24.1,89,chumphon
2011-04-05,8.6,29.1,24.4,89,chumphon
2011-04-06,9.7,27.7,24.3,89,chumphon
2011-04-07,2.2,28.2,24.1,87,chumphon
2011-04-08,0.8,28.6,24.1,83,chumphon
2011-04-09,8.4,28.1,25.0,83,chumphon
2011-04-10,1.1,28.4,24.2,83,chumphon
2011-04-11,2.0,28.3,24.4,83,chumphon
2011-04-12,0.7,28.8,24.8,83,chumphon
2011-04-13,1.1,28.5,24.3,85,chumphon
2011-04-14,1.5,28.9,24.6,82,chumphon
2011-04-15,0.0,28.8,24.0,81,chumphon
2011-04-16,0.0,29.2,24.6,81,chumphon
2011-04-17,0.0,29.5,24.8,82,chumphon
2011-04-18,0.3,31.7,25.7,78,chumphon
2011-04-19,2.9,31.3,26.1,80,chumphon
2011-04-20,9.3,28.9,25.4,86,chumphon
2011-04-21,0.0,29.9,26.2,77,chumphon
2011-04-22,11.4,29.8,25.7,81,chumphon
2011-04-23,13.4,29.0,25.7,83,chumphon
2011-04-24,7.1,27.6,25.4,87,chumphon
2011-04-25,1.0,28.2,25.1,87,chumphon
2011-04-26,2.4,29.1,25.8,81,chumphon
2011-04-27,0.0,29.6,25.0,83,chumphon
2011-04-28,0.8,29.9,25.7,82,chumphon
2011-04-29,1.8,30.3,25.6,85,chumphon
2011-04-30,5.8,28.4,25.0,89,chumphon
2011-05-01,14.1,28.9,24.8,86,chumphon
2011-05-02,5.2,29.9,25.1,84,chumphon
2011-05-03,2.0,30.1,25.0,84,chumphon
2011-05-04,3.6,30.6,26.0,83,chumphon
2011-05-05,13.3,30.3,25.7,85,chumphon
2011-05-06,9.9,30.3,25.6,85,chumphon
2011-05-07,20.1,28.9,25.4,87,chumphon
2011-05-08,15.3,27.8,25.4,87,chumphon
2011-05-09,10.1,27.7,25.3,87,chumphon
2011-05-10,7.6,29.1,25.4,86,chumphon
2011-05-11,5.3,28.9,25.6,86,chumphon
2011-05-12,1.7,29.7,25.8,84,chumphon
2011-05-13,1.2,30.4,25.5,84,chumphon
2011-05-14,3.4,29.1,25.3,86,chumphon
2011-05-15,19.9,29.2,25.2,87,chumphon
2011-05-16,2.6,29.9,25.1,86,chumphon
2011-05-17,10.7,29.7,24.8,85,chumphon
2011-05-18,12.0,30.6,25.4,85,chumphon
2011-05-19,17.3,30.5,25.9,82,chumphon
2011-05-20,1.8,30.1,25.4,83,chumphon
2011-05-21,0.6,31.0,25.8,80,chumphon
2011-05-22,0.2,31.2,25.9,79,chumphon
2011-05-23,0.9,31.3,25.8,81,chumphon
2011-05-24,1.0,30.9,26.0,82,chumphon
2011-05-25,9.1,29.8,25.8,85,chumphon
2011-05-26,4.8,29.3,25.3,84,chumphon
2011-05-27,0.2,31.2,25.5,79,chumphon
2011-05-28,4.2,30.3,26.0,81,chumphon
2011-05-29,2.6,30.7,25.9,82,chumphon
2011-05-30,13.2,29.8,25.2,84,chumphon
2011-05-31,12.1,28.0,25.4,88,chumphon
2011-06-01,5.6,28.2,25.6,89,chumphon
2011-06-02,2.7,29.3,25.5,87,chumphon
2011-06-03,14.1,28.5,25.8,86,chumphon
2011-06-04,10.4,30.1,25.9,86,chumphon
2011-06-05,3.7,30.2,25.8,84,chumphon
2011-06-06,0.7,29.8,25.4,83,chumphon
2011-06-07,4.3,29.1,25.8,85,chumphon
2011-06-08,4.0,30.4,25.7,84,chumphon
2011-06-09,17.7,29.6,25.3,88,chumphon
2011-06-10,19.9,27.4,25.3,87,chumphon
2011-06-11,12.7,29.3,25.4,86,chumphon
2011-06-12,15.2,28.1,24.8,89,chumphon
2011-06-13,8.3,29.7,25.3,86,chumphon
2011-06-14,6.6,28.4,24.8,89,chumphon
2011-06-15,3.5,28.4,25.5,86,chumphon
2011-06-16,6.9,29.2,25.4,86,chumphon
2011-06-17,3.3,28.5,25.8,87,chumphon
2011-06-18,9.8,27.3,25.1,90,chumphon
2011-06-19,14.1,28.2,24.9,90,chumphon
2011-06-20,0.9,30.0,25.9,85,chumphon
2011-06-21,2.9,29.5,25.9,84,chumphon
2011-06-22,2.0,29.7,25.8,84,chumphon
2011-06-23,3.5,30.1,25.3,82,chumphon
2011-06-24,0.1,30.0,26.3,79,chumphon
2011-06-25,1.9,28.9,26.2,82,chumphon
2011-06-26,2.0,29.1,25.7,83,chumphon
2011-06-27,7.0,30.1,25.8,84,chumphon
2011-06-28,3.8,29.7,25.6,84,chumphon
2011-06-29,1.9,29.9,25.2,84,chumphon
2011-06-30,0.0,29.3,25.4,82,chumphon
2011-07-01,22.6,27.7,24.6,89,chumphon
2011-07-02,3.9,28.5,24.6,87,chumphon
2011-07-03,4.5,28.3,24.4,87,chumphon
2011-07-04,2.5,29.5,24.4,88,chumphon
2011-07-05,0.7,29.5,24.6,86,chumphon
2011-07-06,0.0,30.2,24.7,83,chumphon
2011-07-07,0.0,30.8,25.8,79,chumphon
2011-07-08,0.0,30.8,25.6,76,chumphon
2011-07-09,4.7,29.2,25.6,82,chumphon
2011-07-10,8.1,27.0,25.2,88,chumphon
2011-07-11,6.0,28.8,25.4,86,chumphon
2011-07-12,14.9,28.5,25.1,85,chumphon
2011-07-13,3.1,29.1,25.6,84,chumphon
2011-07-14,11.2,28.0,25.1,88,chumphon
2011-07-15,20.1,27.4,25.0,89,chumphon
2011-07-16,9.1,28.6,24.6,87,chumphon
2011-07-17,0.5,30.0,24.9,84,chumphon
2011-07-18,0.0,30.1,25.5,80,chumphon
2011-07-19,0.0,30.7,25.8,79,chumphon
2011-07-20,0.0,30.9,26.2,78,chumphon
2011-07-21,7.2,29.5,26.0,83,chumphon
2011-07-22,9.3,28.8,25.0,87,chumphon
2011-07-23,32.2,27.0,24.5,91,chumphon
2011-07-24,18.3,27.4,24.6,89,chumphon
2011-07-25,8.5,28.2,24.4,85,chumphon
2011-07-26,15.0,28.4,24.6,88,chumphon
2011-07-27,14.1,27.4,24.4,89,chumphon
2011-07-28,24.8,26.5,24.4,91,chumphon
2011-07-29,39.6,27.8,24.6,90,chumphon
2011-07-30,14.9,27.4,24.7,89,chumphon
2011-07-31,4.9,28.6,25.8,85,chumphon
2011-08-01,1.5,29.6,25.7,82,chumphon
2011-08-02,4.7,29.8,26.0,82,chumphon
2011-08-03,0.2,30.7,25.7,80,chumphon
2011-08-04,0.1,30.6,25.7,80,chumphon
2011-08-05,0.0,30.8,25.6,80,chumphon
2011-08-06,2.6,29.5,25.5,83,chumphon
2011-08-07,0.8,30.4,25.4,82,chumphon
2011-08-08,1.3,30.8,25.8,81,chumphon
2011-08-09,3.9,30.3,25.6,83,chumphon
2011-08-10,13.8,29.1,25.4,87,chumphon
2011-08-11,6.4,29.8,25.1,87,chumphon
2011-08-12,9.2,28.5,24.9,87,chumphon
2011-08-13,14.5,29.2,24.9,87,chumphon
2011-08-14,17.8,27.9,24.9,89,chumphon
2011-08-15,6.6,28.3,24.7,84,chumphon
2011-08-16,17.5,28.2,24.3,88,chumphon
2011-08-17,5.0,29.3,24.7,84,chumphon
2011-08-18,1.4,29.7,25.0,83,chumphon
2011-08-19,10.5,29.6,24.8,86,chumphon
2011-08-20,6.3,28.8,24.8,87,chumphon
2011-08-21,0.6,29.1,24.3,85,chumphon
2011-08-22,1.0,30.5,25.6,81,chumphon
2011-08-23,5.1,29.7,25.1,84,chumphon
2011-08-24,3.7,30.5,24.9,82,chumphon
2011-08-25,11.9,28.9,25.1,86,chumphon
2011-08-26,12.1,27.9,24.7,86,chumphon
2011-08-27,49.6,25.8,24.5,93,chumphon
2011-08-28,34.0,25.3,24.4,93,chumphon
2011-08-29,10.8,28.8,24.4,85,chumphon
2011-08-30,1.4,28.2,24.8,85,chumphon
2011-08-31,6.5,29.3,24.9,85,chumphon
2011-09-01,2.5,29.1,25.0,85,chumphon
2011-09-02,5.9,28.1,24.7,86,chumphon
2011-09-03,6.3,30.1,24.8,84,chumphon
2011-09-04,6.5,29.1,24.7,84,chumphon
2011-09-05,2.3,29.4,24.7,85,chumphon
2011-09-06,4.2,28.7,25.4,87,chumphon
2011-09-07,4.4,30.3,25.2,83,chumphon
2011-09-08,12.9,29.2,25.0,86,chumphon
2011-09-09,12.3,28.2,24.8,88,chumphon
2011-09-10,44.8,25.2,24.7,93,chumphon
2011-09-11,30.6,26.1,24.3,91,chumphon
2011-09-12,32.4,25.5,24.3,91,chumphon
2011-09-13,0.7,28.9,24.8,85,chumphon
2011-09-14,3.5,29.7,25.3,87,chumphon
2011-09-15,1.3,29.2,25.3,85,chumphon
2011-09-16,0.0,30.4,25.8,81,chumphon
2011-09-17,11.1,29.2,25.3,86,chumphon
2011-09-18,10.2,28.0,24.8,87,chumphon
2011-09-19,17.5,28.6,25.2,87,chumphon
2011-09-20,14.1,26.5,24.8,88,chumphon
2011-09-21,9.1,27.6,25.2,89,chumphon
2011-09-22,8.4,29.0,25.2,88,chumphon
2011-09-23,30.2,25.9,24.5,93,chumphon
2011-09-24,23.1,27.4,24.4,91,chumphon
2011-09-25,10.0,26.9,24.4,89,chumphon
2011-09-26,5.4,28.8,24.8,87,chumphon
2011-09-27,11.2,28.2,24.5,86,chumphon
2011-09-28,15.5,27.7,24.2,89,chumphon
2011-09-29,8.6,28.1,24.7,87,chumphon
2011-09-30,9.9,28.4,24.7,87,chumphon
2011-10-01,4.5,28.6,24.8,86,chumphon
2011-10-02,3.0,28.0,25.1,87,chumphon
2011-10-03,3.4,27.0,24.6,89,chumphon
2011-10-04,19.3,27.3,24.3,90,chumphon
2011-10-05,13.8,26.8,24.5,90,chumphon
2011-10-06,10.0,28.7,24.3,86,chumphon
2011-10-07,0.2,29.1,24.4,84,chumphon
2011-10-08,16.9,28.4,24.6,86,chumphon
2011-10-09,9.0,28.8,24.2,86,chumphon
2011-10-10,24.3,29.0,24.6,87,chumphon
2011-10-11,16.5,27.2,24.3,89,chumphon
2011-10-12,12.3,27.0,24.5,88,chumphon
2011-10-13,1.6,28.2,24.6,84,chumphon
2011-10-14,4.7,29.1,24.5,86,chumphon
2011-10-15,0.0,30.0,24.8,80,chumphon
2011-10-16,0.0,29.4,23.6,81,chumphon
2011-10-17,0.0,29.1,24.5,83,chumphon
2011-10-18,3.4,28.6,25.5,85,chumphon
2011-10-19,14.0,26.8,24.7,88,chumphon
2011-10-20,5.0,27.4,25.1,87,chumphon
2011-10-21,9.1,26.4,24.4,88,chumphon
2011-10-22,4.8,27.0,24.5,87,chumphon
2011-10-23,13.0,26.7,24.5,89,chumphon
2011-10-24,1.1,28.5,24.6,87,chumphon
2011-10-25,8.0,26.8,24.8,88,chumphon
2011-10-26,13.9,27.1,24.5,89,chumphon
2011-10-27,11.3,26.6,24.8,89,chumphon
2011-10-28,3.0,28.2,25.2,86,chumphon
2011-10-29,4.8,28.6,25.5,88,chumphon
2011-10-30,9.1,27.6,24.5,87,chumphon
2011-10-31,0.6,29.0,25.4,82,chumphon
2011-11-01,0.5,28.8,25.6,82,chumphon
2011-11-02,2.4,29.0,25.7,80,chumphon
2011-11-03,1.4,27.9,24.6,86,chumphon
2011-11-04,0.7,28.7,24.7,82,chumphon
2011-11-05,0.0,29.4,24.1,82,chumphon
2011-11-06,0.5,30.1,24.3,83,chumphon
2011-11-07,0.1,30.2,25.4,80,chumphon
2011-11-08,1.2,29.5,25.1,82,chumphon
2011-11-09,1.1,29.3,24.5,83,chumphon
2011-11-10,0.0,30.3,24.0,81,chumphon
2011-11-11,3.3,26.8,24.2,88,chumphon
2011-11-12,17.6,27.1,23.6,91,chumphon
2011-11-13,12.0,25.6,24.0,92,chumphon
2011-11-14,4.2,26.4,23.9,86,chumphon
2011-11-15,2.8,28.0,25.3,81,chumphon
2011-11-16,0.9,28.6,25.4,79,chumphon
2011-11-17,0.5,29.2,24.1,82,chumphon
2011-11-18,0.0,30.0,24.0,83,chumphon
2011-11-19,0.0,29.1,23.8,83,chumphon
2011-11-20,3.7,28.5,25.4,85,chumphon
2011-11-21,0.3,29.1,26.3,75,chumphon
2011-11-22,2.2,28.8,25.5,80,chumphon
2011-11-23,3.3,28.9,25.6,83,chumphon
2011-11-24,8.5,27.8,24.6,82,chumphon
2011-11-25,0.0,28.1,26.5,73,chumphon
2011-11-26,0.0,28.8,26.4,76,chumphon
2011-11-27,0.0,29.3,26.2,78,chumphon
2011-11-28,1.8,28.4,25.4,84,chumphon
2011-11-29,0.7,28.7,24.5,85,chumphon
2011-11-30,0.0,29.0,24.1,84,chumphon
2011-12-01,0.0,29.3,23.5,81,chumphon
2011-12-02,0.0,28.0,23.6,79,chumphon
2011-12-03,2.8,28.8,25.7,74,chumphon
2011-12-04,3.8,26.3,24.0,87,chumphon
2011-12-05,0.1,26.9,23.2,87,chumphon
2011-12-06,0.0,28.0,24.7,76,chumphon
2011-12-07,0.0,28.4,24.9,77,chumphon
2011-12-08,14.8,26.7,24.4,88,chumphon
2011-12-09,19.0,25.8,24.2,92,chumphon
2011-12-10,1.9,27.3,24.4,80,chumphon
2011-12-11,0.0,25.8,23.9,74,chumphon
2011-12-12,0.0,25.8,23.4,69,chumphon
2011-12-13,0.0,26.0,23.1,71,chumphon
2011-12-14,0.0,27.0,23.2,73,chumphon
2011-12-15,0.0,27.9,24.8,74,chumphon
2011-12-16,1.5,27.4,25.2,79,chumphon
2011-12-17,0.0,27.1,25.2,75,chumphon
2011-12-18,0.0,27.1,24.9,74,chumphon
2011-12-19,0.0,27.1,24.5,73,chumphon
2011-12-20,0.0,27.2,24.1,72,chumphon
2011-12-21,0.0,27.7,24.2,73,chumphon
2011-12-22,0.0,27.9,25.6,76,chumphon
2011-12-23,0.2,28.4,25.3,78,chumphon
2011-12-24,0.1,27.3,25.0,78,chumphon
2011-12-25,0.0,25.8,24.2,72,chumphon
2011-12-26,0.0,25.6,24.0,71,chumphon
2011-12-27,0.0,26.5,24.5,71,chumphon
2011-12-28,0.0,27.8,24.6,74,chumphon
2011-12-29,0.0,28.7,23.9,75,chumphon
2011-12-30,0.0,28.9,24.3,76,chumphon
2011-12-31,0.0,28.8,24.7,74,chumphon
2012-01-01,0.0,28.4,25.5,79,chumphon
2012-01-02,32.5,25.7,23.9,90,chumphon
2012-01-03,26.2,25.3,23.9,90,chumphon
2012-01-04,7.1,25.4,24.5,88,chumphon
2012-01-05,0.3,27.3,24.2,84,chumphon
2012-01-06,0.5,27.4,23.7,83,chumphon
2012-01-07,0.0,28.3,22.6,86,chumphon
2012-01-08,0.0,28.0,23.0,78,chumphon
2012-01-09,0.0,27.0,24.0,74,chumphon
2012-01-10,0.0,27.3,24.1,75,chumphon
2012-01-11,0.0,27.6,24.9,75,chumphon
2012-01-12,0.0,27.3,24.8,76,chumphon
2012-01-13,0.0,27.6,24.6,77,chumphon
2012-01-14,7.6,27.9,24.1,82,chumphon
2012-01-15,19.6,25.6,23.7,91,chumphon
2012-01-16,11.2,26.6,23.8,89,chumphon
2012-01-17,19.6,27.7,23.8,91,chumphon
2012-01-18,0.9,27.8,24.1,87,chumphon
2012-01-19,11.9,26.3,23.7,90,chumphon
2012-01-20,6.3,27.2,23.9,89,chumphon
2012-01-21,1.0,27.7,24.3,85,chumphon
2012-01-22,0.3,28.0,24.3,85,chumphon
2012-01-23,0.0,28.5,22.8,86,chumphon
2012-01-24,1.0,28.4,23.4,88,chumphon
2012-01-25,6.9,28.9,24.0,85,chumphon
2012-01-26,0.5,28.3,24.0,83,chumphon
2012-01-27,0.5,27.7,23.6,86,chumphon
2012-01-28,4.3,28.5,24.0,86,chumphon
2012-01-29,0.3,28.3,23.4,87,chumphon
2012-01-30,27.1,25.9,24.0,91,chumphon
2012-01-31,22.2,25.8,23.9,92,chumphon
2012-02-01,12.1,27.2,24.0,89,chumphon
2012-02-02,8.9,26.7,23.9,89,chumphon
2012-02-03,5.1,27.2,23.6,87,chumphon
2012-02-04,0.6,27.8,25.2,81,chumphon
2012-02-05,0.5,27.9,24.3,82,chumphon
2012-02-06,0.1,28.5,23.4,85,chumphon
2012-02-07,0.1,29.2,23.9,83,chumphon
2012-02-08,0.0,28.7,24.2,88,chumphon
2012-02-09,0.4,27.8,24.1,86,chumphon
2012-02-10,0.0,28.3,24.9,77,chumphon
2012-02-11,0.1,28.8,24.5,77,chumphon
2012-02-12,1.2,28.8,24.3,83,chumphon
2012-02-13,0.0,28.7,24.7,83,chumphon
2012-02-14,0.1,28.5,24.6,83,chumphon
2012-02-15,0.1,29.1,23.6,84,chumphon
2012-02-16,0.3,29.8,24.1,85,chumphon
2012-02-17,0.6,29.5,24.5,83,chumphon
2012-02-18,19.5,27.0,24.0,87,chumphon
2012-02-19,22.4,25.5,23.6,91,chumphon
2012-02-20,1.2,28.4,23.8,82,chumphon
2012-02-21,0.0,29.2,23.2,76,chumphon
2012-02-22,0.0,29.5,22.5,78,chumphon
2012-02-23,0.0,30.0,24.1,80,chumphon
2012-02-24,0.6,29.4,24.8,84,chumphon
2012-02-25,0.0,29.8,25.2,82,chumphon
2012-02-26,0.0,29.8,24.8,82,chumphon
2012-02-27,0.2,29.4,25.5,83,chumphon
2012-02-28,1.8,29.1,25.9,80,chumphon
2012-02-29,0.2,29.9,24.7,77,chumphon
2012-03-01,0.3,29.7,24.1,81,chumphon
2012-03-02,2.6,30.2,24.4,81,chumphon
2012-03-03,1.8,28.8,24.8,83,chumphon
2012-03-04,4.8,27.3,24.8,85,chumphon
2012-03-05,8.2,29.3,24.7,82,chumphon
2012-03-06,1.1,29.4,24.6,84,chumphon
2012-03-07,3.1,30.0,24.7,84,chumphon
2012-03-08,13.3,29.6,25.4,84,chumphon
2012-03-09,1.6,29.4,24.5,84,chumphon
2012-03-10,3.5,28.1,24.9,88,chumphon
2012-03-11,5.8,27.4,25.3,88,chumphon
2012-03-12,2.8,28.6,25.1,84,chumphon
2012-03-13,2.3,29.0,25.6,82,chumphon
2012-03-14,0.3,30.2,24.3,83,chumphon
2012-03-15,2.0,29.8,24.6,82,chumphon
2012-03-16,0.3,30.7,24.9,81,chumphon
2012-03-17,4.0,30.9,25.1,81,chumphon
2012-03-18,0.4,30.8,25.3,76,chumphon
2012-03-19,0.6,30.9,24.9,77,chumphon
2012-03-20,0.1,32.0,25.1,69,chumphon
2012-03-21,0.0,32.1,24.0,67,chumphon
2012-03-22,0.1,31.7,24.4,70,chumphon
2012-03-23,0.2,31.6,25.0,70,chumphon
2012-03-24,0.0,32.3,25.1,70,chumphon
2012-03-25,0.3,30.9,24.4,75,chumphon
2012-03-26,21.5,29.1,25.6,81,chumphon
2012-03-27,2.6,30.2,25.4,81,chumphon
2012-03-28,0.0,31.2,25.1,79,chumphon
2012-03-29,0.1,31.3,25.8,76,chumphon
2012-03-30,0.9,32.3,25.8,75,chumphon
2012-03-31,1.3,33.6,26.4,73,chumphon
2012-04-01,4.8,28.7,25.9,80,chumphon
2012-04-02,11.3,30.8,25.5,81,chumphon
2012-04-03,3.9,30.4,25.5,80,chumphon
2012-04-04,10.2,29.8,24.7,84,chumphon
2012-04-05,12.1,30.3,24.8,84,chumphon
2012-04-06,0.4,29.6,25.3,83,chumphon
2012-04-07,2.7,29.5,25.5,82,chumphon
2012-04-08,2.7,29.1,25.1,81,chumphon
2012-04-09,1.6,27.8,24.9,83,chumphon
2012-04-10,2.5,29.1,25.3,83,chumphon
2012-04-11,2.8,30.5,25.5,82,chumphon
2012-04-12,0.0,30.4,25.2,82,chumphon
2012-04-13,3.1,30.1,25.7,83,chumphon
2012-04-14,4.9,30.3,25.5,84,chumphon
2012-04-15,0.9,30.3,25.9,84,chumphon
2012-04-16,6.3,30.3,25.5,84,chumphon
2012-04-17,1.0,31.0,25.5,82,chumphon
2012-04-18,3.3,31.0,25.7,82,chumphon
2012-04-19,6.9,31.4,25.9,83,chumphon
2012-04-20,8.7,31.5,26.1,84,chumphon
2012-04-21,1.4,30.7,25.8,83,chumphon
2012-04-22,3.3,30.9,25.9,83,chumphon
2012-04-23,1.0,31.6,25.7,79,chumphon
2012-04-24,0.7,31.6,26.6,78,chumphon
2012-04-25,1.7,32.6,26.5,78,chumphon
2012-04-26,10.6,31.1,26.6,82,chumphon
2012-04-27,6.3,31.0,26.5,83,chumphon
2012-04-28,6.1,30.6,26.0,82,chumphon
2012-04-29,3.1,31.3,26.5,80,chumphon
2012-04-30,10.2,31.8,26.0,81,chumphon
2012-05-01,4.6,31.4,26.5,80,chumphon
2012-05-02,10.6,30.6,25.5,83,chumphon
2012-05-03,6.1,30.6,25.4,83,chumphon
2012-05-04,3.9,29.0,25.0,84,chumphon
2012-05-05,3.6,29.1,25.7,83,chumphon
2012-05-06,2.4,28.4,25.3,83,chumphon
2012-05-07,5.1,29.0,25.3,85,chumphon
2012-05-08,7.7,30.3,25.4,84,chumphon
2012-05-09,6.9,30.6,25.5,82,chumphon
2012-05-10,5.0,31.4,25.6,82,chumphon
2012-05-11,3.6,31.4,26.0,81,chumphon
2012-05-12,3.8,31.2,26.2,80,chumphon
2012-05-13,4.5,30.5,25.9,82,chumphon
2012-05-14,1.6,32.0,26.6,76,chumphon
2012-05-15,3.7,30.3,26.4,81,chumphon
2012-05-16,10.4,29.9,26.0,84,chumphon
2012-05-17,5.7,29.4,25.3,85,chumphon
2012-05-18,4.4,30.4,25.4,82,chumphon
2012-05-19,9.0,31.1,25.7,81,chumphon
2012-05-20,0.0,31.5,25.8,78,chumphon
2012-05-21,1.4,30.9,26.2,79,chumphon
2012-05-22,2.2,30.8,26.1,81,chumphon
2012-05-23,3.4,30.9,25.4,81,chumphon
2012-05-24,18.7,29.5,25.6,84,chumphon
2012-05-25,22.0,29.3,25.5,86,chumphon
2012-05-26,18.4,29.7,24.9,87,chumphon
2012-05-27,13.2,28.3,25.2,87,chumphon
2012-05-28,5.6,28.5,25.4,86,chumphon
2012-05-29,8.8,28.1,25.5,86,chumphon
2012-05-30,5.8,29.6,25.5,87,chumphon
2012-05-31,3.1,29.0,25.4,84,chumphon
2012-06-01,3.0,29.8,25.6,83,chumphon
2012-06-02,2.7,27.9,25.4,88,chumphon
2012-06-03,5.1,29.2,25.7,86,chumphon
2012-06-04,5.2,28.3,25.5,89,chumphon
2012-06-05,5.3,28.4,25.2,88,chumphon
2012-06-06,26.1,27.4,24.4,91,chumphon
2012-06-07,66.2,25.8,24.4,93,chumphon
2012-06-08,12.7,27.6,25.2,89,chumphon
2012-06-09,3.3,29.7,25.1,84,chumphon
2012-06-10,2.0,29.2,25.6,82,chumphon
2012-06-11,10.2,29.5,25.6,83,chumphon
2012-06-12,0.0,29.5,25.5,81,chumphon
2012-06-13,0.0,30.8,25.3,78,chumphon
2012-06-14,1.4,29.6,25.7,82,chumphon
2012-06-15,0.0,30.3,25.4,78,chumphon
2012-06-16,1.5,30.0,25.5,80,chumphon
2012-06-17,2.4,29.3,25.5,83,chumphon
2012-06-18,0.7,30.0,25.8,82,chumphon
2012-06-19,0.2,30.3,26.4,80,chumphon
2012-06-20,0.0,31.2,26.5,76,chumphon
2012-06-21,1.0,31.2,26.1,78,chumphon
2012-06-22,0.7,30.7,25.7,79,chumphon
2012-06-23,0.0,30.6,25.7,78,chumphon
2012-06-24,0.3,30.6,25.7,78,chumphon
2012-06-25,1.4,30.0,25.9,79,chumphon
2012-06-26,0.0,31.7,25.8,75,chumphon
2012-06-27,0.4,30.9,26.0,76,chumphon
2012-06-28,0.2,30.9,26.2,75,chumphon
2012-06-29,6.6,30.3,25.5,81,chumphon
2012-06-30,4.6,28.6,25.2,84,chumphon
2012-07-01,4.9,30.2,25.5,80,chumphon
2012-07-02,0.8,30.6,25.5,79,chumphon
2012-07-03,7.1,30.2,25.5,83,chumphon
2012-07-04,10.0,28.1,25.0,87,chumphon
2012-07-05,12.3,26.8,24.9,89,chumphon
2012-07-06,14.4,29.2,25.2,87,chumphon
2012-07-07,5.0,27.9,24.9,88,chumphon
2012-07-08,7.0,28.5,24.8,86,chumphon
2012-07-09,9.3,27.0,24.4,88,chumphon
2012-07-10,5.7,28.9,24.9,83,chumphon
2012-07-11,0.0,30.4,25.2,81,chumphon
2012-07-12,23.3,28.5,24.8,87,chumphon
2012-07-13,16.6,27.6,24.6,90,chumphon
2012-07-14,10.6,28.5,24.8,88,chumphon
2012-07-15,0.4,30.3,24.6,81,chumphon
2012-07-16,0.0,30.7,25.3,79,chumphon
2012-07-17,5.3,29.3,25.1,82,chumphon
2012-07-18,4.3,28.8,25.3,85,chumphon
2012-07-19,6.0,28.0,25.1,88,chumphon
2012-07-20,3.5,29.1,24.6,85,chumphon
2012-07-21,1.0,30.0,25.8,81,chumphon
2012-07-22,0.0,30.5,25.9,79,chumphon
2012-07-23,0.3,30.7,25.6,80,chumphon
2012-07-24,3.9,29.0,25.7,83,chumphon
2012-07-25,0.2,30.6,25.3,76,chumphon
2012-07-26,6.5,29.6,25.0,82,chumphon
2012-07-27,1.5,29.3,25.5,82,chumphon
2012-07-28,15.3,28.6,25.1,87,chumphon
2012-07-29,0.0,29.3,25.3,85,chumphon
2012-07-30,2.2,28.5,25.4,85,chumphon
2012-07-31,1.6,29.7,26.2,81,chumphon
2012-08-01,3.5,27.7,25.2,86,chumphon
2012-08-02,5.0,28.1,25.1,87,chumphon
2012-08-03,1.9,28.5,25.4,85,chumphon
2012-08-04,2.8,30.5,25.5,81,chumphon
2012-08-05,0.3,30.7,25.8,79,chumphon
2012-08-06,1.4,30.7,25.7,80,chumphon
2012-08-07,0.9,29.8,25.7,83,chumphon
2012-08-08,3.1,29.3,25.4,83,chumphon
2012-08-09,0.9,31.0,25.4,79,chumphon
2012-08-10,0.1,30.9,26.0,79,chumphon
2012-08-11,0.0,30.7,25.3,79,chumphon
2012-08-12,2.0,30.7,25.4,82,chumphon
2012-08-13,1.0,30.2,25.6,80,chumphon
2012-08-14,7.6,30.2,25.6,80,chumphon
2012-08-15,0.0,31.3,25.8,75,chumphon
2012-08-16,4.4,30.4,25.5,80,chumphon
2012-08-17,12.9,28.9,25.2,85,chumphon
2012-08-18,13.8,28.5,25.0,85,chumphon
2012-08-19,3.5,30.1,25.0,83,chumphon
2012-08-20,2.8,29.9,24.9,83,chumphon
2012-08-21,15.5,29.7,25.0,84,chumphon
2012-08-22,4.8,28.3,24.7,87,chumphon
2012-08-23,12.9,28.7,25.0,85,chumphon
2012-08-24,18.4,28.8,24.7,86,chumphon
2012-08-25,6.5,28.9,24.5,86,chumphon
2012-08-26,13.3,27.9,24.8,87,chumphon
2012-08-27,18.7,26.9,24.8,90,chumphon
2012-08-28,27.3,26.3,24.4,92,chumphon
2012-08-29,7.4,28.2,24.6,84,chumphon
2012-08-30,12.4,28.1,25.1,85,chumphon
2012-08-31,2.6,29.5,24.7,84,chumphon
2012-09-01,0.4,29.7,25.0,81,chumphon
2012-09-02,9.2,27.1,24.6,89,chumphon
2012-09-03,1.8,30.6,25.2,82,chumphon
2012-09-04,0.2,30.2,25.6,82,chumphon
2012-09-05,7.7,26.7,24.6,89,chumphon
2012-09-06,30.5,26.7,24.5,90,chumphon
2012-09-07,9.2,27.4,24.4,88,chumphon
2012-09-08,3.1,28.6,24.5,85,chumphon
2012-09-09,0.0,29.9,24.1,82,chumphon
2012-09-10,0.2,30.1,25.1,82,chumphon
2012-09-11,27.5,27.8,24.6,87,chumphon
2012-09-12,12.4,28.5,24.6,88,chumphon
2012-09-13,14.4,27.6,24.4,88,chumphon
2012-09-14,18.3,25.9,24.1,90,chumphon
2012-09-15,19.3,27.5,24.0,89,chumphon
2012-09-16,17.1,25.8,24.2,92,chumphon
2012-09-17,18.7,26.7,24.0,92,chumphon
2012-09-18,4.0,29.1,24.1,84,chumphon
2012-09-19,21.6,28.2,24.7,87,chumphon
2012-09-20,18.5,27.8,24.5,87,chumphon
2012-09-21,1.6,29.1,24.8,84,chumphon
2012-09-22,11.3,28.9,25.0,85,chumphon
2012-09-23,14.8,28.6,24.8,86,chumphon
2012-09-24,8.7,28.0,24.7,87,chumphon
2012-09-25,12.0,28.2,24.5,88,chumphon
2012-09-26,17.1,28.1,24.5,89,chumphon
2012-09-27,22.7,27.0,24.4,88,chumphon
2012-09-28,17.7,26.5,24.2,89,chumphon
2012-09-29,10.0,28.0,24.0,88,chumphon
2012-09-30,21.6,27.1,24.0,90,chumphon
2012-10-01,8.0,28.6,24.0,86,chumphon
2012-10-02,0.0,30.3,24.5,76,chumphon
2012-10-03,7.7,29.6,25.0,84,chumphon
2012-10-04,2.4,29.5,25.0,84,chumphon
2012-10-05,13.4,28.9,24.8,86,chumphon
2012-10-06,13.3,28.5,24.8,88,chumphon
2012-10-07,11.1,27.1,24.6,89,chumphon
2012-10-08,16.4,26.8,24.0,90,chumphon
2012-10-09,18.5,26.3,24.2,89,chumphon
2012-10-10,3.3,29.3,23.6,87,chumphon
2012-10-11,7.9,29.6,24.6,87,chumphon
2012-10-12,0.0,29.5,24.3,84,chumphon
2012-10-13,0.8,29.9,24.7,83,chumphon
2012-10-14,0.2,29.3,24.6,83,chumphon
2012-10-15,2.7,28.2,25.0,84,chumphon
2012-10-16,0.8,28.1,24.5,87,chumphon
2012-10-17,1.0,29.0,24.9,84,chumphon
2012-10-18,17.8,26.9,25.0,90,chumphon
2012-10-19,0.4,28.9,25.4,80,chumphon
2012-10-20,0.9,29.0,25.2,80,chumphon
2012-10-21,1.8,29.2,25.3,81,chumphon
2012-10-22,2.0,28.3,24.7,87,chumphon
2012-10-23,6.0,27.5,24.8,87,chumphon
2012-10-24,98.0,25.3,24.6,93,chumphon
2012-10-25,6.6,27.4,24.4,89,chumphon
2012-10-26,0.2,28.6,24.5,86,chumphon
2012-10-27,0.0,28.9,24.0,86,chumphon
2012-10-28,0.0,29.3,24.3,83,chumphon
2012-10-29,0.0,29.4,24.3,82,chumphon
2012-10-30,2.3,29.6,24.8,82,chumphon
2012-10-31,10.4,28.0,24.9,87,chumphon
2012-11-01,13.8,26.7,24.8,90,chumphon
2012-11-02,2.3,28.2,24.5,84,chumphon
2012-11-03,4.8,28.0,24.7,87,chumphon
2012-11-04,5.8,27.6,24.2,90,chumphon
2012-11-05,4.9,28.8,24.3,87,chumphon
2012-11-06,7.3,28.3,24.5,88,chumphon
2012-11-07,4.0,28.5,24.6,87,chumphon
2012-11-08,0.1,29.3,25.0,83,chumphon
2012-11-09,0.1,29.7,24.5,83,chumphon
2012-11-10,0.0,29.8,24.6,82,chumphon
2012-11-11,2.1,29.9,25.0,81,chumphon
2012-11-12,22.0,26.9,24.8,90,chumphon
2012-11-13,2.3,29.0,25.3,85,chumphon
2012-11-14,1.7,29.4,25.3,86,chumphon
2012-11-15,0.2,29.9,24.6,84,chumphon
2012-11-16,1.5,30.2,25.4,84,chumphon
2012-11-17,0.6,29.7,25.7,82,chumphon
2012-11-18,13.1,27.8,25.3,88,chumphon
2012-11-19,6.4,27.3,24.9,91,chumphon
2012-11-20,3.0,28.4,24.6,86,chumphon
2012-11-21,7.5,27.7,24.4,87,chumphon
2012-11-22,6.7,29.0,24.8,86,chumphon
2012-11-23,1.5,29.2,24.7,87,chumphon
2012-11-24,6.6,28.0,24.6,90,chumphon
2012-11-25,18.5,26.6,24.5,92,chumphon
2012-11-26,34.0,25.4,24.5,93,chumphon
2012-11-27,27.1,25.7,24.4,93,chumphon
2012-11-28,16.7,26.5,24.7,91,chumphon
2012-11-29,13.0,26.9,24.7,90,chumphon
2012-11-30,12.7,27.8,25.5,88,chumphon
2012-12-01,5.1,27.6,24.9,89,chumphon
2012-12-02,0.2,28.3,25.3,84,chumphon
2012-12-03,0.2,28.4,24.0,88,chumphon
2012-12-04,0.0,28.2,24.1,86,chumphon
2012-12-05,0.0,28.5,23.9,82,chumphon
2012-12-06,0.0,28.7,23.9,80,chumphon
2012-12-07,0.0,28.1,22.3,83,chumphon
2012-12-08,0.0,28.4,22.6,81,chumphon
2012-12-09,0.5,28.4,22.4,84,chumphon
2012-12-10,0.6,28.6,24.2,84,chumphon
2012-12-11,0.6,28.5,24.2,86,chumphon
2012-12-12,0.2,29.0,24.4,84,chumphon
2012-12-13,0.2,29.4,25.4,75,chumphon
2012-12-14,12.9,27.5,25.6,82,chumphon
2012-12-15,6.2,28.7,25.8,84,chumphon
2012-12-16,1.3,28.4,24.9,87,chumphon
2012-12-17,0.2,29.0,25.1,87,chumphon
2012-12-18,0.1,29.1,24.6,86,chumphon
2012-12-19,1.2,29.4,24.9,86,chumphon
2012-12-20,0.2,29.2,25.8,81,chumphon
2012-12-21,0.2,29.1,25.3,82,chumphon
2012-12-22,6.3,28.6,25.5,85,chumphon
2012-12-23,6.2,27.6,25.0,87,chumphon
2012-12-24,6.3,26.8,25.1,80,chumphon
2012-12-25,0.0,27.8,25.6,72,chumphon
2012-12-26,0.0,28.7,25.2,72,chumphon
2012-12-27,0.5,28.6,25.5,76,chumphon
2012-12-28,0.0,29.7,23.5,80,chumphon
2012-12-29,0.0,30.8,24.5,77,chumphon
2012-12-30,3.9,28.4,25.4,84,chumphon
2012-12-31,26.8,26.3,24.8,88,chumphon
2013-01-01,0.0,28.3,25.4,78,chumphon
2013-01-02,0.1,28.6,26.2,76,chumphon
2013-01-03,0.8,28.7,25.0,78,chumphon
2013-01-04,0.0,29.1,24.4,76,chumphon
2013-01-05,1.6,28.1,24.8,80,chumphon
2013-01-06,0.0,28.5,25.0,77,chumphon
2013-01-07,0.0,28.8,23.5,75,chumphon
2013-01-08,0.0,30.3,22.7,75,chumphon
2013-01-09,0.0,30.0,23.9,77,chumphon
2013-01-10,0.0,30.1,23.1,79,chumphon
2013-01-11,0.0,30.5,23.1,73,chumphon
2013-01-12,0.0,29.6,23.1,79,chumphon
2013-01-13,0.0,29.6,22.8,75,chumphon
2013-01-14,0.0,29.4,23.0,75,chumphon
2013-01-15,3.5,27.9,24.3,84,chumphon
2013-01-16,3.7,27.0,24.2,86,chumphon
2013-01-17,0.9,28.0,24.4,82,chumphon
2013-01-18,0.0,28.1,25.1,67,chumphon
2013-01-19,0.0,28.1,25.5,67,chumphon
2013-01-20,0.0,29.0,25.1,69,chumphon
2013-01-21,0.0,29.1,24.8,73,chumphon
2013-01-22,0.6,28.7,24.3,79,chumphon
2013-01-23,0.5,27.9,25.2,83,chumphon
2013-01-24,4.9,27.8,24.5,85,chumphon
2013-01-25,5.2,27.6,24.3,87,chumphon
2013-01-26,3.4,27.9,24.3,83,chumphon
2013-01-27,0.4,28.6,25.7,74,chumphon
2013-01-28,0.0,28.2,25.4,75,chumphon
2013-01-29,2.5,27.8,24.4,78,chumphon
2013-01-30,3.0,26.5,24.1,85,chumphon
2013-01-31,1.3,28.2,25.5,78,chumphon
2013-02-01,0.9,28.0,25.6,80,chumphon
2013-02-02,2.6,27.9,25.1,83,chumphon
2013-02-03,0.5,28.1,24.8,83,chumphon
2013-02-04,0.0,29.2,25.2,81,chumphon
2013-02-05,0.5,28.7,24.4,84,chumphon
2013-02-06,0.0,28.7,24.7,82,chumphon
2013-02-07,0.0,29.2,24.2,84,chumphon
2013-02-08,0.0,29.4,25.1,82,chumphon
2013-02-09,0.0,29.3,24.1,80,chumphon
2013-02-10,1.2,28.4,25.9,77,chumphon
2013-02-11,1.9,28.4,25.4,78,chumphon
2013-02-12,0.0,29.1,24.5,76,chumphon
2013-02-13,3.6,28.3,25.4,81,chumphon
2013-02-14,1.2,28.5,24.8,83,chumphon
2013-02-15,1.1,28.9,24.1,83,chumphon
2013-02-16,2.9,28.3,24.3,86,chumphon
2013-02-17,3.3,28.2,24.2,85,chumphon
2013-02-18,0.2,28.6,24.3,82,chumphon
2013-02-19,0.0,29.6,23.5,82,chumphon
2013-02-20,0.0,30.0,24.0,81,chumphon
2013-02-21,0.0,30.1,24.1,80,chumphon
2013-02-22,0.0,31.0,24.1,77,chumphon
2013-02-23,5.0,28.1,25.6,76,chumphon
2013-02-24,1.2,30.0,26.0,69,chumphon
2013-02-25,6.2,29.1,25.3,79,chumphon
2013-02-26,0.9,30.2,25.1,79,chumphon
2013-02-27,3.0,29.3,25.3,83,chumphon
2013-02-28,1.8,28.7,24.6,84,chumphon
2013-03-01,0.6,29.7,25.7,81,chumphon
2013-03-02,0.3,29.7,25.5,78,chumphon
2013-03-03,0.1,29.6,25.9,79,chumphon
2013-03-04,1.3,28.2,25.8,79,chumphon
2013-03-05,6.6,27.1,24.3,84,chumphon
2013-03-06,0.8,28.8,25.3,76,chumphon
2013-03-07,0.6,29.2,24.5,82,chumphon
2013-03-08,0.5,29.0,24.7,82,chumphon
2013-03-09,0.9,29.5,24.8,81,chumphon
2013-03-10,3.1,29.4,24.4,82,chumphon
2013-03-11,0.3,29.8,25.2,81,chumphon
2013-03-12,0.6,29.9,25.5,79,chumphon
2013-03-13,0.6,30.9,25.1,77,chumphon
2013-03-14,2.4,30.1,25.5,80,chumphon
2013-03-15,1.9,29.4,25.2,80,chumphon
2013-03-16,2.1,29.7,26.6,78,chumphon
2013-03-17,0.1,30.1,26.3,77,chumphon
2013-03-18,0.0,30.7,25.2,75,chumphon
2013-03-19,1.2,31.0,25.1,76,chumphon
2013-03-20,0.1,31.5,25.8,76,chumphon
2013-03-21,0.0,30.5,24.6,76,chumphon
2013-03-22,0.0,31.3,25.3,73,chumphon
2013-03-23,0.0,31.2,25.5,74,chumphon
2013-03-24,0.0,31.8,25.4,77,chumphon
2013-03-25,0.5,33.7,26.8,70,chumphon
2013-03-26,0.0,33.4,26.2,69,chumphon
2013-03-27,0.0,33.6,26.0,66,chumphon
2013-03-28,0.0,33.2,26.2,67,chumphon
2013-03-29,0.0,32.9,26.2,70,chumphon
2013-03-30,0.4,32.5,26.4,71,chumphon
2013-03-31,0.0,32.4,27.2,73,chumphon
2013-04-01,0.5,31.9,27.1,74,chumphon
2013-04-02,0.6,31.4,27.1,78,chumphon
2013-04-03,0.1,32.4,27.0,76,chumphon
2013-04-04,1.0,33.0,27.5,74,chumphon
2013-04-05,0.0,34.7,26.8,65,chumphon
2013-04-06,0.0,34.5,27.3,63,chumphon
2013-04-07,0.0,34.3,27.2,64,chumphon
2013-04-08,0.0,34.8,26.5,65,chumphon
2013-04-09,0.0,33.7,25.6,68,chumphon
2013-04-10,0.2,32.2,26.4,70,chumphon
2013-04-11,27.4,29.6,25.7,84,chumphon
2013-04-12,10.0,28.9,25.6,85,chumphon
2013-04-13,28.5,27.3,25.2,88,chumphon
2013-04-14,34.3,26.2,25.2,90,chumphon
2013-04-15,28.2,27.5,24.8,87,chumphon
2013-04-16,18.0,26.8,24.7,88,chumphon
2013-04-17,5.0,29.5,25.5,86,chumphon
2013-04-18,0.0,31.5,25.5,77,chumphon
2013-04-19,0.4,31.4,25.5,76,chumphon
2013-04-20,0.0,31.8,25.8,76,chumphon
2013-04-21,1.7,31.3,26.3,80,chumphon
2013-04-22,0.9,30.4,25.5,84,chumphon
2013-04-23,1.7,30.5,26.7,80,chumphon
2013-04-24,3.3,29.5,26.6,84,chumphon
2013-04-25,4.8,29.6,25.1,85,chumphon
2013-04-26,2.9,31.1,25.8,82,chumphon
2013-04-27,8.5,30.3,25.9,85,chumphon
2013-04-28,9.1,29.5,25.5,86,chumphon
2013-04-29,1.2,30.1,25.5,85,chumphon
2013-04-30,4.1,30.3,26.2,85,chumphon
2013-05-01,4.7,31.1,25.7,82,chumphon
2013-05-02,5.1,31.5,26.7,80,chumphon
2013-05-03,3.4,30.8,26.6,84,chumphon
2013-05-04,0.6,30.7,25.8,83,chumphon
2013-05-05,7.9,28.8,26.4,85,chumphon
2013-05-06,14.1,28.3,25.9,88,chumphon
2013-05-07,3.2,29.8,26.1,83,chumphon
2013-05-08,4.6,30.9,26.8,82,chumphon
2013-05-09,3.1,30.0,25.4,85,chumphon
2013-05-10,2.1,30.6,27.0,79,chumphon
2013-05-11,13.9,30.2,25.4,85,chumphon
2013-05-12,3.4,29.8,25.3,86,chumphon
2013-05-13,0.2,31.5,26.3,80,chumphon
2013-05-14,1.3,32.1,26.7,76,chumphon
2013-05-15,10.6,31.2,27.0,82,chumphon
2013-05-16,3.8,32.0,26.9,82,chumphon
2013-05-17,7.3,30.8,26.4,84,chumphon
2013-05-18,8.5,29.6,25.9,86,chumphon
2013-05-19,10.0,29.5,25.7,86,chumphon
2013-05-20,3.8,28.4,26.0,87,chumphon
2013-05-21,12.4,28.3,25.8,87,chumphon
2013-05-22,1.5,30.5,26.0,86,chumphon
2013-05-23,0.0,30.4,26.0,82,chumphon
2013-05-24,12.4,29.4,25.9,85,chumphon
2013-05-25,10.8,28.8,25.5,86,chumphon
2013-05-26,13.4,29.7,25.6,86,chumphon
2013-05-27,1.1,30.7,25.7,80,chumphon
2013-05-28,9.3,29.2,25.7,85,chumphon
2013-05-29,0.3,30.9,25.7,79,chumphon
2013-05-30,8.7,30.0,25.9,84,chumphon
2013-05-31,3.3,30.6,25.8,81,chumphon
2013-06-01,0.5,30.1,25.8,80,chumphon
2013-06-02,2.9,29.5,25.2,83,chumphon
2013-06-03,11.3,28.8,25.6,86,chumphon
2013-06-04,8.3,28.7,25.4,85,chumphon
2013-06-05,15.4,28.1,25.0,89,chumphon
2013-06-06,19.6,28.1,24.5,89,chumphon
2013-06-07,3.6,29.9,25.8,83,chumphon
2013-06-08,1.0,31.3,26.3,79,chumphon
2013-06-09,0.9,30.8,26.1,82,chumphon
2013-06-10,19.2,29.3,25.8,85,chumphon
2013-06-11,6.6,30.1,25.7,84,chumphon
2013-06-12,9.5,28.2,25.0,88,chumphon
2013-06-13,19.0,28.2,24.9,90,chumphon
2013-06-14,22.3,27.7,25.0,91,chumphon
2013-06-15,10.2,28.5,25.0,89,chumphon
2013-06-16,41.8,26.6,24.8,93,chumphon
2013-06-17,19.4,27.7,25.0,90,chumphon
2013-06-18,11.7,28.3,25.2,87,chumphon
2013-06-19,9.6,29.2,25.3,86,chumphon
2013-06-20,4.9,29.0,25.5,85,chumphon
2013-06-21,4.5,29.0,25.6,86,chumphon
2013-06-22,4.1,28.2,25.7,86,chumphon
2013-06-23,5.0,28.7,25.5,87,chumphon
2013-06-24,1.9,30.0,25.6,83,chumphon
2013-06-25,2.3,30.4,25.8,82,chumphon
2013-06-26,17.6,29.1,25.8,88,chumphon
2013-06-27,5.4,29.1,25.3,84,chumphon
2013-06-28,17.6,28.8,25.3,86,chumphon
2013-06-29,3.7,30.3,25.3,83,chumphon
2013-06-30,5.9,29.2,25.4,86,chumphon
2013-07-01,17.9,29.2,25.4,86,chumphon
2013-07-02,6.2,28.5,25.0,88,chumphon
2013-07-03,11.3,28.2,24.8,86,chumphon
2013-07-04,21.1,27.4,24.9,87,chumphon
2013-07-05,6.4,28.7,24.8,86,chumphon
2013-07-06,10.3,28.2,25.0,88,chumphon
2013-07-07,14.7,26.9,24.4,90,chumphon
2013-07-08,9.3,27.2,24.6,88,chumphon
2013-07-09,3.2,28.2,25.0,85,chumphon
2013-07-10,20.8,27.5,24.5,88,chumphon
2013-07-11,1.3,29.3,24.5,83,chumphon
2013-07-12,7.6,29.3,25.2,83,chumphon
2013-07-13,14.1,29.6,25.3,83,chumphon
2013-07-14,11.2,28.9,24.6,85,chumphon
2013-07-15,17.7,26.4,24.5,90,chumphon
2013-07-16,7.5,28.6,24.7,85,chumphon
2013-07-17,5.7,26.9,25.2,89,chumphon
2013-07-18,18.2,27.5,24.4,90,chumphon
2013-07-19,9.7,27.3,24.5,89,chumphon
2013-07-20,6.7,28.4,25.1,87,chumphon
2013-07-21,15.6,26.5,24.4,90,chumphon
2013-07-22,16.3,28.0,24.5,88,chumphon
2013-07-23,22.0,25.5,24.5,92,chumphon
2013-07-24,19.1,26.9,24.6,90,chumphon
2013-07-25,2.8,29.3,25.0,85,chumphon
2013-07-26,0.7,30.1,25.4,82,chumphon
2013-07-27,0.7,29.9,25.7,80,chumphon
2013-07-28,4.0,29.1,25.6,82,chumphon
2013-07-29,0.8,29.7,25.5,81,chumphon
2013-07-30,3.5,28.6,25.2,86,chumphon
2013-07-31,13.7,27.6,24.8,89,chumphon
2013-08-01,8.8,27.6,24.8,89,chumphon
2013-08-02,30.0,26.1,23.9,93,chumphon
2013-08-03,26.2,26.7,24.2,92,chumphon
2013-08-04,10.9,28.4,24.2,87,chumphon
2013-08-05,2.2,29.8,24.0,83,chumphon
2013-08-06,9.7,27.4,24.7,86,chumphon
2013-08-07,0.4,30.4,25.1,82,chumphon
2013-08-08,18.0,29.0,24.8,87,chumphon
2013-08-09,6.1,28.3,24.6,87,chumphon
2013-08-10,11.2,28.6,24.9,85,chumphon
2013-08-11,0.4,28.7,25.0,83,chumphon
2013-08-12,13.2,28.4,24.9,87,chumphon
2013-08-13,14.3,29.2,24.6,86,chumphon
2013-08-14,9.1,29.7,24.7,85,chumphon
2013-08-15,1.9,29.8,25.2,83,chumphon
2013-08-16,1.0,30.3,25.5,80,chumphon
2013-08-17,0.1,30.4,25.6,79,chumphon
2013-08-18,0.4,30.1,25.9,79,chumphon
2013-08-19,0.0,29.9,25.5,75,chumphon
2013-08-20,0.0,30.0,25.1,74,chumphon
2013-08-21,3.4,29.4,25.5,80,chumphon
2013-08-22,1.4,29.9,25.2,80,chumphon
2013-08-23,1.9,28.2,25.0,85,chumphon
2013-08-24,9.0,28.8,24.9,87,chumphon
2013-08-25,2.8,29.6,25.4,84,chumphon
2013-08-26,0.5,30.5,25.3,80,chumphon
2013-08-27,1.9,29.7,25.3,83,chumphon
2013-08-28,2.3,29.7,25.1,83,chumphon
2013-08-29,3.5,30.1,25.6,82,chumphon
2013-08-30,15.7,29.3,25.2,86,chumphon
2013-08-31,20.2,29.2,24.9,87,chumphon
2013-09-01,13.1,29.4,24.8,85,chumphon
2013-09-02,0.7,29.0,24.3,85,chumphon
2013-09-03,5.3,29.7,24.9,85,chumphon
2013-09-04,2.6,30.6,25.2,84,chumphon
2013-09-05,1.8,30.4,25.0,83,chumphon
2013-09-06,12.9,28.4,24.9,85,chumphon
2013-09-07,11.1,28.8,24.6,86,chumphon
2013-09-08,11.3,27.8,24.8,86,chumphon
2013-09-09,2.5,30.1,24.5,84,chumphon
2013-09-10,7.2,29.2,24.7,85,chumphon
2013-09-11,12.1,29.4,24.7,87,chumphon
2013-09-12,21.8,28.4,24.4,88,chumphon
2013-09-13,7.8,28.6,25.1,85,chumphon
2013-09-14,9.9,27.8,24.7,88,chumphon
2013-09-15,0.0,29.7,25.8,81,chumphon
2013-09-16,4.4,30.1,25.6,81,chumphon
2013-09-17,1.4,28.6,24.7,84,chumphon
2013-09-18,14.0,29.5,24.9,88,chumphon
2013-09-19,10.4,27.7,25.0,90,chumphon
2013-09-20,31.5,26.1,24.6,93,chumphon
2013-09-21,9.4,28.2,24.8,90,chumphon
2013-09-22,5.8,28.4,25.1,87,chumphon
2013-09-23,1.8,28.0,25.4,87,chumphon
2013-09-24,4.9,29.6,25.2,84,chumphon
2013-09-25,0.8,30.0,25.7,80,chumphon
2013-09-26,2.3,30.0,25.7,81,chumphon
2013-09-27,0.7,29.3,25.2,82,chumphon
2013-09-28,8.3,28.9,24.7,86,chumphon
2013-09-29,14.2,27.1,24.5,90,chumphon
2013-09-30,15.4,27.1,24.6,90,chumphon
2013-10-01,13.6,27.1,24.8,89,chumphon
2013-10-02,0.7,29.1,24.2,84,chumphon
2013-10-03,14.6,29.4,24.6,86,chumphon
2013-10-04,29.4,26.4,24.0,91,chumphon
2013-10-05,25.8,26.0,24.1,92,chumphon
2013-10-06,35.7,25.1,23.7,94,chumphon
2013-10-07,25.9,26.2,23.6,93,chumphon
2013-10-08,8.9,27.3,24.1,90,chumphon
2013-10-09,11.6,27.2,24.0,89,chumphon
2013-10-10,13.5,27.5,24.0,89,chumphon
2013-10-11,12.8,30.2,24.0,85,chumphon
2013-10-12,10.6,30.0,25.0,84,chumphon
2013-10-13,1.0,29.7,24.7,84,chumphon
2013-10-14,0.8,30.5,25.1,83,chumphon
2013-10-15,3.0,30.1,25.2,84,chumphon
2013-10-16,1.4,29.2,25.0,85,chumphon
2013-10-17,1.8,28.7,24.8,87,chumphon
2013-10-18,4.5,28.5,24.2,88,chumphon
2013-10-19,8.6,27.5,24.4,90,chumphon
2013-10-20,6.2,27.5,23.9,89,chumphon
2013-10-21,12.5,26.3,24.1,89,chumphon
2013-10-22,7.7,26.9,23.8,88,chumphon
2013-10-23,7.4,26.8,24.4,89,chumphon
2013-10-24,0.5,28.0,23.8,85,chumphon
2013-10-25,1.6,28.5,24.9,84,chumphon
2013-10-26,3.2,26.7,24.4,88,chumphon
2013-10-27,13.1,26.3,24.1,90,chumphon
2013-10-28,6.3,26.4,24.0,89,chumphon
2013-10-29,1.1,26.9,24.6,87,chumphon
2013-10-30,0.4,28.3,24.4,85,chumphon
2013-10-31,1.7,28.5,24.1,85,chumphon
2013-11-01,1.4,28.3,24.9,86,chumphon
2013-11-02,1.0,28.7,24.5,84,chumphon
2013-11-03,1.1,28.8,24.9,83,chumphon
2013-11-04,0.1,29.4,25.4,72,chumphon
2013-11-05,0.0,29.0,25.7,72,chumphon
2013-11-06,6.6,28.1,25.6,81,chumphon
2013-11-07,4.5,28.3,25.1,84,chumphon
2013-11-08,15.5,27.2,24.7,87,chumphon
2013-11-09,6.2,27.3,24.3,89,chumphon
2013-11-10,0.9,28.5,24.2,85,chumphon
2013-11-11,0.0,29.0,25.0,83,chumphon
2013-11-12,0.5,28.9,24.6,81,chumphon
2013-11-13,0.8,29.1,24.6,83,chumphon
2013-11-14,3.6,27.9,25.0,86,chumphon
2013-11-15,11.2,28.2,24.8,87,chumphon
2013-11-16,9.9,26.3,24.3,91,chumphon
2013-11-17,6.4,26.7,24.2,90,chumphon
2013-11-18,4.7,26.5,24.9,88,chumphon
2013-11-19,2.1,27.9,24.2,85,chumphon
2013-11-20,0.6,28.1,25.1,80,chumphon
2013-11-21,3.3,27.5,25.1,81,chumphon
2013-11-22,31.7,26.9,24.3,87,chumphon
2013-11-23,41.1,24.8,24.0,94,chumphon
2013-11-24,28.8,27.2,24.2,91,chumphon
2013-11-25,7.8,28.4,24.3,85,chumphon
2013-11-26,1.8,28.5,24.5,86,chumphon
2013-11-27,1.8,28.3,24.3,85,chumphon
2013-11-28,9.1,26.3,25.2,88,chumphon
2013-11-29,10.0,26.5,24.5,88,chumphon
2013-11-30,0.0,27.7,25.6,77,chumphon
2013-12-01,0.0,27.8,24.9,77,chumphon
2013-12-02,0.0,26.4,24.2,75,chumphon
2013-12-03,0.0,26.5,23.9,73,chumphon
2013-12-04,0.0,26.8,24.1,72,chumphon
2013-12-05,0.0,27.5,24.6,75,chumphon
2013-12-06,0.0,27.9,24.8,77,chumphon
2013-12-07,0.0,27.7,24.9,77,chumphon
2013-12-08,0.0,27.5,24.6,75,chumphon
2013-12-09,0.0,27.4,24.4,78,chumphon
2013-12-10,0.0,28.0,24.6,77,chumphon
2013-12-11,0.0,28.0,24.3,77,chumphon
2013-12-12,2.3,28.0,24.9,81,chumphon
2013-12-13,0.5,27.6,25.4,79,chumphon
2013-12-14,0.0,28.1,23.9,79,chumphon
2013-12-15,1.2,28.0,23.5,83,chumphon
2013-12-16,1.3,28.1,23.8,88,chumphon
2013-12-17,0.2,27.7,23.9,81,chumphon
2013-12-18,0.0,26.1,23.2,73,chumphon
2013-12-19,0.0,26.2,22.8,67,chumphon
2013-12-20,0.0,26.3,23.1,69,chumphon
2013-12-21,0.0,25.9,22.3,68,chumphon
2013-12-22,0.0,25.8,22.4,66,chumphon
2013-12-23,0.0,26.2,22.6,73,chumphon
2013-12-24,0.0,27.2,22.5,71,chumphon
2013-12-25,0.0,27.1,22.9,67,chumphon
2013-12-26,0.0,26.7,22.2,68,chumphon
2013-12-27,0.0,26.5,22.5,64,chumphon
2013-12-28,0.0,25.9,22.7,64,chumphon
2013-12-29,0.0,25.9,21.7,67,chumphon
2013-12-30,0.5,26.4,23.3,70,chumphon
2013-12-31,0.3,26.7,23.6,72,chumphon
2014-01-01,0.0,26.9,23.3,73,chumphon
2014-01-02,0.0,27.6,23.2,75,chumphon
2014-01-03,0.0,27.9,22.5,81,chumphon
2014-01-04,0.0,28.8,22.4,84,chumphon
2014-01-05,0.0,28.2,22.2,83,chumphon
2014-01-06,2.4,26.9,23.5,84,chumphon
2014-01-07,0.1,28.1,23.5,83,chumphon
2014-01-08,0.0,28.9,22.9,85,chumphon
2014-01-09,0.0,28.7,22.1,82,chumphon
2014-01-10,1.4,28.1,24.6,78,chumphon
2014-01-11,0.0,29.0,24.7,73,chumphon
2014-01-12,0.0,29.2,25.1,71,chumphon
2014-01-13,0.0,29.3,24.3,70,chumphon
2014-01-14,0.0,28.1,24.4,69,chumphon
2014-01-15,0.0,27.4,23.9,65,chumphon
2014-01-16,0.0,27.0,23.5,61,chumphon
2014-01-17,0.0,27.6,22.8,63,chumphon
2014-01-18,0.4,27.3,23.9,64,chumphon
2014-01-19,0.0,26.1,23.1,65,chumphon
2014-01-20,0.0,26.5,22.5,66,chumphon
2014-01-21,0.0,25.9,22.0,65,chumphon
2014-01-22,0.0,25.8,22.4,58,chumphon
2014-01-23,0.0,25.4,22.0,61,chumphon
2014-01-24,0.0,26.4,21.6,64,chumphon
2014-01-25,0.0,27.0,22.1,70,chumphon
2014-01-26,0.0,27.2,20.3,69,chumphon
2014-01-27,0.0,26.8,23.4,69,chumphon
2014-01-28,0.0,27.7,23.3,74,chumphon
2014-01-29,0.0,27.5,23.5,75,chumphon
2014-01-30,0.0,27.7,23.8,78,chumphon
2014-01-31,0.0,27.2,22.9,78,chumphon
2014-02-01,0.0,27.5,21.5,77,chumphon
2014-02-02,0.0,28.4,20.3,75,chumphon
2014-02-03,0.0,29.8,22.3,76,chumphon
2014-02-04,0.0,30.1,22.3,77,chumphon
2014-02-05,0.0,28.9,22.7,79,chumphon
2014-02-06,0.0,28.5,24.0,78,chumphon
2014-02-07,0.7,27.5,23.2,81,chumphon
2014-02-08,0.0,28.5,22.6,78,chumphon
2014-02-09,0.0,29.8,22.6,74,chumphon
2014-02-10,0.0,30.1,21.6,70,chumphon
2014-02-11,0.5,29.7,22.9,71,chumphon
2014-02-12,5.0,28.1,24.8,79,chumphon
2014-02-13,0.0,28.5,25.3,74,chumphon
2014-02-14,0.0,28.5,24.8,74,chumphon
2014-02-15,0.2,28.7,25.1,72,chumphon
2014-02-16,0.0,28.8,25.5,73,chumphon
2014-02-17,0.0,28.7,25.4,72,chumphon
2014-02-18,0.0,29.0,24.6,73,chumphon
2014-02-19,0.0,29.0,22.3,79,chumphon
2014-02-20,0.9,27.9,23.2,81,chumphon
2014-02-21,2.1,28.1,24.1,77,chumphon
2014-02-22,3.4,27.5,24.5,80,chumphon
2014-02-23,2.5,28.1,24.9,81,chumphon
2014-02-24,1.0,27.8,25.2,79,chumphon
2014-02-25,0.0,28.4,24.2,77,chumphon
2014-02-26,0.0,28.3,22.8,78,chumphon
2014-02-27,0.0,28.7,23.1,75,chumphon
2014-02-28,0.0,28.5,24.1,75,chumphon
2014-03-01,0.0,28.7,21.7,76,chumphon
2014-03-02,0.0,28.9,22.4,76,chumphon
2014-03-03,0.0,29.7,21.7,76,chumphon
2014-03-04,0.0,29.6,23.6,76,chumphon
2014-03-05,0.0,29.7,22.9,76,chumphon
2014-03-06,0.0,29.4,23.4,78,chumphon
2014-03-07,0.0,29.2,23.9,73,chumphon
2014-03-08,0.0,29.4,22.8,74,chumphon
2014-03-09,0.0,29.5,23.8,75,chumphon
2014-03-10,0.0,29.3,23.8,77,chumphon
2014-03-11,0.0,29.4,24.9,69,chumphon
2014-03-12,0.1,29.4,24.6,74,chumphon
2014-03-13,0.0,30.0,23.5,75,chumphon
2014-03-14,0.0,30.6,24.9,75,chumphon
2014-03-15,2.0,29.6,26.3,78,chumphon
2014-03-16,0.0,30.4,25.6,78,chumphon
2014-03-17,0.4,30.4,26.3,78,chumphon
2014-03-18,0.2,30.0,26.5,78,chumphon
2014-03-19,0.2,30.7,25.4,78,chumphon
2014-03-20,0.0,31.5,25.9,77,chumphon
2014-03-21,0.2,32.0,25.6,75,chumphon
2014-03-22,2.9,28.7,26.2,80,chumphon
2014-03-23,2.2,28.6,25.9,80,chumphon
2014-03-24,6.7,27.6,25.8,82,chumphon
2014-03-25,0.4,29.4,26.0,78,chumphon
2014-03-26,0.2,30.5,25.8,78,chumphon
2014-03-27,0.5,30.4,25.8,79,chumphon
2014-03-28,0.5,30.9,25.3,79,chumphon
2014-03-29,5.0,31.1,26.2,80,chumphon
2014-03-30,0.5,31.2,26.1,80,chumphon
2014-03-31,2.7,31.4,26.6,77,chumphon
2014-04-01,11.0,32.3,25.8,80,chumphon
2014-04-02,0.0,31.0,25.4,81,chumphon
2014-04-03,0.9,31.1,26.3,79,chumphon
2014-04-04,3.7,31.6,26.6,79,chumphon
2014-04-05,11.1,29.2,25.8,82,chumphon
2014-04-06,4.7,31.4,25.4,82,chumphon
2014-04-07,9.9,31.1,25.6,81,chumphon
2014-04-08,0.0,31.7,25.6,75,chumphon
2014-04-09,0.0,32.1,24.4,72,chumphon
2014-04-10,0.3,31.4,25.6,72,chumphon
2014-04-11,0.3,32.0,25.8,70,chumphon
2014-04-12,0.2,33.5,26.0,70,chumphon
2014-04-13,0.8,33.1,26.4,69,chumphon
2014-04-14,0.1,32.7,26.4,68,chumphon
2014-04-15,2.2,32.5,26.9,70,chumphon
2014-04-16,22.4,32.1,26.3,77,chumphon
2014-04-17,11.1,31.1,25.6,82,chumphon
2014-04-18,17.8,30.6,25.8,83,chumphon
2014-04-19,1.6,30.7,26.2,84,chumphon
2014-04-20,0.4,30.9,26.0,81,chumphon
2014-04-21,0.1,31.1,25.9,80,chumphon
2014-04-22,0.2,31.8,26.0,79,chumphon
2014-04-23,3.8,32.5,27.1,78,chumphon
2014-04-24,9.2,31.5,26.9,82,chumphon
2014-04-25,1.6,31.6,26.1,81,chumphon
2014-04-26,0.0,31.4,26.3,77,chumphon
2014-04-27,0.0,31.8,25.8,80,chumphon
2014-04-28,0.0,32.4,26.5,75,chumphon
2014-04-29,0.9,32.1,26.8,77,chumphon
2014-04-30,16.2,31.9,26.8,79,chumphon
2014-05-01,7.3,31.9,26.4,82,chumphon
2014-05-02,4.9,31.7,26.3,83,chumphon
2014-05-03,9.9,30.6,25.7,85,chumphon
2014-05-04,3.7,30.2,26.0,84,chumphon
2014-05-05,3.2,30.3,27.0,84,chumphon
2014-05-06,7.5,29.0,27.0,85,chumphon
2014-05-07,2.8,29.4,26.1,86,chumphon
2014-05-08,0.7,30.7,25.5,84,chumphon
2014-05-09,5.0,31.6,26.1,80,chumphon
2014-05-10,6.5,31.6,27.0,81,chumphon
2014-05-11,4.1,31.4,26.5,81,chumphon
2014-05-12,1.7,32.5,26.0,78,chumphon
2014-05-13,0.9,31.4,26.6,80,chumphon
2014-05-14,5.5,31.7,26.1,80,chumphon
2014-05-15,8.6,31.3,26.2,81,chumphon
2014-05-16,10.1,32.1,26.0,82,chumphon
2014-05-17,10.9,31.4,26.0,85,chumphon
2014-05-18,8.5,29.2,25.7,84,chumphon
2014-05-19,3.3,30.8,26.2,80,chumphon
2014-05-20,0.3,32.3,26.1,78,chumphon
2014-05-21,0.0,32.3,26.2,78,chumphon
2014-05-22,4.1,30.9,26.6,81,chumphon
2014-05-23,1.2,30.5,26.2,79,chumphon
2014-05-24,2.2,30.2,26.3,81,chumphon
2014-05-25,3.8,32.7,25.8,77,chumphon
2014-05-26,11.5,32.1,27.2,80,chumphon
2014-05-27,6.9,30.2,27.0,83,chumphon
2014-05-28,10.0,31.6,25.7,82,chumphon
2014-05-29,0.2,31.8,26.4,79,chumphon
2014-05-30,11.4,32.2,26.6,80,chumphon
2014-05-31,7.3,30.7,26.2,82,chumphon
2014-06-01,14.8,29.6,25.3,86,chumphon
2014-06-02,7.4,31.2,26.4,84,chumphon
2014-06-03,0.1,32.1,26.8,79,chumphon
2014-06-04,9.6,30.2,26.3,82,chumphon
2014-06-05,2.6,30.4,26.1,83,chumphon
2014-06-06,8.6,28.6,25.7,87,chumphon
2014-06-07,3.0,30.3,25.8,84,chumphon
2014-06-08,0.5,30.7,26.5,81,chumphon
2014-06-09,0.0,32.0,27.0,76,chumphon
2014-06-10,0.0,31.3,27.3,78,chumphon
2014-06-11,11.9,30.3,26.7,84,chumphon
2014-06-12,8.0,28.8,25.8,86,chumphon
2014-06-13,12.8,28.0,25.9,88,chumphon
2014-06-14,4.1,30.3,25.8,83,chumphon
2014-06-15,7.4,30.2,26.3,84,chumphon
2014-06-16,20.8,27.6,25.6,88,chumphon
2014-06-17,6.1,29.9,25.7,87,chumphon
2014-06-18,1.2,29.2,25.8,83,chumphon
2014-06-19,1.9,30.6,26.3,81,chumphon
2014-06-20,0.9,30.1,26.0,82,chumphon
2014-06-21,3.0,30.2,26.2,83,chumphon
2014-06-22,2.2,29.2,25.9,85,chumphon
2014-06-23,8.2,27.2,25.6,90,chumphon
2014-06-24,5.5,28.7,25.5,86,chumphon
2014-06-25,1.5,29.6,26.1,83,chumphon
2014-06-26,0.2,29.9,26.5,79,chumphon
2014-06-27,0.0,31.3,26.3,78,chumphon
2014-06-28,5.2,30.6,26.2,81,chumphon
2014-06-29,3.7,29.8,25.8,82,chumphon
2014-06-30,1.4,30.5,25.9,82,chumphon
2014-07-01,4.4,29.3,25.8,88,chumphon
2014-07-02,7.4,28.8,25.7,85,chumphon
2014-07-03,0.8,30.8,26.0,81,chumphon
2014-07-04,8.2,29.3,25.6,84,chumphon
2014-07-05,12.7,29.8,25.6,85,chumphon
2014-07-06,1.5,30.5,25.7,83,chumphon
2014-07-07,0.4,30.6,25.8,79,chumphon
2014-07-08,7.2,28.6,25.6,84,chumphon
2014-07-09,7.4,29.3,25.3,86,chumphon
2014-07-10,4.3,30.4,26.2,81,chumphon
2014-07-11,4.4,30.0,26.2,81,chumphon
2014-07-12,18.9,29.1,25.6,85,chumphon
2014-07-13,6.3,29.4,25.3,85,chumphon
2014-07-14,6.7,28.8,25.8,85,chumphon
2014-07-15,14.2,29.4,24.7,87,chumphon
2014-07-16,10.3,30.3,24.9,86,chumphon
2014-07-17,23.4,28.5,25.3,88,chumphon
2014-07-18,17.8,26.5,24.9,92,chumphon
2014-07-19,1.7,28.6,25.5,86,chumphon
2014-07-20,7.7,29.4,25.7,84,chumphon
2014-07-21,2.6,29.3,25.6,83,chumphon
2014-07-22,4.9,28.8,25.2,87,chumphon
2014-07-23,23.1,27.9,24.7,90,chumphon
2014-07-24,37.7,26.3,24.5,93,chumphon
2014-07-25,18.0,27.8,24.7,89,chumphon
2014-07-26,13.3,29.6,25.2,86,chumphon
2014-07-27,16.6,29.3,24.9,87,chumphon
2014-07-28,2.8,29.5,25.1,87,chumphon
2014-07-29,1.4,29.7,25.4,84,chumphon
2014-07-30,1.4,30.3,25.8,84,chumphon
2014-07-31,1.7,29.0,25.7,85,chumphon
2014-08-01,0.0,30.6,25.8,80,chumphon
2014-08-02,0.0,29.6,25.9,81,chumphon
2014-08-03,3.2,29.3,25.3,83,chumphon
2014-08-04,3.5,28.1,25.3,86,chumphon
2014-08-05,13.4,26.9,24.9,89,chumphon
2014-08-06,18.1,26.8,24.4,90,chumphon
2014-08-07,17.9,27.0,24.4,90,chumphon
2014-08-08,9.9,28.2,24.6,87,chumphon
2014-08-09,0.4,29.2,24.9,83,chumphon
2014-08-10,0.0,29.5,24.6,83,chumphon
2014-08-11,0.1,30.7,25.1,81,chumphon
2014-08-12,1.1,30.6,25.5,80,chumphon
2014-08-13,4.2,29.8,25.2,83,chumphon
2014-08-14,1.3,30.2,25.3,83,chumphon
2014-08-15,4.9,29.4,25.1,83,chumphon
2014-08-16,11.3,29.0,25.0,85,chumphon
2014-08-17,9.0,29.4,24.9,84,chumphon
2014-08-18,9.0,29.3,25.4,83,chumphon
2014-08-19,3.6,30.2,25.3,82,chumphon
2014-08-20,9.7,28.5,25.0,87,chumphon
2014-08-21,6.3,28.8,25.1,86,chumphon
2014-08-22,1.5,29.6,25.1,84,chumphon
2014-08-23,1.6,30.1,25.5,84,chumphon
2014-08-24,14.8,30.5,25.0,85,chumphon
2014-08-25,8.1,30.1,25.3,85,chumphon
2014-08-26,12.9,28.3,24.9,85,chumphon
2014-08-27,21.9,26.9,24.3,89,chumphon
2014-08-28,10.0,28.2,24.2,84,chumphon
2014-08-29,0.9,29.1,25.7,82,chumphon
2014-08-30,7.2,27.4,24.4,87,chumphon
2014-08-31,2.1,28.8,25.0,85,chumphon
2014-09-01,7.9,28.9,25.0,84,chumphon
2014-09-02,13.7,26.6,24.1,89,chumphon
2014-09-03,0.5,29.9,24.9,80,chumphon
2014-09-04,2.2,30.4,25.0,81,chumphon
2014-09-05,1.1,29.3,24.9,84,chumphon
2014-09-06,20.7,25.9,24.5,91,chumphon
2014-09-07,22.8,27.5,24.1,89,chumphon
2014-09-08,21.2,27.3,23.9,89,chumphon
2014-09-09,22.9,27.4,24.3,90,chumphon
2014-09-10,23.3,26.6,24.2,90,chumphon
2014-09-11,6.4,29.4,24.8,84,chumphon
2014-09-12,1.2,29.6,24.8,83,chumphon
2014-09-13,1.4,29.3,24.8,86,chumphon
2014-09-14,8.9,29.1,24.8,85,chumphon
2014-09-15,11.0,26.4,24.6,89,chumphon
2014-09-16,49.3,25.1,24.2,93,chumphon
2014-09-17,20.3,27.8,24.4,88,chumphon
2014-09-18,0.4,28.8,24.8,85,chumphon
2014-09-19,4.7,29.8,24.7,87,chumphon
2014-09-20,0.0,31.0,25.2,81,chumphon
2014-09-21,0.9,30.5,25.3,81,chumphon
2014-09-22,8.1,30.3,25.4,84,chumphon
2014-09-23,7.8,30.3,25.5,82,chumphon
2014-09-24,13.3,29.9,25.2,84,chumphon
2014-09-25,7.2,29.4,25.1,86,chumphon
2014-09-26,6.9,29.3,24.8,83,chumphon
2014-09-27,4.5,30.1,25.5,83,chumphon
2014-09-28,10.0,30.0,25.4,86,chumphon
2014-09-29,14.1,29.4,25.1,86,chumphon
2014-09-30,10.7,29.3,24.7,86,chumphon
2014-10-01,12.9,28.5,25.0,87,chumphon
2014-10-02,15.2,28.2,24.8,89,chumphon
2014-10-03,18.5,28.3,24.6,90,chumphon
2014-10-04,29.9,26.6,24.3,91,chumphon
2014-10-05,26.9,26.8,24.2,90,chumphon
2014-10-06,25.9,26.4,24.0,91,chumphon
2014-10-07,29.1,27.7,24.3,89,chumphon
2014-10-08,19.2,26.9,24.3,88,chumphon
2014-10-09,1.1,29.0,24.5,83,chumphon
2014-10-10,0.0,30.3,24.6,81,chumphon
2014-10-11,0.0,28.5,25.5,77,chumphon
2014-10-12,7.0,29.9,25.2,81,chumphon
2014-10-13,11.7,28.7,24.5,85,chumphon
2014-10-14,22.3,26.4,24.7,91,chumphon
2014-10-15,12.1,26.7,25.3,88,chumphon
2014-10-16,7.5,28.6,26.4,81,chumphon
2014-10-17,0.8,28.8,25.6,82,chumphon
2014-10-18,3.3,27.9,25.5,85,chumphon
2014-10-19,15.6,27.2,24.6,90,chumphon
2014-10-20,17.2,27.6,24.4,88,chumphon
2014-10-21,1.0,28.9,24.3,86,chumphon
2014-10-22,3.3,29.7,24.9,86,chumphon
2014-10-23,11.0,28.6,24.5,87,chumphon
2014-10-24,30.5,27.5,24.5,90,chumphon
2014-10-25,12.3,27.5,24.3,89,chumphon
2014-10-26,10.1,27.6,24.3,89,chumphon
2014-10-27,9.8,28.2,24.8,86,chumphon
2014-10-28,19.6,27.6,24.3,89,chumphon
2014-10-29,6.3,28.7,24.5,85,chumphon
2014-10-30,7.4,28.7,24.6,84,chumphon
2014-10-31,0.0,29.5,24.4,85,chumphon
2014-11-01,26.9,26.7,25.0,90,chumphon
2014-11-02,16.8,27.0,24.9,91,chumphon
2014-11-03,11.9,26.6,24.5,92,chumphon
2014-11-04,8.5,27.7,24.2,89,chumphon
2014-11-05,2.5,28.8,24.5,84,chumphon
2014-11-06,1.3,29.2,25.6,83,chumphon
2014-11-07,9.3,29.3,25.1,88,chumphon
2014-11-08,5.4,28.3,25.0,90,chumphon
2014-11-09,6.7,27.4,24.9,90,chumphon
2014-11-10,9.1,27.0,25.0,88,chumphon
2014-11-11,5.1,28.3,25.7,84,chumphon
2014-11-12,1.1,29.0,24.2,86,chumphon
2014-11-13,2.1,29.1,24.8,86,chumphon
2014-11-14,5.9,26.9,24.8,87,chumphon
2014-11-15,0.6,28.4,26.0,81,chumphon
2014-11-16,11.2,26.5,25.1,89,chumphon
2014-11-17,2.2,28.6,25.1,85,chumphon
2014-11-18,1.0,28.4,25.6,80,chumphon
2014-11-19,0.0,28.3,26.3,74,chumphon
2014-11-20,0.0,28.6,25.7,75,chumphon
2014-11-21,0.0,29.0,25.6,76,chumphon
2014-11-22,0.0,28.7,25.9,78,chumphon
2014-11-23,9.9,27.9,25.1,86,chumphon
2014-11-24,4.2,28.2,25.1,85,chumphon
2014-11-25,0.4,28.6,24.8,86,chumphon
2014-11-26,4.5,28.5,24.5,86,chumphon
2014-11-27,8.0,27.7,24.3,89,chumphon
2014-11-28,1.9,28.9,24.4,88,chumphon
2014-11-29,0.9,29.2,24.8,88,chumphon
2014-11-30,1.2,29.5,24.3,88,chumphon
2014-12-01,1.8,28.9,25.0,88,chumphon
2014-12-02,0.8,29.6,24.9,85,chumphon
2014-12-03,21.7,28.6,25.2,85,chumphon
2014-12-04,32.2,27.3,24.4,89,chumphon
2014-12-05,6.6,26.8,24.7,91,chumphon
2014-12-06,4.4,27.4,24.7,90,chumphon
2014-12-07,0.9,27.9,24.9,85,chumphon
2014-12-08,5.0,27.7,24.2,87,chumphon
2014-12-09,1.9,27.4,24.9,87,chumphon
2014-12-10,0.8,28.6,25.7,77,chumphon
2014-12-11,0.0,29.0,24.9,73,chumphon
2014-12-12,1.1,28.2,25.0,77,chumphon
2014-12-13,0.0,27.3,25.4,73,chumphon
2014-12-14,0.3,27.3,25.5,74,chumphon
2014-12-15,0.0,28.1,25.2,75,chumphon
2014-12-16,0.0,28.7,24.8,75,chumphon
2014-12-17,0.0,26.5,25.1,75,chumphon
2014-12-18,0.0,26.3,24.6,71,chumphon
2014-12-19,0.0,27.1,24.9,69,chumphon
2014-12-20,0.0,28.0,25.0,71,chumphon
2014-12-21,0.0,28.5,25.0,70,chumphon
2014-12-22,0.0,26.7,25.0,70,chumphon
2014-12-23,0.0,27.0,24.3,67,chumphon
2014-12-24,1.8,26.1,23.5,75,chumphon
2014-12-25,0.0,28.5,24.8,71,chumphon
2014-12-26,0.0,28.5,25.4,80,chumphon
2014-12-27,18.4,27.2,24.4,89,chumphon
2014-12-28,8.0,27.5,24.1,89,chumphon
2014-12-29,0.0,27.3,25.2,80,chumphon
2014-12-30,0.0,27.6,25.1,73,chumphon
2014-12-31,0.0,28.5,24.8,69,chumphon
2015-01-01,0.0,27.2,24.5,70,chumphon
2015-01-02,0.0,26.4,23.7,71,chumphon
2015-01-03,0.0,27.1,23.2,70,chumphon
2015-01-04,0.0,28.3,22.2,71,chumphon
2015-01-05,0.0,28.6,22.3,78,chumphon
2015-01-06,0.0,28.9,22.6,80,chumphon
2015-01-07,0.4,28.4,23.4,85,chumphon
2015-01-08,2.3,27.6,23.8,87,chumphon
2015-01-09,2.8,26.6,23.8,86,chumphon
2015-01-10,3.5,27.4,23.0,86,chumphon
2015-01-11,1.9,26.9,23.5,86,chumphon
2015-01-12,1.7,25.7,24.0,80,chumphon
2015-01-13,0.0,26.2,23.8,72,chumphon
2015-01-14,0.0,26.8,24.5,67,chumphon
2015-01-15,0.0,27.2,24.4,68,chumphon
2015-01-16,0.0,27.5,23.5,65,chumphon
2015-01-17,0.0,27.5,23.5,65,chumphon
2015-01-18,0.0,27.3,22.9,71,chumphon
2015-01-19,0.0,27.6,23.6,72,chumphon
2015-01-20,0.0,28.0,23.6,71,chumphon
2015-01-21,0.1,27.8,23.4,76,chumphon
2015-01-22,0.0,28.1,20.9,78,chumphon
2015-01-23,0.0,27.9,22.1,79,chumphon
2015-01-24,0.0,27.7,21.6,81,chumphon
2015-01-25,0.0,27.9,22.8,76,chumphon
2015-01-26,0.0,28.3,22.8,74,chumphon
2015-01-27,0.0,28.7,23.4,77,chumphon
2015-01-28,0.0,28.6,23.9,78,chumphon
2015-01-29,0.0,29.1,25.0,74,chumphon
2015-01-30,0.2,29.2,23.4,77,chumphon
2015-01-31,1.6,28.2,24.0,82,chumphon
2015-02-01,0.6,28.1,24.8,79,chumphon
2015-02-02,2.8,26.7,24.5,77,chumphon
2015-02-03,0.0,29.0,22.3,78,chumphon
2015-02-04,0.0,28.8,22.8,79,chumphon
2015-02-05,0.0,28.8,23.1,76,chumphon
2015-02-06,0.9,28.5,24.3,78,chumphon
2015-02-07,0.0,28.4,24.3,70,chumphon
2015-02-08,0.3,28.0,24.0,73,chumphon
2015-02-09,1.8,28.1,24.2,76,chumphon
2015-02-10,0.0,27.8,24.1,75,chumphon
2015-02-11,0.0,27.6,23.1,79,chumphon
2015-02-12,0.0,28.2,23.2,78,chumphon
2015-02-13,0.0,28.6,23.9,73,chumphon
2015-02-14,3.9,28.3,24.4,73,chumphon
2015-02-15,0.1,28.2,24.6,74,chumphon
2015-02-16,0.0,28.4,23.6,73,chumphon
2015-02-17,0.0,28.2,23.9,74,chumphon
2015-02-18,0.0,27.2,25.4,74,chumphon
2015-02-19,0.0,27.8,25.5,76,chumphon
2015-02-20,1.6,28.3,25.4,79,chumphon
2015-02-21,0.3,28.5,25.5,77,chumphon
2015-02-22,0.0,29.1,25.0,72,chumphon
2015-02-23,0.0,29.2,23.0,77,chumphon
2015-02-24,0.0,29.7,23.5,79,chumphon
2015-02-25,0.0,29.6,23.1,80,chumphon
2015-02-26,0.0,29.4,24.3,77,chumphon
2015-02-27,0.1,29.1,24.4,78,chumphon
2015-02-28,0.0,29.7,23.6,76,chumphon
2015-03-01,0.7,30.2,26.1,73,chumphon
2015-03-02,0.2,30.2,25.7,77,chumphon
2015-03-03,1.1,30.6,24.6,76,chumphon
2015-03-04,0.4,31.7,25.3,76,chumphon
2015-03-05,0.2,32.4,25.9,75,chumphon
2015-03-06,2.0,30.3,24.9,81,chumphon
2015-03-07,0.1,30.0,25.6,75,chumphon
2015-03-08,0.3,30.0,25.5,76,chumphon
2015-03-09,0.0,30.1,25.4,76,chumphon
2015-03-10,0.5,30.0,26.1,76,chumphon
2015-03-11,0.0,30.1,25.7,76,chumphon
2015-03-12,0.0,30.1,25.9,72,chumphon
2015-03-13,0.0,30.2,25.9,72,chumphon
2015-03-14,0.1,29.8,25.1,73,chumphon
2015-03-15,0.0,30.7,24.1,76,chumphon
2015-03-16,0.0,30.6,25.1,74,chumphon
2015-03-17,1.6,31.0,25.5,75,chumphon
2015-03-18,0.0,31.6,25.4,72,chumphon
2015-03-19,0.0,32.1,25.6,72,chumphon
2015-03-20,0.0,31.8,25.9,73,chumphon
2015-03-21,2.8,31.2,26.5,78,chumphon
2015-03-22,4.1,30.2,26.2,79,chumphon
2015-03-23,2.2,29.3,25.6,81,chumphon
2015-03-24,0.0,30.2,25.9,76,chumphon
2015-03-25,4.1,28.4,25.1,83,chumphon
2015-03-26,3.9,28.4,24.8,85,chumphon
2015-03-27,2.9,28.9,25.0,80,chumphon
2015-03-28,1.4,29.2,25.0,81,chumphon
2015-03-29,2.7,28.9,26.1,81,chumphon
2015-03-30,5.1,29.6,26.4,78,chumphon
2015-03-31,1.1,29.8,25.7,79,chumphon
2015-04-01,0.0,30.8,25.4,77,chumphon
2015-04-02,0.5,31.8,26.1,75,chumphon
2015-04-03,0.0,33.7,26.3,70,chumphon
2015-04-04,0.0,32.6,25.4,71,chumphon
2015-04-05,0.0,31.7,26.4,72,chumphon
2015-04-06,0.2,32.0,26.3,74,chumphon
2015-04-07,1.7,31.7,27.0,75,chumphon
2015-04-08,1.3,31.1,27.5,72,chumphon
2015-04-09,0.0,30.9,26.6,71,chumphon
2015-04-10,0.7,30.9,26.6,74,chumphon
2015-04-11,1.1,30.6,26.1,77,chumphon
2015-04-12,3.8,28.9,25.7,82,chumphon
2015-04-13,28.5,27.0,25.8,84,chumphon
2015-04-14,17.5,26.7,24.9,86,chumphon
2015-04-15,9.1,27.9,25.4,87,chumphon
2015-04-16,0.3,29.5,25.2,81,chumphon
2015-04-17,0.0,30.0,25.7,81,chumphon
2015-04-18,0.2,30.3,24.6,82,chumphon
2015-04-19,0.0,31.0,25.7,77,chumphon
2015-04-20,0.0,32.2,26.3,79,chumphon
2015-04-21,0.2,34.0,26.8,72,chumphon
2015-04-22,0.3,34.1,26.9,71,chumphon
2015-04-23,3.6,28.9,25.9,83,chumphon
2015-04-24,12.6,27.3,26.0,85,chumphon
2015-04-25,11.2,27.7,25.5,87,chumphon
2015-04-26,0.6,29.1,25.3,86,chumphon
2015-04-27,3.9,28.5,25.5,86,chumphon
2015-04-28,0.5,29.9,25.0,84,chumphon
2015-04-29,1.1,30.7,26.0,84,chumphon
2015-04-30,7.9,31.3,25.9,83,chumphon
2015-05-01,9.9,31.8,25.7,81,chumphon
2015-05-02,4.1,32.2,26.2,81,chumphon
2015-05-03,5.4,31.6,26.5,80,chumphon
2015-05-04,1.7,31.1,26.0,82,chumphon
2015-05-05,1.7,32.0,26.5,80,chumphon
2015-05-06,1.5,32.1,26.4,79,chumphon
2015-05-07,2.9,31.7,26.9,79,chumphon
2015-05-08,4.0,32.2,26.9,81,chumphon
2015-05-09,17.3,30.9,26.2,84,chumphon
2015-05-10,19.3,29.7,26.0,86,chumphon
2015-05-11,7.2,31.1,26.2,84,chumphon
2015-05-12,17.4,30.2,26.4,84,chumphon
2015-05-13,1.8,31.0,26.4,84,chumphon
2015-05-14,21.4,29.4,25.7,86,chumphon
2015-05-15,2.2,30.1,25.7,85,chumphon
2015-05-16,11.3,30.4,26.0,85,chumphon
2015-05-17,9.1,30.0,25.9,82,chumphon
2015-05-18,0.8,31.8,25.9,79,chumphon
2015-05-19,1.8,31.2,27.2,80,chumphon
2015-05-20,6.9,31.0,26.5,82,chumphon
2015-05-21,1.0,31.7,26.2,80,chumphon
2015-05-22,5.7,30.4,26.3,83,chumphon
2015-05-23,5.6,29.7,26.3,82,chumphon
2015-05-24,11.3,29.8,25.9,84,chumphon
2015-05-25,9.6,29.1,25.6,85,chumphon
2015-05-26,7.8,27.8,25.4,88,chumphon
2015-05-27,2.6,29.8,25.4,83,chumphon
2015-05-28,2.5,29.4,25.3,84,chumphon
2015-05-29,2.8,31.4,26.2,79,chumphon
2015-05-30,0.8,30.8,25.9,79,chumphon
2015-05-31,0.4,32.0,26.3,77,chumphon
2015-06-01,0.4,32.4,26.4,75,chumphon
2015-06-02,12.3,31.6,26.1,81,chumphon
2015-06-03,8.2,30.1,26.0,81,chumphon
2015-06-04,1.4,30.2,25.8,82,chumphon
2015-06-05,0.3,31.3,26.1,82,chumphon
2015-06-06,0.6,31.9,26.4,79,chumphon
2015-06-07,0.2,32.8,27.0,76,chumphon
2015-06-08,2.7,31.7,26.6,79,chumphon
2015-06-09,6.1,31.8,26.0,79,chumphon
2015-06-10,0.9,31.7,26.6,78,chumphon
2015-06-11,5.5,31.4,26.8,80,chumphon
2015-06-12,9.3,31.2,26.4,82,chumphon
2015-06-13,11.1,30.2,25.3,84,chumphon
2015-06-14,12.7,30.1,25.8,85,chumphon
2015-06-15,17.7,27.2,25.2,89,chumphon
2015-06-16,14.1,26.8,24.7,90,chumphon
2015-06-17,31.5,26.4,25.0,90,chumphon
2015-06-18,12.4,26.5,24.8,90,chumphon
2015-06-19,12.0,28.2,25.3,90,chumphon
2015-06-20,9.5,28.9,25.2,87,chumphon
2015-06-21,11.4,30.0,25.7,87,chumphon
2015-06-22,4.4,28.8,25.6,89,chumphon
2015-06-23,8.7,28.0,25.6,89,chumphon
2015-06-24,13.0,28.7,25.5,89,chumphon
2015-06-25,7.0,29.0,25.4,89,chumphon
2015-06-26,2.2,29.0,25.5,87,chumphon
2015-06-27,3.4,29.7,25.8,85,chumphon
2015-06-28,12.5,29.6,25.3,87,chumphon
2015-06-29,1.7,30.4,25.6,83,chumphon
2015-06-30,0.5,30.7,25.9,80,chumphon
2015-07-01,2.5,30.2,25.8,81,chumphon
2015-07-02,10.7,29.4,25.9,86,chumphon
2015-07-03,7.0,29.1,25.8,85,chumphon
2015-07-04,3.2,30.4,26.3,82,chumphon
2015-07-05,3.6,29.0,25.8,85,chumphon
2015-07-06,7.4,28.5,25.7,86,chumphon
2015-07-07,2.6,28.8,25.7,86,chumphon
2015-07-08,2.8,28.9,25.8,87,chumphon
2015-07-09,5.1,30.1,26.0,85,chumphon
2015-07-10,2.6,29.7,25.9,86,chumphon
2015-07-11,8.3,29.1,25.3,85,chumphon
2015-07-12,3.9,28.2,25.5,87,chumphon
2015-07-13,11.3,28.5,25.6,86,chumphon
2015-07-14,4.4,28.6,25.6,88,chumphon
2015-07-15,19.0,26.6,25.2,89,chumphon
2015-07-16,6.9,29.3,25.8,85,chumphon
2015-07-17,5.4,29.5,25.4,84,chumphon
2015-07-18,5.1,30.0,26.0,83,chumphon
2015-07-19,15.7,28.7,25.9,87,chumphon
2015-07-20,21.0,28.1,25.1,89,chumphon
2015-07-21,3.0,28.4,25.2,84,chumphon
2015-07-22,0.3,29.4,25.1,84,chumphon
2015-07-23,2.2,29.6,26.3,83,chumphon
2015-07-24,0.0,29.9,25.6,83,chumphon
2015-07-25,0.0,31.0,24.5,80,chumphon
2015-07-26,2.0,30.5,25.7,82,chumphon
2015-07-27,1.0,29.8,25.8,84,chumphon
2015-07-28,4.5,29.6,25.5,84,chumphon
2015-07-29,18.8,29.5,25.0,86,chumphon
2015-07-30,15.3,29.1,24.9,87,chumphon
2015-07-31,3.0,29.1,24.2,83,chumphon
2015-08-01,8.9,28.6,24.9,86,chumphon
2015-08-02,11.1,27.8,24.6,88,chumphon
2015-08-03,5.4,27.1,24.9,88,chumphon
2015-08-04,5.7,28.6,24.9,88,chumphon
2015-08-05,14.8,26.9,24.6,89,chumphon
2015-08-06,16.1,28.4,24.3,88,chumphon
2015-08-07,20.0,27.8,24.7,89,chumphon
2015-08-08,13.1,26.9,24.9,89,chumphon
2015-08-09,15.2,27.7,24.9,91,chumphon
2015-08-10,9.3,30.0,25.2,87,chumphon
2015-08-11,1.6,29.8,25.3,85,chumphon
2015-08-12,15.2,29.8,25.4,86,chumphon
2015-08-13,1.8,29.6,25.3,87,chumphon
2015-08-14,0.7,29.3,25.2,86,chumphon
2015-08-15,1.4,29.6,25.0,86,chumphon
2015-08-16,3.7,30.2,25.1,86,chumphon
2015-08-17,3.1,30.3,25.1,83,chumphon
2015-08-18,0.2,30.9,25.5,81,chumphon
2015-08-19,1.5,31.1,25.8,79,chumphon
2015-08-20,20.2,29.6,25.4,86,chumphon
2015-08-21,7.2,27.7,24.8,86,chumphon
2015-08-22,7.4,27.9,25.1,88,chumphon
2015-08-23,10.3,28.0,25.2,88,chumphon
2015-08-24,5.8,30.1,25.4,85,chumphon
2015-08-25,13.8,27.6,25.3,88,chumphon
2015-08-26,12.4,28.9,24.9,89,chumphon
2015-08-27,4.9,29.0,24.7,87,chumphon
2015-08-28,15.4,29.1,25.3,88,chumphon
2015-08-29,14.4,29.8,25.2,86,chumphon
2015-08-30,8.6,30.0,25.1,85,chumphon
2015-08-31,8.7,29.8,25.1,86,chumphon
2015-09-01,17.0,26.9,24.6,89,chumphon
2015-09-02,11.9,29.1,25.2,85,chumphon
2015-09-03,12.5,29.8,25.6,86,chumphon
2015-09-04,12.0,29.2,25.1,88,chumphon
2015-09-05,6.8,29.1,25.3,86,chumphon
2015-09-06,2.3,30.5,24.9,82,chumphon
2015-09-07,0.8,30.8,25.8,81,chumphon
2015-09-08,14.1,29.8,25.1,85,chumphon
2015-09-09,13.4,29.5,25.1,86,chumphon
2015-09-10,18.5,26.9,24.7,89,chumphon
2015-09-11,20.4,27.2,24.5,90,chumphon
2015-09-12,5.5,29.8,24.9,85,chumphon
2015-09-13,8.5,29.2,25.1,86,chumphon
2015-09-14,25.0,27.5,24.4,91,chumphon
2015-09-15,27.0,27.6,24.4,91,chumphon
2015-09-16,53.0,25.5,24.7,93,chumphon
2015-09-17,62.7,25.4,24.8,93,chumphon
2015-09-18,31.1,28.3,24.8,88,chumphon
2015-09-19,0.7,29.1,25.8,83,chumphon
2015-09-20,4.0,30.5,25.2,83,chumphon
2015-09-21,1.9,31.6,25.3,83,chumphon
2015-09-22,0.5,31.5,26.0,81,chumphon
2015-09-23,17.0,29.1,25.4,87,chumphon
2015-09-24,7.0,28.6,25.1,85,chumphon
2015-09-25,5.8,28.3,25.0,86,chumphon
2015-09-26,10.1,28.7,24.8,88,chumphon
2015-09-27,12.8,26.4,25.1,89,chumphon
2015-09-28,0.5,28.4,24.9,86,chumphon
2015-09-29,8.6,29.3,25.1,85,chumphon
2015-09-30,5.6,28.8,25.2,85,chumphon
2015-10-01,17.2,29.1,24.8,86,chumphon
2015-10-02,6.8,28.8,24.9,87,chumphon
2015-10-03,7.5,29.3,25.4,86,chumphon
2015-10-04,7.4,29.0,25.0,86,chumphon
2015-10-05,3.4,29.0,25.2,86,chumphon
2015-10-06,1.0,28.6,24.8,85,chumphon
2015-10-07,14.0,29.5,25.0,85,chumphon
2015-10-08,18.5,29.4,25.2,86,chumphon
2015-10-09,3.0,29.8,25.3,85,chumphon
2015-10-10,6.2,28.5,25.4,88,chumphon
2015-10-11,0.0,29.8,24.8,83,chumphon
2015-10-12,16.2,29.8,25.2,83,chumphon
2015-10-13,10.2,27.8,24.6,89,chumphon
2015-10-14,11.4,27.0,24.5,91,chumphon
2015-10-15,2.3,27.6,24.7,89,chumphon
2015-10-16,12.9,29.0,24.8,85,chumphon
2015-10-17,22.4,28.7,24.6,89,chumphon
2015-10-18,11.2,28.2,24.3,89,chumphon
2015-10-19,6.1,29.0,24.9,87,chumphon
2015-10-20,11.6,29.6,25.3,86,chumphon
2015-10-21,2.4,29.6,25.3,86,chumphon
2015-10-22,5.9,29.9,25.4,86,chumphon
2015-10-23,5.3,28.5,25.1,87,chumphon
2015-10-24,3.0,27.6,25.0,90,chumphon
2015-10-25,6.9,27.2,24.8,89,chumphon
2015-10-26,3.8,29.0,26.0,83,chumphon
2015-10-27,10.2,26.8,24.8,89,chumphon
2015-10-28,6.3,27.9,25.3,86,chumphon
2015-10-29,1.3,28.2,25.1,85,chumphon
2015-10-30,0.0,29.5,24.8,81,chumphon
2015-10-31,1.4,28.6,24.8,83,chumphon
2015-11-01,3.2,28.5,24.8,83,chumphon
2015-11-02,5.5,27.6,25.2,88,chumphon
2015-11-03,5.6,26.4,24.3,90,chumphon
2015-11-04,10.8,26.9,24.6,90,chumphon
2015-11-05,6.0,27.6,24.5,89,chumphon
2015-11-06,17.8,27.2,24.1,90,chumphon
2015-11-07,16.3,26.8,24.3,92,chumphon
2015-11-08,4.2,26.9,24.7,88,chumphon
2015-11-09,12.6,26.9,25.1,89,chumphon
2015-11-10,6.0,27.1,24.9,91,chumphon
2015-11-11,5.5,26.9,25.0,90,chumphon
2015-11-12,4.9,27.7,25.0,87,chumphon
2015-11-13,5.6,27.0,24.7,88,chumphon
2015-11-14,2.2,27.8,25.5,85,chumphon
2015-11-15,1.1,28.8,24.6,88,chumphon
2015-11-16,0.5,28.9,24.7,84,chumphon
2015-11-17,0.0,29.2,24.7,85,chumphon
2015-11-18,1.3,27.9,26.2,85,chumphon
2015-11-19,9.3,26.9,25.5,89,chumphon
2015-11-20,1.9,28.6,25.9,83,chumphon
2015-11-21,0.8,28.9,25.7,85,chumphon
2015-11-22,2.8,29.0,25.9,84,chumphon
2015-11-23,7.5,27.7,24.9,88,chumphon
2015-11-24,13.9,28.1,25.6,85,chumphon
2015-11-25,6.9,28.0,25.0,88,chumphon
2015-11-26,8.2,27.0,24.7,89,chumphon
2015-11-27,13.0,27.0,24.7,87,chumphon
2015-11-28,3.7,28.3,26.3,79,chumphon
2015-11-29,7.7,28.1,25.3,85,chumphon
2015-11-30,8.9,28.3,25.1,88,chumphon
2015-12-01,2.7,27.7,25.3,88,chumphon
2015-12-02,4.6,27.4,24.4,89,chumphon
2015-12-03,0.8,28.7,24.6,87,chumphon
2015-12-04,10.3,27.5,24.9,89,chumphon
2015-12-05,8.6,27.2,24.9,91,chumphon
2015-12-06,4.5,27.9,25.5,86,chumphon
2015-12-07,2.7,27.9,25.2,85,chumphon
2015-12-08,0.0,28.7,26.0,79,chumphon
2015-12-09,0.8,28.8,26.1,81,chumphon
2015-12-10,0.0,29.8,24.9,83,chumphon
2015-12-11,0.7,29.9,24.9,86,chumphon
2015-12-12,1.6,28.8,24.9,87,chumphon
2015-12-13,1.0,28.8,24.6,86,chumphon
2015-12-14,0.6,29.0,24.3,88,chumphon
2015-12-15,0.0,29.8,24.3,84,chumphon
2015-12-16,1.0,29.4,24.1,83,chumphon
2015-12-17,2.7,26.8,24.3,89,chumphon
2015-12-18,0.4,27.7,25.2,74,chumphon
2015-12-19,0.0,27.8,25.1,72,chumphon
2015-12-20,0.0,28.3,24.2,71,chumphon
2015-12-21,0.0,28.7,24.4,73,chumphon
2015-12-22,0.9,28.0,24.4,77,chumphon
2015-12-23,23.7,25.9,24.1,90,chumphon
2015-12-24,7.6,27.3,24.7,89,chumphon
2015-12-25,1.1,28.5,25.3,87,chumphon
2015-12-26,2.0,28.1,25.5,84,chumphon
2015-12-27,1.3,28.4,25.5,82,chumphon
2015-12-28,0.7,28.2,24.7,85,chumphon
2015-12-29,0.0,28.5,24.2,84,chumphon
2015-12-30,0.1,27.9,24.4,80,chumphon
2015-12-31,2.1,27.8,25.1,79,chumphon
2016-01-01,0.1,28.1,25.6,75,chumphon
2016-01-02,0.0,28.5,25.1,76,chumphon
2016-01-03,0.0,29.2,23.7,77,chumphon
2016-01-04,0.0,29.1,23.5,81,chumphon
2016-01-05,0.0,29.3,23.4,82,chumphon
2016-01-06,1.1,28.7,24.2,86,chumphon
2016-01-07,2.8,28.1,24.5,86,chumphon
2016-01-08,0.7,28.8,24.3,85,chumphon
2016-01-09,0.0,29.0,24.2,80,chumphon
2016-01-10,0.0,29.0,25.7,78,chumphon
2016-01-11,0.0,29.2,23.5,80,chumphon
2016-01-12,0.0,28.9,24.3,78,chumphon
2016-01-13,0.0,29.0,25.3,77,chumphon
2016-01-14,3.5,28.7,25.2,83,chumphon
2016-01-15,4.4,28.7,25.2,86,chumphon
2016-01-16,12.2,28.0,24.2,88,chumphon
2016-01-17,4.6,28.6,24.7,89,chumphon
2016-01-18,0.2,29.0,25.5,84,chumphon
2016-01-19,9.0,28.5,25.2,88,chumphon
2016-01-20,0.1,29.2,25.4,79,chumphon
2016-01-21,0.9,28.5,26.3,79,chumphon
2016-01-22,0.0,29.3,25.0,78,chumphon
2016-01-23,0.1,29.3,24.3,82,chumphon
2016-01-24,3.8,28.6,25.0,85,chumphon
2016-01-25,1.8,25.3,23.2,78,chumphon
2016-01-26,0.0,24.9,22.1,74,chumphon
2016-01-27,0.0,26.2,23.2,76,chumphon
2016-01-28,2.1,27.7,24.8,78,chumphon
2016-01-29,0.9,29.0,24.8,81,chumphon
2016-01-30,1.1,29.6,24.4,83,chumphon
2016-01-31,1.5,28.9,24.1,86,chumphon
2016-02-01,0.3,29.6,24.3,83,chumphon
2016-02-02,2.1,28.7,24.7,84,chumphon
2016-02-03,1.9,28.4,24.4,81,chumphon
2016-02-04,0.0,29.4,25.5,75,chumphon
2016-02-05,0.0,30.2,25.1,73,chumphon
2016-02-06,0.0,29.8,25.4,72,chumphon
2016-02-07,0.0,27.0,24.2,61,chumphon
2016-02-08,0.0,25.1,22.9,59,chumphon
2016-02-09,0.0,27.3,23.0,61,chumphon
2016-02-10,0.0,28.2,22.6,68,chumphon
2016-02-11,0.3,28.8,23.4,75,chumphon
2016-02-12,0.3,29.4,26.2,75,chumphon
2016-02-13,0.0,29.8,24.8,78,chumphon
2016-02-14,0.0,29.7,25.2,79,chumphon
2016-02-15,0.1,29.7,24.3,80,chumphon
2016-02-16,3.0,29.5,26.4,76,chumphon
2016-02-17,1.5,27.8,25.4,80,chumphon
2016-02-18,1.4,28.9,25.7,79,chumphon
2016-02-19,0.0,29.4,24.6,79,chumphon
2016-02-20,0.0,29.4,23.4,80,chumphon
2016-02-21,0.0,29.1,25.4,74,chumphon
2016-02-22,0.0,29.3,25.3,69,chumphon
2016-02-23,0.0,29.7,24.0,70,chumphon
2016-02-24,0.6,29.8,23.9,79,chumphon
2016-02-25,2.3,28.0,26.1,78,chumphon
2016-02-26,3.4,28.9,25.1,76,chumphon
2016-02-27,1.3,28.6,25.7,72,chumphon
2016-02-28,0.0,29.9,25.6,69,chumphon
2016-02-29,0.0,30.1,24.2,73,chumphon
2016-03-01,0.4,29.8,25.2,71,chumphon
2016-03-02,0.0,28.8,25.3,77,chumphon
2016-03-03,0.6,29.3,24.8,79,chumphon
2016-03-04,0.0,29.4,25.5,77,chumphon
2016-03-05,0.0,29.8,25.4,78,chumphon
2016-03-06,0.0,30.0,25.4,76,chumphon
2016-03-07,0.0,30.0,25.0,78,chumphon
2016-03-08,0.0,30.4,25.1,77,chumphon
2016-03-09,0.0,31.3,24.3,80,chumphon
2016-03-10,0.0,32.0,25.2,76,chumphon
2016-03-11,0.0,31.4,25.5,80,chumphon
2016-03-12,0.0,30.2,26.9,74,chumphon
2016-03-13,0.0,30.8,25.6,73,chumphon
2016-03-14,0.0,31.6,24.1,73,chumphon
2016-03-15,0.0,31.4,24.8,76,chumphon
2016-03-16,0.0,31.4,25.8,75,chumphon
2016-03-17,0.0,32.0,25.7,75,chumphon
2016-03-18,0.0,31.8,25.4,77,chumphon
2016-03-19,0.0,31.8,25.3,79,chumphon
2016-03-20,0.0,31.2,25.9,76,chumphon
2016-03-21,0.0,32.2,24.9,73,chumphon
2016-03-22,0.0,32.9,25.6,69,chumphon
2016-03-23,0.0,33.2,25.7,70,chumphon
2016-03-24,0.0,32.7,25.7,71,chumphon
2016-03-25,0.0,31.5,25.6,77,chumphon
2016-03-26,3.1,30.3,27.2,73,chumphon
2016-03-27,4.4,29.3,26.9,79,chumphon
2016-03-28,6.2,29.2,25.4,84,chumphon
2016-03-29,1.4,29.1,25.1,82,chumphon
2016-03-30,2.5,29.1,27.0,78,chumphon
2016-03-31,1.6,29.7,26.5,77,chumphon
2016-04-01,0.0,29.7,25.7,77,chumphon
2016-04-02,0.0,30.0,25.1,76,chumphon
2016-04-03,0.0,30.4,26.7,73,chumphon
2016-04-04,1.8,31.2,25.8,78,chumphon
2016-04-05,2.9,31.3,26.2,80,chumphon
2016-04-06,0.2,31.6,26.5,78,chumphon
2016-04-07,0.0,32.4,26.0,72,chumphon
2016-04-08,0.5,31.4,25.9,79,chumphon
2016-04-09,0.0,31.7,25.7,76,chumphon
2016-04-10,0.0,32.6,25.8,76,chumphon
2016-04-11,0.0,34.7,26.3,70,chumphon
2016-04-12,0.0,34.9,26.8,65,chumphon
2016-04-13,0.0,35.1,27.2,63,chumphon
2016-04-14,0.3,33.8,27.0,69,chumphon
2016-04-15,0.0,33.9,26.8,68,chumphon
2016-04-16,0.0,33.4,26.6,70,chumphon
2016-04-17,0.0,33.4,27.3,71,chumphon
2016-04-18,0.8,33.2,28.0,71,chumphon
2016-04-19,2.7,32.2,28.2,78,chumphon
2016-04-20,0.3,32.3,28.2,72,chumphon
2016-04-21,0.2,32.6,27.0,73,chumphon
2016-04-22,0.2,33.0,27.3,74,chumphon
2016-04-23,3.1,32.4,27.6,74,chumphon
2016-04-24,2.3,31.9,27.4,75,chumphon
2016-04-25,0.0,32.7,27.4,75,chumphon
2016-04-26,0.3,33.0,27.5,76,chumphon
2016-04-27,0.2,33.9,27.8,73,chumphon
2016-04-28,0.1,33.9,27.9,72,chumphon
2016-04-29,2.8,33.9,28.4,72,chumphon
2016-04-30,0.1,32.3,27.5,78,chumphon
2016-05-01,3.2,31.7,28.3,76,chumphon
2016-05-02,0.1,32.5,28.0,72,chumphon
2016-05-03,0.4,32.7,27.5,69,chumphon
2016-05-04,0.6,32.4,28.4,72,chumphon
2016-05-05,0.6,32.4,27.7,74,chumphon
2016-05-06,0.0,33.3,28.0,71,chumphon
2016-05-07,2.7,33.1,28.2,76,chumphon
2016-05-08,11.4,32.1,27.4,79,chumphon
2016-05-09,0.0,32.5,27.1,77,chumphon
2016-05-10,0.0,32.7,27.6,74,chumphon
2016-05-11,1.0,33.7,28.7,70,chumphon
2016-05-12,0.9,33.6,28.3,76,chumphon
2016-05-13,3.0,32.8,27.6,77,chumphon
2016-05-14,0.0,32.3,28.3,74,chumphon
2016-05-15,0.0,32.7,27.5,75,chumphon
2016-05-16,0.1,32.9,27.6,73,chumphon
2016-05-17,10.5,33.0,27.0,79,chumphon
2016-05-18,26.1,29.9,26.0,84,chumphon
2016-05-19,4.7,31.2,26.0,82,chumphon
2016-05-20,19.3,31.9,26.6,83,chumphon
2016-05-21,0.0,31.5,26.5,81,chumphon
2016-05-22,8.9,29.9,26.6,83,chumphon
2016-05-23,40.6,27.1,26.3,94,chumphon
2016-05-24,54.2,26.7,25.9,92,chumphon
2016-05-25,24.5,28.3,25.7,89,chumphon
2016-05-26,4.7,29.2,26.2,86,chumphon
2016-05-27,3.5,29.7,26.3,85,chumphon
2016-05-28,15.2,27.1,25.8,90,chumphon
2016-05-29,12.8,27.6,25.9,90,chumphon
2016-05-30,6.7,28.5,25.9,88,chumphon
2016-05-31,16.4,29.0,25.8,87,chumphon
2016-06-01,1.4,29.8,25.8,83,chumphon
2016-06-02,9.4,29.6,26.0,85,chumphon
2016-06-03,11.6,30.2,25.7,83,chumphon
2016-06-04,1.3,30.7,26.2,82,chumphon
2016-06-05,0.1,31.0,26.0,81,chumphon
2016-06-06,1.2,30.6,26.3,82,chumphon
2016-06-07,0.4,30.9,26.4,82,chumphon
2016-06-08,0.0,31.9,26.4,78,chumphon
2016-06-09,0.7,31.5,26.6,78,chumphon
2016-06-10,0.0,32.0,26.7,79,chumphon
2016-06-11,0.3,32.2,26.9,78,chumphon
2016-06-12,1.4,31.9,26.7,79,chumphon
2016-06-13,4.6,31.2,26.4,83,chumphon
2016-06-14,4.2,30.2,25.9,84,chumphon
2016-06-15,15.5,29.1,25.6,87,chumphon
2016-06-16,22.4,28.9,25.3,88,chumphon
2016-06-17,6.6,28.8,25.5,85,chumphon
2016-06-18,0.8,29.2,25.2,79,chumphon
2016-06-19,10.4,30.3,25.2,81,chumphon
2016-06-20,12.5,28.5,25.7,87,chumphon
2016-06-21,11.1,29.0,25.2,88,chumphon
2016-06-22,7.0,29.6,25.2,86,chumphon
2016-06-23,17.1,28.7,25.6,86,chumphon
2016-06-24,18.7,26.9,25.2,90,chumphon
2016-06-25,1.5,29.4,25.2,84,chumphon
2016-06-26,10.4,28.6,25.8,86,chumphon
2016-06-27,10.4,28.8,25.5,87,chumphon
2016-06-28,16.9,28.1,25.2,89,chumphon
2016-06-29,39.5,26.9,25.0,90,chumphon
2016-06-30,2.8,28.2,25.3,87,chumphon
2016-07-01,5.1,29.6,26.0,86,chumphon
2016-07-02,0.8,29.8,25.4,88,chumphon
2016-07-03,2.2,29.5,25.5,87,chumphon
2016-07-04,0.0,30.1,25.8,84,chumphon
2016-07-05,2.8,30.5,25.6,83,chumphon
2016-07-06,33.7,27.2,24.7,92,chumphon
2016-07-07,26.7,26.4,25.0,93,chumphon
2016-07-08,8.5,28.2,25.0,88,chumphon
2016-07-09,7.4,29.4,25.8,87,chumphon
2016-07-10,11.2,28.1,25.6,87,chumphon
2016-07-11,5.6,28.2,25.6,89,chumphon
2016-07-12,13.7,28.5,25.6,89,chumphon
2016-07-13,8.0,29.8,25.6,87,chumphon
2016-07-14,3.8,28.9,25.7,87,chumphon
2016-07-15,3.3,30.2,25.1,83,chumphon
2016-07-16,0.0,30.5,25.1,81,chumphon
2016-07-17,18.2,29.9,25.4,85,chumphon
2016-07-18,2.6,30.8,25.5,82,chumphon
2016-07-19,11.8,30.1,26.1,81,chumphon
2016-07-20,11.8,28.7,25.7,86,chumphon
2016-07-21,8.1,29.1,25.0,85,chumphon
2016-07-22,15.9,28.8,24.8,87,chumphon
2016-07-23,9.5,27.8,24.7,87,chumphon
2016-07-24,13.5,28.6,24.8,87,chumphon
2016-07-25,1.2,30.0,24.4,85,chumphon
2016-07-26,12.9,29.8,24.8,86,chumphon
2016-07-27,8.8,27.7,25.7,87,chumphon
2016-07-28,33.2,27.7,24.8,91,chumphon
2016-07-29,22.3,27.3,24.8,90,chumphon
2016-07-30,8.8,27.0,25.2,89,chumphon
2016-07-31,1.1,30.5,25.1,81,chumphon
2016-08-01,7.5,30.1,25.4,81,chumphon
2016-08-02,14.1,29.1,25.2,88,chumphon
2016-08-03,10.6,27.4,25.5,89,chumphon
2016-08-04,12.7,28.3,25.1,90,chumphon
2016-08-05,7.1,29.4,25.8,85,chumphon
2016-08-06,6.9,28.4,25.2,88,chumphon
2016-08-07,10.2,28.0,25.1,88,chumphon
2016-08-08,3.5,29.7,24.7,86,chumphon
2016-08-09,4.2,29.0,25.2,87,chumphon
2016-08-10,6.2,29.0,25.0,87,chumphon
2016-08-11,5.6,28.7,25.6,86,chumphon
2016-08-12,5.0,29.7,25.2,87,chumphon
2016-08-13,3.9,28.5,25.5,86,chumphon
2016-08-14,2.5,29.0,25.6,86,chumphon
2016-08-15,1.7,28.2,25.7,85,chumphon
2016-08-16,3.1,29.8,26.0,84,chumphon
2016-08-17,0.4,29.8,26.0,83,chumphon
2016-08-18,3.0,30.3,26.1,83,chumphon
2016-08-19,2.4,29.6,25.8,85,chumphon
2016-08-20,0.9,30.5,25.9,83,chumphon
2016-08-21,2.8,30.1,25.6,84,chumphon
2016-08-22,0.4,30.2,25.5,81,chumphon
2016-08-23,2.3,29.6,26.0,82,chumphon
2016-08-24,1.5,30.3,25.7,83,chumphon
2016-08-25,1.3,30.5,25.9,82,chumphon
2016-08-26,3.3,30.1,25.9,83,chumphon
2016-08-27,2.3,30.1,25.8,81,chumphon
2016-08-28,1.7,30.0,25.5,84,chumphon
2016-08-29,19.0,27.9,25.9,87,chumphon
2016-08-30,14.1,29.1,25.3,86,chumphon
2016-08-31,12.2,28.3,25.5,87,chumphon
2016-09-01,0.2,31.1,25.5,81,chumphon
2016-09-02,4.8,30.0,25.7,84,chumphon
2016-09-03,0.2,30.4,25.7,79,chumphon
2016-09-04,0.7,29.4,25.3,84,chumphon
2016-09-05,12.5,29.0,25.3,86,chumphon
2016-09-06,32.1,27.0,25.1,92,chumphon
2016-09-07,18.2,27.5,24.8,90,chumphon
2016-09-08,24.3,27.4,25.1,88,chumphon
2016-09-09,27.0,29.1,24.7,89,chumphon
2016-09-10,18.6,28.7,25.1,88,chumphon
2016-09-11,5.4,28.7,24.7,87,chumphon
2016-09-12,19.6,27.3,24.6,88,chumphon
2016-09-13,15.9,26.1,24.2,91,chumphon
2016-09-14,2.7,28.7,25.0,86,chumphon
2016-09-15,10.4,29.3,25.0,84,chumphon
2016-09-16,16.0,27.4,24.4,90,chumphon
2016-09-17,2.9,29.1,24.8,84,chumphon
2016-09-18,5.9,28.7,25.1,85,chumphon
2016-09-19,21.3,29.3,25.1,87,chumphon
2016-09-20,4.7,28.0,24.8,87,chumphon
2016-09-21,5.2,27.6,24.9,89,chumphon
2016-09-22,32.3,25.5,24.5,93,chumphon
2016-09-23,15.2,26.5,24.3,91,chumphon
2016-09-24,1.1,29.1,24.7,86,chumphon
2016-09-25,3.0,28.8,25.1,85,chumphon
2016-09-26,21.6,27.9,24.9,89,chumphon
2016-09-27,11.9,27.4,24.9,90,chumphon
2016-09-28,29.3,25.8,24.7,93,chumphon
2016-09-29,15.5,26.5,24.4,91,chumphon
2016-09-30,2.5,28.4,24.7,87,chumphon
2016-10-01,7.3,28.4,24.7,86,chumphon
2016-10-02,11.5,28.5,24.8,87,chumphon
2016-10-03,8.8,28.9,24.9,88,chumphon
2016-10-04,3.1,29.0,24.8,86,chumphon
2016-10-05,24.4,28.2,24.9,89,chumphon
2016-10-06,15.5,27.4,24.8,90,chumphon
2016-10-07,6.2,29.3,24.7,87,chumphon
2016-10-08,8.5,28.0,24.7,88,chumphon
2016-10-09,20.9,26.6,24.5,91,chumphon
2016-10-10,17.1,27.7,24.5,89,chumphon
2016-10-11,0.0,30.1,25.4,82,chumphon
2016-10-12,8.2,30.1,25.8,84,chumphon
2016-10-13,7.1,29.2,24.9,88,chumphon
2016-10-14,18.7,26.9,25.0,90,chumphon
2016-10-15,12.5,27.3,25.0,89,chumphon
2016-10-16,23.9,27.9,24.5,90,chumphon
2016-10-17,21.2,27.8,24.6,90,chumphon
2016-10-18,32.0,28.1,24.5,91,chumphon
2016-10-19,20.6,26.8,24.7,91,chumphon
2016-10-20,16.1,28.1,25.1,89,chumphon
2016-10-21,17.8,28.6,24.9,90,chumphon
2016-10-22,25.0,26.8,24.7,92,chumphon
2016-10-23,8.1,28.2,25.0,88,chumphon
2016-10-24,16.5,28.1,24.7,90,chumphon
2016-10-25,1.4,29.6,25.2,83,chumphon
2016-10-26,13.0,28.2,24.4,90,chumphon
2016-10-27,0.9,28.5,24.3,87,chumphon
2016-10-28,9.5,27.0,25.3,87,chumphon
2016-10-29,16.3,27.2,24.0,90,chumphon
2016-10-30,17.1,25.5,24.3,93,chumphon
2016-10-31,42.6,25.1,24.4,94,chumphon
2016-11-01,16.0,26.5,24.3,92,chumphon
2016-11-02,13.9,26.1,24.2,92,chumphon
2016-11-03,2.7,27.5,24.6,88,chumphon
2016-11-04,6.5,27.6,25.3,83,chumphon
2016-11-05,2.1,28.4,24.9,86,chumphon
2016-11-06,14.5,28.7,25.0,88,chumphon
2016-11-07,15.4,28.2,24.7,90,chumphon
2016-11-08,9.4,28.0,24.2,87,chumphon
2016-11-09,10.6,28.1,24.8,87,chumphon
2016-11-10,6.0,28.3,24.0,86,chumphon
2016-11-11,2.4,28.6,24.9,86,chumphon
2016-11-12,1.1,28.7,26.1,82,chumphon
2016-11-13,2.8,28.3,25.1,86,chumphon
2016-11-14,1.8,28.1,25.0,89,chumphon
2016-11-15,1.4,28.8,24.4,85,chumphon
2016-11-16,3.5,28.7,25.2,87,chumphon
2016-11-17,1.2,29.4,25.6,79,chumphon
2016-11-18,0.4,29.6,25.9,77,chumphon
2016-11-19,7.6,28.3,25.2,86,chumphon
2016-11-20,5.7,27.4,24.9,89,chumphon
2016-11-21,0.2,29.4,24.4,87,chumphon
2016-11-22,0.5,29.1,25.4,86,chumphon
2016-11-23,13.6,27.0,24.9,90,chumphon
2016-11-24,8.0,28.5,24.7,88,chumphon
2016-11-25,0.5,28.7,25.3,86,chumphon
2016-11-26,0.3,29.2,24.6,85,chumphon
2016-11-27,7.0,27.3,24.6,91,chumphon
2016-11-28,0.6,28.0,24.9,90,chumphon
2016-11-29,1.0,28.2,25.4,84,chumphon
2016-11-30,0.0,28.8,26.4,77,chumphon
2016-12-01,0.0,28.3,26.3,76,chumphon
2016-12-02,1.6,27.8,26.1,77,chumphon
2016-12-03,22.0,26.5,24.7,86,chumphon
2016-12-04,45.8,25.4,24.7,92,chumphon
2016-12-05,62.8,25.7,24.7,93,chumphon
2016-12-06,30.1,25.5,24.6,93,chumphon
2016-12-07,13.4,27.4,24.6,85,chumphon
2016-12-08,3.8,27.6,25.0,83,chumphon
2016-12-09,1.8,27.8,24.6,83,chumphon
2016-12-10,9.0,26.6,24.5,88,chumphon
2016-12-11,1.3,28.3,23.4,83,chumphon
2016-12-12,0.0,29.0,24.1,82,chumphon
2016-12-13,0.2,28.9,23.6,79,chumphon
2016-12-14,0.7,29.2,24.3,82,chumphon
2016-12-15,5.6,28.0,24.4,86,chumphon
2016-12-16,7.6,25.6,24.2,90,chumphon
2016-12-17,24.8,25.9,23.0,86,chumphon
2016-12-18,0.7,27.3,23.6,78,chumphon
2016-12-19,0.0,28.3,24.7,77,chumphon
2016-12-20,0.2,28.9,23.9,81,chumphon
2016-12-21,8.9,29.0,24.5,86,chumphon
2016-12-22,12.5,27.1,24.4,91,chumphon
2016-12-23,15.5,26.6,24.5,91,chumphon
2016-12-24,2.0,27.7,25.2,87,chumphon
2016-12-25,0.4,28.6,24.8,84,chumphon
2016-12-26,0.2,28.8,24.1,85,chumphon
2016-12-27,0.2,29.1,24.4,83,chumphon
2016-12-28,1.0,27.0,25.1,82,chumphon
2016-12-29,0.0,27.1,24.8,72,chumphon
2016-12-30,0.0,26.9,25.0,73,chumphon
2016-12-31,0.0,27.4,24.9,73,chumphon
2017-01-01,0.6,28.2,25.1,77,chumphon
2017-01-02,0.5,27.9,24.8,77,chumphon
2017-01-03,9.3,27.2,24.9,86,chumphon
2017-01-04,23.3,26.3,24.4,89,chumphon
2017-01-05,55.3,25.3,23.9,93,chumphon
2017-01-06,51.0,25.2,24.1,94,chumphon
2017-01-07,93.2,25.1,24.1,93,chumphon
2017-01-08,57.4,25.2,24.0,94,chumphon
2017-01-09,48.0,26.2,24.4,91,chumphon
2017-01-10,19.2,27.7,24.4,90,chumphon
2017-01-11,0.3,28.5,23.4,85,chumphon
2017-01-12,1.3,28.5,22.6,89,chumphon
2017-01-13,0.0,30.6,22.1,82,chumphon
2017-01-14,0.1,30.0,23.0,82,chumphon
2017-01-15,6.1,29.9,23.1,87,chumphon
2017-01-16,14.3,27.7,23.1,91,chumphon
2017-01-17,39.8,25.1,23.6,93,chumphon
2017-01-18,7.4,27.4,24.1,87,chumphon
2017-01-19,0.7,28.9,25.5,83,chumphon
2017-01-20,14.5,27.1,23.9,88,chumphon
2017-01-21,6.5,27.6,23.6,86,chumphon
2017-01-22,2.9,28.5,25.5,81,chumphon
2017-01-23,2.0,28.3,24.5,81,chumphon
2017-01-24,0.2,27.9,24.1,77,chumphon
2017-01-25,0.0,28.1,23.2,78,chumphon
2017-01-26,1.6,28.2,24.6,82,chumphon
2017-01-27,0.2,28.6,23.7,80,chumphon
2017-01-28,0.6,28.3,22.1,82,chumphon
2017-01-29,0.0,28.3,20.3,82,chumphon
2017-01-30,0.0,28.2,20.3,82,chumphon
2017-01-31,0.0,28.4,20.3,83,chumphon
2017-02-01,0.6,28.5,21.6,81,chumphon
2017-02-02,0.0,29.9,20.7,78,chumphon
2017-02-03,7.7,27.2,24.0,87,chumphon
2017-02-04,0.0,28.8,23.5,84,chumphon
2017-02-05,0.0,30.4,22.5,81,chumphon
2017-02-06,0.7,33.1,23.7,76,chumphon
2017-02-07,0.0,32.3,22.6,67,chumphon
2017-02-08,0.0,31.5,21.6,67,chumphon
2017-02-09,0.0,30.6,20.3,70,chumphon
2017-02-10,0.0,30.9,21.1,72,chumphon
2017-02-11,1.8,29.6,22.3,80,chumphon
2017-02-12,0.7,29.0,25.3,73,chumphon
2017-02-13,0.0,28.7,24.1,70,chumphon
2017-02-14,0.0,28.9,22.9,70,chumphon
2017-02-15,0.0,29.5,22.3,70,chumphon
2017-02-16,0.0,29.9,23.0,71,chumphon
2017-02-17,0.0,29.3,23.6,73,chumphon
2017-02-18,0.0,29.4,24.2,75,chumphon
2017-02-19,0.0,30.0,22.9,79,chumphon
2017-02-20,0.7,30.2,23.3,80,chumphon
2017-02-21,0.0,30.5,23.8,77,chumphon
2017-02-22,0.3,30.6,23.7,81,chumphon
2017-02-23,0.6,30.6,24.8,77,chumphon
2017-02-24,1.3,30.4,25.4,79,chumphon
2017-02-25,1.2,31.0,25.6,75,chumphon
2017-02-26,1.1,30.5,25.2,77,chumphon
2017-02-27,20.5,29.3,25.1,86,chumphon
2017-02-28,5.4,29.0,23.9,86,chumphon
2017-03-01,3.1,29.2,23.7,86,chumphon
2017-03-02,1.7,29.1,24.0,87,chumphon
2017-03-03,0.1,29.4,23.1,82,chumphon
2017-03-04,0.8,29.5,25.1,80,chumphon
2017-03-05,0.0,29.9,23.2,81,chumphon
2017-03-06,0.0,30.4,23.2,82,chumphon
2017-03-07,0.1,30.8,23.5,81,chumphon
2017-03-08,0.7,30.0,24.8,78,chumphon
2017-03-09,0.0,30.3,25.1,73,chumphon
2017-03-10,0.0,30.7,25.8,69,chumphon
2017-03-11,0.0,31.0,24.4,75,chumphon
2017-03-12,0.0,32.4,22.3,71,chumphon
2017-03-13,0.0,34.7,24.7,69,chumphon
2017-03-14,3.7,35.4,25.1,68,chumphon
2017-03-15,0.0,33.1,25.3,73,chumphon
2017-03-16,1.2,32.7,25.2,73,chumphon
2017-03-17,0.8,32.3,25.6,72,chumphon
2017-03-18,0.7,31.6,24.9,76,chumphon
2017-03-19,0.6,31.5,25.1,74,chumphon
2017-03-20,0.3,32.0,24.2,73,chumphon
2017-03-21,0.6,33.3,24.5,73,chumphon
2017-03-22,0.0,32.9,25.2,72,chumphon
2017-03-23,0.3,32.3,25.2,76,chumphon
2017-03-24,2.6,30.3,25.2,80,chumphon
2017-03-25,0.4,30.8,24.9,79,chumphon
2017-03-26,1.4,30.9,25.9,82,chumphon
2017-03-27,7.3,28.8,25.8,84,chumphon
2017-03-28,6.5,29.7,25.9,81,chumphon
2017-03-29,12.2,28.1,24.1,87,chumphon
2017-03-30,6.7,30.2,24.9,84,chumphon
2017-03-31,4.6,29.7,24.9,85,chumphon
2017-04-01,11.0,30.1,24.6,85,chumphon
2017-04-02,20.5,28.3,24.5,90,chumphon
2017-04-03,6.2,27.4,24.7,86,chumphon
2017-04-04,10.4,27.4,24.0,89,chumphon
2017-04-05,10.7,28.1,23.4,90,chumphon
2017-04-06,24.4,27.0,23.7,91,chumphon
2017-04-07,33.0,27.3,24.2,91,chumphon
2017-04-08,14.0,30.1,25.0,86,chumphon
2017-04-09,2.3,30.2,26.1,84,chumphon
2017-04-10,1.7,30.6,24.6,86,chumphon
2017-04-11,1.0,30.7,24.9,85,chumphon
2017-04-12,0.3,30.8,25.1,86,chumphon
2017-04-13,2.4,30.2,25.3,88,chumphon
2017-04-14,3.2,30.2,25.0,85,chumphon
2017-04-15,0.1,30.3,26.3,78,chumphon
2017-04-16,0.0,30.6,26.4,79,chumphon
2017-04-17,16.2,30.1,25.3,88,chumphon
2017-04-18,6.7,31.3,24.1,87,chumphon
2017-04-19,4.0,31.7,24.7,84,chumphon
2017-04-20,3.0,32.3,25.4,84,chumphon
2017-04-21,1.3,32.0,25.3,82,chumphon
2017-04-22,1.1,33.0,25.4,82,chumphon
2017-04-23,2.0,32.1,25.4,82,chumphon
2017-04-24,10.6,30.9,25.5,84,chumphon
2017-04-25,1.2,31.1,25.0,83,chumphon
2017-04-26,5.0,32.8,25.2,83,chumphon
2017-04-27,2.8,31.7,25.2,82,chumphon
2017-04-28,1.4,32.7,25.4,81,chumphon
2017-04-29,2.5,31.0,24.7,85,chumphon
2017-04-30,1.1,30.8,24.7,84,chumphon
2017-05-01,6.4,31.4,25.0,85,chumphon
2017-05-02,2.4,32.5,25.2,83,chumphon
2017-05-03,5.6,32.7,26.1,82,chumphon
2017-05-04,3.6,33.6,26.0,81,chumphon
2017-05-05,4.8,30.4,25.9,86,chumphon
2017-05-06,8.8,31.6,24.4,84,chumphon
2017-05-07,0.1,31.5,25.0,82,chumphon
2017-05-08,4.3,31.1,24.4,86,chumphon
2017-05-09,1.3,31.5,24.2,84,chumphon
2017-05-10,11.2,28.9,25.3,89,chumphon
2017-05-11,10.4,27.7,25.2,89,chumphon
2017-05-12,6.3,29.7,25.2,89,chumphon
2017-05-13,1.5,30.6,25.4,84,chumphon
2017-05-14,3.3,31.1,26.2,83,chumphon
2017-05-15,14.3,31.6,25.5,85,chumphon
2017-05-16,10.2,31.5,25.6,85,chumphon
2017-05-17,8.5,29.6,25.5,88,chumphon
2017-05-18,7.0,29.6,25.6,89,chumphon
2017-05-19,8.2,30.7,25.2,87,chumphon
2017-05-20,1.5,31.6,24.9,85,chumphon
2017-05-21,8.0,32.2,25.4,84,chumphon
2017-05-22,6.7,31.6,25.5,83,chumphon
2017-05-23,4.0,31.7,25.8,84,chumphon
2017-05-24,6.6,32.5,26.0,84,chumphon
2017-05-25,5.1,30.2,25.6,88,chumphon
2017-05-26,13.2,28.8,25.7,89,chumphon
2017-05-27,22.6,31.1,25.4,87,chumphon
2017-05-28,16.2,30.4,25.4,89,chumphon
2017-05-29,2.7,29.6,25.7,87,chumphon
2017-05-30,6.2,29.5,25.9,89,chumphon
2017-05-31,17.3,30.6,25.2,88,chumphon
2017-06-01,5.2,31.3,25.0,84,chumphon
2017-06-02,3.0,32.2,25.2,83,chumphon
2017-06-03,2.2,32.5,25.0,80,chumphon
2017-06-04,0.2,31.0,25.7,83,chumphon
2017-06-05,5.7,29.1,25.8,86,chumphon
2017-06-06,57.1,27.0,24.4,93,chumphon
2017-06-07,4.0,29.6,24.9,88,chumphon
2017-06-08,0.3,30.3,24.9,84,chumphon
2017-06-09,1.0,32.1,25.4,79,chumphon
2017-06-10,0.0,32.5,24.1,78,chumphon
2017-06-11,0.1,32.3,24.7,79,chumphon
2017-06-12,0.1,32.6,24.8,81,chumphon
2017-06-13,0.4,32.6,24.7,80,chumphon
2017-06-14,4.0,30.5,24.9,84,chumphon
2017-06-15,0.4,31.9,25.2,79,chumphon
2017-06-16,0.0,33.2,24.5,76,chumphon
2017-06-17,0.0,33.1,25.6,76,chumphon
2017-06-18,0.2,33.2,24.7,76,chumphon
2017-06-19,0.8,30.8,25.4,80,chumphon
2017-06-20,0.0,32.4,25.2,77,chumphon
2017-06-21,0.7,32.2,25.9,77,chumphon
2017-06-22,3.3,30.1,25.3,85,chumphon
2017-06-23,6.5,28.4,24.7,87,chumphon
2017-06-24,6.9,28.6,24.6,86,chumphon
2017-06-25,25.6,27.0,24.6,93,chumphon
2017-06-26,7.4,27.5,24.4,91,chumphon
2017-06-27,4.3,29.5,24.2,87,chumphon
2017-06-28,0.3,30.0,24.2,85,chumphon
2017-06-29,0.1,31.2,24.7,81,chumphon
2017-06-30,3.8,30.4,24.6,86,chumphon
2017-07-01,15.9,30.5,24.6,86,chumphon
2017-07-02,0.8,31.0,24.3,84,chumphon
2017-07-03,0.0,31.8,24.6,82,chumphon
2017-07-04,3.3,30.0,25.2,86,chumphon
2017-07-05,0.7,30.9,24.5,84,chumphon
2017-07-06,6.9,31.5,24.8,84,chumphon
2017-07-07,11.6,28.6,24.3,88,chumphon
2017-07-08,0.5,30.6,24.6,83,chumphon
2017-07-09,4.5,31.5,24.0,84,chumphon
2017-07-10,0.7,29.9,24.2,82,chumphon
2017-07-11,3.7,30.1,25.0,83,chumphon
2017-07-12,1.6,29.6,24.9,85,chumphon
2017-07-13,4.7,30.4,24.5,85,chumphon
2017-07-14,6.9,27.9,24.7,88,chumphon
2017-07-15,2.8,28.1,24.1,88,chumphon
2017-07-16,4.4,29.1,24.2,84,chumphon
2017-07-17,6.9,26.8,24.8,89,chumphon
2017-07-18,2.0,30.6,24.8,83,chumphon
2017-07-19,0.3,30.4,24.3,83,chumphon
2017-07-20,1.1,28.2,24.8,88,chumphon
2017-07-21,12.5,29.8,25.0,89,chumphon
2017-07-22,1.6,30.2,24.6,86,chumphon
2017-07-23,0.1,31.8,24.4,81,chumphon
2017-07-24,5.6,29.4,24.8,86,chumphon
2017-07-25,23.9,27.1,24.4,92,chumphon
2017-07-26,3.8,27.9,24.8,89,chumphon
2017-07-27,4.0,28.9,24.3,88,chumphon
2017-07-28,0.3,29.4,25.1,84,chumphon
2017-07-29,0.2,30.0,25.0,83,chumphon
2017-07-30,0.0,30.3,25.4,83,chumphon
2017-07-31,1.6,30.5,25.1,84,chumphon
2017-08-01,0.6,30.3,25.2,84,chumphon
2017-08-02,4.3,31.0,24.9,85,chumphon
2017-08-03,6.6,29.7,25.5,85,chumphon
2017-08-04,3.5,29.5,25.4,84,chumphon
2017-08-05,4.4,28.2,25.0,87,chumphon
2017-08-06,7.0,29.5,24.9,88,chumphon
2017-08-07,1.9,30.1,23.8,86,chumphon
2017-08-08,5.4,31.6,24.7,83,chumphon
2017-08-09,4.3,31.2,24.4,83,chumphon
2017-08-10,0.1,31.8,24.4,82,chumphon
2017-08-11,1.4,30.3,24.6,83,chumphon
2017-08-12,5.7,30.9,24.6,84,chumphon
2017-08-13,3.0,31.0,24.7,83,chumphon
2017-08-14,6.0,29.3,24.7,85,chumphon
2017-08-15,10.0,29.3,24.5,84,chumphon
2017-08-16,7.9,28.3,24.4,86,chumphon
2017-08-17,13.1,27.1,23.9,90,chumphon
2017-08-18,3.5,28.4,24.0,88,chumphon
2017-08-19,12.8,28.3,24.3,90,chumphon
2017-08-20,1.6,30.7,23.5,81,chumphon
2017-08-21,5.9,30.4,24.2,84,chumphon
2017-08-22,0.1,31.0,24.7,82,chumphon
2017-08-23,2.4,29.2,24.7,85,chumphon
2017-08-24,0.4,30.9,25.0,82,chumphon
2017-08-25,0.7,30.4,24.8,83,chumphon
2017-08-26,5.5,28.1,24.6,88,chumphon
2017-08-27,13.5,26.4,24.2,92,chumphon
2017-08-28,8.7,27.4,24.0,92,chumphon
2017-08-29,2.3,30.4,23.6,84,chumphon
2017-08-30,6.1,32.0,24.5,83,chumphon
2017-08-31,0.3,31.5,23.9,82,chumphon
2017-09-01,0.2,32.3,24.7,81,chumphon
2017-09-02,1.1,32.5,24.8,80,chumphon
2017-09-03,4.4,31.8,25.1,83,chumphon
2017-09-04,7.9,30.8,25.2,85,chumphon
2017-09-05,4.8,31.2,24.9,85,chumphon
2017-09-06,1.4,31.3,24.3,85,chumphon
2017-09-07,1.0,30.6,24.5,85,chumphon
2017-09-08,0.9,30.3,24.9,87,chumphon
2017-09-09,0.6,31.0,24.9,84,chumphon
2017-09-10,16.8,31.1,24.8,86,chumphon
2017-09-11,0.1,30.2,24.5,86,chumphon
2017-09-12,0.3,31.6,24.5,83,chumphon
2017-09-13,2.4,31.6,25.2,84,chumphon
2017-09-14,1.6,31.2,24.8,82,chumphon
2017-09-15,1.0,29.8,24.9,84,chumphon
2017-09-16,5.6,29.5,25.1,87,chumphon
2017-09-17,1.6,29.0,25.0,87,chumphon
2017-09-18,5.5,30.7,24.7,84,chumphon
2017-09-19,0.0,32.6,24.4,80,chumphon
2017-09-20,0.3,29.9,25.2,84,chumphon
2017-09-21,9.6,29.3,24.9,87,chumphon
2017-09-22,1.5,27.9,24.5,87,chumphon
2017-09-23,4.2,29.3,24.4,87,chumphon
2017-09-24,3.2,28.1,24.4,88,chumphon
2017-09-25,5.2,26.8,24.6,91,chumphon
2017-09-26,1.9,30.5,24.4,85,chumphon
2017-09-27,1.5,30.9,24.1,84,chumphon
2017-09-28,10.7,30.4,24.7,84,chumphon
2017-09-29,7.2,29.0,24.4,88,chumphon
2017-09-30,3.6,29.9,24.2,88,chumphon
2017-10-01,10.2,30.6,23.9,86,chumphon
2017-10-02,10.5,29.0,24.6,87,chumphon
2017-10-03,9.7,27.7,24.5,91,chumphon
2017-10-04,12.3,30.4,24.2,89,chumphon
2017-10-05,6.3,29.7,23.3,88,chumphon
2017-10-06,0.7,30.0,23.8,84,chumphon
2017-10-07,1.7,29.1,25.2,87,chumphon
2017-10-08,12.8,28.4,24.8,88,chumphon
2017-10-09,2.9,29.0,24.2,88,chumphon
2017-10-10,2.1,30.5,24.5,86,chumphon
2017-10-11,4.1,29.2,24.9,88,chumphon
2017-10-12,11.0,30.6,24.7,87,chumphon
2017-10-13,6.7,29.4,24.4,86,chumphon
2017-10-14,3.2,28.6,24.5,87,chumphon
2017-10-15,4.5,27.3,24.3,90,chumphon
2017-10-16,5.9,29.3,24.7,89,chumphon
2017-10-17,3.8,30.8,23.9,85,chumphon
2017-10-18,0.8,30.4,24.9,84,chumphon
2017-10-19,0.6,31.4,24.4,81,chumphon
2017-10-20,0.0,32.0,25.2,81,chumphon
2017-10-21,0.3,31.7,25.5,83,chumphon
2017-10-22,6.6,30.1,25.4,85,chumphon
2017-10-23,7.4,29.9,24.1,87,chumphon
2017-10-24,6.0,28.2,23.9,91,chumphon
2017-10-25,1.7,27.6,24.4,88,chumphon
2017-10-26,9.6,27.9,24.7,88,chumphon
2017-10-27,2.2,29.2,23.6,88,chumphon
2017-10-28,4.4,29.1,23.7,85,chumphon
2017-10-29,9.9,28.5,24.7,87,chumphon
2017-10-30,6.0,28.3,24.9,82,chumphon
2017-10-31,0.1,28.9,24.7,76,chumphon
2017-11-01,0.0,29.3,24.6,74,chumphon
2017-11-02,4.7,28.5,24.9,81,chumphon
2017-11-03,7.3,29.3,24.2,82,chumphon
2017-11-04,0.0,28.5,24.5,73,chumphon
2017-11-05,0.0,28.5,23.6,71,chumphon
2017-11-06,35.9,25.6,22.8,88,chumphon
2017-11-07,14.4,27.1,23.8,88,chumphon
2017-11-08,22.2,27.0,23.8,91,chumphon
2017-11-09,15.2,28.1,23.1,89,chumphon
2017-11-10,3.7,28.6,24.2,86,chumphon
2017-11-11,12.2,28.0,24.5,92,chumphon
2017-11-12,5.5,27.1,24.0,91,chumphon
2017-11-13,5.7,29.2,23.1,89,chumphon
2017-11-14,22.1,28.7,24.3,89,chumphon
2017-11-15,5.1,29.3,24.7,86,chumphon
2017-11-16,8.3,27.4,24.7,88,chumphon
2017-11-17,3.1,28.6,25.4,86,chumphon
2017-11-18,0.0,29.7,23.7,87,chumphon
2017-11-19,1.8,32.2,24.5,85,chumphon
2017-11-20,8.1,28.3,24.8,91,chumphon
2017-11-21,19.2,28.1,24.2,90,chumphon
2017-11-22,9.7,28.3,24.8,91,chumphon
2017-11-23,7.2,28.5,24.5,88,chumphon
2017-11-24,3.3,27.8,24.9,86,chumphon
2017-11-25,1.7,28.8,25.6,79,chumphon
2017-11-26,0.0,28.4,25.5,80,chumphon
2017-11-27,1.1,28.6,25.3,80,chumphon
2017-11-28,0.0,28.9,24.7,78,chumphon
2017-11-29,2.3,28.6,24.6,81,chumphon
2017-11-30,3.9,27.7,24.1,86,chumphon
2017-12-01,0.7,29.1,25.0,82,chumphon
2017-12-02,0.5,29.1,25.7,79,chumphon
2017-12-03,0.0,29.1,26.1,78,chumphon
2017-12-04,16.1,27.4,25.8,85,chumphon
2017-12-05,28.0,26.6,24.8,92,chumphon
2017-12-06,27.5,27.1,24.7,90,chumphon
2017-12-07,8.2,27.9,24.7,88,chumphon
2017-12-08,0.0,29.5,23.4,86,chumphon
2017-12-09,4.8,28.2,24.0,87,chumphon
2017-12-10,0.6,28.6,23.6,81,chumphon
2017-12-11,0.0,28.3,22.4,83,chumphon
2017-12-12,0.0,28.9,22.2,85,chumphon
2017-12-13,0.8,29.4,21.6,86,chumphon
2017-12-14,1.3,29.6,23.4,88,chumphon
2017-12-15,0.3,29.3,23.5,86,chumphon
2017-12-16,5.9,28.0,23.5,89,chumphon
2017-12-17,2.3,27.2,24.4,82,chumphon
2017-12-18,0.0,25.9,23.3,71,chumphon
2017-12-19,0.0,24.3,21.8,66,chumphon
2017-12-20,0.0,24.2,21.6,66,chumphon
2017-12-21,0.0,24.4,20.9,68,chumphon
2017-12-22,0.0,26.6,21.2,66,chumphon
2017-12-23,0.3,28.5,23.2,69,chumphon
2017-12-24,0.0,29.8,22.3,75,chumphon
2017-12-25,0.0,27.7,23.5,76,chumphon
2017-12-26,0.3,24.6,22.8,73,chumphon
2017-12-27,0.3,26.2,22.6,80,chumphon
2017-12-28,15.2,25.6,22.6,87,chumphon
2017-12-29,2.8,26.5,23.8,86,chumphon
2017-12-30,0.0,28.5,24.6,81,chumphon
2017-12-31,2.5,27.9,24.7,83,chumphon
2018-01-01,0.0,27.5,24.1,79,chumphon
2018-01-02,0.0,27.7,24.4,81,chumphon
2018-01-03,0.0,28.3,23.0,84,chumphon
2018-01-04,0.0,28.4,23.1,83,chumphon
2018-01-05,0.0,29.3,22.7,82,chumphon
2018-01-06,3.4,28.4,23.3,87,chumphon
2018-01-07,6.3,28.3,24.5,88,chumphon
2018-01-08,2.8,28.5,23.9,87,chumphon
2018-01-09,0.3,29.0,23.9,87,chumphon
2018-01-10,3.2,28.0,23.7,88,chumphon
2018-01-11,1.0,27.8,24.3,84,chumphon
2018-01-12,0.0,26.8,23.4,79,chumphon
2018-01-13,0.0,26.1,22.2,75,chumphon
2018-01-14,0.0,26.7,21.2,75,chumphon
2018-01-15,0.0,27.9,21.9,73,chumphon
2018-01-16,0.1,27.6,23.2,81,chumphon
2018-01-17,0.3,29.1,22.9,81,chumphon
2018-01-18,0.0,29.7,21.9,81,chumphon
2018-01-19,0.0,29.5,21.9,84,chumphon
2018-01-20,0.1,28.9,23.8,82,chumphon
2018-01-21,3.4,29.2,23.4,85,chumphon
2018-01-22,1.0,29.5,24.3,83,chumphon
2018-01-23,0.0,30.2,24.0,82,chumphon
2018-01-24,6.1,29.1,24.3,85,chumphon
2018-01-25,5.3,29.0,24.3,85,chumphon
2018-01-26,1.6,28.9,23.9,86,chumphon
2018-01-27,6.2,28.5,24.2,85,chumphon
2018-01-28,0.5,29.1,24.3,85,chumphon
2018-01-29,2.4,29.3,24.0,87,chumphon
2018-01-30,0.8,30.2,24.1,84,chumphon
2018-01-31,6.4,28.8,24.7,85,chumphon
2018-02-01,4.6,28.8,24.9,84,chumphon
2018-02-02,3.7,29.1,24.6,82,chumphon
2018-02-03,14.2,27.5,24.2,84,chumphon
2018-02-04,12.5,27.5,23.8,82,chumphon
2018-02-05,1.9,27.8,24.2,79,chumphon
2018-02-06,0.4,28.3,23.1,74,chumphon
2018-02-07,0.0,27.9,22.2,76,chumphon
2018-02-08,0.1,28.1,23.0,77,chumphon
2018-02-09,0.5,27.9,24.1,78,chumphon
2018-02-10,0.0,28.5,21.3,81,chumphon
2018-02-11,0.0,29.4,20.7,84,chumphon
2018-02-12,2.4,28.6,23.8,81,chumphon
2018-02-13,1.6,27.7,23.4,82,chumphon
2018-02-14,0.0,28.9,23.1,81,chumphon
2018-02-15,0.0,30.3,21.9,81,chumphon
2018-02-16,0.0,31.7,23.0,79,chumphon
2018-02-17,0.0,30.8,23.3,79,chumphon
2018-02-18,0.0,30.2,23.2,80,chumphon
2018-02-19,6.0,28.5,23.0,84,chumphon
2018-02-20,4.2,28.9,24.8,82,chumphon
2018-02-21,0.4,29.6,25.3,79,chumphon
2018-02-22,1.4,29.2,25.5,79,chumphon
2018-02-23,12.4,28.2,24.8,85,chumphon
2018-02-24,1.8,28.8,24.6,83,chumphon
2018-02-25,0.7,29.0,25.4,79,chumphon
2018-02-26,1.2,29.2,25.5,79,chumphon
2018-02-27,0.4,29.3,24.4,81,chumphon
2018-02-28,0.0,30.5,22.9,82,chumphon
2018-03-01,0.0,30.4,23.1,84,chumphon
2018-03-02,0.0,30.5,23.8,84,chumphon
2018-03-03,0.0,30.5,23.2,83,chumphon
2018-03-04,0.1,31.3,23.5,81,chumphon
2018-03-05,1.1,31.5,24.5,81,chumphon
2018-03-06,1.7,31.1,25.8,81,chumphon
2018-03-07,1.0,31.4,26.0,78,chumphon
2018-03-08,0.4,31.0,26.9,76,chumphon
2018-03-09,5.7,30.3,25.8,78,chumphon
2018-03-10,3.5,29.8,24.9,76,chumphon
2018-03-11,1.7,29.4,25.6,77,chumphon
2018-03-12,4.0,29.4,24.8,82,chumphon
2018-03-13,0.2,30.6,23.9,80,chumphon
2018-03-14,0.3,30.7,24.9,79,chumphon
2018-03-15,2.4,30.7,23.8,82,chumphon
2018-03-16,2.2,30.5,23.3,84,chumphon
2018-03-17,0.2,30.6,24.6,81,chumphon
2018-03-18,2.9,30.0,24.8,83,chumphon
2018-03-19,0.2,31.3,25.8,79,chumphon
2018-03-20,2.0,31.8,24.8,80,chumphon
2018-03-21,1.8,31.6,24.3,77,chumphon
2018-03-22,1.7,30.9,24.7,75,chumphon
2018-03-23,8.4,28.4,24.8,83,chumphon
2018-03-24,7.0,28.9,24.6,85,chumphon
2018-03-25,0.7,30.1,26.4,78,chumphon
2018-03-26,0.0,30.5,24.6,82,chumphon
2018-03-27,0.0,31.0,24.0,82,chumphon
2018-03-28,1.0,30.9,25.7,80,chumphon
2018-03-29,3.0,30.5,25.4,84,chumphon
2018-03-30,4.7,31.9,24.2,83,chumphon
2018-03-31,2.4,31.5,25.3,83,chumphon
2018-04-01,6.1,28.9,24.1,86,chumphon
2018-04-02,9.0,29.0,24.5,87,chumphon
2018-04-03,4.3,30.1,25.3,81,chumphon
2018-04-04,4.9,30.6,25.5,81,chumphon
2018-04-05,1.1,30.6,25.8,79,chumphon
2018-04-06,0.0,30.9,24.1,80,chumphon
2018-04-07,33.9,30.4,24.3,86,chumphon
2018-04-08,11.2,27.7,24.6,79,chumphon
2018-04-09,1.5,29.3,25.7,75,chumphon
2018-04-10,0.0,30.3,25.0,77,chumphon
2018-04-11,0.7,30.4,26.6,80,chumphon
2018-04-12,0.0,30.5,25.5,83,chumphon
2018-04-13,0.0,31.4,25.0,82,chumphon
2018-04-14,0.0,31.6,24.7,81,chumphon
2018-04-15,0.0,32.6,24.6,81,chumphon
2018-04-16,0.4,33.1,25.1,77,chumphon
2018-04-17,2.9,31.6,25.4,79,chumphon
2018-04-18,3.1,30.4,26.7,81,chumphon
2018-04-19,5.6,30.7,25.8,85,chumphon
2018-04-20,1.2,31.4,24.7,83,chumphon
2018-04-21,0.1,30.9,25.4,83,chumphon
2018-04-22,1.7,31.7,25.6,82,chumphon
2018-04-23,3.4,32.5,24.3,79,chumphon
2018-04-24,2.0,33.2,25.9,80,chumphon
2018-04-25,5.6,33.5,26.0,79,chumphon
2018-04-26,5.8,32.2,25.5,81,chumphon
2018-04-27,13.1,28.9,24.4,87,chumphon
2018-04-28,26.8,27.8,24.9,90,chumphon
2018-04-29,14.1,28.2,24.4,91,chumphon
2018-04-30,15.8,28.0,24.0,95,chumphon
2018-05-01,11.2,29.5,23.7,91,chumphon
2018-05-02,4.7,30.1,24.0,89,chumphon
2018-05-03,7.2,30.4,23.7,87,chumphon
2018-05-04,4.0,30.6,23.3,86,chumphon
2018-05-05,2.6,30.6,24.3,85,chumphon
2018-05-06,0.6,30.3,24.5,87,chumphon
2018-05-07,4.8,31.0,25.4,84,chumphon
2018-05-08,2.4,32.3,25.2,82,chumphon
2018-05-09,8.1,31.6,25.3,86,chumphon
2018-05-10,5.9,29.8,25.1,87,chumphon
2018-05-11,1.3,30.6,24.0,87,chumphon
2018-05-12,1.4,30.3,23.5,87,chumphon
2018-05-13,1.7,30.5,24.3,85,chumphon
2018-05-14,6.0,30.6,24.9,84,chumphon
2018-05-15,0.4,31.0,25.2,85,chumphon
2018-05-16,2.3,31.0,25.2,84,chumphon
2018-05-17,7.8,30.9,25.2,87,chumphon
2018-05-18,3.2,31.4,24.7,84,chumphon
2018-05-19,2.6,31.6,24.8,84,chumphon
2018-05-20,1.3,32.5,25.0,83,chumphon
2018-05-21,0.8,31.8,25.3,81,chumphon
2018-05-22,9.5,31.3,25.1,87,chumphon
2018-05-23,13.9,30.2,25.4,87,chumphon
2018-05-24,17.7,27.1,25.2,93,chumphon
2018-05-25,1.0,30.8,23.5,85,chumphon
2018-05-26,4.7,30.5,25.3,86,chumphon
2018-05-27,0.0,31.4,25.0,82,chumphon
2018-05-28,1.8,30.9,25.1,84,chumphon
2018-05-29,5.2,28.9,24.9,89,chumphon
2018-05-30,0.2,31.2,26.1,82,chumphon
2018-05-31,3.6,30.8,24.8,87,chumphon
2018-06-01,3.1,29.3,24.8,87,chumphon
2018-06-02,5.4,31.2,25.4,85,chumphon
2018-06-03,4.1,31.1,24.8,85,chumphon
2018-06-04,1.3,31.4,24.8,84,chumphon
2018-06-05,5.3,28.0,25.1,90,chumphon
2018-06-06,3.1,31.0,24.5,85,chumphon
2018-06-07,1.9,30.2,25.8,88,chumphon
2018-06-08,7.0,28.3,25.4,90,chumphon
2018-06-09,4.1,30.2,24.3,88,chumphon
2018-06-10,3.9,30.2,25.4,86,chumphon
2018-06-11,1.3,32.2,25.0,82,chumphon
2018-06-12,0.8,32.8,25.0,82,chumphon
2018-06-13,0.0,32.4,26.1,80,chumphon
2018-06-14,0.0,32.6,25.8,77,chumphon
2018-06-15,3.6,30.6,25.8,83,chumphon
2018-06-16,16.4,28.6,24.3,88,chumphon
2018-06-17,36.3,27.6,24.3,92,chumphon
2018-06-18,51.0,28.9,24.6,88,chumphon
2018-06-19,41.6,28.6,24.6,88,chumphon
2018-06-20,0.9,28.8,25.0,85,chumphon
2018-06-21,2.0,30.2,24.1,87,chumphon
2018-06-22,0.3,31.4,23.9,82,chumphon
2018-06-23,0.0,31.8,24.5,78,chumphon
2018-06-24,2.4,30.2,25.2,83,chumphon
2018-06-25,1.3,29.9,24.6,84,chumphon
2018-06-26,6.3,29.4,24.7,87,chumphon
2018-06-27,2.4,29.0,23.8,89,chumphon
2018-06-28,6.3,30.3,24.0,89,chumphon
2018-06-29,5.9,31.1,24.2,83,chumphon
2018-06-30,3.6,30.5,24.3,83,chumphon
2018-07-01,1.5,31.2,24.5,82,chumphon
2018-07-02,1.8,30.9,24.5,83,chumphon
2018-07-03,5.8,29.9,24.9,85,chumphon
2018-07-04,6.4,28.7,24.4,87,chumphon
2018-07-05,14.5,29.0,24.3,88,chumphon
2018-07-06,4.8,28.7,24.1,87,chumphon
2018-07-07,5.1,29.0,24.8,88,chumphon
2018-07-08,0.4,30.4,25.2,84,chumphon
2018-07-09,0.9,30.1,24.7,85,chumphon
2018-07-10,11.2,27.9,24.2,88,chumphon
2018-07-11,10.8,27.5,24.4,89,chumphon
2018-07-12,6.9,28.1,24.6,89,chumphon
2018-07-13,5.6,29.5,24.8,87,chumphon
2018-07-14,1.2,30.1,24.8,85,chumphon
2018-07-15,0.1,30.4,25.7,83,chumphon
2018-07-16,1.1,30.7,25.7,83,chumphon
2018-07-17,8.6,27.9,24.9,89,chumphon
2018-07-18,15.3,27.9,24.8,90,chumphon
2018-07-19,3.8,30.2,25.3,86,chumphon
2018-07-20,2.9,30.7,25.4,83,chumphon
2018-07-21,0.7,30.1,26.0,80,chumphon
2018-07-22,0.0,31.3,25.9,79,chumphon
2018-07-23,0.0,30.0,25.2,82,chumphon
2018-07-24,1.2,29.2,25.8,85,chumphon
2018-07-25,0.6,29.9,25.3,85,chumphon
2018-07-26,0.5,30.9,25.7,83,chumphon
2018-07-27,2.8,30.4,25.0,84,chumphon
2018-07-28,1.0,30.0,25.1,84,chumphon
2018-07-29,3.3,29.5,25.2,85,chumphon
2018-07-30,1.9,29.1,25.3,85,chumphon
2018-07-31,1.5,29.7,25.3,85,chumphon
2018-08-01,1.8,29.0,24.3,86,chumphon
2018-08-02,0.0,31.6,25.7,78,chumphon
2018-08-03,0.5,31.1,25.5,78,chumphon
2018-08-04,1.1,30.4,25.6,81,chumphon
2018-08-05,0.6,29.7,25.2,83,chumphon
2018-08-06,3.0,28.7,24.8,86,chumphon
2018-08-07,4.7,27.8,24.7,89,chumphon
2018-08-08,1.7,28.5,25.0,88,chumphon
2018-08-09,6.4,27.2,24.3,91,chumphon
2018-08-10,21.8,26.3,23.9,94,chumphon
2018-08-11,10.6,28.7,23.9,88,chumphon
2018-08-12,10.2,27.2,24.6,90,chumphon
2018-08-13,1.6,30.6,24.7,84,chumphon
2018-08-14,2.2,30.0,25.2,84,chumphon
2018-08-15,1.3,29.9,25.2,85,chumphon
2018-08-16,1.1,30.6,25.3,83,chumphon
2018-08-17,3.7,28.5,25.5,86,chumphon
2018-08-18,3.3,30.0,25.1,85,chumphon
2018-08-19,2.0,30.1,25.1,84,chumphon
2018-08-20,6.2,30.3,24.8,86,chumphon
2018-08-21,1.5,30.6,25.0,86,chumphon
2018-08-22,7.6,31.0,24.7,86,chumphon
2018-08-23,5.1,29.1,25.0,85,chumphon
2018-08-24,1.1,29.1,24.8,85,chumphon
2018-08-25,4.5,29.2,24.7,86,chumphon
2018-08-26,2.2,29.5,24.5,88,chumphon
2018-08-27,1.1,30.0,24.7,86,chumphon
2018-08-28,0.1,31.1,23.8,84,chumphon
2018-08-29,0.1,31.7,24.2,79,chumphon
2018-08-30,0.3,29.2,24.4,83,chumphon
2018-08-31,0.6,30.3,24.4,82,chumphon
2018-09-01,0.4,31.8,24.1,80,chumphon
2018-09-02,1.4,31.0,24.4,83,chumphon
2018-09-03,2.8,30.1,24.5,85,chumphon
2018-09-04,5.3,27.9,24.2,88,chumphon
2018-09-05,3.8,29.1,23.8,86,chumphon
2018-09-06,0.4,31.2,23.4,82,chumphon
2018-09-07,0.0,30.8,24.9,81,chumphon
2018-09-08,0.0,30.5,25.3,80,chumphon
2018-09-09,5.8,31.5,24.0,84,chumphon
2018-09-10,4.6,30.7,23.6,84,chumphon
2018-09-11,0.0,31.5,24.6,80,chumphon
2018-09-12,1.0,30.4,24.6,83,chumphon
2018-09-13,9.2,29.2,24.6,87,chumphon
2018-09-14,9.5,27.1,24.4,92,chumphon
2018-09-15,5.1,26.9,24.1,90,chumphon
2018-09-16,25.3,26.2,24.0,93,chumphon
2018-09-17,32.9,25.6,24.0,94,chumphon
2018-09-18,14.7,27.2,23.7,91,chumphon
2018-09-19,4.7,28.2,22.9,91,chumphon
2018-09-20,2.6,30.5,23.1,86,chumphon
2018-09-21,0.4,31.2,23.6,81,chumphon
2018-09-22,15.1,29.9,24.7,87,chumphon
2018-09-23,5.2,27.8,23.8,90,chumphon
2018-09-24,1.8,28.8,23.7,90,chumphon
2018-09-25,12.7,30.0,23.6,89,chumphon
2018-09-26,9.2,30.6,23.5,88,chumphon
2018-09-27,2.3,31.0,24.1,85,chumphon
2018-09-28,1.6,30.8,24.5,84,chumphon
2018-09-29,1.3,32.0,24.6,83,chumphon
2018-09-30,1.3,29.8,24.9,88,chumphon
2018-10-01,3.5,30.3,24.7,88,chumphon
2018-10-02,15.9,30.3,24.2,90,chumphon
2018-10-03,3.3,28.5,24.6,89,chumphon
2018-10-04,7.4,27.6,25.1,91,chumphon
2018-10-05,22.2,28.3,24.6,90,chumphon
2018-10-06,19.5,27.1,24.5,91,chumphon
2018-10-07,5.4,28.2,23.6,90,chumphon
2018-10-08,7.2,28.4,24.5,90,chumphon
2018-10-09,2.0,29.5,23.4,86,chumphon
2018-10-10,0.8,29.5,24.6,87,chumphon
2018-10-11,0.5,30.7,24.3,83,chumphon
2018-10-12,12.1,28.6,24.0,89,chumphon
2018-10-13,1.9,28.8,23.7,92,chumphon
2018-10-14,3.3,29.5,23.9,90,chumphon
2018-10-15,4.2,29.6,23.9,88,chumphon
2018-10-16,3.2,28.9,24.9,90,chumphon
2018-10-17,1.4,30.6,23.9,85,chumphon
2018-10-18,3.2,31.2,23.9,83,chumphon
2018-10-19,0.8,30.4,23.9,86,chumphon
2018-10-20,10.0,27.2,23.7,93,chumphon
2018-10-21,6.5,30.0,22.9,87,chumphon
2018-10-22,4.2,29.9,24.3,88,chumphon
2018-10-23,20.2,31.0,23.6,88,chumphon
2018-10-24,16.4,28.2,24.3,92,chumphon
2018-10-25,29.3,27.2,23.9,93,chumphon
2018-10-26,12.8,27.6,24.0,89,chumphon
2018-10-27,1.3,29.3,26.7,83,chumphon
2018-10-28,5.7,28.7,24.9,87,chumphon
2018-10-29,1.8,29.9,25.0,85,chumphon
2018-10-30,2.2,30.1,25.3,83,chumphon
2018-10-31,1.3,29.9,25.0,75,chumphon
2018-11-01,0.0,29.7,24.7,71,chumphon
2018-11-02,0.9,29.1,23.4,75,chumphon
2018-11-03,0.9,29.7,23.8,77,chumphon
2018-11-04,4.0,29.7,24.8,81,chumphon
2018-11-05,0.0,30.7,24.3,81,chumphon
2018-11-06,0.2,31.1,23.4,79,chumphon
2018-11-07,0.0,31.1,23.6,76,chumphon
2018-11-08,66.4,26.3,24.6,93,chumphon
2018-11-09,51.7,27.0,24.9,92,chumphon
2018-11-10,20.5,28.3,24.7,87,chumphon
2018-11-11,5.4,27.9,26.0,84,chumphon
2018-11-12,1.9,29.2,25.9,82,chumphon
2018-11-13,0.7,29.3,24.1,88,chumphon
2018-11-14,0.0,29.2,23.9,88,chumphon
2018-11-15,2.8,29.2,24.5,88,chumphon
2018-11-16,2.7,28.7,24.8,88,chumphon
2018-11-17,7.8,28.6,25.7,88,chumphon
2018-11-18,2.2,30.0,24.4,88,chumphon
2018-11-19,0.5,30.9,23.7,85,chumphon
2018-11-20,9.2,30.2,24.4,89,chumphon
2018-11-21,0.6,29.2,23.2,88,chumphon
2018-11-22,0.0,29.7,23.5,86,chumphon
2018-11-23,0.2,29.7,22.7,87,chumphon
2018-11-24,0.5,29.4,23.9,85,chumphon
2018-11-25,0.2,30.0,23.7,82,chumphon
2018-11-26,0.2,29.9,23.2,80,chumphon
2018-11-27,0.4,29.8,24.1,77,chumphon
2018-11-28,3.8,28.5,25.0,79,chumphon
2018-11-29,9.7,27.5,24.8,89,chumphon
2018-11-30,1.9,28.9,24.3,87,chumphon
2018-12-01,0.4,29.5,24.5,86,chumphon
2018-12-02,0.3,29.7,23.7,85,chumphon
2018-12-03,0.6,29.6,24.4,87,chumphon
2018-12-04,3.1,28.1,25.0,89,chumphon
2018-12-05,2.4,29.2,25.0,87,chumphon
2018-12-06,1.0,28.5,24.6,88,chumphon
2018-12-07,3.4,29.1,23.5,89,chumphon
2018-12-08,25.6,26.9,24.6,92,chumphon
2018-12-09,40.4,27.5,24.4,91,chumphon
2018-12-10,18.3,26.6,24.3,90,chumphon
2018-12-11,11.0,27.5,24.7,91,chumphon
2018-12-12,6.1,28.3,24.1,89,chumphon
2018-12-13,4.8,28.4,24.8,84,chumphon
2018-12-14,2.5,28.1,25.4,79,chumphon
2018-12-15,3.3,28.1,24.4,81,chumphon
2018-12-16,1.5,28.7,25.3,80,chumphon
2018-12-17,8.1,27.4,24.6,86,chumphon
2018-12-18,2.4,28.6,25.9,80,chumphon
2018-12-19,4.0,28.7,25.4,84,chumphon
2018-12-20,1.2,29.2,24.3,87,chumphon
2018-12-21,0.5,30.1,23.9,87,chumphon
2018-12-22,0.3,31.0,24.2,86,chumphon
2018-12-23,0.0,30.3,23.5,86,chumphon
2018-12-24,0.6,29.7,23.1,87,chumphon
2018-12-25,0.0,30.0,23.0,82,chumphon
2018-12-26,0.0,31.6,23.9,77,chumphon
2018-12-27,0.0,30.4,23.7,78,chumphon
2018-12-28,0.6,30.3,23.3,81,chumphon
2018-12-29,0.0,29.8,22.2,83,chumphon
2018-12-30,6.7,27.6,23.8,88,chumphon
2018-12-31,2.7,28.1,23.9,85,chumphon
2019-01-01,0.0,28.1,23.8,76,chumphon
2019-01-02,0.0,28.1,22.8,71,chumphon
2019-01-03,0.0,28.8,22.9,70,chumphon
2019-01-04,23.3,26.2,24.0,80,chumphon
2019-01-05,108.3,26.4,24.4,92,chumphon
2019-01-06,7.8,28.9,24.5,85,chumphon
2019-01-07,2.1,28.9,26.1,83,chumphon
2019-01-08,0.2,29.1,25.2,83,chumphon
2019-01-09,0.4,29.0,25.6,81,chumphon
2019-01-10,1.7,28.4,25.8,83,chumphon
2019-01-11,1.9,28.6,25.5,83,chumphon
2019-01-12,0.7,28.4,23.2,87,chumphon
2019-01-13,6.0,27.7,23.5,91,chumphon
2019-01-14,0.7,28.8,22.9,90,chumphon
2019-01-15,0.5,29.6,23.4,88,chumphon
2019-01-16,0.0,29.8,22.5,85,chumphon
2019-01-17,3.9,28.1,23.7,88,chumphon
2019-01-18,22.9,26.8,24.5,90,chumphon
2019-01-19,2.9,28.1,24.0,84,chumphon
2019-01-20,0.1,28.9,22.5,84,chumphon
2019-01-21,0.0,29.5,22.5,84,chumphon
2019-01-22,0.2,28.8,22.6,87,chumphon
2019-01-23,0.5,28.8,24.0,82,chumphon
2019-01-24,0.5,28.4,22.8,82,chumphon
2019-01-25,0.2,28.5,21.9,81,chumphon
2019-01-26,0.6,28.4,21.8,78,chumphon
2019-01-27,0.4,28.9,23.4,71,chumphon
2019-01-28,0.5,29.0,21.7,77,chumphon
2019-01-29,0.0,28.8,22.2,79,chumphon
2019-01-30,2.0,28.5,23.2,84,chumphon
2019-01-31,3.2,27.5,23.8,84,chumphon
2019-02-01,2.0,28.4,23.7,85,chumphon
2019-02-02,2.5,28.1,24.0,87,chumphon
2019-02-03,3.6,28.9,24.3,86,chumphon
2019-02-04,0.2,29.5,23.9,86,chumphon
2019-02-05,0.6,29.5,24.1,88,chumphon
2019-02-06,0.2,29.6,24.5,83,chumphon
2019-02-07,0.0,29.3,23.5,83,chumphon
2019-02-08,0.0,30.0,22.6,82,chumphon
2019-02-09,0.0,30.6,21.7,82,chumphon
2019-02-10,0.0,30.5,22.4,82,chumphon
2019-02-11,0.0,29.9,25.6,75,chumphon
2019-02-12,3.7,29.7,25.7,80,chumphon
2019-02-13,3.2,28.9,25.5,79,chumphon
2019-02-14,1.3,29.4,24.4,79,chumphon
2019-02-15,0.8,29.5,25.4,76,chumphon
2019-02-16,0.3,29.6,25.0,76,chumphon
2019-02-17,0.0,29.8,22.6,79,chumphon
2019-02-18,0.0,29.6,22.1,80,chumphon
2019-02-19,0.0,30.1,22.5,77,chumphon
2019-02-20,0.2,30.4,22.0,76,chumphon
2019-02-21,0.0,30.3,23.5,75,chumphon
2019-02-22,0.0,31.0,21.6,76,chumphon
2019-02-23,0.5,31.0,24.6,78,chumphon
2019-02-24,0.6,30.8,24.7,78,chumphon
2019-02-25,0.1,31.0,25.5,76,chumphon
2019-02-26,0.8,30.5,25.1,70,chumphon
2019-02-27,0.1,30.4,26.0,68,chumphon
2019-02-28,0.0,30.8,22.2,75,chumphon
2019-03-01,0.0,31.1,22.6,75,chumphon
2019-03-02,0.1,31.5,24.4,74,chumphon
2019-03-03,1.7,31.1,24.8,77,chumphon
2019-03-04,0.3,31.4,24.7,76,chumphon
2019-03-05,0.7,30.8,22.9,75,chumphon
2019-03-06,0.0,31.3,23.0,74,chumphon
2019-03-07,0.0,33.7,22.4,69,chumphon
2019-03-08,0.0,31.9,22.4,70,chumphon
2019-03-09,0.0,30.8,22.4,75,chumphon
2019-03-10,0.0,31.5,22.3,72,chumphon
2019-03-11,0.0,32.3,23.2,73,chumphon
2019-03-12,0.0,34.3,24.0,66,chumphon
2019-03-13,0.0,32.7,23.9,70,chumphon
2019-03-14,0.0,31.8,24.7,75,chumphon
2019-03-15,0.0,32.0,26.1,70,chumphon
2019-03-16,0.7,31.6,24.6,74,chumphon
2019-03-17,0.1,31.2,25.4,76,chumphon
2019-03-18,2.5,29.9,25.0,81,chumphon
2019-03-19,0.7,30.5,24.9,81,chumphon
2019-03-20,0.9,31.5,25.9,77,chumphon
2019-03-21,2.0,32.8,24.3,75,chumphon
2019-03-22,0.0,36.4,25.5,62,chumphon
2019-03-23,0.0,35.2,24.7,66,chumphon
2019-03-24,0.2,33.7,25.0,69,chumphon
2019-03-25,9.4,29.2,26.6,83,chumphon
2019-03-26,4.8,30.5,26.8,81,chumphon
2019-03-27,0.5,30.7,26.2,79,chumphon
2019-03-28,0.3,31.1,26.0,81,chumphon
2019-03-29,1.4,31.6,25.0,81,chumphon
2019-03-30,2.6,32.4,25.4,80,chumphon
2019-03-31,7.3,33.2,25.4,83,chumphon
2019-04-01,0.9,31.5,25.2,83,chumphon
2019-04-02,5.6,31.3,24.6,83,chumphon
2019-04-03,2.5,30.2,24.5,84,chumphon
2019-04-04,0.0,30.9,25.9,78,chumphon
2019-04-05,0.0,32.3,23.9,78,chumphon
2019-04-06,0.2,31.7,24.8,80,chumphon
2019-04-07,4.2,30.8,26.6,82,chumphon
2019-04-08,0.4,31.5,24.4,80,chumphon
2019-04-09,0.0,32.5,24.2,80,chumphon
2019-04-10,0.0,33.2,25.8,77,chumphon
2019-04-11,0.0,33.6,24.6,74,chumphon
2019-04-12,0.0,33.5,25.1,73,chumphon
2019-04-13,0.6,33.7,25.9,70,chumphon
2019-04-14,0.4,33.7,26.6,71,chumphon
2019-04-15,1.1,33.8,27.3,73,chumphon
2019-04-16,1.7,33.6,27.0,76,chumphon
2019-04-17,0.9,34.3,26.1,74,chumphon
2019-04-18,2.5,34.4,27.1,72,chumphon
2019-04-19,1.5,35.3,27.1,72,chumphon
2019-04-20,0.0,37.3,27.2,65,chumphon
2019-04-21,0.7,35.7,26.7,69,chumphon
2019-04-22,1.0,33.0,27.4,76,chumphon
2019-04-23,0.1,33.0,28.2,70,chumphon
2019-04-24,0.1,33.3,26.5,75,chumphon
2019-04-25,0.7,34.4,27.0,72,chumphon
2019-04-26,1.1,34.6,26.8,71,chumphon
2019-04-27,0.1,33.5,26.8,72,chumphon
2019-04-28,1.2,32.7,26.8,73,chumphon
2019-04-29,2.0,33.2,27.5,76,chumphon
2019-04-30,4.2,32.4,26.2,81,chumphon
2019-05-01,1.2,32.6,26.1,77,chumphon
2019-05-02,0.0,36.1,26.2,70,chumphon
2019-05-03,14.3,34.6,26.8,76,chumphon
2019-05-04,8.6,32.4,26.2,83,chumphon
2019-05-05,3.0,31.7,25.9,84,chumphon
2019-05-06,1.6,31.5,25.5,82,chumphon
2019-05-07,0.4,32.8,25.9,79,chumphon
2019-05-08,3.7,31.3,26.1,83,chumphon
2019-05-09,2.9,30.4,26.0,84,chumphon
2019-05-10,0.3,31.0,25.9,81,chumphon
2019-05-11,0.3,31.7,25.9,80,chumphon
2019-05-12,1.0,31.8,25.3,80,chumphon
2019-05-13,3.2,30.4,25.7,83,chumphon
2019-05-14,2.3,32.2,25.5,81,chumphon
2019-05-15,2.0,32.3,25.6,82,chumphon
2019-05-16,1.5,30.9,25.3,83,chumphon
2019-05-17,1.7,31.5,25.2,83,chumphon
2019-05-18,4.6,33.2,25.2,81,chumphon
2019-05-19,1.9,33.5,25.4,78,chumphon
2019-05-20,5.9,34.1,25.6,79,chumphon
2019-05-21,1.9,33.4,25.9,79,chumphon
2019-05-22,1.2,32.2,26.3,78,chumphon
2019-05-23,4.6,32.6,25.4,81,chumphon
2019-05-24,11.2,32.3,25.1,84,chumphon
2019-05-25,2.7,32.6,25.3,81,chumphon
2019-05-26,0.3,31.1,25.4,81,chumphon
2019-05-27,1.9,31.9,25.5,83,chumphon
2019-05-28,9.5,32.6,25.4,83,chumphon
2019-05-29,2.3,31.5,25.3,83,chumphon
2019-05-30,9.1,30.8,24.7,87,chumphon
2019-05-31,1.1,31.7,25.6,84,chumphon
2019-06-01,2.1,33.2,25.1,83,chumphon
2019-06-02,6.4,32.9,25.8,83,chumphon
2019-06-03,3.6,32.7,25.0,83,chumphon
2019-06-04,1.6,32.5,25.5,81,chumphon
2019-06-05,5.8,31.3,25.9,83,chumphon
2019-06-06,11.4,31.3,25.6,86,chumphon
2019-06-07,6.5,29.9,24.5,88,chumphon
2019-06-08,16.7,28.5,24.5,91,chumphon
2019-06-09,1.9,28.8,25.8,86,chumphon
2019-06-10,4.6,28.7,25.7,90,chumphon
2019-06-11,0.8,31.4,25.3,84,chumphon
2019-06-12,0.3,32.8,25.4,80,chumphon
2019-06-13,0.5,32.3,25.6,80,chumphon
2019-06-14,0.4,33.1,25.6,80,chumphon
2019-06-15,2.9,31.7,26.1,82,chumphon
2019-06-16,1.0,31.9,26.0,82,chumphon
2019-06-17,4.9,29.5,25.9,88,chumphon
2019-06-18,1.0,30.0,25.1,87,chumphon
2019-06-19,1.0,31.7,24.9,86,chumphon
2019-06-20,0.6,32.7,25.7,81,chumphon
2019-06-21,0.2,33.0,25.4,80,chumphon
2019-06-22,3.8,32.4,25.3,83,chumphon
2019-06-23,1.8,30.7,25.5,84,chumphon
2019-06-24,1.8,30.4,25.1,84,chumphon
2019-06-25,3.9,31.5,24.9,84,chumphon
2019-06-26,1.5,30.2,25.3,84,chumphon
2019-06-27,3.2,30.1,25.3,87,chumphon
2019-06-28,0.2,31.8,25.7,80,chumphon
2019-06-29,0.3,31.4,25.6,80,chumphon
2019-06-30,1.3,30.8,25.3,82,chumphon
2019-07-01,0.1,32.2,26.2,76,chumphon
2019-07-02,0.0,32.1,26.3,79,chumphon
2019-07-03,1.4,31.0,25.6,81,chumphon
2019-07-04,4.6,30.1,25.8,84,chumphon
2019-07-05,0.2,31.4,25.6,80,chumphon
2019-07-06,0.4,31.7,25.1,80,chumphon
2019-07-07,0.2,32.2,24.4,80,chumphon
2019-07-08,0.3,32.2,25.9,77,chumphon
2019-07-09,3.3,32.6,25.1,79,chumphon
2019-07-10,0.2,33.3,24.4,75,chumphon
2019-07-11,0.0,33.4,24.2,74,chumphon
2019-07-12,0.0,33.9,24.2,71,chumphon
2019-07-13,0.6,33.6,24.7,74,chumphon
2019-07-14,0.0,33.9,25.3,70,chumphon
2019-07-15,0.2,33.6,26.0,71,chumphon
2019-07-16,1.3,32.4,25.8,76,chumphon
2019-07-17,5.6,32.4,25.5,79,chumphon
2019-07-18,18.3,31.9,25.0,85,chumphon
2019-07-19,19.6,28.0,25.0,92,chumphon
2019-07-20,19.1,30.5,24.9,89,chumphon
2019-07-21,0.5,31.2,24.0,85,chumphon
2019-07-22,0.1,33.0,24.5,79,chumphon
2019-07-23,0.2,32.3,24.9,80,chumphon
2019-07-24,0.3,32.8,24.5,78,chumphon
2019-07-25,2.4,28.5,25.8,85,chumphon
2019-07-26,0.0,33.1,25.0,76,chumphon
2019-07-27,0.0,32.1,25.3,75,chumphon
2019-07-28,0.3,32.8,24.7,77,chumphon
2019-07-29,0.7,32.7,25.2,77,chumphon
2019-07-30,0.2,32.5,25.3,73,chumphon
2019-07-31,0.3,32.9,25.3,75,chumphon
2019-08-01,0.0,33.5,25.5,73,chumphon
2019-08-02,2.4,29.9,25.8,81,chumphon
2019-08-03,5.3,29.5,24.4,83,chumphon
2019-08-04,1.5,31.0,25.7,79,chumphon
2019-08-05,4.2,30.5,25.5,84,chumphon
2019-08-06,0.0,32.0,25.1,78,chumphon
2019-08-07,2.3,30.6,25.5,82,chumphon
2019-08-08,8.2,28.8,25.8,87,chumphon
2019-08-09,26.8,26.3,24.7,93,chumphon
2019-08-10,10.2,28.5,24.9,89,chumphon
2019-08-11,4.3,29.0,25.1,87,chumphon
2019-08-12,4.8,30.9,24.6,83,chumphon
2019-08-13,3.8,31.0,24.7,84,chumphon
2019-08-14,1.6,29.9,25.3,84,chumphon
2019-08-15,2.7,30.5,25.2,85,chumphon
2019-08-16,7.3,29.8,25.0,85,chumphon
2019-08-17,2.2,30.1,24.9,84,chumphon
2019-08-18,0.3,31.9,23.9,81,chumphon
2019-08-19,1.3,31.9,24.5,81,chumphon
2019-08-20,2.5,30.9,25.3,83,chumphon
2019-08-21,2.8,30.0,25.4,84,chumphon
2019-08-22,1.2,29.8,24.9,83,chumphon
2019-08-23,1.6,30.8,24.8,81,chumphon
2019-08-24,4.0,29.6,25.3,85,chumphon
2019-08-25,5.0,27.9,24.7,87,chumphon
2019-08-26,2.3,29.3,24.6,82,chumphon
2019-08-27,10.4,27.4,24.3,88,chumphon
2019-08-28,6.0,28.8,24.3,86,chumphon
2019-08-29,13.2,27.2,24.6,91,chumphon
2019-08-30,26.1,26.9,24.5,92,chumphon
2019-08-31,6.0,29.1,24.4,87,chumphon
2019-09-01,3.5,29.2,24.6,86,chumphon
2019-09-02,2.6,27.2,25.2,88,chumphon
2019-09-03,1.4,28.4,24.8,87,chumphon
2019-09-04,12.6,27.8,24.7,91,chumphon
2019-09-05,16.3,26.6,24.5,92,chumphon
2019-09-06,0.0,31.0,24.3,83,chumphon
2019-09-07,0.4,32.2,24.8,81,chumphon
2019-09-08,5.2,29.7,24.9,86,chumphon
2019-09-09,18.6,28.9,24.4,90,chumphon
2019-09-10,0.1,31.2,24.4,81,chumphon
2019-09-11,6.2,31.0,23.8,85,chumphon
2019-09-12,0.3,32.0,23.3,81,chumphon
2019-09-13,0.4,29.1,24.6,83,chumphon
2019-09-14,5.4,28.0,24.9,85,chumphon
2019-09-15,13.7,27.8,24.2,89,chumphon
2019-09-16,7.7,27.7,24.0,89,chumphon
2019-09-17,24.0,26.7,24.3,91,chumphon
2019-09-18,20.6,27.6,23.9,90,chumphon
2019-09-19,4.0,28.9,23.7,88,chumphon
2019-09-20,3.3,29.2,24.2,85,chumphon
2019-09-21,2.2,30.8,23.8,86,chumphon
2019-09-22,11.0,29.0,24.3,89,chumphon
2019-09-23,3.1,28.7,24.0,87,chumphon
2019-09-24,6.9,29.1,25.2,87,chumphon
2019-09-25,5.1,29.2,25.5,88,chumphon
2019-09-26,3.0,29.7,24.2,87,chumphon
2019-09-27,8.3,28.8,24.2,89,chumphon
2019-09-28,4.8,29.2,24.0,91,chumphon
2019-09-29,3.6,29.4,23.9,89,chumphon
2019-09-30,0.0,31.2,23.7,85,chumphon
2019-10-01,3.6,31.6,24.4,86,chumphon
2019-10-02,5.8,31.9,24.6,86,chumphon
2019-10-03,2.9,31.8,24.3,86,chumphon
2019-10-04,5.5,31.1,23.8,87,chumphon
2019-10-05,3.6,30.3,24.5,88,chumphon
2019-10-06,1.6,29.1,23.1,90,chumphon
2019-10-07,2.6,29.6,24.2,87,chumphon
2019-10-08,10.2,28.5,24.0,90,chumphon
2019-10-09,6.2,29.5,24.1,88,chumphon
2019-10-10,2.6,29.6,24.1,88,chumphon
2019-10-11,0.6,30.3,24.2,85,chumphon
2019-10-12,1.0,30.6,24.4,85,chumphon
2019-10-13,3.8,29.9,24.1,86,chumphon
2019-10-14,8.0,28.1,25.4,89,chumphon
2019-10-15,11.4,29.1,25.0,87,chumphon
2019-10-16,10.4,28.4,25.7,88,chumphon
2019-10-17,21.2,27.6,24.3,91,chumphon
2019-10-18,10.2,28.2,25.1,89,chumphon
2019-10-19,10.4,29.0,25.1,90,chumphon
2019-10-20,11.9,27.5,25.3,91,chumphon
2019-10-21,5.7,28.2,24.9,90,chumphon
2019-10-22,2.3,30.2,23.9,88,chumphon
2019-10-23,0.4,30.7,23.4,85,chumphon
2019-10-24,2.3,30.6,24.4,87,chumphon
2019-10-25,0.2,30.2,24.3,87,chumphon
2019-10-26,3.0,29.5,24.4,89,chumphon
2019-10-27,14.2,28.4,25.0,91,chumphon
2019-10-28,8.1,29.7,24.4,89,chumphon
2019-10-29,3.6,29.3,24.1,90,chumphon
2019-10-30,1.8,29.1,24.4,88,chumphon
2019-10-31,1.2,30.5,24.3,82,chumphon
2019-11-01,3.3,29.5,23.7,86,chumphon
2019-11-02,16.7,29.1,24.1,89,chumphon
2019-11-03,14.7,29.0,23.0,91,chumphon
2019-11-04,3.1,30.2,23.2,88,chumphon
2019-11-05,2.9,29.9,23.7,89,chumphon
2019-11-06,4.3,30.8,23.9,88,chumphon
2019-11-07,17.0,29.8,23.3,91,chumphon
2019-11-08,5.1,29.6,24.1,88,chumphon
2019-11-09,3.3,28.9,22.9,85,chumphon
2019-11-10,0.2,29.2,23.5,79,chumphon
2019-11-11,0.1,30.2,22.8,78,chumphon
2019-11-12,0.6,30.4,22.7,80,chumphon
2019-11-13,0.0,30.3,22.9,81,chumphon
2019-11-14,4.6,27.7,24.9,88,chumphon
2019-11-15,9.6,27.9,25.1,89,chumphon
2019-11-16,0.4,29.3,23.2,82,chumphon
2019-11-17,0.3,29.3,22.0,84,chumphon
2019-11-18,0.0,29.8,22.2,84,chumphon
2019-11-19,1.5,29.2,23.0,87,chumphon
2019-11-20,7.1,27.5,25.0,84,chumphon
2019-11-21,0.5,29.8,25.6,75,chumphon
2019-11-22,0.0,29.8,24.6,77,chumphon
2019-11-23,0.3,29.7,22.3,81,chumphon
2019-11-24,0.0,29.5,21.7,82,chumphon
2019-11-25,3.5,29.7,23.4,84,chumphon
2019-11-26,1.0,29.8,25.5,80,chumphon
2019-11-27,6.2,29.7,25.2,81,chumphon
2019-11-28,3.3,28.7,26.0,84,chumphon
2019-11-29,7.6,29.0,24.9,85,chumphon
2019-11-30,2.1,29.9,25.8,81,chumphon
2019-12-01,1.3,30.0,24.7,83,chumphon
2019-12-02,8.1,28.2,24.8,89,chumphon
2019-12-03,4.2,27.6,25.1,80,chumphon
2019-12-04,0.3,27.4,24.6,73,chumphon
2019-12-05,0.0,26.6,23.9,70,chumphon
2019-12-06,0.0,26.2,22.5,69,chumphon
2019-12-07,0.0,25.6,23.3,68,chumphon
2019-12-08,0.0,26.1,22.3,71,chumphon
2019-12-09,0.0,26.2,22.2,74,chumphon
2019-12-10,0.1,26.8,21.0,76,chumphon
2019-12-11,0.0,27.7,20.7,78,chumphon
2019-12-12,0.7,27.8,21.7,80,chumphon
2019-12-13,0.0,28.9,22.3,79,chumphon
2019-12-14,0.3,28.4,22.7,78,chumphon
2019-12-15,0.0,30.3,22.5,71,chumphon
2019-12-16,1.5,29.7,23.2,81,chumphon
2019-12-17,0.0,30.4,23.4,79,chumphon
2019-12-18,2.7,29.0,22.7,86,chumphon
2019-12-19,0.8,28.7,23.0,88,chumphon
2019-12-20,4.6,27.2,25.1,86,chumphon
2019-12-21,0.2,28.5,23.2,85,chumphon
2019-12-22,0.0,29.6,22.8,85,chumphon
2019-12-23,0.1,29.5,22.4,84,chumphon
2019-12-24,0.0,29.3,22.5,84,chumphon
2019-12-25,1.7,30.0,24.3,83,chumphon
2019-12-26,1.1,29.9,23.5,84,chumphon
2019-12-27,1.4,29.5,23.4,82,chumphon
2019-12-28,4.6,28.1,25.0,84,chumphon
2019-12-29,3.5,28.6,24.8,81,chumphon
2019-12-30,0.2,28.9,24.1,79,chumphon
2019-12-31,0.1,29.7,23.2,82,chumphon
2020-01-01,4.2,28.5,25.1,83,chumphon
2020-01-02,0.5,29.5,22.9,79,chumphon
2020-01-03,1.1,30.3,23.3,78,chumphon
2020-01-04,0.0,29.4,24.7,81,chumphon
2020-01-05,1.3,29.3,23.3,82,chumphon
2020-01-06,0.0,29.7,23.0,85,chumphon
2020-01-07,0.0,30.7,21.9,80,chumphon
2020-01-08,0.4,29.8,23.3,81,chumphon
2020-01-09,0.2,29.9,24.1,83,chumphon
2020-01-10,0.0,31.5,24.0,78,chumphon
2020-01-11,0.6,32.4,24.8,75,chumphon
2020-01-12,0.2,31.6,24.2,76,chumphon
2020-01-13,2.8,30.0,24.2,82,chumphon
2020-01-14,0.1,29.8,25.4,77,chumphon
2020-01-15,1.2,29.3,25.0,79,chumphon
2020-01-16,3.0,28.6,24.1,82,chumphon
2020-01-17,0.0,29.5,24.7,80,chumphon
2020-01-18,0.1,29.8,23.0,81,chumphon
2020-01-19,2.6,29.4,24.6,83,chumphon
2020-01-20,1.8,29.3,26.2,83,chumphon
2020-01-21,1.9,29.8,25.7,80,chumphon
2020-01-22,0.1,29.8,25.6,81,chumphon
2020-01-23,0.0,30.3,23.7,83,chumphon
2020-01-24,0.3,30.7,24.1,81,chumphon
2020-01-25,0.0,30.4,23.7,78,chumphon
2020-01-26,0.0,31.1,22.7,77,chumphon
2020-01-27,0.0,31.2,22.7,73,chumphon
2020-01-28,0.0,31.5,21.9,69,chumphon
2020-01-29,0.0,31.4,22.1,70,chumphon
2020-01-30,0.0,30.1,21.3,75,chumphon
2020-01-31,4.2,27.6,24.0,82,chumphon
2020-02-01,11.2,27.8,24.1,86,chumphon
2020-02-02,0.9,28.1,25.6,81,chumphon
2020-02-03,0.0,29.1,25.3,78,chumphon
2020-02-04,0.4,28.6,24.0,78,chumphon
2020-02-05,0.0,29.4,23.2,77,chumphon
2020-02-06,0.0,29.5,23.9,80,chumphon
2020-02-07,0.0,29.5,22.7,81,chumphon
2020-02-08,0.1,29.2,22.6,81,chumphon
2020-02-09,0.0,30.0,22.5,81,chumphon
2020-02-10,1.7,29.4,23.4,80,chumphon
2020-02-11,1.5,29.6,26.2,75,chumphon
2020-02-12,0.8,30.2,26.2,78,chumphon
2020-02-13,0.1,30.7,25.0,76,chumphon
2020-02-14,2.1,30.3,23.2,81,chumphon
2020-02-15,0.0,32.7,23.5,73,chumphon
2020-02-16,0.0,32.6,21.7,69,chumphon
2020-02-17,0.0,31.1,23.2,77,chumphon
2020-02-18,15.4,28.0,25.1,86,chumphon
2020-02-19,16.5,27.0,23.9,88,chumphon
2020-02-20,0.5,28.9,23.2,82,chumphon
2020-02-21,0.8,28.5,22.6,84,chumphon
2020-02-22,0.9,29.4,22.7,78,chumphon
2020-02-23,0.4,29.3,24.6,75,chumphon
2020-02-24,1.2,28.6,22.7,82,chumphon
2020-02-25,0.6,29.1,25.3,78,chumphon
2020-02-26,0.0,29.4,25.1,79,chumphon
2020-02-27,1.8,29.4,25.7,81,chumphon
2020-02-28,0.8,29.2,24.9,80,chumphon
2020-02-29,0.2,29.7,25.3,76,chumphon
2020-03-01,0.0,30.0,23.6,79,chumphon
2020-03-02,0.3,30.3,23.9,79,chumphon
2020-03-03,0.2,30.1,24.1,79,chumphon
2020-03-04,0.3,30.6,24.3,78,chumphon
2020-03-05,0.0,30.8,25.8,74,chumphon
2020-03-06,1.8,30.9,25.9,75,chumphon
2020-03-07,0.1,31.0,25.0,79,chumphon
2020-03-08,0.7,33.6,24.5,72,chumphon
2020-03-09,0.0,36.0,23.9,67,chumphon
2020-03-10,0.0,36.6,23.2,63,chumphon
2020-03-11,0.0,34.8,24.0,68,chumphon
2020-03-12,0.2,32.0,24.6,75,chumphon
2020-03-13,0.7,31.7,25.5,78,chumphon
2020-03-14,0.0,31.9,26.0,75,chumphon
2020-03-15,0.0,32.1,25.1,76,chumphon
2020-03-16,0.5,31.5,26.9,72,chumphon
2020-03-17,0.4,30.7,25.1,76,chumphon
2020-03-18,0.1,32.6,25.1,71,chumphon
2020-03-19,0.0,32.5,25.0,73,chumphon
2020-03-20,0.1,32.4,24.4,74,chumphon
2020-03-21,0.1,31.6,25.7,72,chumphon
2020-03-22,0.1,31.9,23.5,73,chumphon
2020-03-23,0.0,32.2,23.9,74,chumphon
2020-03-24,0.0,31.7,24.7,72,chumphon
2020-03-25,2.4,31.4,26.4,74,chumphon
2020-03-26,0.0,31.8,26.4,73,chumphon
2020-03-27,0.0,32.3,23.7,77,chumphon
2020-03-28,0.0,32.9,23.7,76,chumphon
2020-03-29,0.0,32.9,25.1,76,chumphon
2020-03-30,0.2,32.6,25.8,73,chumphon
2020-03-31,0.0,33.6,24.9,73,chumphon
2020-04-01,0.0,32.6,24.2,75,chumphon
2020-04-02,0.0,33.0,25.1,73,chumphon
2020-04-03,0.1,33.0,27.9,72,chumphon
2020-04-04,0.0,32.8,26.4,74,chumphon
2020-04-05,0.2,32.6,26.3,72,chumphon
2020-04-06,0.1,32.1,26.2,72,chumphon
2020-04-07,0.0,33.8,24.4,70,chumphon
2020-04-08,0.6,33.5,26.7,71,chumphon
2020-04-09,0.0,33.0,26.2,73,chumphon
2020-04-10,3.1,31.5,26.7,76,chumphon
2020-04-11,1.4,31.7,26.7,77,chumphon
2020-04-12,0.0,32.5,27.0,75,chumphon
2020-04-13,2.0,33.5,26.2,76,chumphon
2020-04-14,9.9,28.7,25.8,84,chumphon
2020-04-15,16.2,30.9,26.2,84,chumphon
2020-04-16,2.5,30.7,25.1,84,chumphon
2020-04-17,15.8,30.2,26.1,88,chumphon
2020-04-18,15.0,29.6,24.9,88,chumphon
2020-04-19,1.7,31.1,25.7,83,chumphon
2020-04-20,0.2,31.4,25.5,82,chumphon
2020-04-21,0.0,31.9,26.6,80,chumphon
2020-04-22,0.0,31.6,24.2,82,chumphon
2020-04-23,0.3,31.7,24.9,82,chumphon
2020-04-24,6.7,29.3,26.2,85,chumphon
2020-04-25,7.8,29.1,26.6,85,chumphon
2020-04-26,8.2,29.4,26.1,87,chumphon
2020-04-27,27.0,27.8,24.9,93,chumphon
2020-04-28,8.4,29.1,25.4,88,chumphon
2020-04-29,0.9,28.7,24.7,87,chumphon
2020-04-30,2.1,29.7,25.1,88,chumphon
2020-05-01,3.9,29.1,25.5,88,chumphon
2020-05-02,0.2,30.4,24.7,86,chumphon
2020-05-03,0.2,30.8,24.8,85,chumphon
2020-05-04,0.7,31.3,24.4,83,chumphon
2020-05-05,0.0,32.0,24.9,82,chumphon
2020-05-06,0.0,31.9,25.3,83,chumphon
2020-05-07,0.0,32.0,25.0,83,chumphon
2020-05-08,0.1,32.1,26.2,82,chumphon
2020-05-09,0.4,32.0,26.3,80,chumphon
2020-05-10,1.3,31.7,26.1,82,chumphon
2020-05-11,1.9,32.5,27.3,78,chumphon
2020-05-12,0.0,32.3,27.3,75,chumphon
2020-05-13,0.0,32.3,27.5,74,chumphon
2020-05-14,0.0,32.8,26.4,73,chumphon
2020-05-15,0.4,32.9,27.2,76,chumphon
2020-05-16,0.0,32.9,26.3,74,chumphon
2020-05-17,2.8,34.1,26.8,71,chumphon
2020-05-18,1.8,36.0,27.3,68,chumphon
2020-05-19,0.7,34.1,27.0,72,chumphon
2020-05-20,3.4,33.8,27.1,74,chumphon
2020-05-21,1.4,32.8,26.5,79,chumphon
2020-05-22,4.3,33.7,26.2,81,chumphon
2020-05-23,6.1,33.9,26.3,80,chumphon
2020-05-24,12.0,32.5,26.1,85,chumphon
2020-05-25,5.8,32.0,25.2,86,chumphon
2020-05-26,18.0,32.8,25.8,87,chumphon
2020-05-27,0.6,32.9,25.1,84,chumphon
2020-05-28,4.5,32.0,25.8,85,chumphon
2020-05-29,13.5,29.3,25.5,91,chumphon
2020-05-30,2.8,30.5,25.3,89,chumphon
2020-05-31,6.8,31.7,24.7,87,chumphon
2020-06-01,6.1,31.8,24.6,86,chumphon
2020-06-02,0.3,30.6,25.2,86,chumphon
2020-06-03,8.9,30.9,25.0,88,chumphon
2020-06-04,8.2,31.2,25.0,86,chumphon
2020-06-05,0.5,30.9,24.7,85,chumphon
2020-06-06,2.2,30.2,25.0,87,chumphon
2020-06-07,5.8,30.4,25.0,86,chumphon
2020-06-08,7.2,29.8,25.1,88,chumphon
2020-06-09,10.8,31.0,24.5,89,chumphon
2020-06-10,8.4,31.3,25.0,88,chumphon
2020-06-11,5.7,31.0,25.2,85,chumphon
2020-06-12,0.0,31.9,25.3,81,chumphon
2020-06-13,0.8,31.3,25.8,83,chumphon
2020-06-14,4.8,30.7,25.2,85,chumphon
2020-06-15,6.8,28.6,24.9,90,chumphon
2020-06-16,20.0,30.5,24.0,90,chumphon
2020-06-17,7.6,28.6,24.6,91,chumphon
2020-06-18,1.5,30.3,25.0,85,chumphon
2020-06-19,4.8,31.0,24.8,85,chumphon
2020-06-20,2.6,31.6,25.2,85,chumphon
2020-06-21,1.3,30.3,24.9,85,chumphon
2020-06-22,5.5,32.3,24.9,84,chumphon
2020-06-23,10.4,31.3,24.3,89,chumphon
2020-06-24,7.7,32.0,24.3,87,chumphon
2020-06-25,13.9,31.2,25.2,87,chumphon
2020-06-26,5.3,30.1,24.5,89,chumphon
2020-06-27,3.2,31.4,24.6,84,chumphon
2020-06-28,17.4,30.2,24.7,89,chumphon
2020-06-29,0.8,30.5,24.1,85,chumphon
2020-06-30,0.4,29.7,25.0,86,chumphon
2020-07-01,0.4,30.7,25.0,84,chumphon
2020-07-02,0.1,30.5,25.1,84,chumphon
2020-07-03,2.2,28.8,25.5,89,chumphon
2020-07-04,0.0,30.9,24.5,86,chumphon
2020-07-05,0.5,30.7,24.6,85,chumphon
2020-07-06,1.7,32.4,24.9,83,chumphon
2020-07-07,5.5,29.7,24.9,87,chumphon
2020-07-08,5.3,31.4,23.8,86,chumphon
2020-07-09,4.1,31.3,24.1,87,chumphon
2020-07-10,0.6,30.3,24.5,84,chumphon
2020-07-11,2.1,31.2,25.0,83,chumphon
2020-07-12,6.3,30.4,24.6,87,chumphon
2020-07-13,7.6,30.5,24.9,87,chumphon
2020-07-14,0.3,31.5,24.7,83,chumphon
2020-07-15,0.0,30.8,24.8,83,chumphon
2020-07-16,2.2,30.7,25.1,83,chumphon
2020-07-17,2.3,32.4,24.2,82,chumphon
2020-07-18,4.5,32.4,25.0,82,chumphon
2020-07-19,3.2,31.5,24.8,86,chumphon
2020-07-20,8.9,31.7,24.8,85,chumphon
2020-07-21,14.9,31.1,25.4,88,chumphon
2020-07-22,1.9,30.5,24.5,87,chumphon
2020-07-23,7.7,30.5,24.6,88,chumphon
2020-07-24,3.2,30.2,24.5,89,chumphon
2020-07-25,11.8,28.8,25.0,90,chumphon
2020-07-26,7.0,31.4,24.1,88,chumphon
2020-07-27,9.0,31.2,24.1,89,chumphon
2020-07-28,9.8,30.1,24.4,89,chumphon
2020-07-29,3.6,30.7,24.0,88,chumphon
2020-07-30,0.0,30.5,24.9,83,chumphon
2020-07-31,3.5,30.0,25.1,84,chumphon
2020-08-01,16.4,26.8,25.1,91,chumphon
2020-08-02,34.0,28.0,24.5,91,chumphon
2020-08-03,6.0,29.1,25.2,88,chumphon
2020-08-04,12.4,28.4,24.6,91,chumphon
2020-08-05,0.3,30.5,25.2,84,chumphon
2020-08-06,1.9,29.9,25.0,88,chumphon
2020-08-07,10.2,30.6,25.3,88,chumphon
2020-08-08,9.9,29.0,24.7,91,chumphon
2020-08-09,7.2,28.7,24.7,90,chumphon
2020-08-10,0.8,29.9,25.4,86,chumphon
2020-08-11,4.9,30.8,25.0,88,chumphon
2020-08-12,8.5,30.5,25.0,88,chumphon
2020-08-13,8.6,28.9,24.8,90,chumphon
2020-08-14,2.5,29.8,24.4,89,chumphon
2020-08-15,1.5,29.3,24.4,89,chumphon
2020-08-16,1.0,31.6,23.8,85,chumphon
2020-08-17,0.5,31.7,23.9,82,chumphon
2020-08-18,0.7,31.1,24.8,81,chumphon
2020-08-19,0.3,31.9,24.6,80,chumphon
2020-08-20,0.1,31.3,24.4,80,chumphon
2020-08-21,0.9,31.8,25.4,82,chumphon
2020-08-22,4.6,31.8,24.7,84,chumphon
2020-08-23,0.2,32.1,24.8,81,chumphon
2020-08-24,0.0,32.5,23.9,79,chumphon
2020-08-25,0.2,32.2,24.5,80,chumphon
2020-08-26,0.0,33.1,25.0,77,chumphon
2020-08-27,0.2,32.6,24.7,78,chumphon
2020-08-28,0.1,32.0,25.6,77,chumphon
2020-08-29,0.0,33.5,24.6,74,chumphon
2020-08-30,2.3,32.7,25.1,80,chumphon
2020-08-31,2.7,32.4,25.3,83,chumphon
2020-09-01,9.7,31.0,24.9,87,chumphon
2020-09-02,16.6,30.5,25.0,88,chumphon
2020-09-03,3.5,31.8,25.3,85,chumphon
2020-09-04,15.0,31.3,24.8,88,chumphon
2020-09-05,7.0,31.4,24.6,86,chumphon
2020-09-06,9.1,30.8,24.0,87,chumphon
2020-09-07,3.3,31.0,24.9,85,chumphon
2020-09-08,4.2,31.0,25.1,86,chumphon
2020-09-09,12.6,31.5,24.2,86,chumphon
2020-09-10,9.0,31.0,24.3,87,chumphon
2020-09-11,3.5,30.5,24.4,90,chumphon
2020-09-12,12.5,30.2,24.1,88,chumphon
2020-09-13,8.8,29.2,23.9,89,chumphon
2020-09-14,3.6,29.4,24.2,88,chumphon
2020-09-15,9.5,28.8,24.4,90,chumphon
2020-09-16,15.5,30.2,24.6,89,chumphon
2020-09-17,21.4,27.9,24.6,90,chumphon
2020-09-18,12.9,27.0,24.7,91,chumphon
2020-09-19,39.7,25.9,24.7,94,chumphon
2020-09-20,6.1,30.1,24.1,85,chumphon
2020-09-21,0.7,29.2,24.6,89,chumphon
2020-09-22,1.6,31.9,24.0,83,chumphon
2020-09-23,6.3,31.7,25.2,85,chumphon
2020-09-24,24.4,29.8,24.8,90,chumphon
2020-09-25,0.1,31.8,23.3,81,chumphon
2020-09-26,0.0,30.1,24.7,84,chumphon
2020-09-27,6.7,29.7,24.8,86,chumphon
2020-09-28,16.8,26.6,23.9,92,chumphon
2020-09-29,8.2,29.6,24.1,87,chumphon
2020-09-30,0.6,30.5,24.8,84,chumphon
2020-10-01,4.8,29.0,24.9,87,chumphon
2020-10-02,3.6,29.9,24.8,86,chumphon
2020-10-03,5.6,28.7,23.9,90,chumphon
2020-10-04,1.9,30.6,23.8,85,chumphon
2020-10-05,2.9,31.3,23.9,84,chumphon
2020-10-06,3.7,29.3,24.5,89,chumphon
2020-10-07,4.5,29.7,24.7,89,chumphon
2020-10-08,33.5,28.5,24.1,90,chumphon
2020-10-09,7.7,27.8,23.8,91,chumphon
2020-10-10,10.0,26.8,23.9,94,chumphon
2020-10-11,12.4,27.2,23.5,93,chumphon
2020-10-12,8.3,27.6,23.9,92,chumphon
2020-10-13,12.1,28.2,23.9,90,chumphon
2020-10-14,13.7,28.0,24.2,91,chumphon
2020-10-15,14.0,27.1,23.8,92,chumphon
2020-10-16,6.1,28.6,24.4,88,chumphon
2020-10-17,25.0,27.1,24.2,93,chumphon
2020-10-18,16.6,26.9,24.1,93,chumphon
2020-10-19,3.8,29.4,23.8,88,chumphon
2020-10-20,5.2,28.6,23.8,91,chumphon
2020-10-21,4.9,28.4,24.6,89,chumphon
2020-10-22,8.2,29.0,23.8,87,chumphon
2020-10-23,5.8,27.7,23.5,89,chumphon
2020-10-24,0.1,29.6,23.4,81,chumphon
2020-10-25,0.5,29.5,22.8,80,chumphon
2020-10-26,9.0,29.4,23.3,87,chumphon
2020-10-27,6.2,29.8,23.5,90,chumphon
2020-10-28,4.0,28.5,23.7,90,chumphon
2020-10-29,1.9,28.9,24.1,87,chumphon
2020-10-30,20.1,29.1,23.8,91,chumphon
2020-10-31,2.1,29.7,23.3,91,chumphon
2020-11-01,3.0,29.3,23.9,88,chumphon
2020-11-02,8.8,28.3,24.4,90,chumphon
2020-11-03,2.8,29.0,24.8,86,chumphon
2020-11-04,2.2,28.2,24.7,87,chumphon
2020-11-05,1.7,29.2,24.3,83,chumphon
2020-11-06,1.1,29.5,23.8,82,chumphon
2020-11-07,2.1,28.5,25.4,85,chumphon
2020-11-08,6.0,27.5,24.9,87,chumphon
2020-11-09,5.9,28.5,24.8,81,chumphon
2020-11-10,0.0,28.9,24.6,75,chumphon
2020-11-11,0.0,28.9,23.8,75,chumphon
2020-11-12,8.9,27.6,24.6,82,chumphon
2020-11-13,30.1,27.3,24.8,86,chumphon
2020-11-14,0.0,28.7,24.4,78,chumphon
2020-11-15,0.0,29.0,23.2,77,chumphon
2020-11-16,0.1,29.3,23.8,83,chumphon
2020-11-17,0.0,30.1,23.8,82,chumphon
2020-11-18,0.8,29.7,23.4,85,chumphon
2020-11-19,0.0,29.7,24.3,85,chumphon
2020-11-20,1.6,29.9,23.6,87,chumphon
2020-11-21,7.4,29.5,24.4,90,chumphon
2020-11-22,7.1,28.1,24.4,91,chumphon
2020-11-23,0.2,30.0,23.9,87,chumphon
2020-11-24,2.6,28.9,24.7,87,chumphon
2020-11-25,1.2,29.7,24.7,82,chumphon
2020-11-26,2.0,29.2,25.3,82,chumphon
2020-11-27,4.0,29.3,26.1,78,chumphon
2020-11-28,1.9,28.4,25.3,80,chumphon
2020-11-29,0.6,28.8,24.6,79,chumphon
2020-11-30,2.3,28.5,25.4,77,chumphon
2020-12-01,0.5,28.3,26.1,75,chumphon
2020-12-02,3.0,28.0,25.4,80,chumphon
2020-12-03,10.7,27.1,24.5,87,chumphon
2020-12-04,0.0,27.9,25.3,76,chumphon
2020-12-05,0.0,27.4,24.3,73,chumphon
2020-12-06,0.0,27.4,22.7,78,chumphon
2020-12-07,0.1,27.7,22.3,78,chumphon
2020-12-08,0.0,28.7,21.5,79,chumphon
2020-12-09,0.0,28.7,23.3,79,chumphon
2020-12-10,0.0,28.8,22.1,76,chumphon
2020-12-11,0.0,29.4,20.0,76,chumphon
2020-12-12,0.0,29.7,22.0,79,chumphon
2020-12-13,2.8,29.1,23.7,87,chumphon
2020-12-14,0.5,29.4,22.9,88,chumphon
2020-12-15,19.4,26.2,24.9,91,chumphon
2020-12-16,5.7,27.5,24.4,90,chumphon
2020-12-17,0.1,29.5,24.1,84,chumphon
2020-12-18,0.5,28.6,24.1,82,chumphon
2020-12-19,0.4,28.4,24.2,80,chumphon
2020-12-20,0.0,27.8,24.6,75,chumphon
2020-12-21,0.0,26.2,22.6,74,chumphon
2020-12-22,0.0,26.6,22.2,73,chumphon
2020-12-23,0.0,27.4,21.9,70,chumphon
2020-12-24,0.1,28.8,22.2,73,chumphon
2020-12-25,30.2,26.2,24.5,90,chumphon
2020-12-26,8.8,27.8,24.6,90,chumphon
2020-12-27,3.4,27.9,24.5,88,chumphon
2020-12-28,0.2,28.7,23.3,89,chumphon
2020-12-29,0.0,29.3,21.6,88,chumphon
2020-12-30,0.0,29.7,23.1,84,chumphon
2020-12-31,0.4,27.4,24.2,77,chumphon
2021-01-01,0.0,26.1,23.9,71,chumphon
2021-01-02,0.0,26.4,23.3,72,chumphon
2021-01-03,0.0,26.9,23.2,75,chumphon
2021-01-04,0.0,28.2,23.5,76,chumphon
2021-01-05,0.0,28.6,23.9,76,chumphon
2021-01-06,0.0,29.2,24.1,81,chumphon
2021-01-07,0.7,28.8,24.1,85,chumphon
2021-01-08,2.8,28.5,24.6,85,chumphon
2021-01-09,0.6,27.5,24.5,80,chumphon
2021-01-10,0.0,27.7,23.0,76,chumphon
2021-01-11,0.0,28.0,22.8,76,chumphon
2021-01-12,0.0,25.3,22.9,73,chumphon
2021-01-13,0.0,25.5,22.2,68,chumphon
2021-01-14,0.0,26.9,20.1,75,chumphon
2021-01-15,0.0,27.5,20.2,78,chumphon
2021-01-16,0.1,28.2,21.2,79,chumphon
2021-01-17,0.1,28.3,23.9,78,chumphon
2021-01-18,0.5,27.3,24.2,75,chumphon
2021-01-19,0.3,27.0,21.1,74,chumphon
2021-01-20,0.1,27.3,21.4,76,chumphon
2021-01-21,0.0,28.0,21.0,77,chumphon
2021-01-22,0.0,28.7,18.9,76,chumphon
2021-01-23,0.0,28.5,20.6,78,chumphon
2021-01-24,1.0,28.8,21.7,82,chumphon
2021-01-25,0.9,29.5,23.1,80,chumphon
2021-01-26,0.9,28.4,23.6,85,chumphon
2021-01-27,3.6,28.4,24.9,82,chumphon
2021-01-28,0.4,28.3,24.3,85,chumphon
2021-01-29,4.0,27.2,24.1,87,chumphon
2021-01-30,0.6,28.4,23.8,81,chumphon
2021-01-31,0.5,28.7,23.0,80,chumphon
2021-02-01,0.0,29.2,21.4,81,chumphon
2021-02-02,0.0,30.0,21.6,80,chumphon
2021-02-03,0.4,29.0,23.3,83,chumphon
2021-02-04,0.5,29.0,24.9,78,chumphon
2021-02-05,0.4,29.2,23.1,79,chumphon
2021-02-06,3.3,28.6,24.1,83,chumphon
2021-02-07,0.3,29.6,24.6,80,chumphon
2021-02-08,0.3,30.3,25.5,77,chumphon
2021-02-09,3.4,29.8,24.2,80,chumphon
2021-02-10,1.4,29.3,25.1,80,chumphon
2021-02-11,0.7,29.7,24.8,77,chumphon
2021-02-12,0.2,29.7,23.5,78,chumphon
2021-02-13,0.0,29.9,23.1,79,chumphon
2021-02-14,0.1,30.1,22.2,79,chumphon
2021-02-15,0.0,30.7,23.0,73,chumphon
2021-02-16,0.1,30.5,24.3,74,chumphon
2021-02-17,2.2,29.1,25.7,73,chumphon
2021-02-18,4.2,29.1,25.2,74,chumphon
2021-02-19,0.5,28.4,25.2,70,chumphon
2021-02-20,2.3,29.0,22.4,77,chumphon
2021-02-21,0.9,28.7,24.7,73,chumphon
2021-02-22,0.0,29.6,23.1,73,chumphon
2021-02-23,0.0,29.5,21.2,77,chumphon
2021-02-24,0.0,30.5,20.3,77,chumphon
2021-02-25,0.0,34.5,21.8,68,chumphon
2021-02-26,0.0,35.6,22.7,64,chumphon
2021-02-27,0.0,34.2,23.0,68,chumphon
2021-02-28,0.0,31.0,22.0,74,chumphon
2021-03-01,0.3,30.7,22.2,77,chumphon
2021-03-02,0.2,30.7,24.1,75,chumphon
2021-03-03,2.5,30.3,25.7,77,chumphon
2021-03-04,1.3,30.2,26.6,75,chumphon
2021-03-05,0.0,30.6,25.9,73,chumphon
2021-03-06,0.0,30.6,24.0,78,chumphon
2021-03-07,0.0,31.4,23.4,77,chumphon
2021-03-08,0.1,30.9,24.2,75,chumphon
2021-03-09,0.1,31.2,25.1,73,chumphon
2021-03-10,0.7,30.8,25.8,74,chumphon
2021-03-11,0.6,30.9,25.7,75,chumphon
2021-03-12,0.7,30.8,25.6,75,chumphon
2021-03-13,0.4,30.6,24.7,77,chumphon
2021-03-14,0.1,31.4,25.0,75,chumphon
2021-03-15,0.0,31.2,24.9,75,chumphon
2021-03-16,0.2,31.4,24.8,75,chumphon
2021-03-17,0.0,31.4,24.6,74,chumphon
2021-03-18,0.1,31.7,23.1,75,chumphon
2021-03-19,0.0,31.7,24.1,75,chumphon
2021-03-20,0.0,32.9,23.5,74,chumphon
2021-03-21,0.0,32.3,24.8,75,chumphon
2021-03-22,1.5,30.9,26.0,77,chumphon
2021-03-23,2.7,30.3,26.3,77,chumphon
2021-03-24,0.0,31.6,24.5,76,chumphon
2021-03-25,0.3,30.4,24.6,81,chumphon
2021-03-26,0.2,30.2,26.7,78,chumphon
2021-03-27,0.1,31.1,25.8,78,chumphon
2021-03-28,0.9,31.2,26.5,79,chumphon
2021-03-29,0.5,32.0,25.4,78,chumphon
2021-03-30,8.3,34.4,25.8,77,chumphon
2021-03-31,10.0,32.4,26.2,85,chumphon
2021-04-01,12.6,31.2,24.6,87,chumphon
2021-04-02,5.3,32.1,24.2,85,chumphon
2021-04-03,1.8,31.3,24.6,86,chumphon
2021-04-04,21.5,31.9,25.0,86,chumphon
2021-04-05,8.3,28.8,24.9,88,chumphon
2021-04-06,8.9,28.9,25.9,88,chumphon
2021-04-07,6.2,28.9,25.1,90,chumphon
2021-04-08,7.3,30.0,23.9,88,chumphon
2021-04-09,1.5,31.3,24.2,84,chumphon
2021-04-10,0.6,30.5,24.0,84,chumphon
2021-04-11,11.9,28.9,25.7,87,chumphon
2021-04-12,5.1,29.1,25.5,86,chumphon
2021-04-13,3.9,30.5,25.8,83,chumphon
2021-04-14,1.6,31.1,23.7,86,chumphon
2021-04-15,1.4,31.5,24.3,86,chumphon
2021-04-16,16.9,31.7,24.5,87,chumphon
2021-04-17,3.8,31.6,24.4,87,chumphon
2021-04-18,7.1,32.5,24.5,86,chumphon
2021-04-19,3.7,30.3,24.3,85,chumphon
2021-04-20,3.1,31.8,24.5,82,chumphon
2021-04-21,0.7,33.0,24.1,80,chumphon
2021-04-22,0.4,32.3,24.9,78,chumphon
2021-04-23,0.4,33.3,25.3,74,chumphon
2021-04-24,0.2,31.5,25.8,78,chumphon
2021-04-25,3.0,32.4,25.3,81,chumphon
2021-04-26,4.9,33.4,24.9,80,chumphon
2021-04-27,6.1,33.0,25.3,82,chumphon
2021-04-28,3.8,29.5,25.2,87,chumphon
2021-04-29,2.2,29.6,25.0,88,chumphon
2021-04-30,4.4,28.8,25.0,89,chumphon
2021-05-01,2.9,30.0,25.2,86,chumphon
2021-05-02,16.1,29.7,25.8,86,chumphon
2021-05-03,2.6,30.6,27.2,82,chumphon
2021-05-04,0.1,31.1,25.4,83,chumphon
2021-05-05,0.2,30.5,25.0,85,chumphon
2021-05-06,17.0,28.2,25.2,89,chumphon
2021-05-07,11.4,29.8,26.1,84,chumphon
2021-05-08,8.2,29.1,25.5,89,chumphon
2021-05-09,0.3,30.6,23.8,87,chumphon
2021-05-10,0.1,31.0,25.1,85,chumphon
2021-05-11,0.1,31.6,25.3,84,chumphon
2021-05-12,1.6,31.3,24.9,83,chumphon
2021-05-13,0.6,31.8,25.1,82,chumphon
2021-05-14,0.0,32.5,26.1,82,chumphon
2021-05-15,0.9,32.7,25.9,82,chumphon
2021-05-16,4.5,31.6,26.0,84,chumphon
2021-05-17,7.1,32.3,26.1,85,chumphon
2021-05-18,5.9,33.1,25.7,84,chumphon
2021-05-19,16.2,31.5,25.8,87,chumphon
2021-05-20,2.9,31.1,26.2,87,chumphon
2021-05-21,3.4,30.8,25.4,85,chumphon
2021-05-22,4.8,30.8,25.3,87,chumphon
2021-05-23,8.9,28.4,25.0,89,chumphon
2021-05-24,1.6,32.7,25.5,82,chumphon
2021-05-25,14.3,28.1,25.2,91,chumphon
2021-05-26,10.3,27.6,25.2,93,chumphon
2021-05-27,7.4,27.9,24.8,92,chumphon
2021-05-28,13.2,28.8,24.9,90,chumphon
2021-05-29,4.0,30.2,24.9,86,chumphon
2021-05-30,4.0,31.0,24.6,86,chumphon
2021-05-31,4.4,30.8,25.1,89,chumphon
2021-06-01,1.4,31.3,24.3,86,chumphon
2021-06-02,2.7,32.2,25.5,86,chumphon
2021-06-03,2.2,31.8,25.8,85,chumphon
2021-06-04,1.5,33.1,25.9,83,chumphon
2021-06-05,2.4,31.3,25.9,84,chumphon
2021-06-06,1.5,31.2,25.6,84,chumphon
2021-06-07,5.3,30.2,25.3,86,chumphon
2021-06-08,4.6,29.1,25.1,87,chumphon
2021-06-09,5.7,28.8,25.0,88,chumphon
2021-06-10,11.0,28.7,24.4,90,chumphon
2021-06-11,4.3,29.0,24.4,89,chumphon
2021-06-12,0.4,30.5,24.2,85,chumphon
2021-06-13,0.0,31.8,25.1,82,chumphon
2021-06-14,0.8,31.0,24.9,84,chumphon
2021-06-15,0.3,30.9,25.0,84,chumphon
2021-06-16,0.1,32.1,24.9,77,chumphon
2021-06-17,4.7,31.1,25.7,84,chumphon
2021-06-18,0.4,32.8,24.4,81,chumphon
2021-06-19,2.1,31.6,24.9,80,chumphon
2021-06-20,0.0,32.2,25.1,80,chumphon
2021-06-21,0.0,30.6,24.7,81,chumphon
2021-06-22,3.9,31.0,24.9,83,chumphon
2021-06-23,2.2,29.9,24.8,83,chumphon
2021-06-24,0.1,32.5,24.8,76,chumphon
2021-06-25,4.7,30.8,24.4,84,chumphon
2021-06-26,4.4,31.8,24.5,84,chumphon
2021-06-27,3.1,31.6,24.0,83,chumphon
2021-06-28,1.1,32.1,24.6,82,chumphon
2021-06-29,3.8,32.9,24.7,83,chumphon
2021-06-30,2.6,31.7,25.1,83,chumphon
2021-07-01,2.6,31.9,24.3,83,chumphon
2021-07-02,3.7,31.0,24.4,84,chumphon
2021-07-03,0.2,32.6,25.1,80,chumphon
2021-07-04,2.6,32.2,25.5,82,chumphon
2021-07-05,1.2,32.2,25.2,82,chumphon
2021-07-06,1.0,30.9,25.4,82,chumphon
2021-07-07,3.7,28.9,25.1,87,chumphon
2021-07-08,15.4,27.7,24.4,92,chumphon
2021-07-09,23.0,27.4,24.6,93,chumphon
2021-07-10,35.7,26.4,24.3,95,chumphon
2021-07-11,13.8,28.1,24.5,90,chumphon
2021-07-12,4.1,29.9,24.7,87,chumphon
2021-07-13,6.9,30.8,24.7,85,chumphon
2021-07-14,3.3,30.4,24.7,86,chumphon
2021-07-15,6.0,27.9,24.2,91,chumphon
2021-07-16,1.5,30.5,24.3,86,chumphon
2021-07-17,7.2,31.0,24.3,86,chumphon
2021-07-18,0.0,30.8,25.0,82,chumphon
2021-07-19,0.8,29.6,26.2,80,chumphon
2021-07-20,2.5,28.6,25.8,85,chumphon
2021-07-21,6.8,29.9,24.5,88,chumphon
2021-07-22,0.5,31.2,26.0,82,chumphon
2021-07-23,0.4,30.4,25.7,83,chumphon
2021-07-24,0.8,30.9,26.3,81,chumphon
2021-07-25,8.3,28.9,25.2,89,chumphon
2021-07-26,2.8,29.6,25.3,86,chumphon
2021-07-27,2.2,30.4,25.5,86,chumphon
2021-07-28,3.6,29.9,25.8,85,chumphon
2021-07-29,3.8,30.3,26.0,84,chumphon
2021-07-30,0.2,30.2,25.3,84,chumphon
2021-07-31,0.9,31.1,25.7,83,chumphon
2021-08-01,1.7,30.9,25.5,83,chumphon
2021-08-02,2.8,30.4,25.3,84,chumphon
2021-08-03,0.8,29.2,25.3,86,chumphon
2021-08-04,0.7,29.8,25.6,86,chumphon
2021-08-05,2.7,31.0,25.4,84,chumphon
2021-08-06,5.2,30.0,25.5,87,chumphon
2021-08-07,0.7,30.6,24.9,85,chumphon
2021-08-08,1.6,30.7,25.3,85,chumphon
2021-08-09,1.2,31.4,24.9,83,chumphon
2021-08-10,2.6,31.2,25.6,83,chumphon
2021-08-11,1.6,30.7,25.0,84,chumphon
2021-08-12,2.2,31.0,24.8,82,chumphon
2021-08-13,1.5,29.7,25.0,84,chumphon
2021-08-14,4.7,29.3,25.1,87,chumphon
2021-08-15,14.5,27.2,24.9,93,chumphon
2021-08-16,5.1,29.7,23.9,88,chumphon
2021-08-17,6.7,31.6,22.6,86,chumphon
2021-08-18,0.1,32.2,24.1,81,chumphon
2021-08-19,1.2,30.7,24.6,83,chumphon
2021-08-20,3.4,31.6,24.1,85,chumphon
2021-08-21,8.4,30.0,24.1,87,chumphon
2021-08-22,9.8,30.8,24.0,87,chumphon
2021-08-23,3.1,30.7,24.4,86,chumphon
2021-08-24,3.1,29.5,24.8,86,chumphon
2021-08-25,3.7,28.6,24.4,87,chumphon
2021-08-26,15.1,29.9,24.2,86,chumphon
2021-08-27,1.1,29.2,24.2,86,chumphon
2021-08-28,10.0,28.9,24.3,90,chumphon
2021-08-29,16.9,29.7,24.3,88,chumphon
2021-08-30,9.3,31.2,23.9,86,chumphon
2021-08-31,5.1,29.7,24.3,87,chumphon
2021-09-01,8.0,30.4,24.7,88,chumphon
2021-09-02,9.5,28.9,24.4,89,chumphon
2021-09-03,0.1,29.1,24.2,83,chumphon
2021-09-04,5.9,29.2,24.6,87,chumphon
2021-09-05,0.1,31.5,24.6,80,chumphon
2021-09-06,1.1,31.2,23.7,84,chumphon
2021-09-07,3.2,29.2,25.0,87,chumphon
2021-09-08,14.6,27.9,24.1,91,chumphon
2021-09-09,37.1,27.0,24.1,93,chumphon
2021-09-10,12.0,28.6,24.3,90,chumphon
2021-09-11,11.1,29.5,24.3,90,chumphon
2021-09-12,0.1,30.4,24.6,83,chumphon
2021-09-13,0.3,30.0,25.3,84,chumphon
2021-09-14,1.9,29.1,25.1,86,chumphon
2021-09-15,5.9,28.5,24.8,88,chumphon
2021-09-16,10.8,30.6,23.7,90,chumphon
2021-09-17,1.3,30.1,23.3,86,chumphon
2021-09-18,3.6,30.8,23.3,85,chumphon
2021-09-19,3.2,32.1,24.5,83,chumphon
2021-09-20,7.5,28.1,23.8,90,chumphon
2021-09-21,36.0,26.3,23.9,94,chumphon
2021-09-22,13.6,26.7,24.1,92,chumphon
2021-09-23,1.3,31.3,23.6,83,chumphon
2021-09-24,0.4,30.3,24.5,83,chumphon
2021-09-25,6.0,28.9,24.7,89,chumphon
2021-09-26,11.5,28.8,24.3,92,chumphon
2021-09-27,6.5,29.1,24.0,91,chumphon
2021-09-28,2.3,29.8,23.7,87,chumphon
2021-09-29,0.3,30.1,24.5,85,chumphon
2021-09-30,1.9,29.8,24.2,86,chumphon
2021-10-01,10.4,30.2,24.7,88,chumphon
2021-10-02,2.2,29.7,23.8,90,chumphon
2021-10-03,1.6,31.4,24.4,84,chumphon
2021-10-04,7.3,30.7,24.6,86,chumphon
2021-10-05,4.1,29.7,24.7,85,chumphon
2021-10-06,38.4,28.5,24.5,90,chumphon
2021-10-07,37.3,28.5,23.9,87,chumphon
2021-10-08,28.1,27.3,24.5,93,chumphon
2021-10-09,16.8,27.7,24.6,90,chumphon
2021-10-10,0.6,31.3,24.9,83,chumphon
2021-10-11,3.3,29.6,25.5,86,chumphon
2021-10-12,7.8,27.4,24.7,89,chumphon
2021-10-13,1.9,30.0,25.1,84,chumphon
2021-10-14,4.0,29.7,24.6,87,chumphon
2021-10-15,3.0,28.2,23.8,88,chumphon
2021-10-16,8.7,29.9,23.5,88,chumphon
2021-10-17,14.1,28.7,24.2,93,chumphon
2021-10-18,2.1,28.0,23.6,85,chumphon
2021-10-19,0.2,29.8,24.1,83,chumphon
2021-10-20,12.1,30.1,23.8,88,chumphon
2021-10-21,18.8,30.7,23.8,87,chumphon
2021-10-22,17.4,28.4,24.1,90,chumphon
2021-10-23,6.0,28.4,24.1,90,chumphon
2021-10-24,29.9,27.3,24.5,90,chumphon
2021-10-25,13.6,28.3,23.8,88,chumphon
2021-10-26,2.9,28.4,24.2,85,chumphon
2021-10-27,1.1,29.9,24.2,82,chumphon
2021-10-28,0.1,30.0,23.6,80,chumphon
2021-10-29,4.1,29.7,25.8,83,chumphon
2021-10-30,19.4,27.8,24.4,88,chumphon
2021-10-31,0.7,28.2,23.3,90,chumphon
2021-11-01,5.7,27.9,24.4,90,chumphon
2021-11-02,4.2,28.5,23.9,90,chumphon
2021-11-03,2.9,29.4,23.2,87,chumphon
2021-11-04,11.4,30.3,24.7,85,chumphon
2021-11-05,6.5,29.9,24.1,85,chumphon
2021-11-06,6.9,27.2,24.3,88,chumphon
2021-11-07,0.6,29.7,24.2,83,chumphon
2021-11-08,13.4,28.2,25.4,85,chumphon
2021-11-09,4.6,28.0,25.5,86,chumphon
2021-11-10,5.1,27.7,24.9,83,chumphon
2021-11-11,6.3,28.5,24.9,82,chumphon
2021-11-12,43.6,26.2,24.1,93,chumphon
2021-11-13,100.6,25.3,24.5,93,chumphon
2021-11-14,30.7,27.0,24.5,90,chumphon
2021-11-15,26.5,27.0,23.9,89,chumphon
2021-11-16,8.2,27.9,24.4,88,chumphon
2021-11-17,10.8,27.3,24.4,89,chumphon
2021-11-18,13.7,27.2,24.4,90,chumphon
2021-11-19,5.3,28.0,24.8,87,chumphon
2021-11-20,3.3,29.2,24.8,87,chumphon
2021-11-21,0.9,30.1,24.3,86,chumphon
2021-11-22,0.7,29.2,24.1,88,chumphon
2021-11-23,26.4,26.4,24.7,90,chumphon
2021-11-24,14.8,28.5,24.9,86,chumphon
2021-11-25,3.4,28.6,24.3,81,chumphon
2021-11-26,2.1,29.4,23.1,80,chumphon
2021-11-27,0.0,29.1,24.5,78,chumphon
2021-11-28,0.0,28.0,24.3,75,chumphon
2021-11-29,14.9,28.3,23.8,76,chumphon
2021-11-30,46.4,25.0,23.6,92,chumphon
2021-12-01,42.4,25.8,24.4,89,chumphon
2021-12-02,6.5,27.6,24.7,82,chumphon
2021-12-03,0.0,27.5,23.9,77,chumphon
2021-12-04,0.0,27.2,23.7,73,chumphon
2021-12-05,0.0,26.1,21.8,73,chumphon
2021-12-06,0.1,27.9,21.9,75,chumphon
2021-12-07,0.0,27.3,22.1,79,chumphon
2021-12-08,0.0,28.0,22.5,78,chumphon
2021-12-09,0.1,27.6,21.8,79,chumphon
2021-12-10,0.6,28.5,24.6,81,chumphon
2021-12-11,1.1,28.5,22.7,80,chumphon
2021-12-12,0.4,28.5,22.5,81,chumphon
2021-12-13,0.9,28.1,22.8,78,chumphon
2021-12-14,0.0,28.2,23.3,78,chumphon
2021-12-15,0.0,29.1,23.2,74,chumphon
2021-12-16,0.0,30.1,21.7,74,chumphon
2021-12-17,0.0,30.7,22.6,74,chumphon
2021-12-18,0.3,29.1,23.9,78,chumphon
2021-12-19,0.0,28.1,24.1,75,chumphon
2021-12-20,0.0,27.8,23.6,71,chumphon
2021-12-21,0.0,27.4,22.4,73,chumphon
2021-12-22,0.0,28.7,21.1,76,chumphon
2021-12-23,0.0,29.3,21.8,78,chumphon
2021-12-24,0.4,28.8,22.5,81,chumphon
2021-12-25,3.8,26.6,24.3,83,chumphon
2021-12-26,3.6,28.4,23.6,81,chumphon
2021-12-27,0.2,29.0,23.8,81,chumphon
2021-12-28,0.8,29.2,23.7,78,chumphon
2021-12-29,2.6,29.0,25.0,76,chumphon
2021-12-30,1.3,28.8,24.7,79,chumphon
2021-12-31,0.0,29.1,25.3,74,chumphon
2022-01-01,0.0,29.0,24.5,72,chumphon
2022-01-02,0.0,28.5,23.4,75,chumphon
2022-01-03,0.0,29.5,23.9,73,chumphon
2022-01-04,0.0,30.1,23.1,76,chumphon
2022-01-05,0.0,29.7,23.7,74,chumphon
2022-01-06,0.0,30.5,21.9,76,chumphon
2022-01-07,0.2,29.3,22.7,81,chumphon
2022-01-08,0.0,30.3,23.8,77,chumphon
2022-01-09,0.0,30.0,21.7,79,chumphon
2022-01-10,0.0,30.2,20.6,80,chumphon
2022-01-11,0.6,29.5,21.7,80,chumphon
2022-01-12,1.5,29.8,26.0,74,chumphon
2022-01-13,2.6,29.5,25.0,74,chumphon
2022-01-14,0.2,29.2,23.5,76,chumphon
2022-01-15,0.0,29.6,24.8,72,chumphon
2022-01-16,0.1,29.4,24.5,71,chumphon
2022-01-17,0.1,29.4,23.0,76,chumphon
2022-01-18,0.6,29.6,23.1,77,chumphon
2022-01-19,0.2,29.8,24.2,75,chumphon
2022-01-20,4.5,28.7,22.8,79,chumphon
2022-01-21,0.9,29.8,24.8,73,chumphon
2022-01-22,2.7,29.8,23.0,79,chumphon
2022-01-23,0.3,29.2,22.2,79,chumphon
2022-01-24,0.5,29.4,22.5,79,chumphon
2022-01-25,0.0,30.2,22.4,78,chumphon
2022-01-26,0.8,30.4,23.4,77,chumphon
2022-01-27,1.2,30.8,25.8,74,chumphon
2022-01-28,0.4,30.8,24.9,78,chumphon
2022-01-29,0.2,31.5,23.6,77,chumphon
2022-01-30,0.0,32.6,23.8,71,chumphon
2022-01-31,0.2,30.6,23.5,74,chumphon
2022-02-01,0.3,30.9,25.4,73,chumphon
2022-02-02,2.2,31.0,24.4,78,chumphon
2022-02-03,9.0,28.6,23.8,83,chumphon
2022-02-04,9.2,28.8,24.4,81,chumphon
2022-02-05,9.9,27.9,23.4,84,chumphon
2022-02-06,0.9,29.5,23.6,80,chumphon
2022-02-07,0.0,29.9,23.5,80,chumphon
2022-02-08,0.0,30.6,23.4,81,chumphon
2022-02-09,3.7,28.6,24.2,85,chumphon
2022-02-10,4.1,28.5,22.8,86,chumphon
2022-02-11,12.2,29.1,24.1,85,chumphon
2022-02-12,6.5,28.8,23.2,89,chumphon
2022-02-13,4.3,29.3,23.0,87,chumphon
2022-02-14,25.8,27.9,24.3,87,chumphon
2022-02-15,26.9,27.4,24.5,87,chumphon
2022-02-16,24.3,27.2,24.3,88,chumphon
2022-02-17,5.6,28.4,24.7,86,chumphon
2022-02-18,13.4,29.6,24.3,84,chumphon
2022-02-19,1.0,29.7,23.3,88,chumphon
2022-02-20,7.8,31.1,23.5,87,chumphon
2022-02-21,7.4,29.5,23.0,89,chumphon
2022-02-22,12.9,26.9,24.1,87,chumphon
2022-02-23,18.5,27.7,24.3,84,chumphon
2022-02-24,0.1,29.2,23.7,76,chumphon
2022-02-25,0.3,28.9,24.2,74,chumphon
2022-02-26,0.1,29.1,24.6,74,chumphon
2022-02-27,3.7,28.7,24.5,80,chumphon
2022-02-28,3.6,28.0,24.3,83,chumphon
2022-03-01,4.2,28.8,25.6,82,chumphon
2022-03-02,3.1,29.7,24.7,82,chumphon
2022-03-03,1.5,29.3,25.1,83,chumphon
2022-03-04,0.0,30.1,23.5,86,chumphon
2022-03-05,2.3,31.0,23.9,86,chumphon
2022-03-06,2.9,29.8,24.2,89,chumphon
2022-03-07,1.4,30.0,24.0,85,chumphon
2022-03-08,21.7,26.5,24.2,90,chumphon
2022-03-09,2.2,29.2,25.8,82,chumphon
2022-03-10,0.0,29.9,24.9,80,chumphon
2022-03-11,0.0,30.2,23.1,83,chumphon
2022-03-12,0.0,30.4,23.3,85,chumphon
2022-03-13,0.0,30.5,23.7,86,chumphon
2022-03-14,6.2,30.1,25.0,84,chumphon
2022-03-15,0.3,30.5,24.1,80,chumphon
2022-03-16,0.0,30.5,24.2,82,chumphon
2022-03-17,0.2,30.2,25.5,80,chumphon
2022-03-18,0.5,31.1,25.0,81,chumphon
2022-03-19,11.8,30.8,26.1,80,chumphon
2022-03-20,21.7,29.4,23.9,89,chumphon
2022-03-21,6.5,30.0,24.3,87,chumphon
2022-03-22,10.9,29.6,23.6,90,chumphon
2022-03-23,1.9,30.1,23.2,87,chumphon
2022-03-24,6.7,30.7,24.2,89,chumphon
2022-03-25,3.5,30.7,24.4,88,chumphon
2022-03-26,0.2,30.8,24.3,86,chumphon
2022-03-27,4.7,32.5,24.9,83,chumphon
2022-03-28,0.9,33.0,25.1,83,chumphon
2022-03-29,3.2,30.7,24.8,87,chumphon
2022-03-30,0.9,30.3,23.9,86,chumphon
2022-03-31,5.8,32.3,24.4,86,chumphon
2022-04-01,4.2,31.8,24.2,84,chumphon
2022-04-02,8.3,28.5,23.7,86,chumphon
2022-04-03,3.5,27.7,23.7,78,chumphon
2022-04-04,33.8,26.2,24.1,88,chumphon
2022-04-05,17.7,28.0,24.5,84,chumphon
2022-04-06,5.1,29.4,25.4,85,chumphon
2022-04-07,5.9,29.7,23.7,87,chumphon
2022-04-08,1.4,29.8,23.5,86,chumphon
2022-04-09,0.0,30.7,23.1,81,chumphon
2022-04-10,0.0,31.7,23.5,81,chumphon
2022-04-11,1.4,32.2,24.6,82,chumphon
2022-04-12,0.6,32.8,24.8,79,chumphon
2022-04-13,0.1,32.8,24.9,77,chumphon
2022-04-14,0.0,33.7,24.8,74,chumphon
2022-04-15,0.0,34.7,24.8,73,chumphon
2022-04-16,0.0,33.9,25.3,74,chumphon
2022-04-17,0.0,32.5,24.2,79,chumphon
2022-04-18,7.3,30.5,25.5,84,chumphon
2022-04-19,9.1,29.6,25.9,85,chumphon
2022-04-20,4.0,30.2,24.7,82,chumphon
2022-04-21,2.0,31.1,24.3,83,chumphon
2022-04-22,5.7,29.8,25.5,84,chumphon
2022-04-23,0.1,31.3,26.5,80,chumphon
2022-04-24,0.0,31.5,24.8,81,chumphon
2022-04-25,0.3,31.8,25.3,81,chumphon
2022-04-26,0.8,32.0,25.4,79,chumphon
2022-04-27,0.0,33.4,24.5,78,chumphon
2022-04-28,4.0,33.7,26.6,79,chumphon
2022-04-29,0.9,30.2,25.7,80,chumphon
2022-04-30,1.3,32.9,25.8,80,chumphon
2022-05-01,2.8,32.4,25.2,84,chumphon
2022-05-02,24.9,31.0,25.2,89,chumphon
2022-05-03,21.0,28.0,25.1,87,chumphon
2022-05-04,66.9,26.0,24.8,93,chumphon
2022-05-05,29.1,27.2,25.1,90,chumphon
2022-05-06,29.1,28.1,24.9,89,chumphon
2022-05-07,16.6,29.2,25.3,88,chumphon
2022-05-08,11.1,29.6,25.8,86,chumphon
2022-05-09,14.1,28.3,25.4,88,chumphon
2022-05-10,9.8,29.5,25.7,88,chumphon
2022-05-11,16.3,29.9,24.5,91,chumphon
2022-05-12,7.1,30.3,24.2,88,chumphon
2022-05-13,0.8,31.6,25.0,83,chumphon
2022-05-14,7.7,31.1,25.1,86,chumphon
2022-05-15,14.7,31.0,25.1,87,chumphon
2022-05-16,0.3,32.1,24.6,79,chumphon
2022-05-17,9.6,31.1,24.8,86,chumphon
2022-05-18,33.9,29.3,24.4,91,chumphon
2022-05-19,11.9,31.1,24.3,88,chumphon
2022-05-20,2.0,30.4,24.7,83,chumphon
2022-05-21,2.9,28.1,25.5,87,chumphon
2022-05-22,4.3,29.2,24.3,87,chumphon
2022-05-23,4.5,30.4,24.2,86,chumphon
2022-05-24,0.5,31.8,25.2,81,chumphon
2022-05-25,1.6,31.9,24.6,82,chumphon
2022-05-26,1.1,30.2,25.7,82,chumphon
2022-05-27,0.1,32.0,25.0,79,chumphon
2022-05-28,8.3,28.1,24.9,87,chumphon
2022-05-29,4.7,29.6,24.4,85,chumphon
2022-05-30,7.4,29.5,24.6,87,chumphon
2022-05-31,5.0,29.8,24.4,85,chumphon
2022-06-01,12.9,30.0,24.3,87,chumphon
2022-06-02,0.7,30.9,24.3,83,chumphon
2022-06-03,3.9,30.3,24.6,83,chumphon
2022-06-04,10.7,30.3,24.8,86,chumphon
2022-06-05,3.8,31.7,24.3,83,chumphon
2022-06-06,9.7,30.9,24.6,87,chumphon
2022-06-07,5.5,31.1,24.3,84,chumphon
2022-06-08,3.5,31.1,23.0,85,chumphon
2022-06-09,3.0,31.7,24.0,84,chumphon
2022-06-10,2.4,32.1,24.7,82,chumphon
2022-06-11,2.4,31.9,24.3,82,chumphon
2022-06-12,3.3,32.2,24.5,81,chumphon
2022-06-13,1.0,32.5,24.8,80,chumphon
2022-06-14,1.9,30.9,24.4,86,chumphon
2022-06-15,3.8,30.4,24.8,88,chumphon
2022-06-16,0.0,30.4,24.1,86,chumphon
2022-06-17,9.4,31.9,24.3,85,chumphon
2022-06-18,2.7,32.4,24.4,84,chumphon
2022-06-19,1.2,32.5,25.0,79,chumphon
2022-06-20,3.0,32.4,24.9,81,chumphon
2022-06-21,4.4,32.7,24.8,80,chumphon
2022-06-22,13.1,30.9,23.5,86,chumphon
2022-06-23,4.1,30.2,24.3,86,chumphon
2022-06-24,6.2,31.0,24.0,84,chumphon
2022-06-25,0.8,31.1,24.4,82,chumphon
2022-06-26,19.6,29.7,24.4,88,chumphon
2022-06-27,7.1,30.0,23.5,88,chumphon
2022-06-28,5.6,31.3,24.1,87,chumphon
2022-06-29,2.5,30.8,23.8,84,chumphon
2022-06-30,0.6,30.8,24.7,82,chumphon
2022-07-01,1.6,31.9,24.8,84,chumphon
2022-07-02,1.0,29.6,24.9,86,chumphon
2022-07-03,14.9,29.8,25.0,87,chumphon
2022-07-04,7.7,28.8,24.8,89,chumphon
2022-07-05,3.5,29.0,24.6,86,chumphon
2022-07-06,1.3,31.1,24.8,83,chumphon
2022-07-07,1.0,30.3,25.0,83,chumphon
2022-07-08,20.5,29.3,24.6,88,chumphon
2022-07-09,8.1,27.4,24.5,91,chumphon
2022-07-10,14.6,27.0,23.6,91,chumphon
2022-07-11,16.8,28.1,24.1,88,chumphon
2022-07-12,24.8,27.1,23.9,88,chumphon
2022-07-13,7.6,29.3,23.9,82,chumphon
2022-07-14,2.4,29.9,25.3,82,chumphon
2022-07-15,3.2,29.6,24.1,85,chumphon
2022-07-16,9.5,29.6,24.1,86,chumphon
2022-07-17,3.1,30.2,24.5,85,chumphon
2022-07-18,0.5,32.3,24.2,82,chumphon
2022-07-19,0.2,31.1,25.1,82,chumphon
2022-07-20,18.2,31.1,24.5,85,chumphon
2022-07-21,9.1,28.1,24.3,90,chumphon
2022-07-22,9.5,28.5,23.9,90,chumphon
2022-07-23,18.2,31.0,23.4,87,chumphon
2022-07-24,9.1,30.6,24.1,87,chumphon
2022-07-25,5.1,28.7,23.8,88,chumphon
2022-07-26,1.2,30.0,24.3,85,chumphon
2022-07-27,2.1,30.2,25.3,85,chumphon
2022-07-28,4.5,29.8,24.4,88,chumphon
2022-07-29,16.1,31.1,24.3,87,chumphon
2022-07-30,9.3,31.0,24.3,86,chumphon
2022-07-31,4.8,30.9,24.9,83,chumphon
2022-08-01,4.2,29.9,24.7,87,chumphon
2022-08-02,18.8,28.1,24.9,90,chumphon
2022-08-03,19.4,29.7,24.2,88,chumphon
2022-08-04,0.3,29.7,24.2,85,chumphon
2022-08-05,0.0,31.5,25.0,79,chumphon
2022-08-06,3.6,30.9,24.8,82,chumphon
2022-08-07,0.5,29.0,24.4,85,chumphon
2022-08-08,4.9,28.5,25.0,85,chumphon
2022-08-09,0.3,30.3,24.4,82,chumphon
2022-08-10,3.5,29.9,24.8,83,chumphon
2022-08-11,0.4,29.6,24.5,81,chumphon
2022-08-12,2.0,31.5,24.2,80,chumphon
2022-08-13,0.0,32.6,23.9,77,chumphon
2022-08-14,1.0,32.1,23.6,77,chumphon
2022-08-15,0.0,31.9,24.7,77,chumphon
2022-08-16,2.1,30.5,24.7,80,chumphon
2022-08-17,1.4,32.3,24.9,80,chumphon
2022-08-18,0.2,32.9,24.4,78,chumphon
2022-08-19,3.7,32.4,24.8,80,chumphon
2022-08-20,0.4,32.2,25.5,75,chumphon
2022-08-21,1.7,31.3,25.3,80,chumphon
2022-08-22,1.7,29.9,24.9,82,chumphon
2022-08-23,4.9,32.4,24.3,83,chumphon
2022-08-24,2.8,32.5,24.5,82,chumphon
2022-08-25,7.2,31.8,24.6,83,chumphon
2022-08-26,9.8,30.7,24.6,84,chumphon
2022-08-27,7.6,30.5,24.6,86,chumphon
2022-08-28,15.8,30.6,24.3,88,chumphon
2022-08-29,16.2,28.2,23.9,91,chumphon
2022-08-30,1.0,29.9,23.6,84,chumphon
2022-08-31,1.0,30.7,23.7,86,chumphon
2022-09-01,10.1,31.4,24.6,86,chumphon
2022-09-02,11.1,30.7,24.4,85,chumphon
2022-09-03,7.3,30.7,24.7,85,chumphon
2022-09-04,6.9,30.2,24.8,85,chumphon
2022-09-05,16.0,28.3,24.6,90,chumphon
2022-09-06,20.9,26.3,23.8,92,chumphon
2022-09-07,5.4,28.5,24.1,89,chumphon
2022-09-08,5.1,28.0,23.9,89,chumphon
2022-09-09,0.2,31.6,23.4,84,chumphon
2022-09-10,1.6,31.5,24.2,83,chumphon
2022-09-11,0.0,31.9,24.2,77,chumphon
2022-09-12,2.7,29.0,24.6,86,chumphon
2022-09-13,12.4,30.0,23.9,88,chumphon
2022-09-14,2.4,28.9,24.2,84,chumphon
2022-09-15,0.4,30.8,24.0,81,chumphon
2022-09-16,1.5,31.2,24.8,79,chumphon
2022-09-17,0.3,32.0,24.0,77,chumphon
2022-09-18,5.6,30.1,24.4,83,chumphon
2022-09-19,1.2,30.0,24.7,83,chumphon
2022-09-20,1.7,30.4,24.8,83,chumphon
2022-09-21,1.7,31.0,24.6,82,chumphon
2022-09-22,2.1,30.9,25.1,81,chumphon
2022-09-23,4.6,30.7,24.0,83,chumphon
2022-09-24,7.1,30.9,24.2,87,chumphon
2022-09-25,6.0,29.7,24.0,89,chumphon
2022-09-26,8.6,28.6,23.6,88,chumphon
2022-09-27,9.1,29.0,23.8,87,chumphon
2022-09-28,4.1,27.5,24.0,90,chumphon
2022-09-29,7.5,27.0,24.0,90,chumphon
2022-09-30,14.3,29.2,24.0,88,chumphon
2022-10-01,14.6,29.4,23.9,88,chumphon
2022-10-02,6.5,30.2,24.5,88,chumphon
2022-10-03,18.3,27.8,23.7,92,chumphon
2022-10-04,4.4,28.9,24.4,86,chumphon
2022-10-05,11.6,27.5,25.0,88,chumphon
2022-10-06,12.3,27.8,24.2,87,chumphon
2022-10-07,8.5,27.0,24.7,89,chumphon
2022-10-08,9.7,28.2,23.3,90,chumphon
2022-10-09,15.4,27.3,23.7,91,chumphon
2022-10-10,12.5,27.3,23.9,91,chumphon
2022-10-11,0.5,27.7,23.4,88,chumphon
2022-10-12,5.5,29.0,23.2,88,chumphon
2022-10-13,2.6,29.0,22.7,88,chumphon
2022-10-14,5.8,28.7,23.3,90,chumphon
2022-10-15,0.4,30.5,23.4,82,chumphon
2022-10-16,1.7,28.3,23.1,79,chumphon
2022-10-17,44.0,26.7,22.9,90,chumphon
2022-10-18,27.9,26.8,24.2,91,chumphon
2022-10-19,12.9,27.3,22.9,89,chumphon
2022-10-20,53.1,25.9,23.4,94,chumphon
2022-10-21,7.4,28.4,22.6,91,chumphon
2022-10-22,16.8,28.2,24.1,90,chumphon
2022-10-23,7.4,29.4,23.6,89,chumphon
2022-10-24,8.0,30.5,22.9,89,chumphon
2022-10-25,2.0,30.8,24.0,86,chumphon
2022-10-26,1.2,30.6,23.7,85,chumphon
2022-10-27,14.8,27.9,23.9,89,chumphon
2022-10-28,13.4,27.8,24.6,89,chumphon
2022-10-29,11.5,28.3,23.8,86,chumphon
2022-10-30,0.2,29.8,24.1,79,chumphon
2022-10-31,0.7,29.7,22.7,79,chumphon
2022-11-01,0.1,29.8,23.6,78,chumphon
2022-11-02,0.0,29.5,22.6,73,chumphon
2022-11-03,0.0,29.5,20.6,73,chumphon
2022-11-04,0.0,29.9,22.5,69,chumphon
2022-11-05,16.0,25.8,24.2,87,chumphon
2022-11-06,27.7,25.8,24.2,91,chumphon
2022-11-07,21.5,26.7,23.9,90,chumphon
2022-11-08,1.5,29.1,22.8,85,chumphon
2022-11-09,0.0,29.9,22.6,78,chumphon
2022-11-10,0.0,29.7,22.7,77,chumphon
2022-11-11,0.6,29.1,23.1,82,chumphon
2022-11-12,2.4,29.3,24.5,84,chumphon
2022-11-13,7.6,29.4,23.6,88,chumphon
2022-11-14,32.8,26.8,23.9,91,chumphon
2022-11-15,13.4,26.4,24.8,89,chumphon
2022-11-16,19.2,26.2,24.2,90,chumphon
2022-11-17,6.1,27.6,24.3,90,chumphon
2022-11-18,4.9,28.6,22.9,92,chumphon
2022-11-19,0.1,29.0,22.5,89,chumphon
2022-11-20,7.2,28.2,22.7,90,chumphon
2022-11-21,14.1,27.0,23.3,92,chumphon
2022-11-22,3.6,29.1,23.5,89,chumphon
2022-11-23,12.5,29.5,23.6,89,chumphon
2022-11-24,13.3,28.7,23.5,90,chumphon
2022-11-25,9.6,28.5,23.0,90,chumphon
2022-11-26,11.0,28.4,24.0,89,chumphon
2022-11-27,5.9,29.0,23.3,90,chumphon
2022-11-28,0.1,29.1,22.5,87,chumphon
2022-11-29,0.2,29.8,23.7,84,chumphon
2022-11-30,1.0,29.7,24.0,84,chumphon
2022-12-01,1.4,29.4,23.6,86,chumphon
2022-12-02,5.7,29.8,24.5,83,chumphon
2022-12-03,21.7,26.9,24.0,87,chumphon
2022-12-04,15.1,28.4,24.0,85,chumphon
2022-12-05,28.2,26.3,24.3,90,chumphon
2022-12-06,13.4,27.4,24.1,87,chumphon
2022-12-07,4.7,28.0,24.1,83,chumphon
2022-12-08,15.5,27.0,24.2,89,chumphon
2022-12-09,2.5,28.1,22.8,88,chumphon
2022-12-10,0.4,29.3,23.5,86,chumphon
2022-12-11,0.6,30.1,22.7,80,chumphon
2022-12-12,0.0,29.5,23.3,78,chumphon
2022-12-13,1.0,28.5,25.3,76,chumphon
2022-12-14,0.0,27.6,24.9,71,chumphon
2022-12-15,0.5,27.8,23.3,73,chumphon
2022-12-16,0.8,28.8,24.2,77,chumphon
2022-12-17,0.8,28.7,23.8,79,chumphon
2022-12-18,2.3,25.7,24.0,73,chumphon
2022-12-19,0.0,25.5,23.6,70,chumphon
2022-12-20,0.1,26.6,23.1,73,chumphon
2022-12-21,0.0,28.1,22.1,72,chumphon
2022-12-22,0.0,28.6,21.5,79,chumphon
2022-12-23,0.0,28.6,21.6,80,chumphon
2022-12-24,0.5,28.8,24.9,72,chumphon
2022-12-25,0.0,29.1,23.8,64,chumphon
2022-12-26,0.0,29.3,21.9,70,chumphon
2022-12-27,0.0,29.0,21.0,69,chumphon
2022-12-28,0.0,28.7,21.1,72,chumphon
2022-12-29,0.0,28.6,19.9,75,chumphon
2022-12-30,0.2,28.4,19.9,77,chumphon
2022-12-31,0.2,28.3,21.9,75,chumphon
2023-01-01,0.0,28.4,22.3,69,chumphon
2023-01-02,0.0,28.7,22.5,68,chumphon
2023-01-03,0.3,28.6,23.9,74,chumphon
2023-01-04,0.0,29.6,25.2,68,chumphon
2023-01-05,0.0,29.4,25.2,67,chumphon
2023-01-06,0.0,29.7,25.1,69,chumphon
2023-01-07,0.0,28.2,24.9,66,chumphon
2023-01-08,0.0,28.2,23.8,65,chumphon
2023-01-09,0.0,29.4,24.2,67,chumphon
2023-01-10,1.1,30.0,22.7,75,chumphon
2023-01-11,2.2,28.8,23.6,87,chumphon
2023-01-12,0.2,28.8,23.0,85,chumphon
2023-01-13,1.2,29.5,22.9,86,chumphon
2023-01-14,0.3,31.7,22.8,77,chumphon
2023-01-15,0.0,32.5,22.8,74,chumphon
2023-01-16,0.0,31.9,21.4,69,chumphon
2023-01-17,0.0,31.3,20.0,67,chumphon
2023-01-18,0.5,29.9,22.2,75,chumphon
2023-01-19,0.1,30.2,23.8,72,chumphon
2023-01-20,0.3,30.4,23.5,69,chumphon
2023-01-21,0.0,30.4,24.9,66,chumphon
2023-01-22,0.0,30.9,23.5,63,chumphon
2023-01-23,0.0,31.7,22.5,60,chumphon
2023-01-24,0.0,31.0,23.0,71,chumphon
2023-01-25,3.4,26.8,23.8,77,chumphon
2023-01-26,0.0,28.3,23.9,68,chumphon
2023-01-27,0.0,29.6,21.6,73,chumphon
2023-01-28,0.0,28.5,23.0,73,chumphon
2023-01-29,0.0,27.7,24.7,65,chumphon
2023-01-30,0.0,26.8,24.0,64,chumphon
2023-01-31,0.0,28.7,23.1,64,chumphon
2023-02-01,0.0,29.5,21.9,75,chumphon
2023-02-02,0.0,30.7,21.9,77,chumphon
2023-02-03,12.7,29.0,24.7,81,chumphon
2023-02-04,6.4,27.3,24.6,84,chumphon
2023-02-05,0.2,29.4,24.7,79,chumphon
2023-02-06,0.0,30.1,22.9,80,chumphon
2023-02-07,0.0,30.4,23.0,80,chumphon
2023-02-08,0.0,30.7,23.2,78,chumphon
2023-02-09,1.4,29.0,24.7,80,chumphon
2023-02-10,2.0,30.0,24.6,80,chumphon
2023-02-11,0.0,30.4,23.9,78,chumphon
2023-02-12,0.0,31.1,23.1,77,chumphon
2023-02-13,0.0,31.9,22.7,77,chumphon
2023-02-14,0.0,31.5,24.1,75,chumphon
2023-02-15,3.8,30.8,24.1,79,chumphon
2023-02-16,17.2,26.9,24.3,82,chumphon
2023-02-17,2.3,29.4,24.7,77,chumphon
2023-02-18,0.8,29.1,24.3,76,chumphon
2023-02-19,0.0,29.9,22.1,81,chumphon
2023-02-20,0.5,29.3,22.2,84,chumphon
2023-02-21,0.6,28.5,22.9,83,chumphon
2023-02-22,0.0,29.9,23.0,78,chumphon
2023-02-23,0.1,29.9,24.3,78,chumphon
2023-02-24,0.0,30.7,21.7,77,chumphon
2023-02-25,1.1,29.7,21.8,80,chumphon
2023-02-26,1.5,29.0,25.7,70,chumphon
2023-02-27,0.0,29.1,24.4,68,chumphon
2023-02-28,0.0,31.0,23.0,65,chumphon
2023-03-01,0.0,32.3,22.1,64,chumphon
2023-03-02,0.2,30.6,24.3,77,chumphon
2023-03-03,5.4,29.4,23.6,86,chumphon
2023-03-04,0.6,29.6,23.0,80,chumphon
2023-03-05,0.6,29.7,22.7,76,chumphon
2023-03-06,0.5,29.4,22.9,74,chumphon
2023-03-07,0.4,30.0,22.3,74,chumphon
2023-03-08,0.7,30.0,24.3,76,chumphon
2023-03-09,0.0,30.3,24.0,76,chumphon
2023-03-10,0.4,30.4,25.7,73,chumphon
2023-03-11,0.1,30.9,24.6,74,chumphon
2023-03-12,0.0,31.1,25.0,73,chumphon
2023-03-13,4.6,29.9,25.4,75,chumphon
2023-03-14,1.3,29.3,23.6,78,chumphon
2023-03-15,1.4,29.7,24.8,75,chumphon
2023-03-16,0.0,30.2,25.0,72,chumphon
2023-03-17,0.0,30.5,25.2,73,chumphon
2023-03-18,0.1,30.6,25.6,72,chumphon
2023-03-19,0.4,31.1,26.1,72,chumphon
2023-03-20,0.1,31.2,23.5,77,chumphon
2023-03-21,0.0,31.4,24.4,77,chumphon
2023-03-22,0.0,32.7,23.4,74,chumphon
2023-03-23,0.0,32.8,24.9,72,chumphon
2023-03-24,0.0,33.7,24.9,73,chumphon
2023-03-25,0.0,33.9,24.7,74,chumphon
2023-03-26,0.0,33.3,24.8,73,chumphon
2023-03-27,0.0,32.7,25.4,72,chumphon
2023-03-28,0.0,32.0,25.7,72,chumphon
2023-03-29,0.0,32.6,24.7,74,chumphon
2023-03-30,1.8,33.0,25.1,73,chumphon
2023-03-31,9.5,33.1,25.1,76,chumphon
2023-04-01,0.0,32.1,25.2,78,chumphon
2023-04-02,0.6,33.0,24.9,72,chumphon
2023-04-03,0.3,35.6,24.8,68,chumphon
2023-04-04,0.0,36.4,25.8,61,chumphon
2023-04-05,0.9,35.8,26.1,61,chumphon
2023-04-06,0.0,34.2,25.4,67,chumphon
2023-04-07,0.6,35.4,26.2,64,chumphon
2023-04-08,0.0,33.9,25.7,71,chumphon
2023-04-09,1.3,33.0,26.8,72,chumphon
2023-04-10,0.0,34.0,25.6,70,chumphon
2023-04-11,2.6,34.7,25.9,71,chumphon
2023-04-12,1.0,35.7,26.7,72,chumphon
2023-04-13,4.4,36.2,26.9,68,chumphon
2023-04-14,0.1,37.8,26.0,65,chumphon
2023-04-15,0.6,37.4,26.3,64,chumphon
2023-04-16,0.5,34.1,26.9,65,chumphon
2023-04-17,7.5,35.5,27.3,65,chumphon
2023-04-18,0.8,35.1,27.2,67,chumphon
2023-04-19,0.5,36.8,26.6,64,chumphon
2023-04-20,0.4,37.0,27.6,67,chumphon
2023-04-21,0.0,36.2,26.9,67,chumphon
2023-04-22,0.8,35.2,26.8,70,chumphon
2023-04-23,0.5,33.6,26.4,72,chumphon
2023-04-24,0.6,33.3,26.5,72,chumphon
2023-04-25,0.1,34.7,26.4,68,chumphon
2023-04-26,1.8,32.0,26.9,74,chumphon
2023-04-27,1.2,32.2,28.3,73,chumphon
2023-04-28,1.2,32.8,26.8,76,chumphon
2023-04-29,0.9,33.1,25.9,78,chumphon
2023-04-30,3.4,33.6,26.3,78,chumphon
2023-05-01,2.0,31.0,26.7,80,chumphon
2023-05-02,9.0,31.0,27.0,80,chumphon
2023-05-03,0.9,31.2,26.1,81,chumphon
2023-05-04,1.8,31.5,26.7,80,chumphon
2023-05-05,0.5,35.9,26.2,71,chumphon
2023-05-06,1.1,36.1,27.1,68,chumphon
2023-05-07,0.4,35.7,27.4,68,chumphon
2023-05-08,1.9,35.2,26.9,72,chumphon
2023-05-09,6.0,34.3,25.9,72,chumphon
2023-05-10,12.9,32.4,25.3,82,chumphon
2023-05-11,0.5,32.6,25.4,81,chumphon
2023-05-12,0.0,35.8,24.3,66,chumphon
2023-05-13,0.6,33.1,25.2,72,chumphon
2023-05-14,5.6,35.0,26.3,72,chumphon
2023-05-15,1.1,35.7,26.2,68,chumphon
2023-05-16,6.6,34.3,26.5,76,chumphon
2023-05-17,1.5,34.6,25.7,73,chumphon
2023-05-18,0.0,35.1,26.6,67,chumphon
2023-05-19,0.0,36.2,26.8,65,chumphon
2023-05-20,1.7,34.5,26.4,69,chumphon
2023-05-21,13.9,34.0,26.5,79,chumphon
2023-05-22,0.7,34.2,25.8,78,chumphon
2023-05-23,0.3,32.6,25.9,78,chumphon
2023-05-24,0.0,35.1,25.4,70,chumphon
2023-05-25,1.1,34.7,25.4,73,chumphon
2023-05-26,0.2,35.3,25.4,70,chumphon
2023-05-27,0.2,33.8,26.0,72,chumphon
2023-05-28,2.9,32.9,25.9,77,chumphon
2023-05-29,3.8,32.2,25.2,77,chumphon
2023-05-30,5.2,31.9,25.3,78,chumphon
2023-05-31,14.8,32.8,25.3,80,chumphon
2023-06-01,2.1,32.5,26.2,76,chumphon
2023-06-02,1.2,33.0,25.7,74,chumphon
2023-06-03,5.3,32.7,25.7,77,chumphon
2023-06-04,2.0,32.5,25.8,76,chumphon
2023-06-05,7.6,30.0,25.5,82,chumphon
2023-06-06,0.7,30.4,25.1,83,chumphon
2023-06-07,14.7,27.5,25.4,90,chumphon
2023-06-08,12.1,27.9,24.5,91,chumphon
2023-06-09,0.2,30.1,24.7,84,chumphon
2023-06-10,3.7,30.6,25.7,81,chumphon
2023-06-11,2.9,29.2,25.6,84,chumphon
2023-06-12,3.4,31.2,25.1,84,chumphon
2023-06-13,0.6,32.3,24.5,81,chumphon
2023-06-14,1.9,32.4,25.6,78,chumphon
2023-06-15,0.2,32.9,25.9,77,chumphon
2023-06-16,0.3,33.6,25.2,76,chumphon
2023-06-17,2.3,32.3,25.5,78,chumphon
2023-06-18,8.7,28.9,24.7,86,chumphon
2023-06-19,3.5,31.7,24.3,82,chumphon
2023-06-20,0.5,33.7,25.1,77,chumphon
2023-06-21,0.1,34.2,24.7,75,chumphon
2023-06-22,0.0,35.3,24.7,70,chumphon
2023-06-23,0.6,34.7,25.2,71,chumphon
2023-06-24,1.6,34.3,26.0,70,chumphon
2023-06-25,0.4,33.9,25.7,71,chumphon
2023-06-26,0.0,34.6,25.6,66,chumphon
2023-06-27,0.2,34.2,25.9,70,chumphon
2023-06-28,4.8,34.7,25.4,75,chumphon
2023-06-29,5.4,34.7,25.4,76,chumphon
2023-06-30,1.7,33.7,25.4,74,chumphon
2023-07-01,2.7,31.1,25.7,80,chumphon
2023-07-02,0.8,32.2,25.5,76,chumphon
2023-07-03,0.2,32.5,25.4,76,chumphon
2023-07-04,0.0,34.5,24.3,71,chumphon
2023-07-05,0.9,34.3,22.7,72,chumphon
2023-07-06,3.1,33.7,24.9,73,chumphon
2023-07-07,7.6,35.2,25.5,76,chumphon
2023-07-08,16.3,34.0,25.1,83,chumphon
2023-07-09,1.1,30.2,24.9,83,chumphon
2023-07-10,19.2,31.1,24.6,85,chumphon
2023-07-11,5.3,32.1,24.5,82,chumphon
2023-07-12,0.0,34.1,24.4,77,chumphon
2023-07-13,0.0,33.9,25.0,73,chumphon
2023-07-14,0.5,33.0,25.8,75,chumphon
2023-07-15,3.2,32.1,25.9,76,chumphon
2023-07-16,12.4,29.9,24.5,84,chumphon
2023-07-17,26.1,27.6,24.4,90,chumphon
2023-07-18,18.8,27.5,24.0,91,chumphon
2023-07-19,3.7,29.2,24.0,87,chumphon
2023-07-20,0.8,29.9,24.9,83,chumphon
2023-07-21,16.7,27.4,24.4,90,chumphon
2023-07-22,2.5,28.8,23.8,89,chumphon
2023-07-23,15.0,26.8,24.3,91,chumphon
2023-07-24,1.0,30.5,23.9,84,chumphon
2023-07-25,6.7,28.9,24.2,87,chumphon
2023-07-26,8.8,29.2,25.3,86,chumphon
2023-07-27,6.1,31.0,25.1,85,chumphon
2023-07-28,2.6,30.3,25.1,84,chumphon
2023-07-29,0.8,31.0,26.3,82,chumphon
2023-07-30,2.1,31.2,25.5,80,chumphon
2023-07-31,0.3,32.6,25.6,78,chumphon
2023-08-01,1.6,33.1,25.6,78,chumphon
2023-08-02,1.5,31.5,25.5,80,chumphon
2023-08-03,1.1,32.2,25.4,79,chumphon
2023-08-04,0.0,32.2,25.2,77,chumphon
2023-08-05,0.1,32.5,24.7,77,chumphon
2023-08-06,2.2,31.0,25.5,79,chumphon
2023-08-07,0.2,32.4,25.5,77,chumphon
2023-08-08,6.8,31.7,25.1,80,chumphon
2023-08-09,1.6,31.6,25.2,79,chumphon
2023-08-10,6.2,32.1,25.2,78,chumphon
2023-08-11,3.5,31.6,25.1,79,chumphon
2023-08-12,6.7,30.6,25.5,83,chumphon
2023-08-13,7.4,31.6,24.2,84,chumphon
2023-08-14,3.4,30.8,25.2,83,chumphon
2023-08-15,4.1,30.1,24.9,83,chumphon
2023-08-16,2.4,29.3,24.4,85,chumphon
2023-08-17,0.9,32.6,23.8,80,chumphon
2023-08-18,1.3,32.6,25.0,79,chumphon
2023-08-19,3.5,32.5,24.9,80,chumphon
2023-08-20,2.2,30.7,25.3,81,chumphon
2023-08-21,8.6,31.5,24.9,84,chumphon
2023-08-22,0.1,33.3,24.6,78,chumphon
2023-08-23,0.1,33.0,24.6,76,chumphon
2023-08-24,0.3,32.9,25.0,75,chumphon
2023-08-25,4.0,33.6,24.5,77,chumphon
2023-08-26,1.8,33.3,24.7,76,chumphon
2023-08-27,1.0,33.5,25.5,73,chumphon
2023-08-28,1.1,33.4,25.2,73,chumphon
2023-08-29,1.7,32.8,25.5,74,chumphon
2023-08-30,2.6,32.6,25.7,77,chumphon
2023-08-31,5.0,31.2,25.1,81,chumphon
2023-09-01,11.8,30.4,24.9,83,chumphon
2023-09-02,38.7,27.0,24.7,92,chumphon
2023-09-03,12.9,29.2,24.7,88,chumphon
2023-09-04,20.1,27.6,24.5,91,chumphon
2023-09-05,1.2,30.3,24.9,82,chumphon
2023-09-06,2.8,32.1,24.6,83,chumphon
2023-09-07,3.8,31.7,24.9,85,chumphon
2023-09-08,1.4,30.7,25.3,83,chumphon
2023-09-09,1.7,30.6,24.4,85,chumphon
2023-09-10,4.0,30.3,24.4,86,chumphon
2023-09-11,1.9,30.4,24.3,84,chumphon
2023-09-12,2.7,30.4,24.2,87,chumphon
2023-09-13,4.7,31.4,24.3,86,chumphon
2023-09-14,15.6,29.4,24.3,88,chumphon
2023-09-15,4.5,30.4,24.5,86,chumphon
2023-09-16,6.3,29.2,24.0,89,chumphon
2023-09-17,3.4,30.8,24.0,86,chumphon
2023-09-18,12.5,30.5,23.5,88,chumphon
2023-09-19,10.7,31.0,24.2,89,chumphon
2023-09-20,6.6,33.0,24.2,84,chumphon
2023-09-21,8.0,31.4,24.6,87,chumphon
2023-09-22,8.0,30.8,24.4,88,chumphon
2023-09-23,9.8,31.4,23.2,86,chumphon
2023-09-24,8.1,30.9,24.3,87,chumphon
2023-09-25,4.8,30.3,24.9,84,chumphon
2023-09-26,4.8,30.6,25.1,83,chumphon
2023-09-27,40.7,25.7,24.4,93,chumphon
2023-09-28,21.5,28.8,24.3,87,chumphon
2023-09-29,0.5,31.2,24.4,80,chumphon
2023-09-30,0.8,31.4,23.5,82,chumphon
2023-10-01,3.5,31.9,24.9,81,chumphon
2023-10-02,9.2,30.7,24.9,86,chumphon
2023-10-03,9.0,28.4,24.8,89,chumphon
2023-10-04,12.1,27.2,24.4,91,chumphon
2023-10-05,6.2,30.1,24.2,86,chumphon
2023-10-06,1.2,30.4,24.7,86,chumphon
2023-10-07,10.9,31.0,24.6,89,chumphon
2023-10-08,5.6,29.4,24.0,90,chumphon
2023-10-09,1.6,31.3,25.0,84,chumphon
2023-10-10,14.9,32.1,24.3,86,chumphon
2023-10-11,1.1,30.3,23.9,88,chumphon
2023-10-12,17.4,29.9,24.1,89,chumphon
2023-10-13,1.6,30.3,24.1,90,chumphon
2023-10-14,10.1,32.0,23.8,86,chumphon
2023-10-15,8.9,31.9,24.3,87,chumphon
2023-10-16,29.4,31.2,24.2,89,chumphon
2023-10-17,12.7,29.1,23.9,92,chumphon
2023-10-18,6.2,31.4,23.6,89,chumphon
2023-10-19,11.1,30.7,24.1,88,chumphon
2023-10-20,2.5,32.3,24.7,85,chumphon
2023-10-21,13.3,29.8,24.2,89,chumphon
2023-10-22,14.7,29.8,23.7,87,chumphon
2023-10-23,2.1,29.2,23.8,88,chumphon
2023-10-24,5.4,30.6,23.8,87,chumphon
2023-10-25,5.1,29.0,23.7,89,chumphon
2023-10-26,12.0,30.5,23.7,92,chumphon
2023-10-27,1.4,30.5,23.4,89,chumphon
2023-10-28,6.9,31.7,23.9,86,chumphon
2023-10-29,11.0,30.4,23.4,88,chumphon
2023-10-30,16.8,29.9,24.1,88,chumphon
2023-10-31,6.0,27.6,24.6,89,chumphon
2023-11-01,17.7,27.8,24.0,90,chumphon
2023-11-02,3.8,27.9,24.6,89,chumphon
2023-11-03,7.0,30.6,23.9,89,chumphon
2023-11-04,9.6,30.3,24.1,90,chumphon
2023-11-05,1.5,29.8,23.4,89,chumphon
2023-11-06,3.7,30.6,24.9,86,chumphon
2023-11-07,2.5,30.4,24.2,87,chumphon
2023-11-08,1.2,30.7,24.0,87,chumphon
2023-11-09,11.0,28.8,24.1,91,chumphon
2023-11-10,7.9,30.0,23.5,89,chumphon
2023-11-11,10.5,29.0,24.1,90,chumphon
2023-11-12,38.2,27.3,24.0,92,chumphon
2023-11-13,27.1,27.5,24.8,90,chumphon
2023-11-14,18.1,29.8,24.9,89,chumphon
2023-11-15,5.5,28.5,24.2,88,chumphon
2023-11-16,17.7,29.3,24.7,88,chumphon
2023-11-17,38.1,27.5,24.6,87,chumphon
2023-11-18,2.7,28.2,25.2,78,chumphon
2023-11-19,0.0,28.5,23.8,75,chumphon
2023-11-20,0.0,28.1,22.5,76,chumphon
2023-11-21,0.0,28.7,21.6,77,chumphon
2023-11-22,0.0,29.9,20.7,78,chumphon
2023-11-23,0.2,29.4,22.3,81,chumphon
2023-11-24,1.6,30.0,24.0,80,chumphon
2023-11-25,0.6,29.7,25.0,78,chumphon
2023-11-26,0.5,29.6,25.3,76,chumphon
2023-11-27,19.8,27.8,24.1,87,chumphon
2023-11-28,1.0,28.8,26.1,77,chumphon
2023-11-29,5.8,28.5,23.8,82,chumphon
2023-11-30,1.6,29.0,25.4,83,chumphon
2023-12-01,29.3,28.5,23.3,87,chumphon
2023-12-02,5.4,29.1,24.3,88,chumphon
2023-12-03,20.2,28.4,23.8,89,chumphon
2023-12-04,6.4,28.1,24.2,88,chumphon
2023-12-05,15.3,28.8,24.7,87,chumphon
2023-12-06,4.8,29.7,23.9,89,chumphon
2023-12-07,2.0,29.7,22.8,89,chumphon
2023-12-08,3.2,28.9,24.4,88,chumphon
2023-12-09,0.5,29.8,23.3,88,chumphon
2023-12-10,0.0,30.1,22.8,87,chumphon
2023-12-11,0.0,30.1,22.7,87,chumphon
2023-12-12,1.1,30.3,23.9,86,chumphon
2023-12-13,1.1,30.0,24.8,83,chumphon
2023-12-14,1.3,30.9,24.4,81,chumphon
2023-12-15,1.0,30.6,25.3,84,chumphon
2023-12-16,2.1,30.0,23.6,85,chumphon
2023-12-17,3.8,29.2,24.5,85,chumphon
2023-12-18,0.9,29.9,23.9,83,chumphon
2023-12-19,0.0,30.7,24.1,79,chumphon
2023-12-20,0.1,31.0,24.0,79,chumphon
2023-12-21,1.0,30.0,24.4,78,chumphon
2023-12-22,0.0,28.0,25.2,70,chumphon
2023-12-23,0.0,27.6,24.5,67,chumphon
2023-12-24,0.0,27.8,24.7,68,chumphon
2023-12-25,0.0,27.9,24.7,69,chumphon
2023-12-26,0.0,27.7,24.3,69,chumphon
2023-12-27,0.0,29.3,24.7,71,chumphon
2023-12-28,0.0,30.3,24.1,71,chumphon
2023-12-29,0.0,30.9,24.5,68,chumphon
2023-12-30,0.0,31.9,24.0,71,chumphon
2023-12-31,0.0,31.8,22.9,78,chumphon
2024-01-01,1.9,30.6,23.3,83,chumphon
2024-01-02,1.9,30.5,23.1,83,chumphon
2024-01-03,0.1,31.1,23.7,79,chumphon
2024-01-04,0.3,31.2,23.6,77,chumphon
2024-01-05,0.6,30.6,25.0,75,chumphon
2024-01-06,0.1,30.9,24.4,76,chumphon
2024-01-07,0.0,31.6,23.4,75,chumphon
2024-01-08,0.0,31.2,24.1,75,chumphon
2024-01-09,0.0,31.8,22.9,78,chumphon
2024-01-10,0.0,33.0,22.1,75,chumphon
2024-01-11,1.2,31.2,24.8,80,chumphon
2024-01-12,0.3,31.7,23.7,78,chumphon
2024-01-13,3.1,30.5,23.6,79,chumphon
2024-01-14,1.8,29.8,25.0,78,chumphon
2024-01-15,0.8,30.8,25.1,74,chumphon
2024-01-16,0.0,31.2,23.6,72,chumphon
2024-01-17,0.2,30.7,24.5,75,chumphon
2024-01-18,0.2,31.4,22.9,76,chumphon
2024-01-19,0.0,32.4,21.6,77,chumphon
2024-01-20,0.0,32.4,22.1,77,chumphon
2024-01-21,0.0,32.4,21.9,75,chumphon
2024-01-22,0.5,32.0,22.8,77,chumphon
2024-01-23,9.6,29.6,24.4,83,chumphon
2024-01-24,14.1,28.4,24.1,84,chumphon
2024-01-25,8.1,28.9,25.0,82,chumphon
2024-01-26,3.5,28.0,24.3,83,chumphon
2024-01-27,2.4,28.8,25.2,81,chumphon
2024-01-28,3.3,29.6,22.9,83,chumphon
2024-01-29,1.9,28.5,23.5,82,chumphon
2024-01-30,1.3,29.0,25.3,79,chumphon
2024-01-31,0.3,29.6,25.0,80,chumphon
2024-02-01,1.2,30.0,24.8,82,chumphon
2024-02-02,0.0,29.9,22.5,85,chumphon
2024-02-03,0.1,30.4,22.6,85,chumphon
2024-02-04,0.1,31.1,22.6,85,chumphon
2024-02-05,0.0,32.4,21.8,83,chumphon
2024-02-06,0.0,32.9,22.4,82,chumphon
2024-02-07,0.0,32.6,21.9,81,chumphon
2024-02-08,0.0,33.4,23.3,79,chumphon
2024-02-09,0.0,31.7,22.7,80,chumphon
2024-02-10,2.7,30.5,26.5,74,chumphon
2024-02-11,8.8,29.1,24.4,78,chumphon
2024-02-12,0.4,31.0,24.3,75,chumphon
2024-02-13,0.0,31.4,24.0,73,chumphon
2024-02-14,0.1,31.1,22.9,76,chumphon
2024-02-15,3.7,30.9,23.4,81,chumphon
2024-02-16,0.0,30.8,24.2,79,chumphon
2024-02-17,0.3,30.7,25.1,76,chumphon
2024-02-18,0.4,30.8,24.1,74,chumphon
2024-02-19,0.0,32.4,25.0,71,chumphon
2024-02-20,0.7,32.5,24.2,76,chumphon
2024-02-21,1.0,31.8,24.4,78,chumphon
2024-02-22,0.0,32.4,25.6,76,chumphon
2024-02-23,0.0,32.6,25.6,72,chumphon
2024-02-24,0.0,31.9,24.6,73,chumphon
2024-02-25,0.9,31.9,25.6,72,chumphon
2024-02-26,1.2,31.2,26.4,74,chumphon
2024-02-27,1.0,31.0,25.1,74,chumphon
2024-02-28,5.2,29.4,25.2,78,chumphon
2024-02-29,1.1,30.8,25.5,78,chumphon
2024-03-01,0.2,31.3,23.7,78,chumphon
2024-03-02,0.4,31.3,24.9,76,chumphon
2024-03-03,0.6,31.4,25.8,78,chumphon
2024-03-04,0.9,31.5,25.9,78,chumphon
2024-03-05,1.4,33.3,24.1,78,chumphon
2024-03-06,0.0,34.8,24.6,73,chumphon
2024-03-07,0.0,35.3,24.0,72,chumphon
2024-03-08,0.4,32.7,23.9,77,chumphon
2024-03-09,0.3,32.9,27.4,72,chumphon
2024-03-10,0.2,32.6,27.0,70,chumphon
2024-03-11,0.3,32.3,26.6,71,chumphon
2024-03-12,0.1,33.0,25.0,69,chumphon
2024-03-13,0.3,33.5,24.4,70,chumphon
2024-03-14,4.6,34.2,24.6,73,chumphon
2024-03-15,0.0,32.9,24.5,76,chumphon
2024-03-16,0.1,32.6,25.9,75,chumphon
2024-03-17,0.0,32.6,23.4,74,chumphon
2024-03-18,0.0,33.0,23.7,74,chumphon
2024-03-19,0.2,32.8,25.6,70,chumphon
2024-03-20,0.6,31.8,25.6,67,chumphon
2024-03-21,4.3,29.9,27.6,71,chumphon
2024-03-22,0.1,32.8,26.4,69,chumphon
2024-03-23,0.1,33.1,24.9,73,chumphon
2024-03-24,0.0,33.3,25.0,73,chumphon
2024-03-25,0.1,33.2,26.8,72,chumphon
2024-03-26,0.0,33.0,27.0,69,chumphon
2024-03-27,0.1,33.1,27.3,70,chumphon
2024-03-28,0.3,33.6,25.7,75,chumphon
2024-03-29,2.0,33.5,27.9,72,chumphon
2024-03-30,0.6,33.4,27.1,74,chumphon
2024-03-31,2.0,33.4,26.1,77,chumphon
2024-04-01,0.0,36.4,25.6,67,chumphon
2024-04-02,0.0,36.3,25.4,64,chumphon
2024-04-03,0.1,36.5,25.5,69,chumphon
2024-04-04,0.0,37.2,26.0,67,chumphon
2024-04-05,0.1,36.3,26.3,70,chumphon
2024-04-06,0.2,34.5,26.4,67,chumphon
2024-04-07,0.2,35.0,27.6,70,chumphon
2024-04-08,0.0,35.0,25.6,69,chumphon
2024-04-09,0.0,36.1,26.1,69,chumphon
2024-04-10,0.2,34.9,26.4,71,chumphon
2024-04-11,3.5,32.5,28.3,71,chumphon
2024-04-12,0.9,33.3,27.1,74,chumphon
2024-04-13,0.0,33.8,25.6,75,chumphon
2024-04-14,0.0,34.5,25.8,72,chumphon
2024-04-15,0.1,34.4,27.5,70,chumphon
2024-04-16,0.2,34.2,25.4,71,chumphon
2024-04-17,0.0,34.9,24.3,68,chumphon
2024-04-18,0.0,35.4,26.2,64,chumphon
2024-04-19,1.5,36.3,26.8,62,chumphon
2024-04-20,3.9,37.4,27.6,65,chumphon
2024-04-21,0.8,36.7,27.4,67,chumphon
2024-04-22,0.3,37.0,27.8,68,chumphon
2024-04-23,0.7,35.6,28.1,69,chumphon
2024-04-24,0.5,34.7,27.7,71,chumphon
2024-04-25,0.0,35.0,26.7,70,chumphon
2024-04-26,0.0,36.0,26.6,67,chumphon
2024-04-27,0.0,36.7,27.1,68,chumphon
2024-04-28,0.5,36.4,27.6,68,chumphon
2024-04-29,0.0,36.2,27.6,67,chumphon
2024-04-30,0.3,38.1,27.7,61,chumphon
2024-05-01,0.1,39.4,27.2,60,chumphon
2024-05-02,0.0,37.6,27.3,64,chumphon
2024-05-03,0.8,37.3,28.1,60,chumphon
2024-05-04,0.1,38.8,27.8,57,chumphon
2024-05-05,0.8,38.1,28.5,63,chumphon
2024-05-06,4.4,36.0,27.7,73,chumphon
2024-05-07,3.6,33.0,26.4,79,chumphon
2024-05-08,0.0,32.8,25.8,81,chumphon
2024-05-09,23.2,32.9,26.5,83,chumphon
2024-05-10,23.0,30.0,25.8,88,chumphon
2024-05-11,4.9,31.4,26.3,84,chumphon
2024-05-12,0.5,32.7,28.2,78,chumphon
2024-05-13,10.6,33.2,26.2,85,chumphon
2024-05-14,0.5,33.0,25.8,83,chumphon
2024-05-15,3.9,33.7,26.9,79,chumphon
2024-05-16,14.8,32.4,26.5,82,chumphon
2024-05-17,12.8,31.0,25.7,86,chumphon
2024-05-18,1.7,32.5,26.3,85,chumphon
2024-05-19,5.5,32.6,25.4,85,chumphon
2024-05-20,13.5,33.3,25.9,84,chumphon
2024-05-21,14.1,32.6,26.3,85,chumphon
2024-05-22,16.5,31.6,25.6,86,chumphon
2024-05-23,9.4,31.2,25.0,87,chumphon
2024-05-24,0.1,32.1,26.4,81,chumphon
2024-05-25,0.2,33.0,27.2,81,chumphon
2024-05-26,0.0,32.9,26.5,83,chumphon
2024-05-27,0.7,34.1,25.7,80,chumphon
2024-05-28,0.1,35.4,25.3,73,chumphon
2024-05-29,0.4,35.9,26.9,72,chumphon
2024-05-30,2.3,35.0,27.2,75,chumphon
2024-05-31,2.7,31.2,25.9,83,chumphon
2024-06-01,2.6,31.2,25.5,84,chumphon
2024-06-02,0.4,31.7,25.7,81,chumphon
2024-06-03,0.4,34.3,25.1,75,chumphon
2024-06-04,1.3,34.7,25.3,76,chumphon
2024-06-05,0.1,34.5,26.6,70,chumphon
2024-06-06,0.0,34.9,25.5,69,chumphon
2024-06-07,0.0,35.3,25.4,68,chumphon
2024-06-08,0.3,35.2,25.8,67,chumphon
2024-06-09,6.4,31.6,25.6,76,chumphon
2024-06-10,2.8,29.7,25.3,83,chumphon
2024-06-11,2.7,29.3,24.8,86,chumphon
2024-06-12,0.5,32.9,24.7,78,chumphon
2024-06-13,0.2,34.0,25.6,74,chumphon
2024-06-14,0.3,33.6,26.0,74,chumphon
2024-06-15,0.5,34.8,26.0,74,chumphon
2024-06-16,8.8,34.2,26.2,76,chumphon
2024-06-17,4.7,33.4,26.1,76,chumphon
2024-06-18,1.7,33.7,26.2,73,chumphon
2024-06-19,3.1,32.1,25.0,76,chumphon
2024-06-20,0.7,33.7,25.9,71,chumphon
2024-06-21,5.3,32.6,25.9,77,chumphon
2024-06-22,11.2,29.7,25.3,83,chumphon
2024-06-23,21.1,27.0,24.7,92,chumphon
2024-06-24,21.6,28.7,24.4,90,chumphon
2024-06-25,13.8,28.7,24.5,92,chumphon
2024-06-26,1.9,29.9,23.7,88,chumphon
2024-06-27,13.7,30.5,25.6,87,chumphon
2024-06-28,9.0,32.9,24.7,84,chumphon
2024-06-29,11.8,31.6,24.3,87,chumphon
2024-06-30,14.6,30.6,24.8,86,chumphon
2024-07-01,5.7,32.1,25.1,83,chumphon
2024-07-02,3.8,31.5,25.2,82,chumphon
2024-07-03,0.2,31.6,25.0,81,chumphon
2024-07-04,6.9,29.1,24.9,88,chumphon
2024-07-05,1.4,29.6,24.6,84,chumphon
2024-07-06,1.0,32.1,24.1,79,chumphon
2024-07-07,9.3,30.6,25.2,83,chumphon
2024-07-08,4.3,30.4,25.1,85,chumphon
2024-07-09,15.7,31.2,24.4,88,chumphon
2024-07-10,15.6,30.2,24.4,88,chumphon
2024-07-11,2.4,29.2,24.7,87,chumphon
2024-07-12,7.8,28.8,24.7,87,chumphon
2024-07-13,4.5,28.4,24.7,87,chumphon
2024-07-14,6.2,28.6,24.6,89,chumphon
2024-07-15,6.7,29.5,25.0,89,chumphon
2024-07-16,19.4,27.5,24.6,92,chumphon
2024-07-17,40.1,27.6,24.2,91,chumphon
2024-07-18,2.7,30.7,24.9,87,chumphon
2024-07-19,2.2,30.3,25.0,85,chumphon
2024-07-20,4.5,30.6,24.9,88,chumphon
2024-07-21,1.5,30.7,25.8,84,chumphon
2024-07-22,0.1,32.3,25.5,80,chumphon
2024-07-23,6.3,32.3,25.6,83,chumphon
2024-07-24,2.3,29.0,25.1,87,chumphon
2024-07-25,0.6,32.0,24.9,82,chumphon
2024-07-26,2.1,31.3,25.1,83,chumphon
2024-07-27,10.1,30.8,25.5,87,chumphon
2024-07-28,8.9,29.8,24.7,91,chumphon
2024-07-29,20.6,30.0,25.0,90,chumphon
2024-07-30,5.5,30.2,24.8,87,chumphon
2024-07-31,2.6,31.5,24.7,86,chumphon
2024-08-01,16.2,31.9,24.6,85,chumphon
2024-08-02,1.6,31.3,23.9,85,chumphon
2024-08-03,3.0,30.6,24.8,84,chumphon
2024-08-04,12.8,30.1,24.6,86,chumphon
2024-08-05,9.9,30.2,24.2,87,chumphon
2024-08-06,2.5,30.9,24.6,83,chumphon
2024-08-07,0.8,30.3,24.5,82,chumphon
2024-08-08,4.5,31.8,24.3,85,chumphon
2024-08-09,1.0,32.5,24.8,84,chumphon
2024-08-10,1.7,33.0,25.2,79,chumphon
2024-08-11,1.3,33.5,25.5,76,chumphon
2024-08-12,4.0,32.6,25.0,80,chumphon
2024-08-13,0.9,31.5,25.5,81,chumphon
2024-08-14,11.8,32.9,25.0,83,chumphon
2024-08-15,8.1,32.7,24.7,81,chumphon
2024-08-16,2.7,33.1,25.2,80,chumphon
2024-08-17,3.2,31.8,25.4,84,chumphon
2024-08-18,3.9,31.8,25.0,84,chumphon
2024-08-19,8.1,32.7,24.5,83,chumphon
2024-08-20,6.3,31.7,23.8,82,chumphon
2024-08-21,4.0,32.4,24.8,80,chumphon
2024-08-22,0.9,34.0,24.8,75,chumphon
2024-08-23,6.0,33.2,24.3,79,chumphon
2024-08-24,13.5,30.9,23.9,82,chumphon
2024-08-25,5.1,30.1,23.6,84,chumphon
2024-08-26,4.7,31.1,24.6,82,chumphon
2024-08-27,7.0,31.3,24.7,84,chumphon
2024-08-28,5.7,29.2,24.8,86,chumphon
2024-08-29,7.6,28.7,24.0,89,chumphon
2024-08-30,3.7,30.2,24.7,85,chumphon
2024-08-31,0.7,31.0,24.5,82,chumphon
2024-09-01,1.1,31.1,24.8,84,chumphon
2024-09-02,112.7,28.6,24.9,90,chumphon
2024-09-03,15.6,28.4,24.3,88,chumphon
2024-09-04,3.6,28.0,24.6,87,chumphon
2024-09-05,11.7,27.4,24.8,90,chumphon
2024-09-06,2.1,31.7,25.1,84,chumphon
2024-09-07,2.5,30.5,25.5,83,chumphon
2024-09-08,1.4,31.8,25.5,81,chumphon
2024-09-09,0.5,32.2,25.6,78,chumphon
2024-09-10,0.5,31.4,25.4,81,chumphon
2024-09-11,2.6,32.4,25.1,80,chumphon
2024-09-12,3.9,31.0,25.3,83,chumphon
2024-09-13,10.7,30.7,24.9,86,chumphon
2024-09-14,13.8,30.1,24.8,90,chumphon
2024-09-15,8.2,27.7,24.8,89,chumphon
2024-09-16,3.4,29.6,24.8,86,chumphon
2024-09-17,1.4,30.7,25.1,82,chumphon
2024-09-18,0.8,28.5,24.9,85,chumphon
2024-09-19,20.8,26.7,24.5,91,chumphon
2024-09-20,6.9,27.4,24.2,90,chumphon
2024-09-21,1.5,29.1,24.8,86,chumphon
2024-09-22,1.4,29.8,25.2,85,chumphon
2024-09-23,9.7,31.1,24.3,85,chumphon
2024-09-24,13.3,29.6,24.1,90,chumphon
2024-09-25,0.4,30.2,23.9,85,chumphon
2024-09-26,0.1,30.5,24.6,84,chumphon
2024-09-27,2.8,30.0,24.5,86,chumphon
2024-09-28,1.1,30.6,25.1,84,chumphon
2024-09-29,3.0,32.6,24.7,82,chumphon
2024-09-30,2.8,32.2,25.2,80,chumphon
2024-10-01,2.6,31.1,24.8,82,chumphon
2024-10-02,19.6,31.4,24.6,86,chumphon
2024-10-03,23.2,30.8,23.9,89,chumphon
2024-10-04,1.2,30.6,24.3,87,chumphon
2024-10-05,18.5,29.5,24.4,89,chumphon
2024-10-06,14.6,29.0,23.3,89,chumphon
2024-10-07,1.3,30.2,23.6,85,chumphon
2024-10-08,15.0,29.7,23.2,88,chumphon
2024-10-09,15.6,29.8,23.9,89,chumphon
2024-10-10,20.5,29.0,24.1,90,chumphon
2024-10-11,25.3,29.7,23.4,89,chumphon
2024-10-12,14.2,29.5,24.3,89,chumphon
2024-10-13,16.9,29.0,24.1,89,chumphon
2024-10-14,6.6,30.0,24.6,86,chumphon
2024-10-15,3.6,30.4,24.5,89,chumphon
2024-10-16,0.4,30.9,23.4,87,chumphon
2024-10-17,18.4,30.4,23.6,88,chumphon
2024-10-18,17.6,30.6,23.9,89,chumphon
2024-10-19,12.1,28.5,23.8,90,chumphon
2024-10-20,7.3,29.8,23.9,87,chumphon
2024-10-21,6.4,31.2,23.1,87,chumphon
2024-10-22,1.6,31.9,23.7,81,chumphon
2024-10-23,25.8,27.9,24.5,90,chumphon
2024-10-24,10.2,29.7,24.0,89,chumphon
2024-10-25,1.1,30.8,24.2,83,chumphon
2024-10-26,1.1,31.8,24.6,82,chumphon
2024-10-27,0.0,32.0,25.1,80,chumphon
2024-10-28,0.3,31.4,25.4,80,chumphon
2024-10-29,9.9,29.8,24.5,87,chumphon
2024-10-30,5.3,31.1,23.9,86,chumphon
2024-10-31,1.8,31.4,23.6,82,chumphon
2024-11-01,1.1,32.1,24.6,81,chumphon
2024-11-02,8.2,31.5,24.5,85,chumphon
2024-11-03,10.7,29.0,23.5,90,chumphon
2024-11-04,25.1,27.4,24.6,89,chumphon
2024-11-05,22.8,27.7,24.0,90,chumphon
2024-11-06,27.6,27.7,23.7,90,chumphon
2024-11-07,14.3,28.6,24.2,89,chumphon
2024-11-08,25.9,28.3,23.3,90,chumphon
2024-11-09,21.4,28.5,23.8,89,chumphon
2024-11-10,3.4,28.5,23.3,88,chumphon
2024-11-11,1.5,28.9,24.6,85,chumphon
2024-11-12,0.7,30.0,23.6,84,chumphon
2024-11-13,0.0,31.6,22.6,81,chumphon
2024-11-14,0.0,30.8,22.7,85,chumphon
2024-11-15,4.0,31.3,23.8,85,chumphon
2024-11-16,0.0,31.3,23.2,83,chumphon
2024-11-17,0.1,31.4,23.0,81,chumphon
2024-11-18,10.6,29.3,23.7,89,chumphon
2024-11-19,0.4,31.3,24.0,77,chumphon
2024-11-20,0.2,30.7,23.6,77,chumphon
2024-11-21,9.6,28.2,24.6,88,chumphon
2024-11-22,8.6,28.3,24.7,89,chumphon
2024-11-23,18.4,28.8,24.6,90,chumphon
2024-11-24,11.7,28.2,25.1,88,chumphon
2024-11-25,20.9,27.7,24.8,92,chumphon
2024-11-26,4.3,30.0,24.4,85,chumphon
2024-11-27,0.9,30.3,24.0,81,chumphon
2024-11-28,2.1,30.0,25.9,78,chumphon
2024-11-29,2.9,28.7,24.8,75,chumphon
2024-11-30,0.0,28.7,24.2,71,chumphon
2024-12-01,0.0,29.4,23.3,74,chumphon
2024-12-02,0.0,30.5,22.1,78,chumphon
2024-12-03,0.0,30.1,21.1,80,chumphon
2024-12-04,0.1,30.1,22.0,79,chumphon
2024-12-05,4.5,29.6,23.4,86,chumphon
2024-12-06,4.3,29.9,23.5,86,chumphon
2024-12-07,0.5,30.6,23.6,82,chumphon
2024-12-08,8.2,28.4,24.2,90,chumphon
2024-12-09,1.0,30.1,24.6,82,chumphon
2024-12-10,0.1,30.5,23.9,78,chumphon
2024-12-11,0.0,31.6,23.3,79,chumphon
2024-12-12,10.4,26.9,24.4,89,chumphon
2024-12-13,48.4,26.4,24.0,96,chumphon
2024-12-14,66.3,25.3,24.1,95,chumphon
2024-12-15,27.3,26.7,24.2,87,chumphon
2024-12-16,10.0,28.1,24.1,80,chumphon
2024-12-17,0.0,28.4,25.7,72,chumphon
2024-12-18,0.0,29.0,24.3,77,chumphon
2024-12-19,0.0,29.1,23.8,78,chumphon
2024-12-20,0.0,28.5,22.6,74,chumphon
2024-12-21,0.0,28.2,21.3,75,chumphon
2024-12-22,0.0,28.9,23.0,74,chumphon
2024-12-23,0.0,27.3,22.2,68,chumphon
2024-12-24,0.1,28.5,20.0,77,chumphon
2024-12-25,0.6,28.7,21.5,77,chumphon
2024-12-26,0.0,29.5,23.2,67,chumphon
2024-12-27,5.0,29.2,25.5,81,chumphon
2024-12-28,24.0,27.9,23.6,92,chumphon
2024-12-29,2.2,28.3,24.1,78,chumphon
2024-12-30,0.0,29.0,22.9,79,chumphon
2024-12-31,0.0,29.1,21.1,77,chumphon
2025-01-01,0.0,29.1,19.9,77,chumphon
2025-01-02,0.0,29.2,20.2,79,chumphon
2025-01-03,0.0,29.7,19.4,75,chumphon
2025-01-04,0.0,29.3,24.1,75,chumphon
2025-01-05,0.3,28.6,23.9,75,chumphon
2025-01-06,0.0,28.5,22.4,68,chumphon
2025-01-07,0.0,28.5,20.7,77,chumphon
2025-01-08,0.0,29.0,20.8,82,chumphon
2025-01-09,0.0,29.3,21.0,80,chumphon
2025-01-10,0.1,29.7,22.8,78,chumphon
2025-01-11,0.0,27.8,24.0,71,chumphon
2025-01-12,0.0,26.2,23.4,66,chumphon
2025-01-13,0.0,26.0,22.3,68,chumphon
2025-01-14,0.0,27.4,20.5,67,chumphon
2025-01-15,0.0,29.4,19.7,60,chumphon
2025-01-16,0.3,28.5,25.4,71,chumphon
2025-01-17,0.0,28.1,23.1,72,chumphon
2025-01-18,0.0,28.6,21.9,70,chumphon
2025-01-19,0.0,29.2,20.1,72,chumphon
2025-01-20,0.0,29.4,19.3,76,chumphon
2025-01-21,0.0,29.0,19.4,84,chumphon
2025-01-22,0.0,28.9,20.1,84,chumphon
2025-01-23,1.2,28.6,22.4,84,chumphon
2025-01-24,0.0,29.8,21.8,86,chumphon
2025-01-25,0.0,30.8,22.4,84,chumphon
2025-01-26,0.1,30.6,23.4,86,chumphon
2025-01-27,11.8,28.8,24.1,87,chumphon
2025-01-28,4.1,28.3,23.5,81,chumphon
2025-01-29,0.6,28.7,24.6,71,chumphon
2025-01-30,0.0,28.9,23.0,73,chumphon
2025-01-31,0.0,29.0,19.0,78,chumphon
2025-02-01,0.0,30.0,18.5,81,chumphon
2025-02-02,0.0,31.1,19.2,81,chumphon
2025-02-03,0.0,30.0,20.9,83,chumphon
2025-02-04,3.8,29.4,24.3,83,chumphon
2025-02-05,0.1,29.7,21.8,81,chumphon
2025-02-06,0.4,29.6,22.1,84,chumphon
2025-02-07,0.2,29.9,22.6,81,chumphon
2025-02-08,4.5,29.1,23.8,84,chumphon
2025-02-09,0.8,29.5,23.4,79,chumphon
2025-02-10,0.4,30.0,21.6,75,chumphon
2025-02-11,0.0,30.1,19.5,78,chumphon
2025-02-12,0.0,31.7,20.5,75,chumphon
2025-02-13,0.0,31.6,19.8,79,chumphon
2025-02-14,0.2,31.0,22.0,84,chumphon
2025-02-15,0.0,32.4,22.2,75,chumphon
2025-02-16,0.0,32.8,22.2,76,chumphon
2025-02-17,1.6,30.1,23.3,83,chumphon
2025-02-18,7.3,29.8,23.6,81,chumphon
2025-02-19,3.3,29.9,22.8,83,chumphon
2025-02-20,7.6,30.2,23.8,83,chumphon
2025-02-21,11.6,27.8,22.9,88,chumphon
2025-02-22,6.4,28.7,23.8,87,chumphon
2025-02-23,4.5,29.2,23.1,88,chumphon
2025-02-24,35.1,26.4,23.7,95,chumphon
2025-02-25,18.2,27.4,23.9,86,chumphon
2025-02-26,5.0,28.4,24.0,83,chumphon
2025-02-27,2.3,29.7,24.1,84,chumphon
2025-02-28,0.3,30.2,22.8,84,chumphon
2025-03-01,0.2,30.5,23.6,83,chumphon
2025-03-02,0.0,31.0,22.9,84,chumphon
2025-03-03,0.1,31.3,23.0,83,chumphon
2025-03-04,0.0,30.4,22.9,82,chumphon
2025-03-05,0.0,31.0,22.0,84,chumphon
2025-03-06,0.1,31.2,23.3,86,chumphon
2025-03-07,0.3,31.1,23.5,83,chumphon
2025-03-08,18.0,29.2,23.7,85,chumphon
2025-03-09,7.2,28.6,24.1,85,chumphon
2025-03-10,1.8,30.0,25.5,81,chumphon
2025-03-11,8.7,30.1,25.4,84,chumphon
2025-03-12,0.2,31.3,24.4,82,chumphon
2025-03-13,18.0,29.7,24.3,89,chumphon
2025-03-14,0.2,31.0,24.0,83,chumphon
2025-03-15,0.0,31.1,25.0,80,chumphon
2025-03-16,0.0,31.9,22.8,80,chumphon
2025-03-17,8.1,31.8,22.9,85,chumphon
2025-03-18,0.7,31.2,24.1,82,chumphon
2025-03-19,7.3,28.8,24.3,87,chumphon
2025-03-20,0.1,31.0,23.6,75,chumphon
2025-03-21,0.0,31.2,25.3,71,chumphon
2025-03-22,0.0,31.0,23.5,72,chumphon
2025-03-23,0.0,31.7,22.1,78,chumphon
2025-03-24,0.0,32.1,21.7,81,chumphon
2025-03-25,0.0,33.0,22.7,81,chumphon
2025-03-26,0.3,32.5,23.5,82,chumphon
2025-03-27,2.1,35.2,23.0,74,chumphon
2025-03-28,0.7,35.4,24.3,71,chumphon
2025-03-29,0.0,33.7,23.3,72,chumphon
2025-03-30,1.0,31.6,24.5,77,chumphon
2025-03-31,8.6,31.7,25.6,81,chumphon
2025-04-01,1.7,30.2,25.2,84,chumphon
2025-04-02,22.4,30.7,24.3,89,chumphon
2025-04-03,17.4,28.9,24.2,89,chumphon
2025-04-04,0.7,31.3,23.1,81,chumphon
2025-04-05,1.7,31.1,25.5,80,chumphon
2025-04-06,0.3,31.5,25.7,79,chumphon
2025-04-07,0.0,31.2,25.4,77,chumphon
2025-04-08,0.0,31.3,25.8,77,chumphon
2025-04-09,0.1,31.7,24.9,79,chumphon
2025-04-10,9.5,31.6,24.1,86,chumphon
2025-04-11,11.4,31.5,24.6,84,chumphon
2025-04-12,1.4,32.2,24.7,78,chumphon
2025-04-13,1.1,33.9,24.5,81,chumphon
2025-04-14,6.1,32.4,23.8,84,chumphon
2025-04-15,27.7,29.3,24.9,90,chumphon
2025-04-16,3.7,30.4,24.9,88,chumphon
2025-04-17,15.1,31.7,23.6,89,chumphon
2025-04-18,6.8,31.6,24.1,86,chumphon
2025-04-19,3.3,31.5,23.9,85,chumphon
2025-04-20,0.9,32.2,23.7,83,chumphon
2025-04-21,0.1,31.6,23.4,80,chumphon
2025-04-22,0.1,32.5,25.6,76,chumphon
2025-04-23,4.1,32.9,23.5,81,chumphon
2025-04-24,7.0,33.5,23.4,85,chumphon
2025-04-25,6.9,33.7,23.4,84,chumphon
2025-04-26,6.3,31.8,24.9,87,chumphon
2025-04-27,7.0,30.6,23.9,89,chumphon
2025-04-28,2.2,31.7,23.9,87,chumphon
2025-04-29,0.0,32.3,23.3,81,chumphon
2025-04-30,0.1,32.2,23.6,78,chumphon
2025-05-01,0.1,33.0,24.4,77,chumphon
2025-05-02,4.0,32.5,24.6,80,chumphon
2025-05-03,5.0,32.2,24.7,84,chumphon
2025-05-04,24.8,31.4,23.9,87,chumphon
2025-05-05,6.5,31.8,24.7,87,chumphon
2025-05-06,30.3,30.9,24.2,90,chumphon
2025-05-07,6.7,32.0,24.0,87,chumphon
2025-05-08,9.6,32.1,24.8,84,chumphon
2025-05-09,0.6,33.2,25.0,82,chumphon
2025-05-10,1.8,32.4,25.0,83,chumphon
2025-05-11,13.3,30.6,25.3,87,chumphon
2025-05-12,10.9,29.2,24.5,91,chumphon
2025-05-13,11.3,31.2,23.7,90,chumphon
2025-05-14,7.6,30.3,24.8,89,chumphon
2025-05-15,16.8,30.5,25.2,89,chumphon
2025-05-16,5.1,30.5,25.1,88,chumphon
2025-05-17,12.5,28.6,24.8,91,chumphon
2025-05-18,7.0,31.3,24.6,87,chumphon
2025-05-19,1.5,31.7,24.6,87,chumphon
2025-05-20,8.5,30.9,24.5,87,chumphon
2025-05-21,22.2,30.9,24.8,90,chumphon
2025-05-22,2.0,31.4,25.5,82,chumphon
2025-05-23,13.5,31.1,25.1,85,chumphon
2025-05-24,3.1,29.7,25.2,86,chumphon
2025-05-25,14.7,29.2,24.8,90,chumphon
2025-05-26,4.5,29.8,24.6,89,chumphon
2025-05-27,6.4,28.4,24.4,92,chumphon
2025-05-28,7.0,31.9,24.6,85,chumphon
2025-05-29,3.8,31.1,25.4,83,chumphon
2025-05-30,0.7,31.5,26.1,81,chumphon
2025-05-31,0.7,33.1,25.3,77,chumphon
2025-06-01,0.5,33.0,25.2,79,chumphon
2025-06-02,11.8,31.9,25.1,85,chumphon
2025-06-03,11.5,29.8,25.3,90,chumphon
2025-06-04,4.6,31.5,24.5,86,chumphon
2025-06-05,1.9,31.1,24.3,83,chumphon
2025-06-06,0.3,31.7,24.7,82,chumphon
2025-06-07,10.0,30.9,24.6,85,chumphon
2025-06-08,8.0,30.3,24.4,85,chumphon
2025-06-09,9.5,29.4,24.7,86,chumphon
2025-06-10,7.7,30.2,24.6,86,chumphon
2025-06-11,1.6,30.1,25.0,84,chumphon
2025-06-12,11.1,28.2,24.4,91,chumphon
2025-06-13,1.3,31.8,24.6,83,chumphon
2025-06-14,2.8,30.2,25.0,85,chumphon
2025-06-15,0.3,32.4,24.5,80,chumphon
2025-06-16,0.2,31.6,24.6,79,chumphon
2025-06-17,3.3,32.8,24.7,79,chumphon
2025-06-18,4.9,32.0,24.6,81,chumphon
2025-06-19,0.0,32.6,25.0,79,chumphon
2025-06-20,8.7,31.6,24.8,82,chumphon
2025-06-21,1.6,30.0,24.3,83,chumphon
2025-06-22,6.2,27.8,24.4,87,chumphon
2025-06-23,15.4,29.4,23.7,90,chumphon
2025-06-24,4.2,30.2,24.1,87,chumphon
2025-06-25,3.3,31.1,24.6,83,chumphon
2025-06-26,4.3,31.0,24.4,84,chumphon
2025-06-27,3.6,30.8,24.4,85,chumphon
2025-06-28,2.5,30.6,24.3,85,chumphon
2025-06-29,2.3,30.7,23.6,82,chumphon
2025-06-30,1.3,28.6,26.0,85,chumphon
2025-07-01,1.7,30.1,24.8,81,chumphon
2025-07-02,2.1,30.6,24.5,84,chumphon
2025-07-03,1.0,30.6,24.8,83,chumphon
2025-07-04,0.3,32.4,25.3,77,chumphon
2025-07-05,0.5,32.3,24.5,77,chumphon
2025-07-06,9.2,32.9,25.0,80,chumphon
2025-07-07,3.5,32.3,24.8,79,chumphon
2025-07-08,24.7,30.1,24.7,90,chumphon
2025-07-09,0.0,30.6,24.8,83,chumphon
2025-07-10,3.9,32.5,24.7,79,chumphon
2025-07-11,1.4,30.3,25.6,81,chumphon
2025-07-12,3.7,32.8,24.9,81,chumphon
2025-07-13,0.1,32.9,24.9,77,chumphon
2025-07-14,5.0,32.7,25.5,81,chumphon
2025-07-15,6.9,32.5,24.8,84,chumphon
2025-07-16,3.1,31.3,24.6,82,chumphon
2025-07-17,1.3,33.2,24.7,80,chumphon
2025-07-18,2.0,30.3,24.7,84,chumphon
2025-07-19,6.2,30.2,24.2,86,chumphon
2025-07-20,6.8,28.9,24.5,89,chumphon
2025-07-21,4.6,29.0,24.8,87,chumphon
2025-07-22,1.3,31.2,26.4,78,chumphon
2025-07-23,2.3,31.6,26.6,77,chumphon
2025-07-24,0.0,33.3,26.0,73,chumphon
2025-07-25,0.0,33.8,25.5,73,chumphon
2025-07-26,0.0,33.9,26.2,73,chumphon
2025-07-27,1.7,32.1,26.5,77,chumphon
2025-07-28,2.0,33.0,26.0,76,chumphon
2025-07-29,2.7,32.6,25.7,75,chumphon
2025-07-30,3.5,33.1,26.4,75,chumphon
2025-07-31,0.3,34.0,26.1,72,chumphon
2025-08-01,1.5,34.8,26.4,74,chumphon
2025-08-02,7.2,35.0,25.0,81,chumphon
2025-08-03,6.7,32.4,25.4,78,chumphon
2025-08-04,0.1,34.5,25.4,70,chumphon
2025-08-05,0.4,34.5,25.9,73,chumphon
2025-08-06,5.2,34.0,25.4,75,chumphon
2025-08-07,9.8,34.6,23.7,80,chumphon
2025-08-08,12.1,32.9,23.6,84,chumphon
2025-08-09,0.4,31.7,24.3,80,chumphon
2025-08-10,1.7,31.9,26.0,74,chumphon
2025-08-11,2.8,31.2,25.0,75,chumphon
2025-08-12,2.5,30.2,24.5,80,chumphon
2025-08-13,0.4,31.3,24.9,76,chumphon
2025-08-14,2.4,30.1,24.7,83,chumphon
2025-08-15,4.7,27.9,23.9,86,chumphon
2025-08-16,9.1,27.8,23.2,89,chumphon
2025-08-17,15.1,29.0,23.2,87,chumphon
2025-08-18,0.1,33.2,22.5,76,chumphon
2025-08-19,0.7,31.2,24.9,78,chumphon
2025-08-20,1.1,32.4,24.5,75,chumphon
2025-08-21,14.7,30.6,24.6,80,chumphon
2025-08-22,15.9,29.1,23.5,86,chumphon
2025-08-23,2.9,30.9,23.9,80,chumphon
2025-08-24,4.2,29.8,23.9,84,chumphon
2025-08-25,3.0,30.4,24.4,82,chumphon
2025-08-26,2.8,30.6,24.6,83,chumphon
2025-08-27,1.9,28.7,24.0,86,chumphon
2025-08-28,2.1,30.3,23.4,83,chumphon
2025-08-29,2.8,31.9,24.7,79,chumphon
2025-08-30,2.3,31.4,23.9,79,chumphon
2025-08-31,7.6,28.7,24.6,88,chumphon
2025-09-01,11.8,27.3,23.9,92,chumphon
2025-09-02,2.2,29.5,23.8,85,chumphon
2025-09-03,0.8,30.0,24.4,83,chumphon
2025-09-04,5.1,31.0,24.8,83,chumphon
2025-09-05,4.0,31.8,24.5,82,chumphon
2025-09-06,2.4,31.9,24.9,81,chumphon
2025-09-07,3.0,30.4,24.5,82,chumphon
2025-09-08,4.3,31.0,24.8,86,chumphon
2025-09-09,2.0,31.5,24.5,84,chumphon
2025-09-10,6.4,30.4,24.0,84,chumphon
2025-09-11,6.9,32.1,23.4,84,chumphon
2025-09-12,8.4,31.7,23.5,85,chumphon
2025-09-13,3.9,32.8,24.0,86,chumphon
2025-09-14,13.5,28.3,23.6,90,chumphon
2025-09-15,4.5,30.0,23.5,90,chumphon
2025-09-16,14.1,31.8,23.8,86,chumphon
2025-09-17,1.1,30.7,24.2,84,chumphon
2025-09-18,20.4,27.9,24.0,90,chumphon
2025-09-19,2.2,29.3,24.2,85,chumphon
2025-09-20,1.5,31.2,24.9,81,chumphon
2025-09-21,0.0,32.5,24.7,76,chumphon
2025-09-22,0.0,32.4,23.2,76,chumphon
2025-09-23,0.0,32.4,24.2,76,chumphon
2025-09-24,2.2,30.4,24.7,80,chumphon
2025-09-25,6.8,30.9,24.4,82,chumphon
2025-09-26,2.8,30.3,24.3,85,chumphon
2025-09-27,2.0,29.0,24.0,83,chumphon
2025-09-28,3.5,30.6,23.9,85,chumphon
2025-09-29,15.8,29.2,23.9,87,chumphon
2025-09-30,13.4,31.8,23.8,87,chumphon
2025-10-01,23.8,31.3,22.9,88,chumphon
2025-10-02,5.9,32.6,23.7,85,chumphon
2025-10-03,6.2,31.7,24.6,84,chumphon
2025-10-04,7.2,32.6,23.7,84,chumphon
2025-10-05,10.1,31.9,24.0,85,chumphon
2025-10-06,0.0,32.7,24.2,76,chumphon
2025-10-07,4.5,32.0,24.9,77,chumphon
2025-10-08,4.4,30.7,24.5,80,chumphon
2025-10-09,9.8,30.5,23.6,85,chumphon
2025-10-10,2.8,31.8,24.2,84,chumphon
2025-10-11,28.4,32.1,23.9,87,chumphon
2025-10-12,7.4,31.6,23.5,87,chumphon
2025-10-13,4.5,31.7,23.9,87,chumphon
2025-10-14,11.5,29.5,23.8,88,chumphon
2025-10-15,11.0,30.6,24.8,88,chumphon
2025-10-16,8.0,30.2,25.2,85,chumphon
2025-10-17,23.6,29.5,23.4,90,chumphon
2025-10-18,2.9,29.9,24.6,87,chumphon
2025-10-19,6.1,30.7,23.6,84,chumphon
2025-10-20,19.6,29.3,23.9,90,chumphon
2025-10-21,12.2,30.2,23.4,90,chumphon
2025-10-22,4.9,29.5,23.7,87,chumphon
2025-10-23,0.2,30.5,25.2,74,chumphon
2025-10-24,7.6,29.8,24.8,83,chumphon
2025-10-25,34.2,26.6,24.4,94,chumphon
2025-10-26,17.2,26.9,24.2,94,chumphon
2025-10-27,26.2,29.9,23.4,92,chumphon
2025-10-28,15.2,31.3,23.7,87,chumphon
2025-10-29,21.6,27.7,23.7,94,chumphon
2025-10-30,46.3,28.1,23.1,94,chumphon
2025-10-31,1.6,29.7,23.2,89,chumphon
2025-11-01,13.8,30.1,24.1,90,chumphon
2025-11-02,18.7,29.2,24.0,91,chumphon
2025-11-03,4.5,30.0,24.6,88,chumphon
2025-11-04,1.0,30.9,22.7,83,chumphon
2025-11-05,22.2,29.5,23.0,91,chumphon
2025-11-06,28.0,29.4,23.2,92,chumphon
2025-11-07,20.0,28.2,24.0,91,chumphon
2025-11-08,8.5,30.9,23.9,88,chumphon
2025-11-09,1.8,31.8,23.9,87,chumphon
2025-11-10,6.4,31.1,24.6,87,chumphon
2025-11-11,11.1,32.5,24.7,85,chumphon
2025-11-12,3.9,31.8,24.2,86,chumphon
2025-11-13,0.7,31.2,23.2,86,chumphon
2025-11-14,9.0,28.3,24.5,90,chumphon
2025-11-15,0.0,29.6,24.3,72,chumphon
2025-11-16,0.2,29.3,23.2,73,chumphon
2025-11-17,4.5,29.4,24.4,83,chumphon
2025-11-18,38.2,25.5,24.0,96,chumphon
2025-11-19,68.2,26.4,23.7,92,chumphon
2025-11-20,1.3,26.5,25.4,75,chumphon
2025-11-21,0.2,27.8,24.1,71,chumphon
2025-11-22,0.0,28.4,24.7,70,chumphon
2025-11-23,0.0,29.6,24.5,65,chumphon
2025-11-24,0.0,29.3,26.0,67,chumphon
2025-11-25,0.1,28.9,25.8,73,chumphon
2025-11-26,0.0,28.4,24.1,71,chumphon
2025-11-27,0.0,27.6,22.1,70,chumphon
2025-11-28,0.0,26.2,21.5,67,chumphon
2025-11-29,0.0,27.6,18.9,65,chumphon
2025-11-30,0.0,28.4,17.5,78,chumphon
2025-12-01,0.0,29.2,17.2,81,chumphon
2025-12-02,0.0,29.9,18.9,81,chumphon
2025-12-03,0.0,30.2,18.3,82,chumphon
2025-12-04,0.0,30.7,21.8,80,chumphon
2025-12-05,17.8,25.8,24.0,92,chumphon
2025-12-06,3.4,28.8,23.2,86,chumphon
2025-12-07,0.4,29.4,23.2,83,chumphon
2025-12-08,0.1,29.7,21.3,78,chumphon
2025-12-09,0.3,28.3,22.3,71,chumphon
2025-12-10,1.3,28.3,21.7,80,chumphon
2025-12-11,2.3,28.5,23.1,77,chumphon
2025-12-12,13.2,26.5,23.3,92,chumphon
2025-12-13,11.7,27.9,23.2,90,chumphon
2025-12-14,2.4,29.3,23.6,83,chumphon
2025-12-15,3.6,29.2,24.6,79,chumphon
2025-12-16,0.2,30.0,24.3,76,chumphon
2025-12-17,0.0,30.5,22.6,76,chumphon
2025-12-18,0.5,29.1,23.1,82,chumphon
2025-12-19,0.0,29.7,23.3,77,chumphon
2025-12-20,0.0,30.4,21.0,76,chumphon
2025-12-21,0.0,31.1,20.8,74,chumphon
2025-12-22,0.0,30.6,19.4,70,chumphon
2025-12-23,0.0,30.5,20.5,83,chumphon
2025-12-24,0.0,31.3,22.6,83,chumphon
2025-12-25,0.0,31.7,21.7,76,chumphon
2025-12-26,0.8,29.7,24.0,75,chumphon
2025-12-27,2.0,29.6,23.9,78,chumphon
2025-12-28,1.0,29.6,25.5,76,chumphon
2025-12-29,0.0,30.4,23.1,79,chumphon
2025-12-30,0.1,30.1,22.2,81,chumphon
2025-12-31,0.0,29.7,21.6,82,chumphon
2026-01-01,0.0,29.6,21.1,79,chumphon
2026-01-02,0.0,29.7,21.0,73,chumphon
2026-01-03,0.4,29.7,21.9,72,chumphon
2026-01-04,0.0,29.7,22.8,67,chumphon
2026-01-05,0.0,29.4,21.1,73,chumphon
2026-01-06,0.1,29.4,21.2,76,chumphon
2026-01-07,0.9,28.3,24.7,74,chumphon
2026-01-08,0.0,27.9,24.7,66,chumphon
2026-01-09,0.0,27.1,22.8,66,chumphon
2026-01-10,0.0,27.6,19.8,68,chumphon
2026-01-11,0.0,28.3,19.1,67,chumphon
2026-01-12,0.0,29.0,19.3,69,chumphon
2026-01-13,0.2,28.9,20.0,76,chumphon
2026-01-14,0.2,29.5,20.3,78,chumphon
2026-01-15,0.2,29.6,20.3,82,chumphon
2026-01-16,0.1,29.7,21.4,81,chumphon
2026-01-17,0.2,30.3,21.6,82,chumphon
2026-01-18,0.3,30.3,21.1,81,chumphon
2026-01-19,1.9,30.0,21.9,81,chumphon
2026-01-20,0.6,30.6,22.2,79,chumphon
2026-01-21,3.2,28.9,22.7,84,chumphon
2026-01-22,0.7,29.5,24.0,71,chumphon
2026-01-23,0.0,30.3,24.3,66,chumphon
2026-01-24,0.0,30.7,22.2,62,chumphon
2026-01-25,0.0,30.5,20.7,67,chumphon
2026-01-26,2.9,28.8,23.3,77,chumphon
2026-01-27,0.1,29.3,23.2,76,chumphon
2026-01-28,1.2,28.7,22.1,79,chumphon
2026-01-29,0.6,29.3,23.3,77,chumphon
2026-01-30,0.5,30.0,23.4,78,chumphon
2026-01-31,1.2,29.9,22.7,80,chumphon
2026-02-01,2.0,30.0,23.7,82,chumphon
2026-02-02,1.1,30.6,23.7,73,chumphon
2026-02-03,1.1,29.1,23.1,76,chumphon
2026-02-04,0.3,30.0,21.8,76,chumphon
2026-02-05,0.4,30.6,22.2,80,chumphon
2026-02-06,1.0,32.1,22.4,76,chumphon
2026-02-07,0.0,32.4,22.4,76,chumphon
2026-02-08,4.6,31.4,22.7,83,chumphon
2026-02-09,9.2,29.1,22.2,82,chumphon
2026-02-10,0.1,30.5,24.3,77,chumphon
2026-02-11,0.0,31.7,21.2,79,chumphon
2026-02-12,14.9,28.5,23.4,82,chumphon
2026-02-13,0.1,30.6,25.1,78,chumphon
2026-02-14,0.6,30.9,23.1,80,chumphon
2026-02-15,0.1,31.1,23.7,80,chumphon
2026-02-16,0.7,31.4,23.4,80,chumphon
2026-02-17,1.9,30.6,24.1,83,chumphon
2026-02-18,7.1,29.5,25.7,77,chumphon
2026-02-19,1.2,30.3,26.4,75,chumphon
2026-02-20,1.9,30.3,25.2,78,chumphon
2026-02-21,0.1,31.5,23.2,80,chumphon
2026-02-22,0.6,33.1,22.2,79,chumphon
2026-02-23,0.0,33.0,23.5,77,chumphon
2026-02-24,1.2,31.8,24.1,82,chumphon
2026-02-25,0.0,31.9,23.7,78,chumphon
2026-02-26,0.6,32.8,22.4,75,chumphon
2026-02-27,2.9,34.8,23.7,76,chumphon
2026-02-28,1.2,33.4,23.6,73,chumphon
2026-03-01,0.0,35.9,23.3,64,chumphon
2026-03-02,0.1,35.7,24.1,66,chumphon
2026-03-03,0.0,36.0,23.9,66,chumphon
2026-03-04,0.2,35.7,23.7,64,chumphon
2026-03-05,0.1,35.0,23.3,66,chumphon
2026-03-06,0.1,32.2,22.6,73,chumphon
2026-03-07,3.7,31.4,24.2,74,chumphon
2026-03-08,2.6,30.4,24.5,79,chumphon
2026-03-09,4.2,30.7,24.1,79,chumphon
2026-03-10,6.2,29.3,25.5,81,chumphon
2026-03-11,18.7,28.8,22.9,82,chumphon
2026-03-12,5.1,30.2,23.3,81,chumphon
2026-03-13,2.6,28.8,24.6,79,chumphon
2026-03-14,1.8,30.2,25.3,71,chumphon
2026-03-15,3.3,30.6,25.0,76,chumphon
2026-03-16,5.5,31.0,23.4,80,chumphon
2026-03-17,0.3,31.1,24.4,75,chumphon
2026-03-18,1.4,31.3,25.0,73,chumphon
2026-03-19,0.0,31.7,25.1,73,chumphon
2026-03-20,0.1,31.9,24.2,75,chumphon
2026-03-21,0.0,31.7,25.9,73,chumphon
2026-03-22,0.0,32.4,25.7,72,chumphon
2026-03-23,0.1,32.5,25.0,74,chumphon
2026-03-24,0.2,32.6,25.0,74,chumphon
2026-03-25,0.0,32.5,23.7,75,chumphon
2026-03-26,0.0,33.2,22.6,74,chumphon
2026-03-27,0.1,32.7,23.3,75,chumphon
2026-03-28,0.0,32.3,23.9,74,chumphon
2026-03-29,0.0,31.6,25.8,68,chumphon
2026-03-30,0.0,32.3,21.9,73,chumphon
2026-03-31,0.8,32.0,24.7,78,chumphon
2026-04-01,0.0,35.7,24.7,74,chumphon
2026-04-02,0.0,34.1,24.4,76,chumphon
2026-04-03,0.3,33.5,24.3,75,chumphon
2026-04-04,0.5,35.0,24.0,69,chumphon
2026-04-05,0.0,37.3,24.3,63,chumphon
2026-04-06,0.2,37.5,23.3,64,chumphon
2026-04-07,0.0,37.4,25.0,61,chumphon
2026-04-08,0.0,37.0,24.5,68,chumphon
2026-04-09,0.0,35.2,24.0,69,chumphon
2026-04-10,0.2,34.9,24.6,74,chumphon
2026-04-11,0.0,36.6,25.3,62,chumphon
2026-04-12,0.1,36.7,24.5,68,chumphon
2026-04-13,1.3,34.7,26.0,68,chumphon
2026-04-14,0.0,36.3,25.8,66,chumphon
2026-04-15,0.0,36.8,25.1,66,chumphon
2026-04-16,0.0,35.1,24.9,70,chumphon
2026-04-17,1.4,35.0,26.6,69,chumphon
2026-04-18,0.0,35.3,25.2,73,chumphon
2026-04-19,0.1,35.6,25.3,67,chumphon
2026-04-20,2.1,34.4,25.9,74,chumphon
2026-04-21,1.3,34.6,24.7,75,chumphon
2026-04-22,1.6,34.4,25.6,73,chumphon
2026-04-23,2.8,33.9,26.0,78,chumphon
2026-04-24,0.1,34.1,25.5,73,chumphon
2026-04-25,0.0,34.1,24.5,67,chumphon
2026-04-26,0.1,34.5,26.0,66,chumphon
2026-04-27,0.0,34.0,26.6,70,chumphon
2026-04-28,1.9,35.2,25.8,72,chumphon
2026-04-29,0.2,35.6,25.6,73,chumphon
2026-04-30,0.0,35.4,25.5,72,chumphon
2026-05-01,1.7,34.4,24.3,71,chumphon
2026-05-02,0.1,34.4,25.6,69,chumphon
2026-05-03,1.3,35.3,27.1,69,chumphon
2026-05-04,2.2,34.7,26.8,72,chumphon
2026-05-05,13.4,32.8,24.8,80,chumphon
2026-05-06,17.6,31.9,24.6,82,chumphon
2026-05-07,11.3,31.2,26.7,81,chumphon
2026-05-08,14.7,32.0,25.3,82,chumphon
2026-05-09,0.9,32.4,25.0,79,chumphon
2026-05-10,9.1,32.4,26.0,82,chumphon
2026-05-11,8.0,30.0,27.0,80,chumphon
2026-05-12,15.4,29.7,24.8,89,chumphon
2026-05-13,7.1,33.3,24.8,88,chumphon
2026-05-14,1.0,32.2,25.1,82,chumphon
2026-05-15,2.5,33.1,26.3,75,chumphon
2026-05-16,1.5,31.7,25.1,82,chumphon
2026-05-17,1.3,32.9,25.2,82,chumphon
2026-05-18,6.0,29.9,25.2,86,chumphon
2026-05-19,13.9,28.0,24.6,92,chumphon
2026-05-20,2.9,30.2,24.5,87,chumphon
2026-05-21,15.7,31.5,25.4,91,chumphon
2026-05-22,16.1,31.8,25.7,91,chumphon
2026-05-23,14.1,32.8,25.2,84,chumphon
2026-05-24,1.7,33.3,25.3,83,chumphon
2026-05-25,1.3,33.1,25.2,81,chumphon
2026-05-26,2.8,32.8,24.7,78,chumphon
2026-05-27,1.8,32.4,24.8,78,chumphon
2026-05-28,3.5,30.9,25.5,82,chumphon
2026-05-29,5.5,32.1,26.1,86,chumphon
2026-05-30,20.8,31.2,25.0,91,chumphon
2026-05-31,9.0,29.9,25.0,92,chumphon
2026-06-01,11.1,31.4,24.7,91,chumphon
2026-06-02,18.1,30.0,24.6,91,chumphon
2026-06-03,8.1,29.5,24.6,89,chumphon
2026-06-04,4.1,30.5,24.4,84,chumphon
2026-06-05,6.0,31.4,25.0,84,chumphon
2026-06-06,10.8,31.3,24.7,83,chumphon
2026-06-07,8.5,31.3,26.0,87,chumphon
2026-06-08,0.6,33.1,25.9,81,chumphon
2026-06-09,2.3,33.0,25.0,85,chumphon
2026-06-10,18.5,32.4,25.0,91,chumphon
2026-06-11,8.0,31.9,24.7,89,chumphon
2026-06-12,1.4,32.6,24.2,80,chumphon
2026-06-13,1.7,33.8,24.1,77,chumphon
2026-06-14,0.0,33.7,25.4,75,chumphon
2026-06-15,0.3,32.7,25.2,75,chumphon
2026-06-16,0.3,33.1,25.1,77,chumphon
2026-06-17,2.0,33.2,25.5,79,chumphon
2026-06-18,6.3,31.5,25.0,85,chumphon
2026-06-19,2.4,32.9,24.3,84,chumphon
2026-06-20,2.9,31.3,24.7,88,chumphon
2026-06-21,17.4,32.2,24.6,88,chumphon
2026-06-22,0.3,33.0,24.6,80,chumphon
2026-06-23,2.9,32.9,25.2,78,chumphon
2026-06-24,1.7,33.3,25.5,74,chumphon
2026-06-25,1.7,32.2,24.2,79,chumphon
2026-06-26,1.8,33.1,24.8,80,chumphon
2026-06-27,0.9,32.1,25.5,79,chumphon
2026-06-28,1.7,31.5,24.8,83,chumphon
2026-06-29,4.6,30.3,25.0,89,chumphon
2026-06-30,6.7,32.5,24.9,85,chumphon
2026-07-01,14.4,28.3,24.5,92,chumphon
2026-07-02,10.4,28.9,25.0,89,chumphon
2026-07-03,4.7,29.8,24.7,91,chumphon
2026-07-04,0.2,31.4,25.0,82,chumphon
2026-07-05,1.4,33.5,24.8,78,chumphon
2026-07-06,1.2,32.9,25.5,81,chumphon
2026-07-07,0.0,31.9,26.2,79,chumphon
2026-07-08,0.0,31.4,26.2,76,chumphon
2026-07-09,0.0,33.1,26.2,73,chumphon
2026-07-10,0.5,32.8,26.0,74,chumphon
2026-07-11,0.2,32.6,26.8,73,chumphon
2026-07-12,2.7,30.9,25.7,77,chumphon
2026-07-13,7.4,30.4,24.1,88,chumphon
2026-07-14,3.9,32.3,24.3,86,chumphon
2026-07-15,4.4,32.3,24.3,82,chumphon
2026-07-16,5.0,32.1,24.6,82,chumphon
2026-07-17,0.9,32.2,24.8,80,chumphon
2026-07-18,2.9,33.2,25.0,78,chumphon
2026-07-19,1.0,33.4,24.8,74,chumphon
2026-07-20,0.3,33.3,24.0,73,chumphon
2026-07-21,0.1,33.9,24.9,73,chumphon
2026-07-22,2.7,34.2,25.5,72,chumphon
2026-07-23,6.4,30.4,24.4,85,chumphon
2026-07-24,9.1,31.7,24.0,86,chumphon
2026-07-25,7.4,29.9,23.9,89,chumphon
2026-07-26,7.4,29.8,24.1,85,chumphon
2026-07-27,6.3,31.1,24.7,84,chumphon
2026-07-28,6.9,29.2,25.1,90,chumphon
2026-07-29,4.4,28.8,24.2,88,chumphon
2026-07-30,6.8,29.1,24.3,86,chumphon
2026-07-31,3.0,29.8,24.6,86,chumphon
2026-08-01,2.9,32.2,23.9,81,chumphon
2026-08-02,1.4,33.9,24.1,77,chumphon
2026-08-03,3.0,33.3,24.6,83,chumphon
2026-08-04,6.9,33.9,24.6,81,chumphon
2026-08-05,5.3,31.8,24.8,82,chumphon
2026-08-06,12.7,31.9,24.9,88,chumphon
2026-08-07,1.5,31.7,25.0,78,chumphon
2026-08-08,3.8,32.3,25.8,77,chumphon
2026-08-09,0.3,32.8,26.1,74,chumphon
2026-08-10,3.7,31.0,26.3,80,chumphon
2026-08-11,3.5,31.8,25.2,80,chumphon
2026-08-12,0.0,33.9,26.7,69,chumphon
2026-08-13,0.0,33.1,25.7,73,chumphon
2026-08-14,3.3,31.6,26.6,75,chumphon
2026-08-15,4.6,31.6,26.2,77,chumphon
2026-08-16,2.5,31.8,25.9,77,chumphon
2026-08-17,4.1,31.2,25.2,83,chumphon
2026-08-18,5.9,29.2,24.8,86,chumphon
2026-08-19,1.4,32.9,26.0,77,chumphon
2026-08-20,6.8,27.9,23.9,88,chumphon
2026-08-21,3.5,30.3,25.5,83,chumphon
2026-08-22,1.0,32.4,24.9,81,chumphon
2026-08-23,4.0,31.3,24.8,82,chumphon
2026-08-24,11.5,28.2,24.8,90,chumphon
2026-08-25,0.0,32.0,25.6,74,chumphon
2026-08-26,0.1,32.1,26.5,69,chumphon
2026-08-27,4.0,30.7,25.7,79,chumphon
2026-08-28,12.7,30.9,24.3,89,chumphon
2026-08-29,16.2,28.7,24.2,94,chumphon
2026-08-30,1.4,31.7,25.1,80,chumphon
2026-08-31,1.2,32.9,26.6,74,chumphon
2026-09-01,0.2,32.6,25.9,75,chumphon
2026-09-02,1.3,33.1,25.1,76,chumphon
2026-09-03,1.0,32.1,24.9,76,chumphon
2026-09-04,6.6,32.0,24.7,79,chumphon
2026-09-05,1.1,32.6,25.5,78,chumphon
2026-09-06,5.1,30.6,25.7,81,chumphon
2026-09-07,1.6,31.9,25.3,77,chumphon
2026-09-08,3.3,30.9,25.0,84,chumphon
2026-09-09,8.1,31.2,24.6,87,chumphon
2026-09-10,24.8,29.1,23.9,91,chumphon
2026-09-11,8.3,30.3,24.2,89,chumphon
2026-09-12,15.3,30.7,24.3,94,chumphon
2026-09-13,15.3,28.3,24.3,95,chumphon
2026-09-14,11.1,28.7,25.0,95,chumphon
2026-09-15,14.1,30.5,24.5,91,chumphon
2026-09-16,10.2,29.8,24.2,89,chumphon
2026-09-17,8.5,29.1,24.4,89,chumphon
2026-09-18,16.0,28.9,24.8,94,chumphon
2026-09-19,20.8,30.2,24.6,93,chumphon
2026-09-20,23.1,29.3,23.3,92,chumphon
2026-09-21,1.0,32.9,25.1,80,chumphon
