รหัสสินค้า,ชื่อสินค้า,หมวดหมู่สินค้า,กลุ่มสินค้า,วันที่สำรวจ,ราคาสูงสุด,ราคาต่ำสุด
P14019,ทุเรียนชะนี,ขายปลีก,ผลไม้,4/20/2010 12:00:00 AM,45,40
P14019,ทุเรียนชะนี,ขายปลีก,ผลไม้,4/21/2010 12:00:00 AM,45,40
P14019,ทุเรียนชะนี,ขายปลีก,ผลไม้,4/22/2010 12:00:00 AM,45,40
P14019,ทุเรียนชะนี,ขายปลีก,ผลไม้,4/23/2010 12:00:00 AM,45,40
P14019,ทุเรียนชะนี,ขายปลีก,ผลไม้,4/26/2010 12:00:00 AM,45,40
P14019,ทุเรียนชะนี,ขายปลีก,ผลไม้,4/27/2010 12:00:00 AM,45,40
P14019,ทุเรียนชะนี,ขายปลีก,ผลไม้,4/28/2010 12:00:00 AM,45,40
P14019,ทุเรียนชะนี,ขายปลีก,ผลไม้,4/29/2010 12:00:00 AM,45,40
P14019,ทุเรียนชะนี,ขายปลีก,ผลไม้,4/30/2010 12:00:00 AM,45,40
P14019,ทุเรียนชะนี,ขายปลีก,ผลไม้,5/3/2010 12:00:00 AM,45,40
P14019,ทุเรียนชะนี,ขายปลีก,ผลไม้,5/4/2010 12:00:00 AM,45,40
P14019,ทุเรียนชะนี,ขายปลีก,ผลไม้,5/6/2010 12:00:00 AM,45,40
P14019,ทุเรียนชะนี,ขายปลีก,ผลไม้,5/7/2010 12:00:00 AM,45,40
P14019,ทุเรียนชะนี,ขายปลีก,ผลไม้,5/10/2010 12:00:00 AM,40,35
P14019,ทุเรียนชะนี,ขายปลีก,ผลไม้,5/11/2010 12:00:00 AM,40,35
P14019,ทุเรียนชะนี,ขายปลีก,ผลไม้,5/12/2010 12:00:00 AM,40,35
P14019,ทุเรียนชะนี,ขายปลีก,ผลไม้,5/14/2010 12:00:00 AM,35,30
P14019,ทุเรียนชะนี,ขายปลีก,ผลไม้,5/17/2010 12:00:00 AM,35,30
P14019,ทุเรียนชะนี,ขายปลีก,ผลไม้,5/18/2010 12:00:00 AM,35,30
P14019,ทุเรียนชะนี,ขายปลีก,ผลไม้,5/19/2010 12:00:00 AM,35,20
P14019,ทุเรียนชะนี,ขายปลีก,ผลไม้,5/20/2010 12:00:00 AM,35,30
P14019,ทุเรียนชะนี,ขายปลีก,ผลไม้,5/21/2010 12:00:00 AM,35,30
P14019,ทุเรียนชะนี,ขายปลีก,ผลไม้,5/24/2010 12:00:00 AM,35,30
P14019,ทุเรียนชะนี,ขายปลีก,ผลไม้,5/25/2010 12:00:00 AM,35,30
P14019,ทุเรียนชะนี,ขายปลีก,ผลไม้,5/26/2010 12:00:00 AM,35,30
P14019,ทุเรียนชะนี,ขายปลีก,ผลไม้,5/27/2010 12:00:00 AM,35,30
P14019,ทุเรียนชะนี,ขายปลีก,ผลไม้,5/31/2010 12:00:00 AM,35,30
P14019,ทุเรียนชะนี,ขายปลีก,ผลไม้,6/1/2010 12:00:00 AM,35,30
P14019,ทุเรียนชะนี,ขายปลีก,ผลไม้,6/2/2010 12:00:00 AM,35,30
P14019,ทุเรียนชะนี,ขายปลีก,ผลไม้,6/3/2010 12:00:00 AM,35,30
P14019,ทุเรียนชะนี,ขายปลีก,ผลไม้,6/4/2010 12:00:00 AM,35,30
P14019,ทุเรียนชะนี,ขายปลีก,ผลไม้,6/7/2010 12:00:00 AM,35,30
P14019,ทุเรียนชะนี,ขายปลีก,ผลไม้,6/8/2010 12:00:00 AM,35,30
P14019,ทุเรียนชะนี,ขายปลีก,ผลไม้,6/9/2010 12:00:00 AM,35,30
P14019,ทุเรียนชะนี,ขายปลีก,ผลไม้,6/10/2010 12:00:00 AM,35,30
P14019,ทุเรียนชะนี,ขายปลีก,ผลไม้,6/11/2010 12:00:00 AM,35,30
P14019,ทุเรียนชะนี,ขายปลีก,ผลไม้,6/14/2010 12:00:00 AM,35,30
P14019,ทุเรียนชะนี,ขายปลีก,ผลไม้,6/15/2010 12:00:00 AM,45,40
P14019,ทุเรียนชะนี,ขายปลีก,ผลไม้,6/16/2010 12:00:00 AM,45,40
P14019,ทุเรียนชะนี,ขายปลีก,ผลไม้,6/17/2010 12:00:00 AM,45,40
P14019,ทุเรียนชะนี,ขายปลีก,ผลไม้,6/18/2010 12:00:00 AM,45,40
P14019,ทุเรียนชะนี,ขายปลีก,ผลไม้,6/21/2010 12:00:00 AM,50,45
P14019,ทุเรียนชะนี,ขายปลีก,ผลไม้,6/22/2010 12:00:00 AM,50,45
P14019,ทุเรียนชะนี,ขายปลีก,ผลไม้,6/23/2010 12:00:00 AM,50,45
P14019,ทุเรียนชะนี,ขายปลีก,ผลไม้,6/24/2010 12:00:00 AM,50,45
P14019,ทุเรียนชะนี,ขายปลีก,ผลไม้,6/25/2010 12:00:00 AM,50,45
P14019,ทุเรียนชะนี,ขายปลีก,ผลไม้,6/28/2010 12:00:00 AM,50,45
P14019,ทุเรียนชะนี,ขายปลีก,ผลไม้,6/29/2010 12:00:00 AM,50,45
P14019,ทุเรียนชะนี,ขายปลีก,ผลไม้,6/30/2010 12:00:00 AM,50,45
P14019,ทุเรียนชะนี,ขายปลีก,ผลไม้,2/23/2011 12:00:00 AM,0,0
P14019,ทุเรียนชะนี,ขายปลีก,ผลไม้,4/25/2011 12:00:00 AM,40,35
P14019,ทุเรียนชะนี,ขายปลีก,ผลไม้,4/26/2011 12:00:00 AM,40,35
P14019,ทุเรียนชะนี,ขายปลีก,ผลไม้,4/27/2011 12:00:00 AM,40,35
P14019,ทุเรียนชะนี,ขายปลีก,ผลไม้,4/28/2011 12:00:00 AM,35,30
P14019,ทุเรียนชะนี,ขายปลีก,ผลไม้,4/29/2011 12:00:00 AM,35,30
P14019,ทุเรียนชะนี,ขายปลีก,ผลไม้,5/2/2011 12:00:00 AM,35,30
P14019,ทุเรียนชะนี,ขายปลีก,ผลไม้,5/3/2011 12:00:00 AM,35,30
P14019,ทุเรียนชะนี,ขายปลีก,ผลไม้,5/4/2011 12:00:00 AM,35,30
P14019,ทุเรียนชะนี,ขายปลีก,ผลไม้,5/6/2011 12:00:00 AM,35,30
P14019,ทุเรียนชะนี,ขายปลีก,ผลไม้,5/9/2011 12:00:00 AM,35,30
P14019,ทุเรียนชะนี,ขายปลีก,ผลไม้,5/10/2011 12:00:00 AM,35,30
P14019,ทุเรียนชะนี,ขายปลีก,ผลไม้,5/11/2011 12:00:00 AM,35,30
P14019,ทุเรียนชะนี,ขายปลีก,ผลไม้,5/12/2011 12:00:00 AM,35,30
P14019,ทุเรียนชะนี,ขายปลีก,ผลไม้,5/18/2011 12:00:00 AM,35,30
P14019,ทุเรียนชะนี,ขายปลีก,ผลไม้,5/19/2011 12:00:00 AM,30,25
P14019,ทุเรียนชะนี,ขายปลีก,ผลไม้,5/20/2011 12:00:00 AM,30,25
P14019,ทุเรียนชะนี,ขายปลีก,ผลไม้,5/23/2011 12:00:00 AM,30,25
P14019,ทุเรียนชะนี,ขายปลีก,ผลไม้,5/24/2011 12:00:00 AM,30,25
P14019,ทุเรียนชะนี,ขายปลีก,ผลไม้,5/25/2011 12:00:00 AM,30,25
P14019,ทุเรียนชะนี,ขายปลีก,ผลไม้,5/26/2011 12:00:00 AM,30,25
P14019,ทุเรียนชะนี,ขายปลีก,ผลไม้,5/27/2011 12:00:00 AM,30,25
P14019,ทุเรียนชะนี,ขายปลีก,ผลไม้,5/30/2011 12:00:00 AM,30,25
P14019,ทุเรียนชะนี,ขายปลีก,ผลไม้,5/31/2011 12:00:00 AM,45,40
P14019,ทุเรียนชะนี,ขายปลีก,ผลไม้,6/1/2011 12:00:00 AM,45,40
P14019,ทุเรียนชะนี,ขายปลีก,ผลไม้,6/2/2011 12:00:00 AM,45,40
P14019,ทุเรียนชะนี,ขายปลีก,ผลไม้,6/3/2011 12:00:00 AM,45,40
P14019,ทุเรียนชะนี,ขายปลีก,ผลไม้,6/6/2011 12:00:00 AM,45,40
P14019,ทุเรียนชะนี,ขายปลีก,ผลไม้,6/7/2011 12:00:00 AM,45,40
P14019,ทุเรียนชะนี,ขายปลีก,ผลไม้,6/8/2011 12:00:00 AM,45,40
P14019,ทุเรียนชะนี,ขายปลีก,ผลไม้,6/9/2011 12:00:00 AM,45,40
P14019,ทุเรียนชะนี,ขายปลีก,ผลไม้,6/10/2011 12:00:00 AM,45,40
P14019,ทุเรียนชะนี,ขายปลีก,ผลไม้,6/13/2011 12:00:00 AM,45,40
P14019,ทุเรียนชะนี,ขายปลีก,ผลไม้,6/14/2011 12:00:00 AM,45,40
P14019,ทุเรียนชะนี,ขายปลีก,ผลไม้,6/15/2011 12:00:00 AM,45,40
P14019,ทุเรียนชะนี,ขายปลีก,ผลไม้,6/16/2011 12:00:00 AM,45,40
P14019,ทุเรียนชะนี,ขายปลีก,ผลไม้,6/17/2011 12:00:00 AM,45,40
P14019,ทุเรียนชะนี,ขายปลีก,ผลไม้,6/20/2011 12:00:00 AM,45,40
P14019,ทุเรียนชะนี,ขายปลีก,ผลไม้,6/21/2011 12:00:00 AM,55,50
P14019,ทุเรียนชะนี,ขายปลีก,ผลไม้,6/22/2011 12:00:00 AM,55,50
P14019,ทุเรียนชะนี,ขายปลีก,ผลไม้,6/23/2011 12:00:00 AM,55,50
P14019,ทุเรียนชะนี,ขายปลีก,ผลไม้,6/24/2011 12:00:00 AM,55,50
P14019,ทุเรียนชะนี,ขายปลีก,ผลไม้,6/27/2011 12:00:00 AM,55,50
P14019,ทุเรียนชะนี,ขายปลีก,ผลไม้,6/28/2011 12:00:00 AM,0,0
P14019,ทุเรียนชะนี,ขายปลีก,ผลไม้,6/29/2011 12:00:00 AM,0,0
P14019,ทุเรียนชะนี,ขายปลีก,ผลไม้,6/30/2011 12:00:00 AM,0,0
P14019,ทุเรียนชะนี,ขายปลีก,ผลไม้,7/1/2011 12:00:00 AM,0,0
P14019,ทุเรียนชะนี,ขายปลีก,ผลไม้,7/4/2011 12:00:00 AM,0,0
P14019,ทุเรียนชะนี,ขายปลีก,ผลไม้,7/5/2011 12:00:00 AM,0,0
P14019,ทุเรียนชะนี,ขายปลีก,ผลไม้,7/6/2011 12:00:00 AM,0,0
P14019,ทุเรียนชะนี,ขายปลีก,ผลไม้,7/7/2011 12:00:00 AM,0,0
P14019,ทุเรียนชะนี,ขายปลีก,ผลไม้,7/8/2011 12:00:00 AM,0,0
P14019,ทุเรียนชะนี,ขายปลีก,ผลไม้,7/11/2011 12:00:00 AM,0,0
P14019,ทุเรียนชะนี,ขายปลีก,ผลไม้,7/12/2011 12:00:00 AM,0,0
P14019,ทุเรียนชะนี,ขายปลีก,ผลไม้,7/13/2011 12:00:00 AM,0,0
P14019,ทุเรียนชะนี,ขายปลีก,ผลไม้,7/14/2011 12:00:00 AM,0,0
P14019,ทุเรียนชะนี,ขายปลีก,ผลไม้,7/19/2011 12:00:00 AM,0,0
P14019,ทุเรียนชะนี,ขายปลีก,ผลไม้,7/20/2011 12:00:00 AM,0,0
P14019,ทุเรียนชะนี,ขายปลีก,ผลไม้,7/21/2011 12:00:00 AM,0,0
P14019,ทุเรียนชะนี,ขายปลีก,ผลไม้,7/22/2011 12:00:00 AM,0,0
P14019,ทุเรียนชะนี,ขายปลีก,ผลไม้,7/25/2011 12:00:00 AM,0,0
P14019,ทุเรียนชะนี,ขายปลีก,ผลไม้,7/26/2011 12:00:00 AM,0,0
P14019,ทุเรียนชะนี,ขายปลีก,ผลไม้,7/27/2011 12:00:00 AM,0,0
P14019,ทุเรียนชะนี,ขายปลีก,ผลไม้,7/28/2011 12:00:00 AM,0,0
P14019,ทุเรียนชะนี,ขายปลีก,ผลไม้,7/29/2011 12:00:00 AM,0,0
P14019,ทุเรียนชะนี,ขายปลีก,ผลไม้,8/1/2011 12:00:00 AM,0,0
P14019,ทุเรียนชะนี,ขายปลีก,ผลไม้,8/2/2011 12:00:00 AM,0,0
P14019,ทุเรียนชะนี,ขายปลีก,ผลไม้,8/3/2011 12:00:00 AM,0,0
P14019,ทุเรียนชะนี,ขายปลีก,ผลไม้,8/4/2011 12:00:00 AM,0,0
P14019,ทุเรียนชะนี,ขายปลีก,ผลไม้,8/5/2011 12:00:00 AM,0,0
P14019,ทุเรียนชะนี,ขายปลีก,ผลไม้,8/8/2011 12:00:00 AM,0,0
P14019,ทุเรียนชะนี,ขายปลีก,ผลไม้,8/9/2011 12:00:00 AM,0,0
P14019,ทุเรียนชะนี,ขายปลีก,ผลไม้,8/10/2011 12:00:00 AM,0,0
P14019,ทุเรียนชะนี,ขายปลีก,ผลไม้,8/11/2011 12:00:00 AM,0,0
P14019,ทุเรียนชะนี,ขายปลีก,ผลไม้,8/15/2011 12:00:00 AM,0,0
P14019,ทุเรียนชะนี,ขายปลีก,ผลไม้,8/16/2011 12:00:00 AM,0,0
P14019,ทุเรียนชะนี,ขายปลีก,ผลไม้,8/17/2011 12:00:00 AM,0,0
P14019,ทุเรียนชะนี,ขายปลีก,ผลไม้,8/18/2011 12:00:00 AM,0,0
P14019,ทุเรียนชะนี,ขายปลีก,ผลไม้,8/19/2011 12:00:00 AM,0,0
P14019,ทุเรียนชะนี,ขายปลีก,ผลไม้,8/22/2011 12:00:00 AM,0,0
P14019,ทุเรียนชะนี,ขายปลีก,ผลไม้,8/23/2011 12:00:00 AM,0,0
P14019,ทุเรียนชะนี,ขายปลีก,ผลไม้,8/24/2011 12:00:00 AM,0,0
P14019,ทุเรียนชะนี,ขายปลีก,ผลไม้,8/25/2011 12:00:00 AM,0,0
P14019,ทุเรียนชะนี,ขายปลีก,ผลไม้,8/26/2011 12:00:00 AM,0,0
P14019,ทุเรียนชะนี,ขายปลีก,ผลไม้,8/29/2011 12:00:00 AM,0,0
P14019,ทุเรียนชะนี,ขายปลีก,ผลไม้,8/30/2011 12:00:00 AM,0,0
P14019,ทุเรียนชะนี,ขายปลีก,ผลไม้,8/31/2011 12:00:00 AM,0,0
P14019,ทุเรียนชะนี,ขายปลีก,ผลไม้,9/1/2011 12:00:00 AM,0,0
P14019,ทุเรียนชะนี,ขายปลีก,ผลไม้,9/2/2011 12:00:00 AM,0,0
P14019,ทุเรียนชะนี,ขายปลีก,ผลไม้,9/5/2011 12:00:00 AM,0,0
P14019,ทุเรียนชะนี,ขายปลีก,ผลไม้,9/6/2011 12:00:00 AM,0,0
P14019,ทุเรียนชะนี,ขายปลีก,ผลไม้,9/7/2011 12:00:00 AM,0,0
P14019,ทุเรียนชะนี,ขายปลีก,ผลไม้,9/8/2011 12:00:00 AM,0,0
P14019,ทุเรียนชะนี,ขายปลีก,ผลไม้,9/9/2011 12:00:00 AM,0,0
P14019,ทุเรียนชะนี,ขายปลีก,ผลไม้,9/12/2011 12:00:00 AM,0,0
P14019,ทุเรียนชะนี,ขายปลีก,ผลไม้,9/13/2011 12:00:00 AM,0,0
P14019,ทุเรียนชะนี,ขายปลีก,ผลไม้,9/14/2011 12:00:00 AM,0,0
P14019,ทุเรียนชะนี,ขายปลีก,ผลไม้,9/15/2011 12:00:00 AM,0,0
P14019,ทุเรียนชะนี,ขายปลีก,ผลไม้,9/16/2011 12:00:00 AM,0,0
P14019,ทุเรียนชะนี,ขายปลีก,ผลไม้,9/19/2011 12:00:00 AM,0,0
P14019,ทุเรียนชะนี,ขายปลีก,ผลไม้,9/20/2011 12:00:00 AM,0,0
P14019,ทุเรียนชะนี,ขายปลีก,ผลไม้,9/21/2011 12:00:00 AM,0,0
P14019,ทุเรียนชะนี,ขายปลีก,ผลไม้,9/22/2011 12:00:00 AM,0,0
P14019,ทุเรียนชะนี,ขายปลีก,ผลไม้,9/23/2011 12:00:00 AM,0,0
P14019,ทุเรียนชะนี,ขายปลีก,ผลไม้,9/26/2011 12:00:00 AM,0,0
P14019,ทุเรียนชะนี,ขายปลีก,ผลไม้,9/27/2011 12:00:00 AM,0,0
P14019,ทุเรียนชะนี,ขายปลีก,ผลไม้,9/28/2011 12:00:00 AM,0,0
P14019,ทุเรียนชะนี,ขายปลีก,ผลไม้,9/29/2011 12:00:00 AM,0,0
P14019,ทุเรียนชะนี,ขายปลีก,ผลไม้,9/30/2011 12:00:00 AM,0,0
P14019,ทุเรียนชะนี,ขายปลีก,ผลไม้,10/3/2011 12:00:00 AM,0,0
P14019,ทุเรียนชะนี,ขายปลีก,ผลไม้,10/4/2011 12:00:00 AM,0,0
P14019,ทุเรียนชะนี,ขายปลีก,ผลไม้,10/5/2011 12:00:00 AM,0,0
P14019,ทุเรียนชะนี,ขายปลีก,ผลไม้,10/6/2011 12:00:00 AM,0,0
P14019,ทุเรียนชะนี,ขายปลีก,ผลไม้,10/7/2011 12:00:00 AM,0,0
P14019,ทุเรียนชะนี,ขายปลีก,ผลไม้,10/10/2011 12:00:00 AM,0,0
P14019,ทุเรียนชะนี,ขายปลีก,ผลไม้,10/11/2011 12:00:00 AM,0,0
P14019,ทุเรียนชะนี,ขายปลีก,ผลไม้,10/12/2011 12:00:00 AM,0,0
P14019,ทุเรียนชะนี,ขายปลีก,ผลไม้,10/13/2011 12:00:00 AM,0,0
P14019,ทุเรียนชะนี,ขายปลีก,ผลไม้,10/14/2011 12:00:00 AM,0,0
P14019,ทุเรียนชะนี,ขายปลีก,ผลไม้,10/17/2011 12:00:00 AM,0,0
P14019,ทุเรียนชะนี,ขายปลีก,ผลไม้,10/18/2011 12:00:00 AM,0,0
P14019,ทุเรียนชะนี,ขายปลีก,ผลไม้,10/19/2011 12:00:00 AM,0,0
P14019,ทุเรียนชะนี,ขายปลีก,ผลไม้,10/20/2011 12:00:00 AM,0,0
P14019,ทุเรียนชะนี,ขายปลีก,ผลไม้,10/21/2011 12:00:00 AM,0,0
P14019,ทุเรียนชะนี,ขายปลีก,ผลไม้,10/25/2011 12:00:00 AM,0,0
P14019,ทุเรียนชะนี,ขายปลีก,ผลไม้,10/26/2011 12:00:00 AM,0,0
P14019,ทุเรียนชะนี,ขายปลีก,ผลไม้,11/1/2011 12:00:00 AM,0,0
P14019,ทุเรียนชะนี,ขายปลีก,ผลไม้,11/2/2011 12:00:00 AM,0,0
P14019,ทุเรียนชะนี,ขายปลีก,ผลไม้,11/3/2011 12:00:00 AM,0,0
P14019,ทุเรียนชะนี,ขายปลีก,ผลไม้,11/4/2011 12:00:00 AM,0,0
P14019,ทุเรียนชะนี,ขายปลีก,ผลไม้,11/7/2011 12:00:00 AM,0,0
P14019,ทุเรียนชะนี,ขายปลีก,ผลไม้,11/8/2011 12:00:00 AM,0,0
P14019,ทุเรียนชะนี,ขายปลีก,ผลไม้,11/9/2011 12:00:00 AM,0,0
P14019,ทุเรียนชะนี,ขายปลีก,ผลไม้,11/10/2011 12:00:00 AM,0,0
P14019,ทุเรียนชะนี,ขายปลีก,ผลไม้,11/11/2011 12:00:00 AM,0,0
P14019,ทุเรียนชะนี,ขายปลีก,ผลไม้,11/14/2011 12:00:00 AM,0,0
P14019,ทุเรียนชะนี,ขายปลีก,ผลไม้,11/15/2011 12:00:00 AM,0,0
P14019,ทุเรียนชะนี,ขายปลีก,ผลไม้,11/16/2011 12:00:00 AM,0,0
P14019,ทุเรียนชะนี,ขายปลีก,ผลไม้,11/17/2011 12:00:00 AM,0,0
P14019,ทุเรียนชะนี,ขายปลีก,ผลไม้,11/18/2011 12:00:00 AM,0,0
P14019,ทุเรียนชะนี,ขายปลีก,ผลไม้,11/21/2011 12:00:00 AM,0,0
P14019,ทุเรียนชะนี,ขายปลีก,ผลไม้,11/22/2011 12:00:00 AM,0,0
P14019,ทุเรียนชะนี,ขายปลีก,ผลไม้,11/23/2011 12:00:00 AM,0,0
P14019,ทุเรียนชะนี,ขายปลีก,ผลไม้,11/24/2011 12:00:00 AM,0,0
P14019,ทุเรียนชะนี,ขายปลีก,ผลไม้,11/25/2011 12:00:00 AM,0,0
P14019,ทุเรียนชะนี,ขายปลีก,ผลไม้,11/28/2011 12:00:00 AM,0,0
P14019,ทุเรียนชะนี,ขายปลีก,ผลไม้,11/29/2011 12:00:00 AM,0,0
P14019,ทุเรียนชะนี,ขายปลีก,ผลไม้,11/30/2011 12:00:00 AM,0,0
P14019,ทุเรียนชะนี,ขายปลีก,ผลไม้,12/1/2011 12:00:00 AM,0,0
P14019,ทุเรียนชะนี,ขายปลีก,ผลไม้,12/2/2011 12:00:00 AM,0,0
P14019,ทุเรียนชะนี,ขายปลีก,ผลไม้,12/6/2011 12:00:00 AM,0,0
P14019,ทุเรียนชะนี,ขายปลีก,ผลไม้,12/7/2011 12:00:00 AM,0,0
P14019,ทุเรียนชะนี,ขายปลีก,ผลไม้,12/8/2011 12:00:00 AM,0,0
P14019,ทุเรียนชะนี,ขายปลีก,ผลไม้,12/9/2011 12:00:00 AM,0,0
P14019,ทุเรียนชะนี,ขายปลีก,ผลไม้,12/13/2011 12:00:00 AM,0,0
P14019,ทุเรียนชะนี,ขายปลีก,ผลไม้,12/14/2011 12:00:00 AM,0,0
P14019,ทุเรียนชะนี,ขายปลีก,ผลไม้,12/15/2011 12:00:00 AM,0,0
P14019,ทุเรียนชะนี,ขายปลีก,ผลไม้,12/16/2011 12:00:00 AM,0,0
P14019,ทุเรียนชะนี,ขายปลีก,ผลไม้,12/19/2011 12:00:00 AM,0,0
P14019,ทุเรียนชะนี,ขายปลีก,ผลไม้,12/20/2011 12:00:00 AM,0,0
P14019,ทุเรียนชะนี,ขายปลีก,ผลไม้,12/21/2011 12:00:00 AM,0,0
P14019,ทุเรียนชะนี,ขายปลีก,ผลไม้,12/22/2011 12:00:00 AM,0,0
P14019,ทุเรียนชะนี,ขายปลีก,ผลไม้,12/23/2011 12:00:00 AM,0,0
P14019,ทุเรียนชะนี,ขายปลีก,ผลไม้,12/26/2011 12:00:00 AM,0,0
P14019,ทุเรียนชะนี,ขายปลีก,ผลไม้,12/27/2011 12:00:00 AM,0,0
P14019,ทุเรียนชะนี,ขายปลีก,ผลไม้,12/28/2011 12:00:00 AM,0,0
P14019,ทุเรียนชะนี,ขายปลีก,ผลไม้,12/29/2011 12:00:00 AM,0,0
P14019,ทุเรียนชะนี,ขายปลีก,ผลไม้,12/30/2011 12:00:00 AM,0,0
P14019,ทุเรียนชะนี,ขายปลีก,ผลไม้,1/4/2012 12:00:00 AM,0,0
P14019,ทุเรียนชะนี,ขายปลีก,ผลไม้,1/5/2012 12:00:00 AM,0,0
P14019,ทุเรียนชะนี,ขายปลีก,ผลไม้,1/6/2012 12:00:00 AM,0,0
P14019,ทุเรียนชะนี,ขายปลีก,ผลไม้,1/9/2012 12:00:00 AM,0,0
P14019,ทุเรียนชะนี,ขายปลีก,ผลไม้,1/10/2012 12:00:00 AM,0,0
P14019,ทุเรียนชะนี,ขายปลีก,ผลไม้,1/11/2012 12:00:00 AM,0,0
P14019,ทุเรียนชะนี,ขายปลีก,ผลไม้,1/12/2012 12:00:00 AM,0,0
P14019,ทุเรียนชะนี,ขายปลีก,ผลไม้,1/13/2012 12:00:00 AM,0,0
P14019,ทุเรียนชะนี,ขายปลีก,ผลไม้,1/16/2012 12:00:00 AM,0,0
P14019,ทุเรียนชะนี,ขายปลีก,ผลไม้,1/17/2012 12:00:00 AM,0,0
P14019,ทุเรียนชะนี,ขายปลีก,ผลไม้,1/18/2012 12:00:00 AM,0,0
P14019,ทุเรียนชะนี,ขายปลีก,ผลไม้,1/19/2012 12:00:00 AM,0,0
P14019,ทุเรียนชะนี,ขายปลีก,ผลไม้,1/20/2012 12:00:00 AM,0,0
P14019,ทุเรียนชะนี,ขายปลีก,ผลไม้,1/23/2012 12:00:00 AM,0,0
P14019,ทุเรียนชะนี,ขายปลีก,ผลไม้,1/24/2012 12:00:00 AM,0,0
P14019,ทุเรียนชะนี,ขายปลีก,ผลไม้,1/25/2012 12:00:00 AM,0,0
P14019,ทุเรียนชะนี,ขายปลีก,ผลไม้,1/26/2012 12:00:00 AM,0,0
P14019,ทุเรียนชะนี,ขายปลีก,ผลไม้,1/27/2012 12:00:00 AM,0,0
P14019,ทุเรียนชะนี,ขายปลีก,ผลไม้,1/30/2012 12:00:00 AM,0,0
P14019,ทุเรียนชะนี,ขายปลีก,ผลไม้,1/31/2012 12:00:00 AM,0,0
P14019,ทุเรียนชะนี,ขายปลีก,ผลไม้,2/1/2012 12:00:00 AM,0,0
P14019,ทุเรียนชะนี,ขายปลีก,ผลไม้,2/2/2012 12:00:00 AM,0,0
P14019,ทุเรียนชะนี,ขายปลีก,ผลไม้,2/3/2012 12:00:00 AM,0,0
P14019,ทุเรียนชะนี,ขายปลีก,ผลไม้,2/6/2012 12:00:00 AM,0,0
P14019,ทุเรียนชะนี,ขายปลีก,ผลไม้,2/7/2012 12:00:00 AM,0,0
P14019,ทุเรียนชะนี,ขายปลีก,ผลไม้,2/8/2012 12:00:00 AM,0,0
P14019,ทุเรียนชะนี,ขายปลีก,ผลไม้,2/9/2012 12:00:00 AM,0,0
P14019,ทุเรียนชะนี,ขายปลีก,ผลไม้,2/10/2012 12:00:00 AM,0,0
P14019,ทุเรียนชะนี,ขายปลีก,ผลไม้,2/13/2012 12:00:00 AM,0,0
P14019,ทุเรียนชะนี,ขายปลีก,ผลไม้,2/14/2012 12:00:00 AM,0,0
P14019,ทุเรียนชะนี,ขายปลีก,ผลไม้,2/15/2012 12:00:00 AM,0,0
P14019,ทุเรียนชะนี,ขายปลีก,ผลไม้,2/16/2012 12:00:00 AM,0,0
P14019,ทุเรียนชะนี,ขายปลีก,ผลไม้,2/17/2012 12:00:00 AM,0,0
P14019,ทุเรียนชะนี,ขายปลีก,ผลไม้,2/20/2012 12:00:00 AM,0,0
P14019,ทุเรียนชะนี,ขายปลีก,ผลไม้,2/21/2012 12:00:00 AM,0,0
P14019,ทุเรียนชะนี,ขายปลีก,ผลไม้,2/22/2012 12:00:00 AM,0,0
P14019,ทุเรียนชะนี,ขายปลีก,ผลไม้,2/23/2012 12:00:00 AM,0,0
P14019,ทุเรียนชะนี,ขายปลีก,ผลไม้,2/24/2012 12:00:00 AM,0,0
P14019,ทุเรียนชะนี,ขายปลีก,ผลไม้,2/27/2012 12:00:00 AM,0,0
P14019,ทุเรียนชะนี,ขายปลีก,ผลไม้,2/28/2012 12:00:00 AM,0,0
P14019,ทุเรียนชะนี,ขายปลีก,ผลไม้,2/29/2012 12:00:00 AM,0,0
P14019,ทุเรียนชะนี,ขายปลีก,ผลไม้,3/1/2012 12:00:00 AM,0,0
P14019,ทุเรียนชะนี,ขายปลีก,ผลไม้,3/2/2012 12:00:00 AM,0,0
P14019,ทุเรียนชะนี,ขายปลีก,ผลไม้,3/5/2012 12:00:00 AM,0,0
P14019,ทุเรียนชะนี,ขายปลีก,ผลไม้,3/6/2012 12:00:00 AM,0,0
P14019,ทุเรียนชะนี,ขายปลีก,ผลไม้,3/8/2012 12:00:00 AM,0,0
P14019,ทุเรียนชะนี,ขายปลีก,ผลไม้,3/9/2012 12:00:00 AM,0,0
P14019,ทุเรียนชะนี,ขายปลีก,ผลไม้,3/12/2012 12:00:00 AM,0,0
P14019,ทุเรียนชะนี,ขายปลีก,ผลไม้,3/13/2012 12:00:00 AM,0,0
P14019,ทุเรียนชะนี,ขายปลีก,ผลไม้,3/14/2012 12:00:00 AM,0,0
P14019,ทุเรียนชะนี,ขายปลีก,ผลไม้,3/15/2012 12:00:00 AM,0,0
P14019,ทุเรียนชะนี,ขายปลีก,ผลไม้,3/16/2012 12:00:00 AM,0,0
P14019,ทุเรียนชะนี,ขายปลีก,ผลไม้,3/19/2012 12:00:00 AM,0,0
P14019,ทุเรียนชะนี,ขายปลีก,ผลไม้,3/20/2012 12:00:00 AM,0,0
P14019,ทุเรียนชะนี,ขายปลีก,ผลไม้,3/21/2012 12:00:00 AM,0,0
P14019,ทุเรียนชะนี,ขายปลีก,ผลไม้,3/22/2012 12:00:00 AM,0,0
P14019,ทุเรียนชะนี,ขายปลีก,ผลไม้,3/23/2012 12:00:00 AM,0,0
P14019,ทุเรียนชะนี,ขายปลีก,ผลไม้,3/26/2012 12:00:00 AM,0,0
P14019,ทุเรียนชะนี,ขายปลีก,ผลไม้,3/27/2012 12:00:00 AM,0,0
P14019,ทุเรียนชะนี,ขายปลีก,ผลไม้,3/28/2012 12:00:00 AM,0,0
P14019,ทุเรียนชะนี,ขายปลีก,ผลไม้,3/29/2012 12:00:00 AM,0,0
P14019,ทุเรียนชะนี,ขายปลีก,ผลไม้,3/30/2012 12:00:00 AM,0,0
P14019,ทุเรียนชะนี,ขายปลีก,ผลไม้,4/2/2012 12:00:00 AM,0,0
P14019,ทุเรียนชะนี,ขายปลีก,ผลไม้,4/3/2012 12:00:00 AM,0,0
P14019,ทุเรียนชะนี,ขายปลีก,ผลไม้,4/4/2012 12:00:00 AM,0,0
P14019,ทุเรียนชะนี,ขายปลีก,ผลไม้,4/5/2012 12:00:00 AM,0,0
P14019,ทุเรียนชะนี,ขายปลีก,ผลไม้,4/10/2012 12:00:00 AM,0,0
P14019,ทุเรียนชะนี,ขายปลีก,ผลไม้,4/11/2012 12:00:00 AM,0,0
P14019,ทุเรียนชะนี,ขายปลีก,ผลไม้,4/12/2012 12:00:00 AM,0,0
P14019,ทุเรียนชะนี,ขายปลีก,ผลไม้,4/17/2012 12:00:00 AM,0,0
P14019,ทุเรียนชะนี,ขายปลีก,ผลไม้,4/18/2012 12:00:00 AM,0,0
P14019,ทุเรียนชะนี,ขายปลีก,ผลไม้,4/19/2012 12:00:00 AM,0,0
P14019,ทุเรียนชะนี,ขายปลีก,ผลไม้,4/20/2012 12:00:00 AM,0,0
P14019,ทุเรียนชะนี,ขายปลีก,ผลไม้,4/23/2012 12:00:00 AM,0,0
P14019,ทุเรียนชะนี,ขายปลีก,ผลไม้,4/24/2012 12:00:00 AM,0,0
P14019,ทุเรียนชะนี,ขายปลีก,ผลไม้,4/25/2012 12:00:00 AM,0,0
P14019,ทุเรียนชะนี,ขายปลีก,ผลไม้,4/26/2012 12:00:00 AM,0,0
P14019,ทุเรียนชะนี,ขายปลีก,ผลไม้,4/27/2012 12:00:00 AM,0,0
P14019,ทุเรียนชะนี,ขายปลีก,ผลไม้,4/30/2012 12:00:00 AM,0,0
P14019,ทุเรียนชะนี,ขายปลีก,ผลไม้,5/1/2012 12:00:00 AM,40,35
P14019,ทุเรียนชะนี,ขายปลีก,ผลไม้,5/2/2012 12:00:00 AM,40,35
P14019,ทุเรียนชะนี,ขายปลีก,ผลไม้,5/3/2012 12:00:00 AM,40,35
P14019,ทุเรียนชะนี,ขายปลีก,ผลไม้,5/4/2012 12:00:00 AM,40,35
P14019,ทุเรียนชะนี,ขายปลีก,ผลไม้,5/8/2012 12:00:00 AM,40,35
P14019,ทุเรียนชะนี,ขายปลีก,ผลไม้,5/10/2012 12:00:00 AM,40,35
P14019,ทุเรียนชะนี,ขายปลีก,ผลไม้,5/11/2012 12:00:00 AM,40,35
P14019,ทุเรียนชะนี,ขายปลีก,ผลไม้,5/14/2012 12:00:00 AM,40,35
P14019,ทุเรียนชะนี,ขายปลีก,ผลไม้,5/15/2012 12:00:00 AM,40,35
P14019,ทุเรียนชะนี,ขายปลีก,ผลไม้,5/16/2012 12:00:00 AM,40,35
P14019,ทุเรียนชะนี,ขายปลีก,ผลไม้,5/17/2012 12:00:00 AM,40,35
P14019,ทุเรียนชะนี,ขายปลีก,ผลไม้,5/18/2012 12:00:00 AM,40,35
P14019,ทุเรียนชะนี,ขายปลีก,ผลไม้,5/21/2012 12:00:00 AM,40,35
P14019,ทุเรียนชะนี,ขายปลีก,ผลไม้,5/22/2012 12:00:00 AM,40,35
P14019,ทุเรียนชะนี,ขายปลีก,ผลไม้,5/23/2012 12:00:00 AM,40,35
P14019,ทุเรียนชะนี,ขายปลีก,ผลไม้,5/24/2012 12:00:00 AM,40,35
P14019,ทุเรียนชะนี,ขายปลีก,ผลไม้,5/25/2012 12:00:00 AM,40,35
P14019,ทุเรียนชะนี,ขายปลีก,ผลไม้,5/28/2012 12:00:00 AM,40,35
P14019,ทุเรียนชะนี,ขายปลีก,ผลไม้,5/29/2012 12:00:00 AM,40,35
P14019,ทุเรียนชะนี,ขายปลีก,ผลไม้,5/30/2012 12:00:00 AM,40,35
P14019,ทุเรียนชะนี,ขายปลีก,ผลไม้,5/31/2012 12:00:00 AM,40,35
P14019,ทุเรียนชะนี,ขายปลีก,ผลไม้,6/1/2012 12:00:00 AM,40,35
P14019,ทุเรียนชะนี,ขายปลีก,ผลไม้,6/5/2012 12:00:00 AM,40,35
P14019,ทุเรียนชะนี,ขายปลีก,ผลไม้,6/6/2012 12:00:00 AM,40,35
P14019,ทุเรียนชะนี,ขายปลีก,ผลไม้,6/7/2012 12:00:00 AM,40,35
P14019,ทุเรียนชะนี,ขายปลีก,ผลไม้,6/8/2012 12:00:00 AM,40,35
P14019,ทุเรียนชะนี,ขายปลีก,ผลไม้,6/11/2012 12:00:00 AM,40,35
P14019,ทุเรียนชะนี,ขายปลีก,ผลไม้,6/12/2012 12:00:00 AM,40,35
P14019,ทุเรียนชะนี,ขายปลีก,ผลไม้,6/13/2012 12:00:00 AM,40,35
P14019,ทุเรียนชะนี,ขายปลีก,ผลไม้,6/14/2012 12:00:00 AM,40,35
P14019,ทุเรียนชะนี,ขายปลีก,ผลไม้,6/15/2012 12:00:00 AM,40,35
P14019,ทุเรียนชะนี,ขายปลีก,ผลไม้,6/18/2012 12:00:00 AM,40,35
P14019,ทุเรียนชะนี,ขายปลีก,ผลไม้,6/19/2012 12:00:00 AM,40,35
P14019,ทุเรียนชะนี,ขายปลีก,ผลไม้,6/20/2012 12:00:00 AM,40,35
P14019,ทุเรียนชะนี,ขายปลีก,ผลไม้,6/21/2012 12:00:00 AM,40,35
P14019,ทุเรียนชะนี,ขายปลีก,ผลไม้,6/22/2012 12:00:00 AM,40,35
P14019,ทุเรียนชะนี,ขายปลีก,ผลไม้,6/25/2012 12:00:00 AM,40,35
P14019,ทุเรียนชะนี,ขายปลีก,ผลไม้,6/26/2012 12:00:00 AM,40,35
P14019,ทุเรียนชะนี,ขายปลีก,ผลไม้,6/27/2012 12:00:00 AM,40,35
P14019,ทุเรียนชะนี,ขายปลีก,ผลไม้,6/28/2012 12:00:00 AM,40,35
P14019,ทุเรียนชะนี,ขายปลีก,ผลไม้,6/29/2012 12:00:00 AM,40,35
P14019,ทุเรียนชะนี,ขายปลีก,ผลไม้,7/2/2012 12:00:00 AM,40,35
P14019,ทุเรียนชะนี,ขายปลีก,ผลไม้,7/3/2012 12:00:00 AM,40,35
P14019,ทุเรียนชะนี,ขายปลีก,ผลไม้,7/4/2012 12:00:00 AM,40,35
P14019,ทุเรียนชะนี,ขายปลีก,ผลไม้,7/5/2012 12:00:00 AM,40,35
P14019,ทุเรียนชะนี,ขายปลีก,ผลไม้,7/6/2012 12:00:00 AM,40,35
P14019,ทุเรียนชะนี,ขายปลีก,ผลไม้,7/9/2012 12:00:00 AM,0,0
P14019,ทุเรียนชะนี,ขายปลีก,ผลไม้,7/10/2012 12:00:00 AM,0,0
P14019,ทุเรียนชะนี,ขายปลีก,ผลไม้,7/11/2012 12:00:00 AM,0,0
P14019,ทุเรียนชะนี,ขายปลีก,ผลไม้,7/12/2012 12:00:00 AM,0,0
P14019,ทุเรียนชะนี,ขายปลีก,ผลไม้,7/13/2012 12:00:00 AM,0,0
P14019,ทุเรียนชะนี,ขายปลีก,ผลไม้,7/16/2012 12:00:00 AM,0,0
P14019,ทุเรียนชะนี,ขายปลีก,ผลไม้,7/17/2012 12:00:00 AM,0,0
P14019,ทุเรียนชะนี,ขายปลีก,ผลไม้,7/18/2012 12:00:00 AM,0,0
P14019,ทุเรียนชะนี,ขายปลีก,ผลไม้,7/19/2012 12:00:00 AM,0,0
P14019,ทุเรียนชะนี,ขายปลีก,ผลไม้,7/20/2012 12:00:00 AM,0,0
P14019,ทุเรียนชะนี,ขายปลีก,ผลไม้,7/23/2012 12:00:00 AM,0,0
P14019,ทุเรียนชะนี,ขายปลีก,ผลไม้,7/24/2012 12:00:00 AM,0,0
P14019,ทุเรียนชะนี,ขายปลีก,ผลไม้,7/25/2012 12:00:00 AM,0,0
P14019,ทุเรียนชะนี,ขายปลีก,ผลไม้,7/26/2012 12:00:00 AM,0,0
P14019,ทุเรียนชะนี,ขายปลีก,ผลไม้,7/27/2012 12:00:00 AM,0,0
P14019,ทุเรียนชะนี,ขายปลีก,ผลไม้,7/30/2012 12:00:00 AM,0,0
P14019,ทุเรียนชะนี,ขายปลีก,ผลไม้,7/31/2012 12:00:00 AM,0,0
P14019,ทุเรียนชะนี,ขายปลีก,ผลไม้,8/1/2012 12:00:00 AM,0,0
P14019,ทุเรียนชะนี,ขายปลีก,ผลไม้,8/6/2012 12:00:00 AM,0,0
P14019,ทุเรียนชะนี,ขายปลีก,ผลไม้,8/7/2012 12:00:00 AM,0,0
P14019,ทุเรียนชะนี,ขายปลีก,ผลไม้,8/8/2012 12:00:00 AM,0,0
P14019,ทุเรียนชะนี,ขายปลีก,ผลไม้,8/9/2012 12:00:00 AM,0,0
P14019,ทุเรียนชะนี,ขายปลีก,ผลไม้,8/10/2012 12:00:00 AM,0,0
P14019,ทุเรียนชะนี,ขายปลีก,ผลไม้,8/14/2012 12:00:00 AM,0,0
P14019,ทุเรียนชะนี,ขายปลีก,ผลไม้,8/15/2012 12:00:00 AM,0,0
P14019,ทุเรียนชะนี,ขายปลีก,ผลไม้,8/16/2012 12:00:00 AM,0,0
P14019,ทุเรียนชะนี,ขายปลีก,ผลไม้,8/17/2012 12:00:00 AM,0,0
P14019,ทุเรียนชะนี,ขายปลีก,ผลไม้,8/20/2012 12:00:00 AM,0,0
P14019,ทุเรียนชะนี,ขายปลีก,ผลไม้,8/21/2012 12:00:00 AM,0,0
P14019,ทุเรียนชะนี,ขายปลีก,ผลไม้,8/22/2012 12:00:00 AM,0,0
P14019,ทุเรียนชะนี,ขายปลีก,ผลไม้,8/23/2012 12:00:00 AM,0,0
P14019,ทุเรียนชะนี,ขายปลีก,ผลไม้,8/24/2012 12:00:00 AM,0,0
P14019,ทุเรียนชะนี,ขายปลีก,ผลไม้,8/27/2012 12:00:00 AM,0,0
P14019,ทุเรียนชะนี,ขายปลีก,ผลไม้,8/28/2012 12:00:00 AM,0,0
P14019,ทุเรียนชะนี,ขายปลีก,ผลไม้,8/29/2012 12:00:00 AM,0,0
P14019,ทุเรียนชะนี,ขายปลีก,ผลไม้,8/30/2012 12:00:00 AM,0,0
P14019,ทุเรียนชะนี,ขายปลีก,ผลไม้,8/31/2012 12:00:00 AM,0,0
P14019,ทุเรียนชะนี,ขายปลีก,ผลไม้,9/3/2012 12:00:00 AM,0,0
P14019,ทุเรียนชะนี,ขายปลีก,ผลไม้,9/4/2012 12:00:00 AM,0,0
P14019,ทุเรียนชะนี,ขายปลีก,ผลไม้,9/5/2012 12:00:00 AM,0,0
P14019,ทุเรียนชะนี,ขายปลีก,ผลไม้,9/6/2012 12:00:00 AM,0,0
P14019,ทุเรียนชะนี,ขายปลีก,ผลไม้,9/7/2012 12:00:00 AM,0,0
P14019,ทุเรียนชะนี,ขายปลีก,ผลไม้,9/10/2012 12:00:00 AM,0,0
P14019,ทุเรียนชะนี,ขายปลีก,ผลไม้,9/11/2012 12:00:00 AM,0,0
P14019,ทุเรียนชะนี,ขายปลีก,ผลไม้,9/12/2012 12:00:00 AM,0,0
P14019,ทุเรียนชะนี,ขายปลีก,ผลไม้,9/13/2012 12:00:00 AM,0,0
P14019,ทุเรียนชะนี,ขายปลีก,ผลไม้,9/14/2012 12:00:00 AM,0,0
P14019,ทุเรียนชะนี,ขายปลีก,ผลไม้,9/17/2012 12:00:00 AM,0,0
P14019,ทุเรียนชะนี,ขายปลีก,ผลไม้,9/18/2012 12:00:00 AM,0,0
P14019,ทุเรียนชะนี,ขายปลีก,ผลไม้,9/19/2012 12:00:00 AM,0,0
P14019,ทุเรียนชะนี,ขายปลีก,ผลไม้,9/20/2012 12:00:00 AM,0,0
P14019,ทุเรียนชะนี,ขายปลีก,ผลไม้,9/21/2012 12:00:00 AM,0,0
P14019,ทุเรียนชะนี,ขายปลีก,ผลไม้,9/24/2012 12:00:00 AM,0,0
P14019,ทุเรียนชะนี,ขายปลีก,ผลไม้,9/25/2012 12:00:00 AM,0,0
P14019,ทุเรียนชะนี,ขายปลีก,ผลไม้,9/26/2012 12:00:00 AM,0,0
P14019,ทุเรียนชะนี,ขายปลีก,ผลไม้,9/27/2012 12:00:00 AM,0,0
P14019,ทุเรียนชะนี,ขายปลีก,ผลไม้,9/28/2012 12:00:00 AM,0,0
P14019,ทุเรียนชะนี,ขายปลีก,ผลไม้,10/1/2012 12:00:00 AM,0,0
P14019,ทุเรียนชะนี,ขายปลีก,ผลไม้,10/2/2012 12:00:00 AM,0,0
P14019,ทุเรียนชะนี,ขายปลีก,ผลไม้,10/3/2012 12:00:00 AM,0,0
P14019,ทุเรียนชะนี,ขายปลีก,ผลไม้,10/4/2012 12:00:00 AM,0,0
P14019,ทุเรียนชะนี,ขายปลีก,ผลไม้,10/5/2012 12:00:00 AM,0,0
P14019,ทุเรียนชะนี,ขายปลีก,ผลไม้,10/8/2012 12:00:00 AM,0,0
P14019,ทุเรียนชะนี,ขายปลีก,ผลไม้,10/9/2012 12:00:00 AM,0,0
P14019,ทุเรียนชะนี,ขายปลีก,ผลไม้,10/10/2012 12:00:00 AM,0,0
P14019,ทุเรียนชะนี,ขายปลีก,ผลไม้,10/11/2012 12:00:00 AM,0,0
P14019,ทุเรียนชะนี,ขายปลีก,ผลไม้,10/12/2012 12:00:00 AM,0,0
P14019,ทุเรียนชะนี,ขายปลีก,ผลไม้,10/15/2012 12:00:00 AM,0,0
P14019,ทุเรียนชะนี,ขายปลีก,ผลไม้,10/16/2012 12:00:00 AM,0,0
P14019,ทุเรียนชะนี,ขายปลีก,ผลไม้,10/17/2012 12:00:00 AM,0,0
P14019,ทุเรียนชะนี,ขายปลีก,ผลไม้,10/18/2012 12:00:00 AM,0,0
P14019,ทุเรียนชะนี,ขายปลีก,ผลไม้,10/19/2012 12:00:00 AM,0,0
P14019,ทุเรียนชะนี,ขายปลีก,ผลไม้,10/22/2012 12:00:00 AM,0,0
P14019,ทุเรียนชะนี,ขายปลีก,ผลไม้,10/24/2012 12:00:00 AM,0,0
P14019,ทุเรียนชะนี,ขายปลีก,ผลไม้,10/25/2012 12:00:00 AM,0,0
P14019,ทุเรียนชะนี,ขายปลีก,ผลไม้,10/26/2012 12:00:00 AM,0,0
P14019,ทุเรียนชะนี,ขายปลีก,ผลไม้,10/29/2012 12:00:00 AM,0,0
P14019,ทุเรียนชะนี,ขายปลีก,ผลไม้,10/30/2012 12:00:00 AM,0,0
P14019,ทุเรียนชะนี,ขายปลีก,ผลไม้,10/31/2012 12:00:00 AM,0,0
P14019,ทุเรียนชะนี,ขายปลีก,ผลไม้,11/1/2012 12:00:00 AM,0,0
P14019,ทุเรียนชะนี,ขายปลีก,ผลไม้,11/2/2012 12:00:00 AM,0,0
P14019,ทุเรียนชะนี,ขายปลีก,ผลไม้,11/5/2012 12:00:00 AM,0,0
P14019,ทุเรียนชะนี,ขายปลีก,ผลไม้,11/6/2012 12:00:00 AM,0,0
P14019,ทุเรียนชะนี,ขายปลีก,ผลไม้,11/7/2012 12:00:00 AM,0,0
P14019,ทุเรียนชะนี,ขายปลีก,ผลไม้,11/8/2012 12:00:00 AM,0,0
P14019,ทุเรียนชะนี,ขายปลีก,ผลไม้,11/9/2012 12:00:00 AM,0,0
P14019,ทุเรียนชะนี,ขายปลีก,ผลไม้,11/12/2012 12:00:00 AM,0,0
P14019,ทุเรียนชะนี,ขายปลีก,ผลไม้,11/13/2012 12:00:00 AM,0,0
P14019,ทุเรียนชะนี,ขายปลีก,ผลไม้,11/14/2012 12:00:00 AM,0,0
P14019,ทุเรียนชะนี,ขายปลีก,ผลไม้,11/15/2012 12:00:00 AM,0,0
P14019,ทุเรียนชะนี,ขายปลีก,ผลไม้,11/16/2012 12:00:00 AM,0,0
P14019,ทุเรียนชะนี,ขายปลีก,ผลไม้,11/19/2012 12:00:00 AM,0,0
P14019,ทุเรียนชะนี,ขายปลีก,ผลไม้,11/20/2012 12:00:00 AM,0,0
P14019,ทุเรียนชะนี,ขายปลีก,ผลไม้,11/21/2012 12:00:00 AM,0,0
P14019,ทุเรียนชะนี,ขายปลีก,ผลไม้,11/22/2012 12:00:00 AM,0,0
P14019,ทุเรียนชะนี,ขายปลีก,ผลไม้,11/23/2012 12:00:00 AM,0,0
P14019,ทุเรียนชะนี,ขายปลีก,ผลไม้,11/26/2012 12:00:00 AM,0,0
P14019,ทุเรียนชะนี,ขายปลีก,ผลไม้,11/27/2012 12:00:00 AM,0,0
P14019,ทุเรียนชะนี,ขายปลีก,ผลไม้,11/28/2012 12:00:00 AM,0,0
P14019,ทุเรียนชะนี,ขายปลีก,ผลไม้,11/29/2012 12:00:00 AM,0,0
P14019,ทุเรียนชะนี,ขายปลีก,ผลไม้,11/30/2012 12:00:00 AM,0,0
P14019,ทุเรียนชะนี,ขายปลีก,ผลไม้,12/3/2012 12:00:00 AM,0,0
P14019,ทุเรียนชะนี,ขายปลีก,ผลไม้,12/4/2012 12:00:00 AM,0,0
P14019,ทุเรียนชะนี,ขายปลีก,ผลไม้,12/6/2012 12:00:00 AM,0,0
P14019,ทุเรียนชะนี,ขายปลีก,ผลไม้,12/7/2012 12:00:00 AM,0,0
P14019,ทุเรียนชะนี,ขายปลีก,ผลไม้,12/11/2012 12:00:00 AM,0,0
P14019,ทุเรียนชะนี,ขายปลีก,ผลไม้,12/12/2012 12:00:00 AM,0,0
P14019,ทุเรียนชะนี,ขายปลีก,ผลไม้,12/13/2012 12:00:00 AM,0,0
P14019,ทุเรียนชะนี,ขายปลีก,ผลไม้,12/14/2012 12:00:00 AM,0,0
P14019,ทุเรียนชะนี,ขายปลีก,ผลไม้,12/17/2012 12:00:00 AM,0,0
P14019,ทุเรียนชะนี,ขายปลีก,ผลไม้,12/18/2012 12:00:00 AM,0,0
P14019,ทุเรียนชะนี,ขายปลีก,ผลไม้,12/19/2012 12:00:00 AM,0,0
P14019,ทุเรียนชะนี,ขายปลีก,ผลไม้,12/20/2012 12:00:00 AM,0,0
P14019,ทุเรียนชะนี,ขายปลีก,ผลไม้,12/21/2012 12:00:00 AM,0,0
P14019,ทุเรียนชะนี,ขายปลีก,ผลไม้,12/24/2012 12:00:00 AM,0,0
P14019,ทุเรียนชะนี,ขายปลีก,ผลไม้,12/25/2012 12:00:00 AM,0,0
P14019,ทุเรียนชะนี,ขายปลีก,ผลไม้,12/26/2012 12:00:00 AM,0,0
P14019,ทุเรียนชะนี,ขายปลีก,ผลไม้,12/27/2012 12:00:00 AM,0,0
P14019,ทุเรียนชะนี,ขายปลีก,ผลไม้,12/28/2012 12:00:00 AM,0,0
P14019,ทุเรียนชะนี,ขายปลีก,ผลไม้,1/2/2013 12:00:00 AM,0,0
P14019,ทุเรียนชะนี,ขายปลีก,ผลไม้,1/3/2013 12:00:00 AM,0,0
P14019,ทุเรียนชะนี,ขายปลีก,ผลไม้,1/4/2013 12:00:00 AM,0,0
P14019,ทุเรียนชะนี,ขายปลีก,ผลไม้,1/7/2013 12:00:00 AM,0,0
P14019,ทุเรียนชะนี,ขายปลีก,ผลไม้,1/8/2013 12:00:00 AM,0,0
P14019,ทุเรียนชะนี,ขายปลีก,ผลไม้,1/9/2013 12:00:00 AM,0,0
P14019,ทุเรียนชะนี,ขายปลีก,ผลไม้,1/10/2013 12:00:00 AM,0,0
P14019,ทุเรียนชะนี,ขายปลีก,ผลไม้,1/11/2013 12:00:00 AM,0,0
P14019,ทุเรียนชะนี,ขายปลีก,ผลไม้,1/14/2013 12:00:00 AM,0,0
P14019,ทุเรียนชะนี,ขายปลีก,ผลไม้,1/15/2013 12:00:00 AM,0,0
P14019,ทุเรียนชะนี,ขายปลีก,ผลไม้,1/16/2013 12:00:00 AM,0,0
P14019,ทุเรียนชะนี,ขายปลีก,ผลไม้,1/17/2013 12:00:00 AM,0,0
P14019,ทุเรียนชะนี,ขายปลีก,ผลไม้,1/18/2013 12:00:00 AM,0,0
P14019,ทุเรียนชะนี,ขายปลีก,ผลไม้,1/21/2013 12:00:00 AM,0,0
P14019,ทุเรียนชะนี,ขายปลีก,ผลไม้,1/22/2013 12:00:00 AM,0,0
P14019,ทุเรียนชะนี,ขายปลีก,ผลไม้,1/23/2013 12:00:00 AM,0,0
P14019,ทุเรียนชะนี,ขายปลีก,ผลไม้,1/24/2013 12:00:00 AM,0,0
P14019,ทุเรียนชะนี,ขายปลีก,ผลไม้,1/25/2013 12:00:00 AM,0,0
P14019,ทุเรียนชะนี,ขายปลีก,ผลไม้,1/28/2013 12:00:00 AM,0,0
P14019,ทุเรียนชะนี,ขายปลีก,ผลไม้,1/29/2013 12:00:00 AM,0,0
P14019,ทุเรียนชะนี,ขายปลีก,ผลไม้,1/30/2013 12:00:00 AM,0,0
P14019,ทุเรียนชะนี,ขายปลีก,ผลไม้,1/31/2013 12:00:00 AM,0,0
P14019,ทุเรียนชะนี,ขายปลีก,ผลไม้,2/1/2013 12:00:00 AM,0,0
P14019,ทุเรียนชะนี,ขายปลีก,ผลไม้,2/4/2013 12:00:00 AM,0,0
P14019,ทุเรียนชะนี,ขายปลีก,ผลไม้,2/5/2013 12:00:00 AM,0,0
P14019,ทุเรียนชะนี,ขายปลีก,ผลไม้,2/6/2013 12:00:00 AM,0,0
P14019,ทุเรียนชะนี,ขายปลีก,ผลไม้,2/7/2013 12:00:00 AM,0,0
P14019,ทุเรียนชะนี,ขายปลีก,ผลไม้,2/8/2013 12:00:00 AM,0,0
P14019,ทุเรียนชะนี,ขายปลีก,ผลไม้,2/11/2013 12:00:00 AM,0,0
P14019,ทุเรียนชะนี,ขายปลีก,ผลไม้,2/12/2013 12:00:00 AM,0,0
P14019,ทุเรียนชะนี,ขายปลีก,ผลไม้,2/13/2013 12:00:00 AM,0,0
P14019,ทุเรียนชะนี,ขายปลีก,ผลไม้,2/14/2013 12:00:00 AM,0,0
P14019,ทุเรียนชะนี,ขายปลีก,ผลไม้,2/15/2013 12:00:00 AM,0,0
P14019,ทุเรียนชะนี,ขายปลีก,ผลไม้,2/18/2013 12:00:00 AM,0,0
P14019,ทุเรียนชะนี,ขายปลีก,ผลไม้,2/19/2013 12:00:00 AM,0,0
P14019,ทุเรียนชะนี,ขายปลีก,ผลไม้,2/20/2013 12:00:00 AM,0,0
P14019,ทุเรียนชะนี,ขายปลีก,ผลไม้,2/21/2013 12:00:00 AM,0,0
P14019,ทุเรียนชะนี,ขายปลีก,ผลไม้,2/22/2013 12:00:00 AM,0,0
P14019,ทุเรียนชะนี,ขายปลีก,ผลไม้,2/26/2013 12:00:00 AM,0,0
P14019,ทุเรียนชะนี,ขายปลีก,ผลไม้,2/27/2013 12:00:00 AM,0,0
P14019,ทุเรียนชะนี,ขายปลีก,ผลไม้,2/28/2013 12:00:00 AM,0,0
P14019,ทุเรียนชะนี,ขายปลีก,ผลไม้,3/1/2013 12:00:00 AM,0,0
P14019,ทุเรียนชะนี,ขายปลีก,ผลไม้,3/4/2013 12:00:00 AM,0,0
P14019,ทุเรียนชะนี,ขายปลีก,ผลไม้,3/5/2013 12:00:00 AM,0,0
P14019,ทุเรียนชะนี,ขายปลีก,ผลไม้,3/6/2013 12:00:00 AM,0,0
P14019,ทุเรียนชะนี,ขายปลีก,ผลไม้,3/7/2013 12:00:00 AM,0,0
P14019,ทุเรียนชะนี,ขายปลีก,ผลไม้,3/8/2013 12:00:00 AM,0,0
P14019,ทุเรียนชะนี,ขายปลีก,ผลไม้,3/11/2013 12:00:00 AM,0,0
P14019,ทุเรียนชะนี,ขายปลีก,ผลไม้,3/12/2013 12:00:00 AM,0,0
P14019,ทุเรียนชะนี,ขายปลีก,ผลไม้,3/13/2013 12:00:00 AM,0,0
P14019,ทุเรียนชะนี,ขายปลีก,ผลไม้,3/14/2013 12:00:00 AM,0,0
P14019,ทุเรียนชะนี,ขายปลีก,ผลไม้,3/15/2013 12:00:00 AM,0,0
P14019,ทุเรียนชะนี,ขายปลีก,ผลไม้,3/18/2013 12:00:00 AM,0,0
P14019,ทุเรียนชะนี,ขายปลีก,ผลไม้,3/19/2013 12:00:00 AM,0,0
P14019,ทุเรียนชะนี,ขายปลีก,ผลไม้,3/20/2013 12:00:00 AM,0,0
P14019,ทุเรียนชะนี,ขายปลีก,ผลไม้,3/21/2013 12:00:00 AM,0,0
P14019,ทุเรียนชะนี,ขายปลีก,ผลไม้,3/22/2013 12:00:00 AM,0,0
P14019,ทุเรียนชะนี,ขายปลีก,ผลไม้,3/25/2013 12:00:00 AM,0,0
P14019,ทุเรียนชะนี,ขายปลีก,ผลไม้,3/26/2013 12:00:00 AM,0,0
P14019,ทุเรียนชะนี,ขายปลีก,ผลไม้,3/27/2013 12:00:00 AM,0,0
P14019,ทุเรียนชะนี,ขายปลีก,ผลไม้,3/28/2013 12:00:00 AM,0,0
P14019,ทุเรียนชะนี,ขายปลีก,ผลไม้,3/29/2013 12:00:00 AM,0,0
P14019,ทุเรียนชะนี,ขายปลีก,ผลไม้,4/1/2013 12:00:00 AM,0,0
P14019,ทุเรียนชะนี,ขายปลีก,ผลไม้,4/2/2013 12:00:00 AM,0,0
P14019,ทุเรียนชะนี,ขายปลีก,ผลไม้,4/3/2013 12:00:00 AM,0,0
P14019,ทุเรียนชะนี,ขายปลีก,ผลไม้,4/4/2013 12:00:00 AM,0,0
P14019,ทุเรียนชะนี,ขายปลีก,ผลไม้,4/5/2013 12:00:00 AM,0,0
P14019,ทุเรียนชะนี,ขายปลีก,ผลไม้,4/9/2013 12:00:00 AM,0,0
P14019,ทุเรียนชะนี,ขายปลีก,ผลไม้,4/10/2013 12:00:00 AM,0,0
P14019,ทุเรียนชะนี,ขายปลีก,ผลไม้,4/11/2013 12:00:00 AM,0,0
P14019,ทุเรียนชะนี,ขายปลีก,ผลไม้,4/17/2013 12:00:00 AM,0,0
P14019,ทุเรียนชะนี,ขายปลีก,ผลไม้,4/18/2013 12:00:00 AM,0,0
P14019,ทุเรียนชะนี,ขายปลีก,ผลไม้,4/19/2013 12:00:00 AM,0,0
P14019,ทุเรียนชะนี,ขายปลีก,ผลไม้,4/22/2013 12:00:00 AM,0,0
P14019,ทุเรียนชะนี,ขายปลีก,ผลไม้,4/23/2013 12:00:00 AM,0,0
P14019,ทุเรียนชะนี,ขายปลีก,ผลไม้,4/24/2013 12:00:00 AM,0,0
P14019,ทุเรียนชะนี,ขายปลีก,ผลไม้,4/25/2013 12:00:00 AM,0,0
P14019,ทุเรียนชะนี,ขายปลีก,ผลไม้,4/26/2013 12:00:00 AM,0,0
P14019,ทุเรียนชะนี,ขายปลีก,ผลไม้,4/29/2013 12:00:00 AM,0,0
P14019,ทุเรียนชะนี,ขายปลีก,ผลไม้,4/30/2013 12:00:00 AM,0,0
P14019,ทุเรียนชะนี,ขายปลีก,ผลไม้,5/1/2013 12:00:00 AM,0,0
P14019,ทุเรียนชะนี,ขายปลีก,ผลไม้,5/2/2013 12:00:00 AM,0,0
P14019,ทุเรียนชะนี,ขายปลีก,ผลไม้,5/3/2013 12:00:00 AM,0,0
P14019,ทุเรียนชะนี,ขายปลีก,ผลไม้,5/7/2013 12:00:00 AM,0,0
P14019,ทุเรียนชะนี,ขายปลีก,ผลไม้,5/8/2013 12:00:00 AM,0,0
P14019,ทุเรียนชะนี,ขายปลีก,ผลไม้,5/9/2013 12:00:00 AM,0,0
P14019,ทุเรียนชะนี,ขายปลีก,ผลไม้,5/10/2013 12:00:00 AM,0,0
P14019,ทุเรียนชะนี,ขายปลีก,ผลไม้,5/14/2013 12:00:00 AM,0,0
P14019,ทุเรียนชะนี,ขายปลีก,ผลไม้,5/15/2013 12:00:00 AM,0,0
P14019,ทุเรียนชะนี,ขายปลีก,ผลไม้,5/16/2013 12:00:00 AM,0,0
P14019,ทุเรียนชะนี,ขายปลีก,ผลไม้,5/17/2013 12:00:00 AM,0,0
P14019,ทุเรียนชะนี,ขายปลีก,ผลไม้,5/20/2013 12:00:00 AM,0,0
P14019,ทุเรียนชะนี,ขายปลีก,ผลไม้,5/21/2013 12:00:00 AM,0,0
P14019,ทุเรียนชะนี,ขายปลีก,ผลไม้,5/22/2013 12:00:00 AM,0,0
P14019,ทุเรียนชะนี,ขายปลีก,ผลไม้,5/23/2013 12:00:00 AM,0,0
P14019,ทุเรียนชะนี,ขายปลีก,ผลไม้,5/27/2013 12:00:00 AM,0,0
P14019,ทุเรียนชะนี,ขายปลีก,ผลไม้,5/28/2013 12:00:00 AM,0,0
P14019,ทุเรียนชะนี,ขายปลีก,ผลไม้,5/29/2013 12:00:00 AM,0,0
P14019,ทุเรียนชะนี,ขายปลีก,ผลไม้,5/30/2013 12:00:00 AM,0,0
P14019,ทุเรียนชะนี,ขายปลีก,ผลไม้,5/31/2013 12:00:00 AM,0,0
P14019,ทุเรียนชะนี,ขายปลีก,ผลไม้,6/3/2013 12:00:00 AM,0,0
P14019,ทุเรียนชะนี,ขายปลีก,ผลไม้,6/4/2013 12:00:00 AM,0,0
P14019,ทุเรียนชะนี,ขายปลีก,ผลไม้,6/5/2013 12:00:00 AM,0,0
P14019,ทุเรียนชะนี,ขายปลีก,ผลไม้,6/6/2013 12:00:00 AM,0,0
P14019,ทุเรียนชะนี,ขายปลีก,ผลไม้,6/7/2013 12:00:00 AM,0,0
P14019,ทุเรียนชะนี,ขายปลีก,ผลไม้,6/10/2013 12:00:00 AM,0,0
P14019,ทุเรียนชะนี,ขายปลีก,ผลไม้,6/11/2013 12:00:00 AM,0,0
P14019,ทุเรียนชะนี,ขายปลีก,ผลไม้,6/12/2013 12:00:00 AM,0,0
P14019,ทุเรียนชะนี,ขายปลีก,ผลไม้,6/13/2013 12:00:00 AM,0,0
P14019,ทุเรียนชะนี,ขายปลีก,ผลไม้,6/14/2013 12:00:00 AM,0,0
P14019,ทุเรียนชะนี,ขายปลีก,ผลไม้,6/17/2013 12:00:00 AM,0,0
P14019,ทุเรียนชะนี,ขายปลีก,ผลไม้,6/18/2013 12:00:00 AM,0,0
P14019,ทุเรียนชะนี,ขายปลีก,ผลไม้,6/19/2013 12:00:00 AM,0,0
P14019,ทุเรียนชะนี,ขายปลีก,ผลไม้,6/20/2013 12:00:00 AM,0,0
P14019,ทุเรียนชะนี,ขายปลีก,ผลไม้,6/21/2013 12:00:00 AM,0,0
P14019,ทุเรียนชะนี,ขายปลีก,ผลไม้,6/24/2013 12:00:00 AM,0,0
P14019,ทุเรียนชะนี,ขายปลีก,ผลไม้,6/25/2013 12:00:00 AM,0,0
P14019,ทุเรียนชะนี,ขายปลีก,ผลไม้,6/26/2013 12:00:00 AM,0,0
P14019,ทุเรียนชะนี,ขายปลีก,ผลไม้,6/27/2013 12:00:00 AM,0,0
P14019,ทุเรียนชะนี,ขายปลีก,ผลไม้,6/28/2013 12:00:00 AM,0,0
P14019,ทุเรียนชะนี,ขายปลีก,ผลไม้,7/1/2013 12:00:00 AM,0,0
P14019,ทุเรียนชะนี,ขายปลีก,ผลไม้,7/2/2013 12:00:00 AM,0,0
P14019,ทุเรียนชะนี,ขายปลีก,ผลไม้,7/3/2013 12:00:00 AM,0,0
P14019,ทุเรียนชะนี,ขายปลีก,ผลไม้,7/4/2013 12:00:00 AM,0,0
P14019,ทุเรียนชะนี,ขายปลีก,ผลไม้,7/5/2013 12:00:00 AM,0,0
P14019,ทุเรียนชะนี,ขายปลีก,ผลไม้,7/8/2013 12:00:00 AM,0,0
P14019,ทุเรียนชะนี,ขายปลีก,ผลไม้,7/9/2013 12:00:00 AM,0,0
P14019,ทุเรียนชะนี,ขายปลีก,ผลไม้,7/10/2013 12:00:00 AM,0,0
P14019,ทุเรียนชะนี,ขายปลีก,ผลไม้,7/11/2013 12:00:00 AM,0,0
P14019,ทุเรียนชะนี,ขายปลีก,ผลไม้,7/12/2013 12:00:00 AM,0,0
P14019,ทุเรียนชะนี,ขายปลีก,ผลไม้,7/15/2013 12:00:00 AM,0,0
P14019,ทุเรียนชะนี,ขายปลีก,ผลไม้,7/16/2013 12:00:00 AM,0,0
P14019,ทุเรียนชะนี,ขายปลีก,ผลไม้,7/17/2013 12:00:00 AM,0,0
P14019,ทุเรียนชะนี,ขายปลีก,ผลไม้,7/18/2013 12:00:00 AM,0,0
P14019,ทุเรียนชะนี,ขายปลีก,ผลไม้,7/19/2013 12:00:00 AM,0,0
P14019,ทุเรียนชะนี,ขายปลีก,ผลไม้,7/24/2013 12:00:00 AM,0,0
P14019,ทุเรียนชะนี,ขายปลีก,ผลไม้,7/25/2013 12:00:00 AM,0,0
P14019,ทุเรียนชะนี,ขายปลีก,ผลไม้,7/26/2013 12:00:00 AM,0,0
P14019,ทุเรียนชะนี,ขายปลีก,ผลไม้,7/29/2013 12:00:00 AM,0,0
P14019,ทุเรียนชะนี,ขายปลีก,ผลไม้,7/30/2013 12:00:00 AM,0,0
P14019,ทุเรียนชะนี,ขายปลีก,ผลไม้,7/31/2013 12:00:00 AM,0,0
P14019,ทุเรียนชะนี,ขายปลีก,ผลไม้,8/1/2013 12:00:00 AM,0,0
P14019,ทุเรียนชะนี,ขายปลีก,ผลไม้,8/2/2013 12:00:00 AM,0,0
P14019,ทุเรียนชะนี,ขายปลีก,ผลไม้,8/5/2013 12:00:00 AM,0,0
P14019,ทุเรียนชะนี,ขายปลีก,ผลไม้,8/6/2013 12:00:00 AM,0,0
P14019,ทุเรียนชะนี,ขายปลีก,ผลไม้,8/7/2013 12:00:00 AM,0,0
P14019,ทุเรียนชะนี,ขายปลีก,ผลไม้,8/8/2013 12:00:00 AM,0,0
P14019,ทุเรียนชะนี,ขายปลีก,ผลไม้,8/9/2013 12:00:00 AM,0,0
P14019,ทุเรียนชะนี,ขายปลีก,ผลไม้,8/13/2013 12:00:00 AM,0,0
P14019,ทุเรียนชะนี,ขายปลีก,ผลไม้,8/14/2013 12:00:00 AM,0,0
P14019,ทุเรียนชะนี,ขายปลีก,ผลไม้,8/15/2013 12:00:00 AM,0,0
P14019,ทุเรียนชะนี,ขายปลีก,ผลไม้,8/16/2013 12:00:00 AM,0,0
P14019,ทุเรียนชะนี,ขายปลีก,ผลไม้,8/19/2013 12:00:00 AM,0,0
P14019,ทุเรียนชะนี,ขายปลีก,ผลไม้,8/20/2013 12:00:00 AM,0,0
P14019,ทุเรียนชะนี,ขายปลีก,ผลไม้,8/21/2013 12:00:00 AM,0,0
P14019,ทุเรียนชะนี,ขายปลีก,ผลไม้,8/22/2013 12:00:00 AM,0,0
P14019,ทุเรียนชะนี,ขายปลีก,ผลไม้,8/23/2013 12:00:00 AM,0,0
P14019,ทุเรียนชะนี,ขายปลีก,ผลไม้,8/26/2013 12:00:00 AM,0,0
P14019,ทุเรียนชะนี,ขายปลีก,ผลไม้,8/27/2013 12:00:00 AM,0,0
P14019,ทุเรียนชะนี,ขายปลีก,ผลไม้,8/28/2013 12:00:00 AM,0,0
P14019,ทุเรียนชะนี,ขายปลีก,ผลไม้,8/29/2013 12:00:00 AM,0,0
P14019,ทุเรียนชะนี,ขายปลีก,ผลไม้,8/30/2013 12:00:00 AM,0,0
P14019,ทุเรียนชะนี,ขายปลีก,ผลไม้,9/2/2013 12:00:00 AM,0,0
P14019,ทุเรียนชะนี,ขายปลีก,ผลไม้,9/3/2013 12:00:00 AM,0,0
P14019,ทุเรียนชะนี,ขายปลีก,ผลไม้,9/4/2013 12:00:00 AM,0,0
P14019,ทุเรียนชะนี,ขายปลีก,ผลไม้,9/5/2013 12:00:00 AM,0,0
P14019,ทุเรียนชะนี,ขายปลีก,ผลไม้,9/6/2013 12:00:00 AM,0,0
P14019,ทุเรียนชะนี,ขายปลีก,ผลไม้,9/9/2013 12:00:00 AM,0,0
P14019,ทุเรียนชะนี,ขายปลีก,ผลไม้,9/10/2013 12:00:00 AM,0,0
P14019,ทุเรียนชะนี,ขายปลีก,ผลไม้,9/11/2013 12:00:00 AM,0,0
P14019,ทุเรียนชะนี,ขายปลีก,ผลไม้,9/12/2013 12:00:00 AM,0,0
P14019,ทุเรียนชะนี,ขายปลีก,ผลไม้,9/13/2013 12:00:00 AM,0,0
P14019,ทุเรียนชะนี,ขายปลีก,ผลไม้,9/16/2013 12:00:00 AM,0,0
P14019,ทุเรียนชะนี,ขายปลีก,ผลไม้,9/17/2013 12:00:00 AM,0,0
P14019,ทุเรียนชะนี,ขายปลีก,ผลไม้,9/18/2013 12:00:00 AM,0,0
P14019,ทุเรียนชะนี,ขายปลีก,ผลไม้,9/19/2013 12:00:00 AM,0,0
P14019,ทุเรียนชะนี,ขายปลีก,ผลไม้,9/20/2013 12:00:00 AM,0,0
P14019,ทุเรียนชะนี,ขายปลีก,ผลไม้,9/23/2013 12:00:00 AM,0,0
P14019,ทุเรียนชะนี,ขายปลีก,ผลไม้,9/24/2013 12:00:00 AM,0,0
P14019,ทุเรียนชะนี,ขายปลีก,ผลไม้,9/25/2013 12:00:00 AM,0,0
P14019,ทุเรียนชะนี,ขายปลีก,ผลไม้,9/26/2013 12:00:00 AM,0,0
P14019,ทุเรียนชะนี,ขายปลีก,ผลไม้,9/27/2013 12:00:00 AM,0,0
P14019,ทุเรียนชะนี,ขายปลีก,ผลไม้,9/30/2013 12:00:00 AM,0,0
P14019,ทุเรียนชะนี,ขายปลีก,ผลไม้,10/1/2013 12:00:00 AM,0,0
P14019,ทุเรียนชะนี,ขายปลีก,ผลไม้,10/2/2013 12:00:00 AM,0,0
P14019,ทุเรียนชะนี,ขายปลีก,ผลไม้,10/3/2013 12:00:00 AM,0,0
P14019,ทุเรียนชะนี,ขายปลีก,ผลไม้,10/4/2013 12:00:00 AM,0,0
P14019,ทุเรียนชะนี,ขายปลีก,ผลไม้,10/7/2013 12:00:00 AM,0,0
P14019,ทุเรียนชะนี,ขายปลีก,ผลไม้,10/8/2013 12:00:00 AM,0,0
P14019,ทุเรียนชะนี,ขายปลีก,ผลไม้,10/9/2013 12:00:00 AM,0,0
P14019,ทุเรียนชะนี,ขายปลีก,ผลไม้,10/10/2013 12:00:00 AM,0,0
P14019,ทุเรียนชะนี,ขายปลีก,ผลไม้,10/11/2013 12:00:00 AM,0,0
P14019,ทุเรียนชะนี,ขายปลีก,ผลไม้,10/14/2013 12:00:00 AM,0,0
P14019,ทุเรียนชะนี,ขายปลีก,ผลไม้,10/15/2013 12:00:00 AM,0,0
P14019,ทุเรียนชะนี,ขายปลีก,ผลไม้,10/16/2013 12:00:00 AM,0,0
P14019,ทุเรียนชะนี,ขายปลีก,ผลไม้,10/17/2013 12:00:00 AM,0,0
P14019,ทุเรียนชะนี,ขายปลีก,ผลไม้,10/18/2013 12:00:00 AM,0,0
P14019,ทุเรียนชะนี,ขายปลีก,ผลไม้,10/21/2013 12:00:00 AM,0,0
P14019,ทุเรียนชะนี,ขายปลีก,ผลไม้,10/22/2013 12:00:00 AM,0,0
P14019,ทุเรียนชะนี,ขายปลีก,ผลไม้,10/24/2013 12:00:00 AM,0,0
P14019,ทุเรียนชะนี,ขายปลีก,ผลไม้,10/25/2013 12:00:00 AM,0,0
P14019,ทุเรียนชะนี,ขายปลีก,ผลไม้,10/28/2013 12:00:00 AM,0,0
P14019,ทุเรียนชะนี,ขายปลีก,ผลไม้,10/29/2013 12:00:00 AM,0,0
P14019,ทุเรียนชะนี,ขายปลีก,ผลไม้,10/30/2013 12:00:00 AM,0,0
P14019,ทุเรียนชะนี,ขายปลีก,ผลไม้,10/31/2013 12:00:00 AM,0,0
P14019,ทุเรียนชะนี,ขายปลีก,ผลไม้,11/1/2013 12:00:00 AM,0,0
P14019,ทุเรียนชะนี,ขายปลีก,ผลไม้,11/4/2013 12:00:00 AM,0,0
P14019,ทุเรียนชะนี,ขายปลีก,ผลไม้,11/5/2013 12:00:00 AM,0,0
P14019,ทุเรียนชะนี,ขายปลีก,ผลไม้,11/6/2013 12:00:00 AM,0,0
P14019,ทุเรียนชะนี,ขายปลีก,ผลไม้,11/7/2013 12:00:00 AM,0,0
P14019,ทุเรียนชะนี,ขายปลีก,ผลไม้,11/8/2013 12:00:00 AM,0,0
P14019,ทุเรียนชะนี,ขายปลีก,ผลไม้,11/11/2013 12:00:00 AM,0,0
P14019,ทุเรียนชะนี,ขายปลีก,ผลไม้,11/12/2013 12:00:00 AM,0,0
P14019,ทุเรียนชะนี,ขายปลีก,ผลไม้,11/13/2013 12:00:00 AM,0,0
P14019,ทุเรียนชะนี,ขายปลีก,ผลไม้,11/14/2013 12:00:00 AM,0,0
P14019,ทุเรียนชะนี,ขายปลีก,ผลไม้,11/15/2013 12:00:00 AM,0,0
P14019,ทุเรียนชะนี,ขายปลีก,ผลไม้,11/18/2013 12:00:00 AM,0,0
P14019,ทุเรียนชะนี,ขายปลีก,ผลไม้,11/19/2013 12:00:00 AM,0,0
P14019,ทุเรียนชะนี,ขายปลีก,ผลไม้,11/20/2013 12:00:00 AM,0,0
P14019,ทุเรียนชะนี,ขายปลีก,ผลไม้,11/21/2013 12:00:00 AM,0,0
P14019,ทุเรียนชะนี,ขายปลีก,ผลไม้,11/22/2013 12:00:00 AM,0,0
P14019,ทุเรียนชะนี,ขายปลีก,ผลไม้,11/25/2013 12:00:00 AM,0,0
P14019,ทุเรียนชะนี,ขายปลีก,ผลไม้,11/26/2013 12:00:00 AM,0,0
P14019,ทุเรียนชะนี,ขายปลีก,ผลไม้,11/27/2013 12:00:00 AM,0,0
P14019,ทุเรียนชะนี,ขายปลีก,ผลไม้,11/28/2013 12:00:00 AM,0,0
P14019,ทุเรียนชะนี,ขายปลีก,ผลไม้,11/29/2013 12:00:00 AM,0,0
P14019,ทุเรียนชะนี,ขายปลีก,ผลไม้,12/2/2013 12:00:00 AM,0,0
P14019,ทุเรียนชะนี,ขายปลีก,ผลไม้,12/3/2013 12:00:00 AM,0,0
P14019,ทุเรียนชะนี,ขายปลีก,ผลไม้,12/4/2013 12:00:00 AM,0,0
P14019,ทุเรียนชะนี,ขายปลีก,ผลไม้,12/6/2013 12:00:00 AM,0,0
P14019,ทุเรียนชะนี,ขายปลีก,ผลไม้,12/9/2013 12:00:00 AM,0,0
P14019,ทุเรียนชะนี,ขายปลีก,ผลไม้,12/11/2013 12:00:00 AM,0,0
P14019,ทุเรียนชะนี,ขายปลีก,ผลไม้,12/12/2013 12:00:00 AM,0,0
P14019,ทุเรียนชะนี,ขายปลีก,ผลไม้,12/13/2013 12:00:00 AM,0,0
P14019,ทุเรียนชะนี,ขายปลีก,ผลไม้,12/16/2013 12:00:00 AM,0,0
P14019,ทุเรียนชะนี,ขายปลีก,ผลไม้,12/17/2013 12:00:00 AM,0,0
P14019,ทุเรียนชะนี,ขายปลีก,ผลไม้,12/18/2013 12:00:00 AM,0,0
P14019,ทุเรียนชะนี,ขายปลีก,ผลไม้,12/19/2013 12:00:00 AM,0,0
P14019,ทุเรียนชะนี,ขายปลีก,ผลไม้,12/20/2013 12:00:00 AM,0,0
P14019,ทุเรียนชะนี,ขายปลีก,ผลไม้,12/23/2013 12:00:00 AM,0,0
P14019,ทุเรียนชะนี,ขายปลีก,ผลไม้,12/24/2013 12:00:00 AM,0,0
P14019,ทุเรียนชะนี,ขายปลีก,ผลไม้,12/25/2013 12:00:00 AM,0,0
P14019,ทุเรียนชะนี,ขายปลีก,ผลไม้,12/26/2013 12:00:00 AM,0,0
P14019,ทุเรียนชะนี,ขายปลีก,ผลไม้,12/27/2013 12:00:00 AM,0,0
P14019,ทุเรียนชะนี,ขายปลีก,ผลไม้,1/2/2014 12:00:00 AM,0,0
P14019,ทุเรียนชะนี,ขายปลีก,ผลไม้,1/3/2014 12:00:00 AM,0,0
P14019,ทุเรียนชะนี,ขายปลีก,ผลไม้,1/6/2014 12:00:00 AM,0,0
P14019,ทุเรียนชะนี,ขายปลีก,ผลไม้,1/7/2014 12:00:00 AM,0,0
P14019,ทุเรียนชะนี,ขายปลีก,ผลไม้,1/8/2014 12:00:00 AM,0,0
P14019,ทุเรียนชะนี,ขายปลีก,ผลไม้,1/9/2014 12:00:00 AM,0,0
P14019,ทุเรียนชะนี,ขายปลีก,ผลไม้,1/10/2014 12:00:00 AM,0,0
P14019,ทุเรียนชะนี,ขายปลีก,ผลไม้,1/13/2014 12:00:00 AM,0,0
P14019,ทุเรียนชะนี,ขายปลีก,ผลไม้,1/14/2014 12:00:00 AM,0,0
P14019,ทุเรียนชะนี,ขายปลีก,ผลไม้,1/15/2014 12:00:00 AM,0,0
P14019,ทุเรียนชะนี,ขายปลีก,ผลไม้,1/16/2014 12:00:00 AM,0,0
P14019,ทุเรียนชะนี,ขายปลีก,ผลไม้,1/17/2014 12:00:00 AM,0,0
P14019,ทุเรียนชะนี,ขายปลีก,ผลไม้,1/20/2014 12:00:00 AM,0,0
P14019,ทุเรียนชะนี,ขายปลีก,ผลไม้,1/21/2014 12:00:00 AM,0,0
P14019,ทุเรียนชะนี,ขายปลีก,ผลไม้,1/22/2014 12:00:00 AM,0,0
P14019,ทุเรียนชะนี,ขายปลีก,ผลไม้,1/23/2014 12:00:00 AM,0,0
P14019,ทุเรียนชะนี,ขายปลีก,ผลไม้,1/24/2014 12:00:00 AM,0,0
P14019,ทุเรียนชะนี,ขายปลีก,ผลไม้,1/27/2014 12:00:00 AM,0,0
P14019,ทุเรียนชะนี,ขายปลีก,ผลไม้,1/28/2014 12:00:00 AM,0,0
P14019,ทุเรียนชะนี,ขายปลีก,ผลไม้,1/29/2014 12:00:00 AM,0,0
P14019,ทุเรียนชะนี,ขายปลีก,ผลไม้,1/30/2014 12:00:00 AM,0,0
P14019,ทุเรียนชะนี,ขายปลีก,ผลไม้,1/31/2014 12:00:00 AM,0,0
P14019,ทุเรียนชะนี,ขายปลีก,ผลไม้,2/3/2014 12:00:00 AM,0,0
P14019,ทุเรียนชะนี,ขายปลีก,ผลไม้,2/4/2014 12:00:00 AM,0,0
P14019,ทุเรียนชะนี,ขายปลีก,ผลไม้,2/5/2014 12:00:00 AM,0,0
P14019,ทุเรียนชะนี,ขายปลีก,ผลไม้,2/6/2014 12:00:00 AM,0,0
P14019,ทุเรียนชะนี,ขายปลีก,ผลไม้,2/7/2014 12:00:00 AM,0,0
P14019,ทุเรียนชะนี,ขายปลีก,ผลไม้,2/10/2014 12:00:00 AM,0,0
P14019,ทุเรียนชะนี,ขายปลีก,ผลไม้,2/11/2014 12:00:00 AM,0,0
P14019,ทุเรียนชะนี,ขายปลีก,ผลไม้,2/12/2014 12:00:00 AM,0,0
P14019,ทุเรียนชะนี,ขายปลีก,ผลไม้,2/13/2014 12:00:00 AM,0,0
P14019,ทุเรียนชะนี,ขายปลีก,ผลไม้,2/17/2014 12:00:00 AM,0,0
P14019,ทุเรียนชะนี,ขายปลีก,ผลไม้,2/18/2014 12:00:00 AM,0,0
P14019,ทุเรียนชะนี,ขายปลีก,ผลไม้,2/19/2014 12:00:00 AM,0,0
P14019,ทุเรียนชะนี,ขายปลีก,ผลไม้,2/20/2014 12:00:00 AM,0,0
P14019,ทุเรียนชะนี,ขายปลีก,ผลไม้,2/21/2014 12:00:00 AM,0,0
P14019,ทุเรียนชะนี,ขายปลีก,ผลไม้,2/24/2014 12:00:00 AM,0,0
P14019,ทุเรียนชะนี,ขายปลีก,ผลไม้,2/25/2014 12:00:00 AM,0,0
P14019,ทุเรียนชะนี,ขายปลีก,ผลไม้,2/26/2014 12:00:00 AM,0,0
P14019,ทุเรียนชะนี,ขายปลีก,ผลไม้,2/27/2014 12:00:00 AM,0,0
P14019,ทุเรียนชะนี,ขายปลีก,ผลไม้,2/28/2014 12:00:00 AM,0,0
P14019,ทุเรียนชะนี,ขายปลีก,ผลไม้,3/3/2014 12:00:00 AM,0,0
P14019,ทุเรียนชะนี,ขายปลีก,ผลไม้,3/4/2014 12:00:00 AM,0,0
P14019,ทุเรียนชะนี,ขายปลีก,ผลไม้,3/5/2014 12:00:00 AM,0,0
P14019,ทุเรียนชะนี,ขายปลีก,ผลไม้,3/6/2014 12:00:00 AM,0,0
P14019,ทุเรียนชะนี,ขายปลีก,ผลไม้,3/7/2014 12:00:00 AM,0,0
P14019,ทุเรียนชะนี,ขายปลีก,ผลไม้,3/10/2014 12:00:00 AM,0,0
P14019,ทุเรียนชะนี,ขายปลีก,ผลไม้,3/11/2014 12:00:00 AM,0,0
P14019,ทุเรียนชะนี,ขายปลีก,ผลไม้,3/12/2014 12:00:00 AM,0,0
P14019,ทุเรียนชะนี,ขายปลีก,ผลไม้,3/13/2014 12:00:00 AM,0,0
P14019,ทุเรียนชะนี,ขายปลีก,ผลไม้,3/14/2014 12:00:00 AM,0,0
P14019,ทุเรียนชะนี,ขายปลีก,ผลไม้,3/17/2014 12:00:00 AM,0,0
P14019,ทุเรียนชะนี,ขายปลีก,ผลไม้,3/18/2014 12:00:00 AM,0,0
P14019,ทุเรียนชะนี,ขายปลีก,ผลไม้,3/19/2014 12:00:00 AM,0,0
P14019,ทุเรียนชะนี,ขายปลีก,ผลไม้,3/20/2014 12:00:00 AM,0,0
P14019,ทุเรียนชะนี,ขายปลีก,ผลไม้,3/21/2014 12:00:00 AM,0,0
P14019,ทุเรียนชะนี,ขายปลีก,ผลไม้,3/24/2014 12:00:00 AM,0,0
P14019,ทุเรียนชะนี,ขายปลีก,ผลไม้,3/25/2014 12:00:00 AM,0,0
P14019,ทุเรียนชะนี,ขายปลีก,ผลไม้,3/26/2014 12:00:00 AM,0,0
P14019,ทุเรียนชะนี,ขายปลีก,ผลไม้,3/27/2014 12:00:00 AM,0,0
P14019,ทุเรียนชะนี,ขายปลีก,ผลไม้,3/28/2014 12:00:00 AM,0,0
P14019,ทุเรียนชะนี,ขายปลีก,ผลไม้,3/31/2014 12:00:00 AM,0,0
P14019,ทุเรียนชะนี,ขายปลีก,ผลไม้,4/1/2014 12:00:00 AM,0,0
P14019,ทุเรียนชะนี,ขายปลีก,ผลไม้,4/2/2014 12:00:00 AM,0,0
P14019,ทุเรียนชะนี,ขายปลีก,ผลไม้,4/3/2014 12:00:00 AM,0,0
P14019,ทุเรียนชะนี,ขายปลีก,ผลไม้,4/4/2014 12:00:00 AM,0,0
P14019,ทุเรียนชะนี,ขายปลีก,ผลไม้,4/8/2014 12:00:00 AM,0,0
P14019,ทุเรียนชะนี,ขายปลีก,ผลไม้,4/9/2014 12:00:00 AM,0,0
P14019,ทุเรียนชะนี,ขายปลีก,ผลไม้,4/10/2014 12:00:00 AM,0,0
P14019,ทุเรียนชะนี,ขายปลีก,ผลไม้,4/11/2014 12:00:00 AM,0,0
P14019,ทุเรียนชะนี,ขายปลีก,ผลไม้,4/17/2014 12:00:00 AM,0,0
P14019,ทุเรียนชะนี,ขายปลีก,ผลไม้,4/18/2014 12:00:00 AM,0,0
P14019,ทุเรียนชะนี,ขายปลีก,ผลไม้,4/21/2014 12:00:00 AM,0,0
P14019,ทุเรียนชะนี,ขายปลีก,ผลไม้,4/22/2014 12:00:00 AM,0,0
P14019,ทุเรียนชะนี,ขายปลีก,ผลไม้,4/23/2014 12:00:00 AM,0,0
P14019,ทุเรียนชะนี,ขายปลีก,ผลไม้,4/24/2014 12:00:00 AM,0,0
P14019,ทุเรียนชะนี,ขายปลีก,ผลไม้,4/25/2014 12:00:00 AM,0,0
P14019,ทุเรียนชะนี,ขายปลีก,ผลไม้,4/28/2014 12:00:00 AM,0,0
P14019,ทุเรียนชะนี,ขายปลีก,ผลไม้,4/29/2014 12:00:00 AM,60,50
P14019,ทุเรียนชะนี,ขายปลีก,ผลไม้,4/30/2014 12:00:00 AM,60,50
P14019,ทุเรียนชะนี,ขายปลีก,ผลไม้,5/1/2014 12:00:00 AM,60,50
P14019,ทุเรียนชะนี,ขายปลีก,ผลไม้,5/2/2014 12:00:00 AM,60,50
P14019,ทุเรียนชะนี,ขายปลีก,ผลไม้,5/6/2014 12:00:00 AM,60,50
P14019,ทุเรียนชะนี,ขายปลีก,ผลไม้,5/7/2014 12:00:00 AM,60,50
P14019,ทุเรียนชะนี,ขายปลีก,ผลไม้,5/8/2014 12:00:00 AM,60,50
P14019,ทุเรียนชะนี,ขายปลีก,ผลไม้,5/12/2014 12:00:00 AM,60,50
P14019,ทุเรียนชะนี,ขายปลีก,ผลไม้,5/14/2014 12:00:00 AM,60,50
P14019,ทุเรียนชะนี,ขายปลีก,ผลไม้,5/15/2014 12:00:00 AM,60,50
P14019,ทุเรียนชะนี,ขายปลีก,ผลไม้,5/16/2014 12:00:00 AM,60,50
P14019,ทุเรียนชะนี,ขายปลีก,ผลไม้,5/19/2014 12:00:00 AM,60,50
P14019,ทุเรียนชะนี,ขายปลีก,ผลไม้,5/20/2014 12:00:00 AM,60,50
P14019,ทุเรียนชะนี,ขายปลีก,ผลไม้,5/21/2014 12:00:00 AM,60,50
P14019,ทุเรียนชะนี,ขายปลีก,ผลไม้,5/22/2014 12:00:00 AM,60,50
P14019,ทุเรียนชะนี,ขายปลีก,ผลไม้,5/23/2014 12:00:00 AM,60,50
P14019,ทุเรียนชะนี,ขายปลีก,ผลไม้,5/26/2014 12:00:00 AM,60,50
P14019,ทุเรียนชะนี,ขายปลีก,ผลไม้,5/27/2014 12:00:00 AM,60,50
P14019,ทุเรียนชะนี,ขายปลีก,ผลไม้,5/28/2014 12:00:00 AM,60,50
P14019,ทุเรียนชะนี,ขายปลีก,ผลไม้,5/29/2014 12:00:00 AM,60,50
P14019,ทุเรียนชะนี,ขายปลีก,ผลไม้,5/30/2014 12:00:00 AM,60,50
P14019,ทุเรียนชะนี,ขายปลีก,ผลไม้,6/2/2014 12:00:00 AM,60,50
P14019,ทุเรียนชะนี,ขายปลีก,ผลไม้,6/3/2014 12:00:00 AM,60,50
P14019,ทุเรียนชะนี,ขายปลีก,ผลไม้,6/4/2014 12:00:00 AM,60,50
P14019,ทุเรียนชะนี,ขายปลีก,ผลไม้,6/5/2014 12:00:00 AM,60,50
P14019,ทุเรียนชะนี,ขายปลีก,ผลไม้,6/6/2014 12:00:00 AM,60,50
P14019,ทุเรียนชะนี,ขายปลีก,ผลไม้,6/9/2014 12:00:00 AM,60,50
P14019,ทุเรียนชะนี,ขายปลีก,ผลไม้,6/10/2014 12:00:00 AM,60,50
P14019,ทุเรียนชะนี,ขายปลีก,ผลไม้,6/11/2014 12:00:00 AM,60,50
P14019,ทุเรียนชะนี,ขายปลีก,ผลไม้,6/12/2014 12:00:00 AM,60,50
P14019,ทุเรียนชะนี,ขายปลีก,ผลไม้,6/13/2014 12:00:00 AM,60,50
P14019,ทุเรียนชะนี,ขายปลีก,ผลไม้,6/16/2014 12:00:00 AM,60,50
P14019,ทุเรียนชะนี,ขายปลีก,ผลไม้,6/17/2014 12:00:00 AM,0,0
P14019,ทุเรียนชะนี,ขายปลีก,ผลไม้,6/18/2014 12:00:00 AM,0,0
P14019,ทุเรียนชะนี,ขายปลีก,ผลไม้,6/19/2014 12:00:00 AM,0,0
P14019,ทุเรียนชะนี,ขายปลีก,ผลไม้,6/20/2014 12:00:00 AM,0,0
P14019,ทุเรียนชะนี,ขายปลีก,ผลไม้,6/23/2014 12:00:00 AM,0,0
P14019,ทุเรียนชะนี,ขายปลีก,ผลไม้,6/24/2014 12:00:00 AM,0,0
P14019,ทุเรียนชะนี,ขายปลีก,ผลไม้,6/25/2014 12:00:00 AM,0,0
P14019,ทุเรียนชะนี,ขายปลีก,ผลไม้,6/26/2014 12:00:00 AM,0,0
P14019,ทุเรียนชะนี,ขายปลีก,ผลไม้,6/27/2014 12:00:00 AM,0,0
P14019,ทุเรียนชะนี,ขายปลีก,ผลไม้,6/30/2014 12:00:00 AM,0,0
P14019,ทุเรียนชะนี,ขายปลีก,ผลไม้,7/1/2014 12:00:00 AM,0,0
P14019,ทุเรียนชะนี,ขายปลีก,ผลไม้,7/2/2014 12:00:00 AM,0,0
P14019,ทุเรียนชะนี,ขายปลีก,ผลไม้,7/3/2014 12:00:00 AM,0,0
P14019,ทุเรียนชะนี,ขายปลีก,ผลไม้,7/4/2014 12:00:00 AM,0,0
P14019,ทุเรียนชะนี,ขายปลีก,ผลไม้,7/7/2014 12:00:00 AM,0,0
P14019,ทุเรียนชะนี,ขายปลีก,ผลไม้,7/8/2014 12:00:00 AM,0,0
P14019,ทุเรียนชะนี,ขายปลีก,ผลไม้,7/9/2014 12:00:00 AM,0,0
P14019,ทุเรียนชะนี,ขายปลีก,ผลไม้,7/10/2014 12:00:00 AM,0,0
P14019,ทุเรียนชะนี,ขายปลีก,ผลไม้,7/15/2014 12:00:00 AM,0,0
P14019,ทุเรียนชะนี,ขายปลีก,ผลไม้,7/16/2014 12:00:00 AM,0,0
P14019,ทุเรียนชะนี,ขายปลีก,ผลไม้,7/17/2014 12:00:00 AM,0,0
P14019,ทุเรียนชะนี,ขายปลีก,ผลไม้,7/18/2014 12:00:00 AM,0,0
P14019,ทุเรียนชะนี,ขายปลีก,ผลไม้,7/21/2014 12:00:00 AM,0,0
P14019,ทุเรียนชะนี,ขายปลีก,ผลไม้,7/22/2014 12:00:00 AM,0,0
P14019,ทุเรียนชะนี,ขายปลีก,ผลไม้,7/23/2014 12:00:00 AM,0,0
P14019,ทุเรียนชะนี,ขายปลีก,ผลไม้,7/24/2014 12:00:00 AM,0,0
P14019,ทุเรียนชะนี,ขายปลีก,ผลไม้,7/25/2014 12:00:00 AM,0,0
P14019,ทุเรียนชะนี,ขายปลีก,ผลไม้,7/28/2014 12:00:00 AM,0,0
P14019,ทุเรียนชะนี,ขายปลีก,ผลไม้,7/29/2014 12:00:00 AM,0,0
P14019,ทุเรียนชะนี,ขายปลีก,ผลไม้,7/30/2014 12:00:00 AM,0,0
P14019,ทุเรียนชะนี,ขายปลีก,ผลไม้,7/31/2014 12:00:00 AM,0,0
P14019,ทุเรียนชะนี,ขายปลีก,ผลไม้,8/1/2014 12:00:00 AM,0,0
P14019,ทุเรียนชะนี,ขายปลีก,ผลไม้,8/4/2014 12:00:00 AM,0,0
P14019,ทุเรียนชะนี,ขายปลีก,ผลไม้,8/5/2014 12:00:00 AM,0,0
P14019,ทุเรียนชะนี,ขายปลีก,ผลไม้,8/6/2014 12:00:00 AM,0,0
P14019,ทุเรียนชะนี,ขายปลีก,ผลไม้,8/7/2014 12:00:00 AM,0,0
P14019,ทุเรียนชะนี,ขายปลีก,ผลไม้,8/8/2014 12:00:00 AM,0,0
P14019,ทุเรียนชะนี,ขายปลีก,ผลไม้,8/13/2014 12:00:00 AM,0,0
P14019,ทุเรียนชะนี,ขายปลีก,ผลไม้,8/14/2014 12:00:00 AM,0,0
P14019,ทุเรียนชะนี,ขายปลีก,ผลไม้,8/15/2014 12:00:00 AM,0,0
P14019,ทุเรียนชะนี,ขายปลีก,ผลไม้,8/18/2014 12:00:00 AM,0,0
P14019,ทุเรียนชะนี,ขายปลีก,ผลไม้,8/19/2014 12:00:00 AM,0,0
P14019,ทุเรียนชะนี,ขายปลีก,ผลไม้,8/20/2014 12:00:00 AM,0,0
P14019,ทุเรียนชะนี,ขายปลีก,ผลไม้,8/21/2014 12:00:00 AM,0,0
P14019,ทุเรียนชะนี,ขายปลีก,ผลไม้,8/22/2014 12:00:00 AM,0,0
P14019,ทุเรียนชะนี,ขายปลีก,ผลไม้,8/25/2014 12:00:00 AM,0,0
P14019,ทุเรียนชะนี,ขายปลีก,ผลไม้,8/26/2014 12:00:00 AM,0,0
P14019,ทุเรียนชะนี,ขายปลีก,ผลไม้,8/27/2014 12:00:00 AM,0,0
P14019,ทุเรียนชะนี,ขายปลีก,ผลไม้,8/28/2014 12:00:00 AM,0,0
P14019,ทุเรียนชะนี,ขายปลีก,ผลไม้,8/29/2014 12:00:00 AM,0,0
P14019,ทุเรียนชะนี,ขายปลีก,ผลไม้,9/1/2014 12:00:00 AM,0,0
P14019,ทุเรียนชะนี,ขายปลีก,ผลไม้,9/2/2014 12:00:00 AM,0,0
P14019,ทุเรียนชะนี,ขายปลีก,ผลไม้,9/3/2014 12:00:00 AM,0,0
P14019,ทุเรียนชะนี,ขายปลีก,ผลไม้,9/4/2014 12:00:00 AM,0,0
P14019,ทุเรียนชะนี,ขายปลีก,ผลไม้,9/5/2014 12:00:00 AM,0,0
P14019,ทุเรียนชะนี,ขายปลีก,ผลไม้,9/8/2014 12:00:00 AM,0,0
P14019,ทุเรียนชะนี,ขายปลีก,ผลไม้,9/9/2014 12:00:00 AM,0,0
P14019,ทุเรียนชะนี,ขายปลีก,ผลไม้,9/10/2014 12:00:00 AM,0,0
P14019,ทุเรียนชะนี,ขายปลีก,ผลไม้,9/11/2014 12:00:00 AM,0,0
P14019,ทุเรียนชะนี,ขายปลีก,ผลไม้,9/12/2014 12:00:00 AM,0,0
P14019,ทุเรียนชะนี,ขายปลีก,ผลไม้,9/15/2014 12:00:00 AM,0,0
P14019,ทุเรียนชะนี,ขายปลีก,ผลไม้,9/16/2014 12:00:00 AM,0,0
P14019,ทุเรียนชะนี,ขายปลีก,ผลไม้,9/17/2014 12:00:00 AM,0,0
P14019,ทุเรียนชะนี,ขายปลีก,ผลไม้,9/18/2014 12:00:00 AM,0,0
P14019,ทุเรียนชะนี,ขายปลีก,ผลไม้,9/19/2014 12:00:00 AM,0,0
P14019,ทุเรียนชะนี,ขายปลีก,ผลไม้,9/22/2014 12:00:00 AM,0,0
P14019,ทุเรียนชะนี,ขายปลีก,ผลไม้,9/23/2014 12:00:00 AM,0,0
P14019,ทุเรียนชะนี,ขายปลีก,ผลไม้,9/24/2014 12:00:00 AM,0,0
P14019,ทุเรียนชะนี,ขายปลีก,ผลไม้,9/25/2014 12:00:00 AM,0,0
P14019,ทุเรียนชะนี,ขายปลีก,ผลไม้,9/26/2014 12:00:00 AM,0,0
P14019,ทุเรียนชะนี,ขายปลีก,ผลไม้,9/29/2014 12:00:00 AM,0,0
P14019,ทุเรียนชะนี,ขายปลีก,ผลไม้,9/30/2014 12:00:00 AM,0,0
P14019,ทุเรียนชะนี,ขายปลีก,ผลไม้,10/1/2014 12:00:00 AM,0,0
P14019,ทุเรียนชะนี,ขายปลีก,ผลไม้,10/2/2014 12:00:00 AM,0,0
P14019,ทุเรียนชะนี,ขายปลีก,ผลไม้,10/3/2014 12:00:00 AM,0,0
P14019,ทุเรียนชะนี,ขายปลีก,ผลไม้,10/6/2014 12:00:00 AM,0,0
P14019,ทุเรียนชะนี,ขายปลีก,ผลไม้,10/7/2014 12:00:00 AM,0,0
P14019,ทุเรียนชะนี,ขายปลีก,ผลไม้,10/8/2014 12:00:00 AM,0,0
P14019,ทุเรียนชะนี,ขายปลีก,ผลไม้,10/9/2014 12:00:00 AM,0,0
P14019,ทุเรียนชะนี,ขายปลีก,ผลไม้,10/10/2014 12:00:00 AM,0,0
P14019,ทุเรียนชะนี,ขายปลีก,ผลไม้,10/13/2014 12:00:00 AM,0,0
P14019,ทุเรียนชะนี,ขายปลีก,ผลไม้,10/14/2014 12:00:00 AM,0,0
P14019,ทุเรียนชะนี,ขายปลีก,ผลไม้,10/15/2014 12:00:00 AM,0,0
P14019,ทุเรียนชะนี,ขายปลีก,ผลไม้,10/16/2014 12:00:00 AM,0,0
P14019,ทุเรียนชะนี,ขายปลีก,ผลไม้,10/17/2014 12:00:00 AM,0,0
P14019,ทุเรียนชะนี,ขายปลีก,ผลไม้,10/20/2014 12:00:00 AM,0,0
P14019,ทุเรียนชะนี,ขายปลีก,ผลไม้,10/21/2014 12:00:00 AM,0,0
P14019,ทุเรียนชะนี,ขายปลีก,ผลไม้,10/22/2014 12:00:00 AM,0,0
P14019,ทุเรียนชะนี,ขายปลีก,ผลไม้,10/24/2014 12:00:00 AM,0,0
P14019,ทุเรียนชะนี,ขายปลีก,ผลไม้,10/27/2014 12:00:00 AM,0,0
P14019,ทุเรียนชะนี,ขายปลีก,ผลไม้,10/28/2014 12:00:00 AM,0,0
P14019,ทุเรียนชะนี,ขายปลีก,ผลไม้,10/29/2014 12:00:00 AM,0,0
P14019,ทุเรียนชะนี,ขายปลีก,ผลไม้,10/30/2014 12:00:00 AM,0,0
P14019,ทุเรียนชะนี,ขายปลีก,ผลไม้,10/31/2014 12:00:00 AM,0,0
P14019,ทุเรียนชะนี,ขายปลีก,ผลไม้,11/3/2014 12:00:00 AM,0,0
P14019,ทุเรียนชะนี,ขายปลีก,ผลไม้,11/4/2014 12:00:00 AM,0,0
P14019,ทุเรียนชะนี,ขายปลีก,ผลไม้,11/5/2014 12:00:00 AM,0,0
P14019,ทุเรียนชะนี,ขายปลีก,ผลไม้,11/6/2014 12:00:00 AM,0,0
P14019,ทุเรียนชะนี,ขายปลีก,ผลไม้,11/7/2014 12:00:00 AM,0,0
P14019,ทุเรียนชะนี,ขายปลีก,ผลไม้,11/10/2014 12:00:00 AM,0,0
P14019,ทุเรียนชะนี,ขายปลีก,ผลไม้,11/11/2014 12:00:00 AM,0,0
P14019,ทุเรียนชะนี,ขายปลีก,ผลไม้,11/12/2014 12:00:00 AM,0,0
P14019,ทุเรียนชะนี,ขายปลีก,ผลไม้,11/13/2014 12:00:00 AM,0,0
P14019,ทุเรียนชะนี,ขายปลีก,ผลไม้,11/14/2014 12:00:00 AM,0,0
P14019,ทุเรียนชะนี,ขายปลีก,ผลไม้,11/17/2014 12:00:00 AM,0,0
P14019,ทุเรียนชะนี,ขายปลีก,ผลไม้,11/18/2014 12:00:00 AM,0,0
P14019,ทุเรียนชะนี,ขายปลีก,ผลไม้,11/19/2014 12:00:00 AM,0,0
P14019,ทุเรียนชะนี,ขายปลีก,ผลไม้,11/20/2014 12:00:00 AM,0,0
P14019,ทุเรียนชะนี,ขายปลีก,ผลไม้,11/21/2014 12:00:00 AM,0,0
P14019,ทุเรียนชะนี,ขายปลีก,ผลไม้,11/24/2014 12:00:00 AM,0,0
P14019,ทุเรียนชะนี,ขายปลีก,ผลไม้,11/25/2014 12:00:00 AM,0,0
P14019,ทุเรียนชะนี,ขายปลีก,ผลไม้,11/26/2014 12:00:00 AM,0,0
P14019,ทุเรียนชะนี,ขายปลีก,ผลไม้,11/27/2014 12:00:00 AM,0,0
P14019,ทุเรียนชะนี,ขายปลีก,ผลไม้,11/28/2014 12:00:00 AM,0,0
P14019,ทุเรียนชะนี,ขายปลีก,ผลไม้,12/1/2014 12:00:00 AM,0,0
P14019,ทุเรียนชะนี,ขายปลีก,ผลไม้,12/2/2014 12:00:00 AM,0,0
P14019,ทุเรียนชะนี,ขายปลีก,ผลไม้,12/3/2014 12:00:00 AM,0,0
P14019,ทุเรียนชะนี,ขายปลีก,ผลไม้,12/4/2014 12:00:00 AM,0,0
P14019,ทุเรียนชะนี,ขายปลีก,ผลไม้,12/8/2014 12:00:00 AM,0,0
P14019,ทุเรียนชะนี,ขายปลีก,ผลไม้,12/9/2014 12:00:00 AM,0,0
P14019,ทุเรียนชะนี,ขายปลีก,ผลไม้,12/11/2014 12:00:00 AM,0,0
P14019,ทุเรียนชะนี,ขายปลีก,ผลไม้,12/12/2014 12:00:00 AM,0,0
P14019,ทุเรียนชะนี,ขายปลีก,ผลไม้,12/15/2014 12:00:00 AM,0,0
P14019,ทุเรียนชะนี,ขายปลีก,ผลไม้,12/16/2014 12:00:00 AM,0,0
P14019,ทุเรียนชะนี,ขายปลีก,ผลไม้,12/17/2014 12:00:00 AM,0,0
P14019,ทุเรียนชะนี,ขายปลีก,ผลไม้,12/18/2014 12:00:00 AM,0,0
P14019,ทุเรียนชะนี,ขายปลีก,ผลไม้,12/19/2014 12:00:00 AM,0,0
P14019,ทุเรียนชะนี,ขายปลีก,ผลไม้,12/22/2014 12:00:00 AM,0,0
P14019,ทุเรียนชะนี,ขายปลีก,ผลไม้,12/23/2014 12:00:00 AM,0,0
P14019,ทุเรียนชะนี,ขายปลีก,ผลไม้,12/24/2014 12:00:00 AM,0,0
P14019,ทุเรียนชะนี,ขายปลีก,ผลไม้,12/25/2014 12:00:00 AM,0,0
P14019,ทุเรียนชะนี,ขายปลีก,ผลไม้,12/26/2014 12:00:00 AM,0,0
P14019,ทุเรียนชะนี,ขายปลีก,ผลไม้,12/29/2014 12:00:00 AM,0,0
P14019,ทุเรียนชะนี,ขายปลีก,ผลไม้,12/30/2014 12:00:00 AM,0,0
P14019,ทุเรียนชะนี,ขายปลีก,ผลไม้,1/5/2015 12:00:00 AM,0,0
P14019,ทุเรียนชะนี,ขายปลีก,ผลไม้,1/6/2015 12:00:00 AM,0,0
P14019,ทุเรียนชะนี,ขายปลีก,ผลไม้,1/7/2015 12:00:00 AM,0,0
P14019,ทุเรียนชะนี,ขายปลีก,ผลไม้,1/8/2015 12:00:00 AM,0,0
P14019,ทุเรียนชะนี,ขายปลีก,ผลไม้,1/9/2015 12:00:00 AM,0,0
P14019,ทุเรียนชะนี,ขายปลีก,ผลไม้,1/12/2015 12:00:00 AM,0,0
P14019,ทุเรียนชะนี,ขายปลีก,ผลไม้,1/13/2015 12:00:00 AM,0,0
P14019,ทุเรียนชะนี,ขายปลีก,ผลไม้,1/14/2015 12:00:00 AM,0,0
P14019,ทุเรียนชะนี,ขายปลีก,ผลไม้,1/15/2015 12:00:00 AM,0,0
P14019,ทุเรียนชะนี,ขายปลีก,ผลไม้,1/16/2015 12:00:00 AM,0,0
P14019,ทุเรียนชะนี,ขายปลีก,ผลไม้,1/19/2015 12:00:00 AM,0,0
P14019,ทุเรียนชะนี,ขายปลีก,ผลไม้,1/20/2015 12:00:00 AM,0,0
P14019,ทุเรียนชะนี,ขายปลีก,ผลไม้,1/21/2015 12:00:00 AM,0,0
P14019,ทุเรียนชะนี,ขายปลีก,ผลไม้,1/22/2015 12:00:00 AM,0,0
P14019,ทุเรียนชะนี,ขายปลีก,ผลไม้,1/23/2015 12:00:00 AM,0,0
P14019,ทุเรียนชะนี,ขายปลีก,ผลไม้,1/26/2015 12:00:00 AM,0,0
P14019,ทุเรียนชะนี,ขายปลีก,ผลไม้,1/27/2015 12:00:00 AM,0,0
P14019,ทุเรียนชะนี,ขายปลีก,ผลไม้,1/28/2015 12:00:00 AM,0,0
P14019,ทุเรียนชะนี,ขายปลีก,ผลไม้,1/29/2015 12:00:00 AM,0,0
P14019,ทุเรียนชะนี,ขายปลีก,ผลไม้,1/30/2015 12:00:00 AM,0,0
P14019,ทุเรียนชะนี,ขายปลีก,ผลไม้,2/2/2015 12:00:00 AM,0,0
P14019,ทุเรียนชะนี,ขายปลีก,ผลไม้,2/3/2015 12:00:00 AM,0,0
P14019,ทุเรียนชะนี,ขายปลีก,ผลไม้,2/4/2015 12:00:00 AM,0,0
P14019,ทุเรียนชะนี,ขายปลีก,ผลไม้,2/5/2015 12:00:00 AM,0,0
P14019,ทุเรียนชะนี,ขายปลีก,ผลไม้,2/6/2015 12:00:00 AM,0,0
P14019,ทุเรียนชะนี,ขายปลีก,ผลไม้,2/9/2015 12:00:00 AM,0,0
P14019,ทุเรียนชะนี,ขายปลีก,ผลไม้,2/10/2015 12:00:00 AM,0,0
P14019,ทุเรียนชะนี,ขายปลีก,ผลไม้,2/11/2015 12:00:00 AM,0,0
P14019,ทุเรียนชะนี,ขายปลีก,ผลไม้,2/12/2015 12:00:00 AM,0,0
P14019,ทุเรียนชะนี,ขายปลีก,ผลไม้,2/13/2015 12:00:00 AM,0,0
P14019,ทุเรียนชะนี,ขายปลีก,ผลไม้,2/16/2015 12:00:00 AM,0,0
P14019,ทุเรียนชะนี,ขายปลีก,ผลไม้,2/17/2015 12:00:00 AM,0,0
P14019,ทุเรียนชะนี,ขายปลีก,ผลไม้,2/18/2015 12:00:00 AM,0,0
P14019,ทุเรียนชะนี,ขายปลีก,ผลไม้,2/19/2015 12:00:00 AM,0,0
P14019,ทุเรียนชะนี,ขายปลีก,ผลไม้,2/20/2015 12:00:00 AM,0,0
P14019,ทุเรียนชะนี,ขายปลีก,ผลไม้,2/23/2015 12:00:00 AM,0,0
P14019,ทุเรียนชะนี,ขายปลีก,ผลไม้,2/24/2015 12:00:00 AM,0,0
P14019,ทุเรียนชะนี,ขายปลีก,ผลไม้,2/25/2015 12:00:00 AM,0,0
P14019,ทุเรียนชะนี,ขายปลีก,ผลไม้,2/26/2015 12:00:00 AM,0,0
P14019,ทุเรียนชะนี,ขายปลีก,ผลไม้,2/27/2015 12:00:00 AM,0,0
P14019,ทุเรียนชะนี,ขายปลีก,ผลไม้,3/2/2015 12:00:00 AM,0,0
P14019,ทุเรียนชะนี,ขายปลีก,ผลไม้,3/3/2015 12:00:00 AM,0,0
P14019,ทุเรียนชะนี,ขายปลีก,ผลไม้,3/5/2015 12:00:00 AM,0,0
P14019,ทุเรียนชะนี,ขายปลีก,ผลไม้,3/6/2015 12:00:00 AM,0,0
P14019,ทุเรียนชะนี,ขายปลีก,ผลไม้,3/9/2015 12:00:00 AM,0,0
P14019,ทุเรียนชะนี,ขายปลีก,ผลไม้,3/10/2015 12:00:00 AM,0,0
P14019,ทุเรียนชะนี,ขายปลีก,ผลไม้,3/11/2015 12:00:00 AM,0,0
P14019,ทุเรียนชะนี,ขายปลีก,ผลไม้,3/12/2015 12:00:00 AM,0,0
P14019,ทุเรียนชะนี,ขายปลีก,ผลไม้,3/13/2015 12:00:00 AM,0,0
P14019,ทุเรียนชะนี,ขายปลีก,ผลไม้,3/16/2015 12:00:00 AM,0,0
P14019,ทุเรียนชะนี,ขายปลีก,ผลไม้,3/17/2015 12:00:00 AM,0,0
P14019,ทุเรียนชะนี,ขายปลีก,ผลไม้,3/18/2015 12:00:00 AM,0,0
P14019,ทุเรียนชะนี,ขายปลีก,ผลไม้,3/19/2015 12:00:00 AM,0,0
P14019,ทุเรียนชะนี,ขายปลีก,ผลไม้,3/20/2015 12:00:00 AM,0,0
P14019,ทุเรียนชะนี,ขายปลีก,ผลไม้,3/23/2015 12:00:00 AM,0,0
P14019,ทุเรียนชะนี,ขายปลีก,ผลไม้,3/24/2015 12:00:00 AM,0,0
P14019,ทุเรียนชะนี,ขายปลีก,ผลไม้,3/25/2015 12:00:00 AM,0,0
P14019,ทุเรียนชะนี,ขายปลีก,ผลไม้,3/26/2015 12:00:00 AM,0,0
P14019,ทุเรียนชะนี,ขายปลีก,ผลไม้,3/27/2015 12:00:00 AM,0,0
P14019,ทุเรียนชะนี,ขายปลีก,ผลไม้,3/30/2015 12:00:00 AM,0,0
P14019,ทุเรียนชะนี,ขายปลีก,ผลไม้,3/31/2015 12:00:00 AM,0,0
P14019,ทุเรียนชะนี,ขายปลีก,ผลไม้,4/1/2015 12:00:00 AM,0,0
P14019,ทุเรียนชะนี,ขายปลีก,ผลไม้,4/2/2015 12:00:00 AM,0,0
P14019,ทุเรียนชะนี,ขายปลีก,ผลไม้,4/3/2015 12:00:00 AM,0,0
P14019,ทุเรียนชะนี,ขายปลีก,ผลไม้,4/7/2015 12:00:00 AM,0,0
P14019,ทุเรียนชะนี,ขายปลีก,ผลไม้,4/8/2015 12:00:00 AM,0,0
P14019,ทุเรียนชะนี,ขายปลีก,ผลไม้,4/9/2015 12:00:00 AM,0,0
P14019,ทุเรียนชะนี,ขายปลีก,ผลไม้,4/10/2015 12:00:00 AM,0,0
P14019,ทุเรียนชะนี,ขายปลีก,ผลไม้,4/16/2015 12:00:00 AM,0,0
P14019,ทุเรียนชะนี,ขายปลีก,ผลไม้,4/17/2015 12:00:00 AM,0,0
P14019,ทุเรียนชะนี,ขายปลีก,ผลไม้,4/20/2015 12:00:00 AM,0,0
P14019,ทุเรียนชะนี,ขายปลีก,ผลไม้,4/21/2015 12:00:00 AM,0,0
P14019,ทุเรียนชะนี,ขายปลีก,ผลไม้,4/22/2015 12:00:00 AM,0,0
P14019,ทุเรียนชะนี,ขายปลีก,ผลไม้,4/23/2015 12:00:00 AM,0,0
P14019,ทุเรียนชะนี,ขายปลีก,ผลไม้,4/24/2015 12:00:00 AM,0,0
P14019,ทุเรียนชะนี,ขายปลีก,ผลไม้,4/27/2015 12:00:00 AM,0,0
P14019,ทุเรียนชะนี,ขายปลีก,ผลไม้,4/28/2015 12:00:00 AM,70,60
P14019,ทุเรียนชะนี,ขายปลีก,ผลไม้,4/29/2015 12:00:00 AM,70,60
P14019,ทุเรียนชะนี,ขายปลีก,ผลไม้,4/30/2015 12:00:00 AM,70,60
P14019,ทุเรียนชะนี,ขายปลีก,ผลไม้,5/1/2015 12:00:00 AM,70,60
P14019,ทุเรียนชะนี,ขายปลีก,ผลไม้,5/6/2015 12:00:00 AM,70,60
P14019,ทุเรียนชะนี,ขายปลีก,ผลไม้,5/7/2015 12:00:00 AM,70,60
P14019,ทุเรียนชะนี,ขายปลีก,ผลไม้,5/8/2015 12:00:00 AM,70,60
P14019,ทุเรียนชะนี,ขายปลีก,ผลไม้,5/11/2015 12:00:00 AM,70,60
P14019,ทุเรียนชะนี,ขายปลีก,ผลไม้,5/12/2015 12:00:00 AM,70,60
P14019,ทุเรียนชะนี,ขายปลีก,ผลไม้,5/14/2015 12:00:00 AM,70,60
P14019,ทุเรียนชะนี,ขายปลีก,ผลไม้,5/15/2015 12:00:00 AM,70,60
P14019,ทุเรียนชะนี,ขายปลีก,ผลไม้,5/18/2015 12:00:00 AM,70,60
P14019,ทุเรียนชะนี,ขายปลีก,ผลไม้,5/19/2015 12:00:00 AM,70,60
P14019,ทุเรียนชะนี,ขายปลีก,ผลไม้,5/20/2015 12:00:00 AM,70,60
P14019,ทุเรียนชะนี,ขายปลีก,ผลไม้,5/21/2015 12:00:00 AM,70,60
P14019,ทุเรียนชะนี,ขายปลีก,ผลไม้,5/22/2015 12:00:00 AM,70,60
P14019,ทุเรียนชะนี,ขายปลีก,ผลไม้,5/25/2015 12:00:00 AM,70,60
P14019,ทุเรียนชะนี,ขายปลีก,ผลไม้,5/26/2015 12:00:00 AM,70,60
P14019,ทุเรียนชะนี,ขายปลีก,ผลไม้,5/27/2015 12:00:00 AM,70,60
P14019,ทุเรียนชะนี,ขายปลีก,ผลไม้,5/28/2015 12:00:00 AM,70,60
P14019,ทุเรียนชะนี,ขายปลีก,ผลไม้,5/29/2015 12:00:00 AM,70,60
P14019,ทุเรียนชะนี,ขายปลีก,ผลไม้,6/2/2015 12:00:00 AM,70,60
P14019,ทุเรียนชะนี,ขายปลีก,ผลไม้,6/3/2015 12:00:00 AM,70,60
P14019,ทุเรียนชะนี,ขายปลีก,ผลไม้,6/4/2015 12:00:00 AM,70,60
P14019,ทุเรียนชะนี,ขายปลีก,ผลไม้,6/5/2015 12:00:00 AM,70,60
P14019,ทุเรียนชะนี,ขายปลีก,ผลไม้,6/8/2015 12:00:00 AM,70,60
P14019,ทุเรียนชะนี,ขายปลีก,ผลไม้,6/9/2015 12:00:00 AM,70,60
P14019,ทุเรียนชะนี,ขายปลีก,ผลไม้,6/10/2015 12:00:00 AM,70,60
P14019,ทุเรียนชะนี,ขายปลีก,ผลไม้,6/11/2015 12:00:00 AM,70,60
P14019,ทุเรียนชะนี,ขายปลีก,ผลไม้,6/12/2015 12:00:00 AM,70,60
P14019,ทุเรียนชะนี,ขายปลีก,ผลไม้,6/15/2015 12:00:00 AM,0,0
P14019,ทุเรียนชะนี,ขายปลีก,ผลไม้,6/16/2015 12:00:00 AM,0,0
P14019,ทุเรียนชะนี,ขายปลีก,ผลไม้,6/17/2015 12:00:00 AM,0,0
P14019,ทุเรียนชะนี,ขายปลีก,ผลไม้,6/18/2015 12:00:00 AM,0,0
P14019,ทุเรียนชะนี,ขายปลีก,ผลไม้,6/19/2015 12:00:00 AM,0,0
P14019,ทุเรียนชะนี,ขายปลีก,ผลไม้,6/22/2015 12:00:00 AM,0,0
P14019,ทุเรียนชะนี,ขายปลีก,ผลไม้,6/23/2015 12:00:00 AM,0,0
P14019,ทุเรียนชะนี,ขายปลีก,ผลไม้,6/24/2015 12:00:00 AM,0,0
P14019,ทุเรียนชะนี,ขายปลีก,ผลไม้,6/25/2015 12:00:00 AM,0,0
P14019,ทุเรียนชะนี,ขายปลีก,ผลไม้,6/26/2015 12:00:00 AM,0,0
P14019,ทุเรียนชะนี,ขายปลีก,ผลไม้,6/29/2015 12:00:00 AM,0,0
P14019,ทุเรียนชะนี,ขายปลีก,ผลไม้,6/30/2015 12:00:00 AM,0,0
P14019,ทุเรียนชะนี,ขายปลีก,ผลไม้,7/1/2015 12:00:00 AM,0,0
P14019,ทุเรียนชะนี,ขายปลีก,ผลไม้,7/2/2015 12:00:00 AM,0,0
P14019,ทุเรียนชะนี,ขายปลีก,ผลไม้,7/3/2015 12:00:00 AM,0,0
P14019,ทุเรียนชะนี,ขายปลีก,ผลไม้,7/6/2015 12:00:00 AM,0,0
P14019,ทุเรียนชะนี,ขายปลีก,ผลไม้,7/7/2015 12:00:00 AM,0,0
P14019,ทุเรียนชะนี,ขายปลีก,ผลไม้,7/8/2015 12:00:00 AM,0,0
P14019,ทุเรียนชะนี,ขายปลีก,ผลไม้,7/9/2015 12:00:00 AM,0,0
P14019,ทุเรียนชะนี,ขายปลีก,ผลไม้,7/10/2015 12:00:00 AM,0,0
P14019,ทุเรียนชะนี,ขายปลีก,ผลไม้,7/13/2015 12:00:00 AM,0,0
P14019,ทุเรียนชะนี,ขายปลีก,ผลไม้,7/14/2015 12:00:00 AM,0,0
P14019,ทุเรียนชะนี,ขายปลีก,ผลไม้,7/15/2015 12:00:00 AM,0,0
P14019,ทุเรียนชะนี,ขายปลีก,ผลไม้,7/16/2015 12:00:00 AM,0,0
P14019,ทุเรียนชะนี,ขายปลีก,ผลไม้,7/17/2015 12:00:00 AM,0,0
P14019,ทุเรียนชะนี,ขายปลีก,ผลไม้,7/20/2015 12:00:00 AM,0,0
P14019,ทุเรียนชะนี,ขายปลีก,ผลไม้,7/21/2015 12:00:00 AM,0,0
P14019,ทุเรียนชะนี,ขายปลีก,ผลไม้,7/22/2015 12:00:00 AM,0,0
P14019,ทุเรียนชะนี,ขายปลีก,ผลไม้,7/23/2015 12:00:00 AM,0,0
P14019,ทุเรียนชะนี,ขายปลีก,ผลไม้,7/24/2015 12:00:00 AM,0,0
P14019,ทุเรียนชะนี,ขายปลีก,ผลไม้,7/27/2015 12:00:00 AM,0,0
P14019,ทุเรียนชะนี,ขายปลีก,ผลไม้,7/28/2015 12:00:00 AM,0,0
P14019,ทุเรียนชะนี,ขายปลีก,ผลไม้,7/29/2015 12:00:00 AM,0,0
P14019,ทุเรียนชะนี,ขายปลีก,ผลไม้,8/3/2015 12:00:00 AM,0,0
P14019,ทุเรียนชะนี,ขายปลีก,ผลไม้,8/4/2015 12:00:00 AM,0,0
P14019,ทุเรียนชะนี,ขายปลีก,ผลไม้,8/5/2015 12:00:00 AM,0,0
P14019,ทุเรียนชะนี,ขายปลีก,ผลไม้,8/6/2015 12:00:00 AM,0,0
P14019,ทุเรียนชะนี,ขายปลีก,ผลไม้,8/7/2015 12:00:00 AM,0,0
P14019,ทุเรียนชะนี,ขายปลีก,ผลไม้,8/10/2015 12:00:00 AM,0,0
P14019,ทุเรียนชะนี,ขายปลีก,ผลไม้,8/11/2015 12:00:00 AM,0,0
P14019,ทุเรียนชะนี,ขายปลีก,ผลไม้,8/13/2015 12:00:00 AM,0,0
P14019,ทุเรียนชะนี,ขายปลีก,ผลไม้,8/14/2015 12:00:00 AM,0,0
P14019,ทุเรียนชะนี,ขายปลีก,ผลไม้,8/17/2015 12:00:00 AM,0,0
P14019,ทุเรียนชะนี,ขายปลีก,ผลไม้,8/18/2015 12:00:00 AM,0,0
P14019,ทุเรียนชะนี,ขายปลีก,ผลไม้,8/19/2015 12:00:00 AM,0,0
P14019,ทุเรียนชะนี,ขายปลีก,ผลไม้,8/20/2015 12:00:00 AM,0,0
P14019,ทุเรียนชะนี,ขายปลีก,ผลไม้,8/21/2015 12:00:00 AM,0,0
P14019,ทุเรียนชะนี,ขายปลีก,ผลไม้,8/24/2015 12:00:00 AM,0,0
P14019,ทุเรียนชะนี,ขายปลีก,ผลไม้,8/25/2015 12:00:00 AM,0,0
P14019,ทุเรียนชะนี,ขายปลีก,ผลไม้,8/26/2015 12:00:00 AM,0,0
P14019,ทุเรียนชะนี,ขายปลีก,ผลไม้,8/27/2015 12:00:00 AM,0,0
P14019,ทุเรียนชะนี,ขายปลีก,ผลไม้,8/28/2015 12:00:00 AM,0,0
P14019,ทุเรียนชะนี,ขายปลีก,ผลไม้,8/31/2015 12:00:00 AM,0,0
P14019,ทุเรียนชะนี,ขายปลีก,ผลไม้,9/1/2015 12:00:00 AM,0,0
P14019,ทุเรียนชะนี,ขายปลีก,ผลไม้,9/2/2015 12:00:00 AM,0,0
P14019,ทุเรียนชะนี,ขายปลีก,ผลไม้,9/3/2015 12:00:00 AM,0,0
P14019,ทุเรียนชะนี,ขายปลีก,ผลไม้,9/4/2015 12:00:00 AM,0,0
P14019,ทุเรียนชะนี,ขายปลีก,ผลไม้,9/7/2015 12:00:00 AM,0,0
P14019,ทุเรียนชะนี,ขายปลีก,ผลไม้,9/8/2015 12:00:00 AM,0,0
P14019,ทุเรียนชะนี,ขายปลีก,ผลไม้,9/9/2015 12:00:00 AM,0,0
P14019,ทุเรียนชะนี,ขายปลีก,ผลไม้,9/10/2015 12:00:00 AM,0,0
P14019,ทุเรียนชะนี,ขายปลีก,ผลไม้,9/11/2015 12:00:00 AM,0,0
P14019,ทุเรียนชะนี,ขายปลีก,ผลไม้,9/14/2015 12:00:00 AM,0,0
P14019,ทุเรียนชะนี,ขายปลีก,ผลไม้,9/15/2015 12:00:00 AM,0,0
P14019,ทุเรียนชะนี,ขายปลีก,ผลไม้,9/16/2015 12:00:00 AM,0,0
P14019,ทุเรียนชะนี,ขายปลีก,ผลไม้,9/17/2015 12:00:00 AM,0,0
P14019,ทุเรียนชะนี,ขายปลีก,ผลไม้,9/18/2015 12:00:00 AM,0,0
P14019,ทุเรียนชะนี,ขายปลีก,ผลไม้,9/21/2015 12:00:00 AM,0,0
P14019,ทุเรียนชะนี,ขายปลีก,ผลไม้,9/22/2015 12:00:00 AM,0,0
P14019,ทุเรียนชะนี,ขายปลีก,ผลไม้,9/23/2015 12:00:00 AM,0,0
P14019,ทุเรียนชะนี,ขายปลีก,ผลไม้,9/24/2015 12:00:00 AM,0,0
P14019,ทุเรียนชะนี,ขายปลีก,ผลไม้,9/25/2015 12:00:00 AM,0,0
P14019,ทุเรียนชะนี,ขายปลีก,ผลไม้,9/28/2015 12:00:00 AM,0,0
P14019,ทุเรียนชะนี,ขายปลีก,ผลไม้,9/29/2015 12:00:00 AM,0,0
P14019,ทุเรียนชะนี,ขายปลีก,ผลไม้,9/30/2015 12:00:00 AM,0,0
P14019,ทุเรียนชะนี,ขายปลีก,ผลไม้,10/1/2015 12:00:00 AM,0,0
P14019,ทุเรียนชะนี,ขายปลีก,ผลไม้,10/2/2015 12:00:00 AM,0,0
P14019,ทุเรียนชะนี,ขายปลีก,ผลไม้,10/5/2015 12:00:00 AM,0,0
P14019,ทุเรียนชะนี,ขายปลีก,ผลไม้,10/6/2015 12:00:00 AM,0,0
P14019,ทุเรียนชะนี,ขายปลีก,ผลไม้,10/7/2015 12:00:00 AM,0,0
P14019,ทุเรียนชะนี,ขายปลีก,ผลไม้,10/8/2015 12:00:00 AM,0,0
P14019,ทุเรียนชะนี,ขายปลีก,ผลไม้,10/9/2015 12:00:00 AM,0,0
P14019,ทุเรียนชะนี,ขายปลีก,ผลไม้,10/12/2015 12:00:00 AM,0,0
P14019,ทุเรียนชะนี,ขายปลีก,ผลไม้,10/13/2015 12:00:00 AM,0,0
P14019,ทุเรียนชะนี,ขายปลีก,ผลไม้,10/14/2015 12:00:00 AM,0,0
P14019,ทุเรียนชะนี,ขายปลีก,ผลไม้,10/15/2015 12:00:00 AM,0,0
P14019,ทุเรียนชะนี,ขายปลีก,ผลไม้,10/16/2015 12:00:00 AM,0,0
P14019,ทุเรียนชะนี,ขายปลีก,ผลไม้,10/19/2015 12:00:00 AM,0,0
P14019,ทุเรียนชะนี,ขายปลีก,ผลไม้,10/20/2015 12:00:00 AM,0,0
P14019,ทุเรียนชะนี,ขายปลีก,ผลไม้,10/21/2015 12:00:00 AM,0,0
P14019,ทุเรียนชะนี,ขายปลีก,ผลไม้,10/22/2015 12:00:00 AM,0,0
P14019,ทุเรียนชะนี,ขายปลีก,ผลไม้,10/26/2015 12:00:00 AM,0,0
P14019,ทุเรียนชะนี,ขายปลีก,ผลไม้,10/27/2015 12:00:00 AM,0,0
P14019,ทุเรียนชะนี,ขายปลีก,ผลไม้,10/28/2015 12:00:00 AM,0,0
P14019,ทุเรียนชะนี,ขายปลีก,ผลไม้,10/29/2015 12:00:00 AM,0,0
P14019,ทุเรียนชะนี,ขายปลีก,ผลไม้,10/30/2015 12:00:00 AM,0,0
P14019,ทุเรียนชะนี,ขายปลีก,ผลไม้,11/2/2015 12:00:00 AM,0,0
P14019,ทุเรียนชะนี,ขายปลีก,ผลไม้,11/3/2015 12:00:00 AM,0,0
P14019,ทุเรียนชะนี,ขายปลีก,ผลไม้,11/4/2015 12:00:00 AM,0,0
P14019,ทุเรียนชะนี,ขายปลีก,ผลไม้,11/5/2015 12:00:00 AM,0,0
P14019,ทุเรียนชะนี,ขายปลีก,ผลไม้,11/6/2015 12:00:00 AM,0,0
P14019,ทุเรียนชะนี,ขายปลีก,ผลไม้,11/9/2015 12:00:00 AM,0,0
P14019,ทุเรียนชะนี,ขายปลีก,ผลไม้,11/10/2015 12:00:00 AM,0,0
P14019,ทุเรียนชะนี,ขายปลีก,ผลไม้,11/11/2015 12:00:00 AM,0,0
P14019,ทุเรียนชะนี,ขายปลีก,ผลไม้,11/12/2015 12:00:00 AM,0,0
P14019,ทุเรียนชะนี,ขายปลีก,ผลไม้,11/13/2015 12:00:00 AM,0,0
P14019,ทุเรียนชะนี,ขายปลีก,ผลไม้,11/16/2015 12:00:00 AM,0,0
P14019,ทุเรียนชะนี,ขายปลีก,ผลไม้,11/17/2015 12:00:00 AM,0,0
P14019,ทุเรียนชะนี,ขายปลีก,ผลไม้,11/18/2015 12:00:00 AM,0,0
P14019,ทุเรียนชะนี,ขายปลีก,ผลไม้,11/19/2015 12:00:00 AM,0,0
P14019,ทุเรียนชะนี,ขายปลีก,ผลไม้,11/20/2015 12:00:00 AM,0,0
P14019,ทุเรียนชะนี,ขายปลีก,ผลไม้,11/23/2015 12:00:00 AM,0,0
P14019,ทุเรียนชะนี,ขายปลีก,ผลไม้,11/24/2015 12:00:00 AM,0,0
P14019,ทุเรียนชะนี,ขายปลีก,ผลไม้,11/25/2015 12:00:00 AM,0,0
P14019,ทุเรียนชะนี,ขายปลีก,ผลไม้,11/26/2015 12:00:00 AM,0,0
P14019,ทุเรียนชะนี,ขายปลีก,ผลไม้,11/27/2015 12:00:00 AM,0,0
P14019,ทุเรียนชะนี,ขายปลีก,ผลไม้,11/30/2015 12:00:00 AM,0,0
P14019,ทุเรียนชะนี,ขายปลีก,ผลไม้,12/1/2015 12:00:00 AM,0,0
P14019,ทุเรียนชะนี,ขายปลีก,ผลไม้,12/2/2015 12:00:00 AM,0,0
P14019,ทุเรียนชะนี,ขายปลีก,ผลไม้,12/3/2015 12:00:00 AM,0,0
P14019,ทุเรียนชะนี,ขายปลีก,ผลไม้,12/4/2015 12:00:00 AM,0,0
P14019,ทุเรียนชะนี,ขายปลีก,ผลไม้,12/8/2015 12:00:00 AM,0,0
P14019,ทุเรียนชะนี,ขายปลีก,ผลไม้,12/9/2015 12:00:00 AM,0,0
P14019,ทุเรียนชะนี,ขายปลีก,ผลไม้,12/11/2015 12:00:00 AM,0,0
P14019,ทุเรียนชะนี,ขายปลีก,ผลไม้,12/14/2015 12:00:00 AM,0,0
P14019,ทุเรียนชะนี,ขายปลีก,ผลไม้,12/15/2015 12:00:00 AM,0,0
P14019,ทุเรียนชะนี,ขายปลีก,ผลไม้,12/16/2015 12:00:00 AM,0,0
P14019,ทุเรียนชะนี,ขายปลีก,ผลไม้,12/17/2015 12:00:00 AM,0,0
P14019,ทุเรียนชะนี,ขายปลีก,ผลไม้,12/18/2015 12:00:00 AM,0,0
P14019,ทุเรียนชะนี,ขายปลีก,ผลไม้,12/21/2015 12:00:00 AM,0,0
P14019,ทุเรียนชะนี,ขายปลีก,ผลไม้,12/22/2015 12:00:00 AM,0,0
P14019,ทุเรียนชะนี,ขายปลีก,ผลไม้,12/23/2015 12:00:00 AM,0,0
P14019,ทุเรียนชะนี,ขายปลีก,ผลไม้,12/24/2015 12:00:00 AM,0,0
P14019,ทุเรียนชะนี,ขายปลีก,ผลไม้,12/25/2015 12:00:00 AM,0,0
P14019,ทุเรียนชะนี,ขายปลีก,ผลไม้,12/28/2015 12:00:00 AM,0,0
P14019,ทุเรียนชะนี,ขายปลีก,ผลไม้,12/29/2015 12:00:00 AM,0,0
P14019,ทุเรียนชะนี,ขายปลีก,ผลไม้,12/30/2015 12:00:00 AM,0,0
P14019,ทุเรียนชะนี,ขายปลีก,ผลไม้,1/4/2016 12:00:00 AM,0,0
P14019,ทุเรียนชะนี,ขายปลีก,ผลไม้,1/5/2016 12:00:00 AM,0,0
P14019,ทุเรียนชะนี,ขายปลีก,ผลไม้,1/6/2016 12:00:00 AM,0,0
P14019,ทุเรียนชะนี,ขายปลีก,ผลไม้,1/7/2016 12:00:00 AM,0,0
P14019,ทุเรียนชะนี,ขายปลีก,ผลไม้,1/8/2016 12:00:00 AM,0,0
P14019,ทุเรียนชะนี,ขายปลีก,ผลไม้,1/11/2016 12:00:00 AM,0,0
P14019,ทุเรียนชะนี,ขายปลีก,ผลไม้,1/12/2016 12:00:00 AM,0,0
P14019,ทุเรียนชะนี,ขายปลีก,ผลไม้,1/13/2016 12:00:00 AM,0,0
P14019,ทุเรียนชะนี,ขายปลีก,ผลไม้,1/14/2016 12:00:00 AM,0,0
P14019,ทุเรียนชะนี,ขายปลีก,ผลไม้,1/15/2016 12:00:00 AM,0,0
P14019,ทุเรียนชะนี,ขายปลีก,ผลไม้,1/18/2016 12:00:00 AM,0,0
P14019,ทุเรียนชะนี,ขายปลีก,ผลไม้,1/19/2016 12:00:00 AM,0,0
P14019,ทุเรียนชะนี,ขายปลีก,ผลไม้,1/20/2016 12:00:00 AM,0,0
P14019,ทุเรียนชะนี,ขายปลีก,ผลไม้,1/21/2016 12:00:00 AM,0,0
P14019,ทุเรียนชะนี,ขายปลีก,ผลไม้,1/22/2016 12:00:00 AM,0,0
P14019,ทุเรียนชะนี,ขายปลีก,ผลไม้,1/25/2016 12:00:00 AM,0,0
P14019,ทุเรียนชะนี,ขายปลีก,ผลไม้,1/26/2016 12:00:00 AM,0,0
P14019,ทุเรียนชะนี,ขายปลีก,ผลไม้,1/27/2016 12:00:00 AM,0,0
P14019,ทุเรียนชะนี,ขายปลีก,ผลไม้,1/28/2016 12:00:00 AM,0,0
P14019,ทุเรียนชะนี,ขายปลีก,ผลไม้,1/29/2016 12:00:00 AM,0,0
P14019,ทุเรียนชะนี,ขายปลีก,ผลไม้,2/1/2016 12:00:00 AM,0,0
P14019,ทุเรียนชะนี,ขายปลีก,ผลไม้,2/2/2016 12:00:00 AM,0,0
P14019,ทุเรียนชะนี,ขายปลีก,ผลไม้,2/3/2016 12:00:00 AM,0,0
P14019,ทุเรียนชะนี,ขายปลีก,ผลไม้,2/4/2016 12:00:00 AM,0,0
P14019,ทุเรียนชะนี,ขายปลีก,ผลไม้,2/5/2016 12:00:00 AM,0,0
P14019,ทุเรียนชะนี,ขายปลีก,ผลไม้,2/8/2016 12:00:00 AM,0,0
P14019,ทุเรียนชะนี,ขายปลีก,ผลไม้,2/9/2016 12:00:00 AM,0,0
P14019,ทุเรียนชะนี,ขายปลีก,ผลไม้,2/10/2016 12:00:00 AM,0,0
P14019,ทุเรียนชะนี,ขายปลีก,ผลไม้,2/11/2016 12:00:00 AM,0,0
P14019,ทุเรียนชะนี,ขายปลีก,ผลไม้,2/12/2016 12:00:00 AM,0,0
P14019,ทุเรียนชะนี,ขายปลีก,ผลไม้,2/15/2016 12:00:00 AM,0,0
P14019,ทุเรียนชะนี,ขายปลีก,ผลไม้,2/16/2016 12:00:00 AM,0,0
P14019,ทุเรียนชะนี,ขายปลีก,ผลไม้,2/17/2016 12:00:00 AM,0,0
P14019,ทุเรียนชะนี,ขายปลีก,ผลไม้,2/18/2016 12:00:00 AM,0,0
P14019,ทุเรียนชะนี,ขายปลีก,ผลไม้,2/19/2016 12:00:00 AM,0,0
P14019,ทุเรียนชะนี,ขายปลีก,ผลไม้,2/23/2016 12:00:00 AM,0,0
P14019,ทุเรียนชะนี,ขายปลีก,ผลไม้,2/24/2016 12:00:00 AM,0,0
P14019,ทุเรียนชะนี,ขายปลีก,ผลไม้,2/25/2016 12:00:00 AM,0,0
P14019,ทุเรียนชะนี,ขายปลีก,ผลไม้,2/26/2016 12:00:00 AM,0,0
P14019,ทุเรียนชะนี,ขายปลีก,ผลไม้,2/29/2016 12:00:00 AM,0,0
P14019,ทุเรียนชะนี,ขายปลีก,ผลไม้,3/1/2016 12:00:00 AM,0,0
P14019,ทุเรียนชะนี,ขายปลีก,ผลไม้,3/2/2016 12:00:00 AM,0,0
P14019,ทุเรียนชะนี,ขายปลีก,ผลไม้,3/3/2016 12:00:00 AM,0,0
P14019,ทุเรียนชะนี,ขายปลีก,ผลไม้,3/4/2016 12:00:00 AM,0,0
P14019,ทุเรียนชะนี,ขายปลีก,ผลไม้,3/7/2016 12:00:00 AM,0,0
P14019,ทุเรียนชะนี,ขายปลีก,ผลไม้,3/8/2016 12:00:00 AM,0,0
P14019,ทุเรียนชะนี,ขายปลีก,ผลไม้,3/9/2016 12:00:00 AM,0,0
P14019,ทุเรียนชะนี,ขายปลีก,ผลไม้,3/10/2016 12:00:00 AM,0,0
P14019,ทุเรียนชะนี,ขายปลีก,ผลไม้,3/11/2016 12:00:00 AM,0,0
P14019,ทุเรียนชะนี,ขายปลีก,ผลไม้,3/14/2016 12:00:00 AM,0,0
P14019,ทุเรียนชะนี,ขายปลีก,ผลไม้,3/15/2016 12:00:00 AM,0,0
P14019,ทุเรียนชะนี,ขายปลีก,ผลไม้,3/16/2016 12:00:00 AM,0,0
P14019,ทุเรียนชะนี,ขายปลีก,ผลไม้,3/17/2016 12:00:00 AM,0,0
P14019,ทุเรียนชะนี,ขายปลีก,ผลไม้,3/18/2016 12:00:00 AM,0,0
P14019,ทุเรียนชะนี,ขายปลีก,ผลไม้,3/21/2016 12:00:00 AM,0,0
P14019,ทุเรียนชะนี,ขายปลีก,ผลไม้,3/22/2016 12:00:00 AM,0,0
P14019,ทุเรียนชะนี,ขายปลีก,ผลไม้,3/23/2016 12:00:00 AM,0,0
P14019,ทุเรียนชะนี,ขายปลีก,ผลไม้,3/24/2016 12:00:00 AM,0,0
P14019,ทุเรียนชะนี,ขายปลีก,ผลไม้,3/25/2016 12:00:00 AM,0,0
P14019,ทุเรียนชะนี,ขายปลีก,ผลไม้,3/28/2016 12:00:00 AM,0,0
P14019,ทุเรียนชะนี,ขายปลีก,ผลไม้,3/29/2016 12:00:00 AM,0,0
P14019,ทุเรียนชะนี,ขายปลีก,ผลไม้,3/30/2016 12:00:00 AM,0,0
P14019,ทุเรียนชะนี,ขายปลีก,ผลไม้,3/31/2016 12:00:00 AM,0,0
P14019,ทุเรียนชะนี,ขายปลีก,ผลไม้,4/1/2016 12:00:00 AM,0,0
P14019,ทุเรียนชะนี,ขายปลีก,ผลไม้,4/4/2016 12:00:00 AM,0,0
P14019,ทุเรียนชะนี,ขายปลีก,ผลไม้,4/5/2016 12:00:00 AM,0,0
P14019,ทุเรียนชะนี,ขายปลีก,ผลไม้,4/7/2016 12:00:00 AM,0,0
P14019,ทุเรียนชะนี,ขายปลีก,ผลไม้,4/8/2016 12:00:00 AM,0,0
P14019,ทุเรียนชะนี,ขายปลีก,ผลไม้,4/11/2016 12:00:00 AM,0,0
P14019,ทุเรียนชะนี,ขายปลีก,ผลไม้,4/12/2016 12:00:00 AM,0,0
P14019,ทุเรียนชะนี,ขายปลีก,ผลไม้,4/18/2016 12:00:00 AM,0,0
P14019,ทุเรียนชะนี,ขายปลีก,ผลไม้,4/19/2016 12:00:00 AM,0,0
P14019,ทุเรียนชะนี,ขายปลีก,ผลไม้,4/20/2016 12:00:00 AM,0,0
P14019,ทุเรียนชะนี,ขายปลีก,ผลไม้,4/21/2016 12:00:00 AM,0,0
P14019,ทุเรียนชะนี,ขายปลีก,ผลไม้,4/22/2016 12:00:00 AM,90,80
P14019,ทุเรียนชะนี,ขายปลีก,ผลไม้,4/25/2016 12:00:00 AM,90,80
P14019,ทุเรียนชะนี,ขายปลีก,ผลไม้,4/26/2016 12:00:00 AM,90,80
P14019,ทุเรียนชะนี,ขายปลีก,ผลไม้,4/27/2016 12:00:00 AM,90,80
P14019,ทุเรียนชะนี,ขายปลีก,ผลไม้,4/28/2016 12:00:00 AM,90,80
P14019,ทุเรียนชะนี,ขายปลีก,ผลไม้,4/29/2016 12:00:00 AM,90,80
P14019,ทุเรียนชะนี,ขายปลีก,ผลไม้,5/2/2016 12:00:00 AM,90,80
P14019,ทุเรียนชะนี,ขายปลีก,ผลไม้,5/3/2016 12:00:00 AM,90,80
P14019,ทุเรียนชะนี,ขายปลีก,ผลไม้,5/4/2016 12:00:00 AM,90,80
P14019,ทุเรียนชะนี,ขายปลีก,ผลไม้,5/10/2016 12:00:00 AM,90,80
P14019,ทุเรียนชะนี,ขายปลีก,ผลไม้,5/11/2016 12:00:00 AM,90,80
P14019,ทุเรียนชะนี,ขายปลีก,ผลไม้,5/12/2016 12:00:00 AM,90,80
P14019,ทุเรียนชะนี,ขายปลีก,ผลไม้,5/13/2016 12:00:00 AM,90,80
P14019,ทุเรียนชะนี,ขายปลีก,ผลไม้,5/16/2016 12:00:00 AM,90,80
P14019,ทุเรียนชะนี,ขายปลีก,ผลไม้,5/17/2016 12:00:00 AM,90,80
P14019,ทุเรียนชะนี,ขายปลีก,ผลไม้,5/18/2016 12:00:00 AM,90,80
P14019,ทุเรียนชะนี,ขายปลีก,ผลไม้,5/19/2016 12:00:00 AM,90,80
P14019,ทุเรียนชะนี,ขายปลีก,ผลไม้,5/23/2016 12:00:00 AM,90,80
P14019,ทุเรียนชะนี,ขายปลีก,ผลไม้,5/24/2016 12:00:00 AM,90,80
P14019,ทุเรียนชะนี,ขายปลีก,ผลไม้,5/25/2016 12:00:00 AM,90,80
P14019,ทุเรียนชะนี,ขายปลีก,ผลไม้,5/26/2016 12:00:00 AM,90,80
P14019,ทุเรียนชะนี,ขายปลีก,ผลไม้,5/27/2016 12:00:00 AM,90,80
P14019,ทุเรียนชะนี,ขายปลีก,ผลไม้,5/30/2016 12:00:00 AM,90,80
P14019,ทุเรียนชะนี,ขายปลีก,ผลไม้,5/31/2016 12:00:00 AM,90,80
P14019,ทุเรียนชะนี,ขายปลีก,ผลไม้,6/1/2016 12:00:00 AM,90,80
P14019,ทุเรียนชะนี,ขายปลีก,ผลไม้,6/2/2016 12:00:00 AM,90,80
P14019,ทุเรียนชะนี,ขายปลีก,ผลไม้,6/3/2016 12:00:00 AM,90,80
P14019,ทุเรียนชะนี,ขายปลีก,ผลไม้,6/6/2016 12:00:00 AM,90,80
P14019,ทุเรียนชะนี,ขายปลีก,ผลไม้,6/7/2016 12:00:00 AM,90,80
P14019,ทุเรียนชะนี,ขายปลีก,ผลไม้,6/8/2016 12:00:00 AM,90,80
P14019,ทุเรียนชะนี,ขายปลีก,ผลไม้,6/9/2016 12:00:00 AM,90,80
P14019,ทุเรียนชะนี,ขายปลีก,ผลไม้,6/10/2016 12:00:00 AM,90,80
P14019,ทุเรียนชะนี,ขายปลีก,ผลไม้,6/13/2016 12:00:00 AM,90,80
P14019,ทุเรียนชะนี,ขายปลีก,ผลไม้,6/14/2016 12:00:00 AM,90,80
P14019,ทุเรียนชะนี,ขายปลีก,ผลไม้,6/15/2016 12:00:00 AM,90,80
P14019,ทุเรียนชะนี,ขายปลีก,ผลไม้,6/16/2016 12:00:00 AM,90,80
P14019,ทุเรียนชะนี,ขายปลีก,ผลไม้,6/17/2016 12:00:00 AM,90,80
P14019,ทุเรียนชะนี,ขายปลีก,ผลไม้,6/20/2016 12:00:00 AM,90,80
P14019,ทุเรียนชะนี,ขายปลีก,ผลไม้,6/21/2016 12:00:00 AM,90,80
P14019,ทุเรียนชะนี,ขายปลีก,ผลไม้,6/22/2016 12:00:00 AM,90,80
P14019,ทุเรียนชะนี,ขายปลีก,ผลไม้,6/23/2016 12:00:00 AM,90,80
P14019,ทุเรียนชะนี,ขายปลีก,ผลไม้,6/24/2016 12:00:00 AM,90,80
P14019,ทุเรียนชะนี,ขายปลีก,ผลไม้,6/27/2016 12:00:00 AM,90,80
P14019,ทุเรียนชะนี,ขายปลีก,ผลไม้,6/28/2016 12:00:00 AM,90,80
P14019,ทุเรียนชะนี,ขายปลีก,ผลไม้,6/29/2016 12:00:00 AM,90,80
P14019,ทุเรียนชะนี,ขายปลีก,ผลไม้,6/30/2016 12:00:00 AM,90,80
P14019,ทุเรียนชะนี,ขายปลีก,ผลไม้,7/1/2016 12:00:00 AM,90,80
P14019,ทุเรียนชะนี,ขายปลีก,ผลไม้,7/4/2016 12:00:00 AM,90,80
P14019,ทุเรียนชะนี,ขายปลีก,ผลไม้,7/5/2016 12:00:00 AM,90,80
P14019,ทุเรียนชะนี,ขายปลีก,ผลไม้,7/6/2016 12:00:00 AM,90,80
P14019,ทุเรียนชะนี,ขายปลีก,ผลไม้,7/7/2016 12:00:00 AM,90,80
P14019,ทุเรียนชะนี,ขายปลีก,ผลไม้,7/8/2016 12:00:00 AM,0,0
P14019,ทุเรียนชะนี,ขายปลีก,ผลไม้,7/11/2016 12:00:00 AM,0,0
P14019,ทุเรียนชะนี,ขายปลีก,ผลไม้,7/12/2016 12:00:00 AM,0,0
P14019,ทุเรียนชะนี,ขายปลีก,ผลไม้,7/13/2016 12:00:00 AM,0,0
P14019,ทุเรียนชะนี,ขายปลีก,ผลไม้,7/14/2016 12:00:00 AM,0,0
P14019,ทุเรียนชะนี,ขายปลีก,ผลไม้,7/15/2016 12:00:00 AM,0,0
P14019,ทุเรียนชะนี,ขายปลีก,ผลไม้,7/21/2016 12:00:00 AM,0,0
P14019,ทุเรียนชะนี,ขายปลีก,ผลไม้,7/22/2016 12:00:00 AM,0,0
P14019,ทุเรียนชะนี,ขายปลีก,ผลไม้,7/25/2016 12:00:00 AM,0,0
P14019,ทุเรียนชะนี,ขายปลีก,ผลไม้,7/26/2016 12:00:00 AM,0,0
P14019,ทุเรียนชะนี,ขายปลีก,ผลไม้,7/27/2016 12:00:00 AM,0,0
P14019,ทุเรียนชะนี,ขายปลีก,ผลไม้,7/28/2016 12:00:00 AM,0,0
P14019,ทุเรียนชะนี,ขายปลีก,ผลไม้,7/29/2016 12:00:00 AM,0,0
P14019,ทุเรียนชะนี,ขายปลีก,ผลไม้,8/1/2016 12:00:00 AM,0,0
P14019,ทุเรียนชะนี,ขายปลีก,ผลไม้,8/2/2016 12:00:00 AM,0,0
P14019,ทุเรียนชะนี,ขายปลีก,ผลไม้,8/3/2016 12:00:00 AM,0,0
P14019,ทุเรียนชะนี,ขายปลีก,ผลไม้,8/4/2016 12:00:00 AM,0,0
P14019,ทุเรียนชะนี,ขายปลีก,ผลไม้,8/5/2016 12:00:00 AM,0,0
P14019,ทุเรียนชะนี,ขายปลีก,ผลไม้,8/8/2016 12:00:00 AM,0,0
P14019,ทุเรียนชะนี,ขายปลีก,ผลไม้,8/9/2016 12:00:00 AM,0,0
P14019,ทุเรียนชะนี,ขายปลีก,ผลไม้,8/10/2016 12:00:00 AM,0,0
P14019,ทุเรียนชะนี,ขายปลีก,ผลไม้,8/11/2016 12:00:00 AM,0,0
P14019,ทุเรียนชะนี,ขายปลีก,ผลไม้,8/15/2016 12:00:00 AM,0,0
P14019,ทุเรียนชะนี,ขายปลีก,ผลไม้,8/16/2016 12:00:00 AM,0,0
P14019,ทุเรียนชะนี,ขายปลีก,ผลไม้,8/17/2016 12:00:00 AM,0,0
P14019,ทุเรียนชะนี,ขายปลีก,ผลไม้,8/18/2016 12:00:00 AM,0,0
P14019,ทุเรียนชะนี,ขายปลีก,ผลไม้,8/19/2016 12:00:00 AM,0,0
P14019,ทุเรียนชะนี,ขายปลีก,ผลไม้,8/22/2016 12:00:00 AM,0,0
P14019,ทุเรียนชะนี,ขายปลีก,ผลไม้,8/23/2016 12:00:00 AM,0,0
P14019,ทุเรียนชะนี,ขายปลีก,ผลไม้,8/24/2016 12:00:00 AM,0,0
P14019,ทุเรียนชะนี,ขายปลีก,ผลไม้,8/25/2016 12:00:00 AM,0,0
P14019,ทุเรียนชะนี,ขายปลีก,ผลไม้,8/26/2016 12:00:00 AM,0,0
P14019,ทุเรียนชะนี,ขายปลีก,ผลไม้,8/29/2016 12:00:00 AM,0,0
P14019,ทุเรียนชะนี,ขายปลีก,ผลไม้,8/30/2016 12:00:00 AM,0,0
P14019,ทุเรียนชะนี,ขายปลีก,ผลไม้,8/31/2016 12:00:00 AM,0,0
P14019,ทุเรียนชะนี,ขายปลีก,ผลไม้,9/1/2016 12:00:00 AM,0,0
P14019,ทุเรียนชะนี,ขายปลีก,ผลไม้,9/2/2016 12:00:00 AM,0,0
P14019,ทุเรียนชะนี,ขายปลีก,ผลไม้,9/5/2016 12:00:00 AM,0,0
P14019,ทุเรียนชะนี,ขายปลีก,ผลไม้,9/6/2016 12:00:00 AM,0,0
P14019,ทุเรียนชะนี,ขายปลีก,ผลไม้,9/7/2016 12:00:00 AM,0,0
P14019,ทุเรียนชะนี,ขายปลีก,ผลไม้,9/8/2016 12:00:00 AM,0,0
P14019,ทุเรียนชะนี,ขายปลีก,ผลไม้,9/9/2016 12:00:00 AM,0,0
P14019,ทุเรียนชะนี,ขายปลีก,ผลไม้,9/12/2016 12:00:00 AM,0,0
P14019,ทุเรียนชะนี,ขายปลีก,ผลไม้,9/13/2016 12:00:00 AM,0,0
P14019,ทุเรียนชะนี,ขายปลีก,ผลไม้,9/14/2016 12:00:00 AM,0,0
P14019,ทุเรียนชะนี,ขายปลีก,ผลไม้,9/15/2016 12:00:00 AM,0,0
P14019,ทุเรียนชะนี,ขายปลีก,ผลไม้,9/16/2016 12:00:00 AM,0,0
P14019,ทุเรียนชะนี,ขายปลีก,ผลไม้,9/19/2016 12:00:00 AM,0,0
P14019,ทุเรียนชะนี,ขายปลีก,ผลไม้,9/20/2016 12:00:00 AM,0,0
P14019,ทุเรียนชะนี,ขายปลีก,ผลไม้,9/21/2016 12:00:00 AM,0,0
P14019,ทุเรียนชะนี,ขายปลีก,ผลไม้,9/22/2016 12:00:00 AM,0,0
P14019,ทุเรียนชะนี,ขายปลีก,ผลไม้,9/23/2016 12:00:00 AM,0,0
P14019,ทุเรียนชะนี,ขายปลีก,ผลไม้,9/26/2016 12:00:00 AM,0,0
P14019,ทุเรียนชะนี,ขายปลีก,ผลไม้,9/27/2016 12:00:00 AM,0,0
P14019,ทุเรียนชะนี,ขายปลีก,ผลไม้,9/28/2016 12:00:00 AM,0,0
P14019,ทุเรียนชะนี,ขายปลีก,ผลไม้,9/29/2016 12:00:00 AM,0,0
P14019,ทุเรียนชะนี,ขายปลีก,ผลไม้,9/30/2016 12:00:00 AM,0,0
P14019,ทุเรียนชะนี,ขายปลีก,ผลไม้,10/3/2016 12:00:00 AM,0,0
P14019,ทุเรียนชะนี,ขายปลีก,ผลไม้,10/4/2016 12:00:00 AM,0,0
P14019,ทุเรียนชะนี,ขายปลีก,ผลไม้,10/5/2016 12:00:00 AM,0,0
P14019,ทุเรียนชะนี,ขายปลีก,ผลไม้,10/6/2016 12:00:00 AM,0,0
P14019,ทุเรียนชะนี,ขายปลีก,ผลไม้,10/7/2016 12:00:00 AM,0,0
P14019,ทุเรียนชะนี,ขายปลีก,ผลไม้,10/10/2016 12:00:00 AM,0,0
P14019,ทุเรียนชะนี,ขายปลีก,ผลไม้,10/11/2016 12:00:00 AM,0,0
P14019,ทุเรียนชะนี,ขายปลีก,ผลไม้,10/12/2016 12:00:00 AM,0,0
P14019,ทุเรียนชะนี,ขายปลีก,ผลไม้,10/13/2016 12:00:00 AM,0,0
P14019,ทุเรียนชะนี,ขายปลีก,ผลไม้,10/14/2016 12:00:00 AM,0,0
P14019,ทุเรียนชะนี,ขายปลีก,ผลไม้,10/17/2016 12:00:00 AM,0,0
P14019,ทุเรียนชะนี,ขายปลีก,ผลไม้,10/18/2016 12:00:00 AM,0,0
P14019,ทุเรียนชะนี,ขายปลีก,ผลไม้,10/19/2016 12:00:00 AM,0,0
P14019,ทุเรียนชะนี,ขายปลีก,ผลไม้,10/20/2016 12:00:00 AM,0,0
P14019,ทุเรียนชะนี,ขายปลีก,ผลไม้,10/21/2016 12:00:00 AM,0,0
P14019,ทุเรียนชะนี,ขายปลีก,ผลไม้,10/25/2016 12:00:00 AM,0,0
P14019,ทุเรียนชะนี,ขายปลีก,ผลไม้,10/26/2016 12:00:00 AM,0,0
P14019,ทุเรียนชะนี,ขายปลีก,ผลไม้,10/27/2016 12:00:00 AM,0,0
P14019,ทุเรียนชะนี,ขายปลีก,ผลไม้,10/28/2016 12:00:00 AM,0,0
P14019,ทุเรียนชะนี,ขายปลีก,ผลไม้,10/31/2016 12:00:00 AM,0,0
P14019,ทุเรียนชะนี,ขายปลีก,ผลไม้,11/1/2016 12:00:00 AM,0,0
P14019,ทุเรียนชะนี,ขายปลีก,ผลไม้,11/2/2016 12:00:00 AM,0,0
P14019,ทุเรียนชะนี,ขายปลีก,ผลไม้,11/3/2016 12:00:00 AM,0,0
P14019,ทุเรียนชะนี,ขายปลีก,ผลไม้,11/4/2016 12:00:00 AM,0,0
P14019,ทุเรียนชะนี,ขายปลีก,ผลไม้,11/7/2016 12:00:00 AM,0,0
P14019,ทุเรียนชะนี,ขายปลีก,ผลไม้,11/8/2016 12:00:00 AM,0,0
P14019,ทุเรียนชะนี,ขายปลีก,ผลไม้,11/9/2016 12:00:00 AM,0,0
P14019,ทุเรียนชะนี,ขายปลีก,ผลไม้,11/10/2016 12:00:00 AM,0,0
P14019,ทุเรียนชะนี,ขายปลีก,ผลไม้,11/11/2016 12:00:00 AM,0,0
P14019,ทุเรียนชะนี,ขายปลีก,ผลไม้,11/14/2016 12:00:00 AM,0,0
P14019,ทุเรียนชะนี,ขายปลีก,ผลไม้,11/15/2016 12:00:00 AM,0,0
P14019,ทุเรียนชะนี,ขายปลีก,ผลไม้,11/16/2016 12:00:00 AM,0,0
P14019,ทุเรียนชะนี,ขายปลีก,ผลไม้,11/17/2016 12:00:00 AM,0,0
P14019,ทุเรียนชะนี,ขายปลีก,ผลไม้,11/18/2016 12:00:00 AM,0,0
P14019,ทุเรียนชะนี,ขายปลีก,ผลไม้,11/21/2016 12:00:00 AM,0,0
P14019,ทุเรียนชะนี,ขายปลีก,ผลไม้,11/22/2016 12:00:00 AM,0,0
P14019,ทุเรียนชะนี,ขายปลีก,ผลไม้,11/23/2016 12:00:00 AM,0,0
P14019,ทุเรียนชะนี,ขายปลีก,ผลไม้,11/24/2016 12:00:00 AM,0,0
P14019,ทุเรียนชะนี,ขายปลีก,ผลไม้,11/25/2016 12:00:00 AM,0,0
P14019,ทุเรียนชะนี,ขายปลีก,ผลไม้,11/28/2016 12:00:00 AM,0,0
P14019,ทุเรียนชะนี,ขายปลีก,ผลไม้,11/29/2016 12:00:00 AM,0,0
P14019,ทุเรียนชะนี,ขายปลีก,ผลไม้,11/30/2016 12:00:00 AM,0,0
P14019,ทุเรียนชะนี,ขายปลีก,ผลไม้,12/1/2016 12:00:00 AM,0,0
P14019,ทุเรียนชะนี,ขายปลีก,ผลไม้,12/2/2016 12:00:00 AM,0,0
P14019,ทุเรียนชะนี,ขายปลีก,ผลไม้,12/6/2016 12:00:00 AM,0,0
P14019,ทุเรียนชะนี,ขายปลีก,ผลไม้,12/7/2016 12:00:00 AM,0,0
P14019,ทุเรียนชะนี,ขายปลีก,ผลไม้,12/8/2016 12:00:00 AM,0,0
P14019,ทุเรียนชะนี,ขายปลีก,ผลไม้,12/9/2016 12:00:00 AM,0,0
P14019,ทุเรียนชะนี,ขายปลีก,ผลไม้,12/13/2016 12:00:00 AM,0,0
P14019,ทุเรียนชะนี,ขายปลีก,ผลไม้,12/14/2016 12:00:00 AM,0,0
P14019,ทุเรียนชะนี,ขายปลีก,ผลไม้,12/15/2016 12:00:00 AM,0,0
P14019,ทุเรียนชะนี,ขายปลีก,ผลไม้,12/16/2016 12:00:00 AM,0,0
P14019,ทุเรียนชะนี,ขายปลีก,ผลไม้,12/19/2016 12:00:00 AM,0,0
P14019,ทุเรียนชะนี,ขายปลีก,ผลไม้,12/20/2016 12:00:00 AM,0,0
P14019,ทุเรียนชะนี,ขายปลีก,ผลไม้,12/21/2016 12:00:00 AM,0,0
P14019,ทุเรียนชะนี,ขายปลีก,ผลไม้,12/22/2016 12:00:00 AM,0,0
P14019,ทุเรียนชะนี,ขายปลีก,ผลไม้,12/23/2016 12:00:00 AM,0,0
P14019,ทุเรียนชะนี,ขายปลีก,ผลไม้,12/26/2016 12:00:00 AM,0,0
P14019,ทุเรียนชะนี,ขายปลีก,ผลไม้,12/27/2016 12:00:00 AM,0,0
P14019,ทุเรียนชะนี,ขายปลีก,ผลไม้,12/28/2016 12:00:00 AM,0,0
P14019,ทุเรียนชะนี,ขายปลีก,ผลไม้,12/29/2016 12:00:00 AM,0,0
P14019,ทุเรียนชะนี,ขายปลีก,ผลไม้,12/30/2016 12:00:00 AM,0,0
P14019,ทุเรียนชะนี,ขายปลีก,ผลไม้,1/4/2017 12:00:00 AM,0,0
P14019,ทุเรียนชะนี,ขายปลีก,ผลไม้,1/5/2017 12:00:00 AM,0,0
P14019,ทุเรียนชะนี,ขายปลีก,ผลไม้,1/6/2017 12:00:00 AM,0,0
P14019,ทุเรียนชะนี,ขายปลีก,ผลไม้,1/9/2017 12:00:00 AM,0,0
P14019,ทุเรียนชะนี,ขายปลีก,ผลไม้,1/10/2017 12:00:00 AM,0,0
P14019,ทุเรียนชะนี,ขายปลีก,ผลไม้,1/11/2017 12:00:00 AM,0,0
P14019,ทุเรียนชะนี,ขายปลีก,ผลไม้,1/12/2017 12:00:00 AM,0,0
P14019,ทุเรียนชะนี,ขายปลีก,ผลไม้,1/13/2017 12:00:00 AM,0,0
P14019,ทุเรียนชะนี,ขายปลีก,ผลไม้,1/16/2017 12:00:00 AM,0,0
P14019,ทุเรียนชะนี,ขายปลีก,ผลไม้,1/17/2017 12:00:00 AM,0,0
P14019,ทุเรียนชะนี,ขายปลีก,ผลไม้,1/18/2017 12:00:00 AM,0,0
P14019,ทุเรียนชะนี,ขายปลีก,ผลไม้,1/19/2017 12:00:00 AM,0,0
P14019,ทุเรียนชะนี,ขายปลีก,ผลไม้,1/20/2017 12:00:00 AM,0,0
P14019,ทุเรียนชะนี,ขายปลีก,ผลไม้,1/23/2017 12:00:00 AM,0,0
P14019,ทุเรียนชะนี,ขายปลีก,ผลไม้,1/24/2017 12:00:00 AM,0,0
P14019,ทุเรียนชะนี,ขายปลีก,ผลไม้,1/25/2017 12:00:00 AM,0,0
P14019,ทุเรียนชะนี,ขายปลีก,ผลไม้,1/26/2017 12:00:00 AM,0,0
P14019,ทุเรียนชะนี,ขายปลีก,ผลไม้,1/27/2017 12:00:00 AM,0,0
P14019,ทุเรียนชะนี,ขายปลีก,ผลไม้,1/30/2017 12:00:00 AM,0,0
P14019,ทุเรียนชะนี,ขายปลีก,ผลไม้,1/31/2017 12:00:00 AM,0,0
P14019,ทุเรียนชะนี,ขายปลีก,ผลไม้,2/1/2017 12:00:00 AM,0,0
P14019,ทุเรียนชะนี,ขายปลีก,ผลไม้,2/2/2017 12:00:00 AM,0,0
P14019,ทุเรียนชะนี,ขายปลีก,ผลไม้,2/3/2017 12:00:00 AM,0,0
P14019,ทุเรียนชะนี,ขายปลีก,ผลไม้,2/6/2017 12:00:00 AM,0,0
P14019,ทุเรียนชะนี,ขายปลีก,ผลไม้,2/7/2017 12:00:00 AM,0,0
P14019,ทุเรียนชะนี,ขายปลีก,ผลไม้,2/8/2017 12:00:00 AM,0,0
P14019,ทุเรียนชะนี,ขายปลีก,ผลไม้,2/9/2017 12:00:00 AM,0,0
P14019,ทุเรียนชะนี,ขายปลีก,ผลไม้,2/10/2017 12:00:00 AM,0,0
P14019,ทุเรียนชะนี,ขายปลีก,ผลไม้,2/14/2017 12:00:00 AM,0,0
P14019,ทุเรียนชะนี,ขายปลีก,ผลไม้,2/15/2017 12:00:00 AM,0,0
P14019,ทุเรียนชะนี,ขายปลีก,ผลไม้,2/16/2017 12:00:00 AM,0,0
P14019,ทุเรียนชะนี,ขายปลีก,ผลไม้,2/17/2017 12:00:00 AM,0,0
P14019,ทุเรียนชะนี,ขายปลีก,ผลไม้,2/20/2017 12:00:00 AM,0,0
P14019,ทุเรียนชะนี,ขายปลีก,ผลไม้,2/21/2017 12:00:00 AM,0,0
P14019,ทุเรียนชะนี,ขายปลีก,ผลไม้,2/22/2017 12:00:00 AM,0,0
P14019,ทุเรียนชะนี,ขายปลีก,ผลไม้,2/23/2017 12:00:00 AM,0,0
P14019,ทุเรียนชะนี,ขายปลีก,ผลไม้,2/24/2017 12:00:00 AM,0,0
P14019,ทุเรียนชะนี,ขายปลีก,ผลไม้,2/27/2017 12:00:00 AM,0,0
P14019,ทุเรียนชะนี,ขายปลีก,ผลไม้,2/28/2017 12:00:00 AM,0,0
P14019,ทุเรียนชะนี,ขายปลีก,ผลไม้,3/1/2017 12:00:00 AM,0,0
P14019,ทุเรียนชะนี,ขายปลีก,ผลไม้,3/2/2017 12:00:00 AM,0,0
P14019,ทุเรียนชะนี,ขายปลีก,ผลไม้,3/3/2017 12:00:00 AM,0,0
P14019,ทุเรียนชะนี,ขายปลีก,ผลไม้,3/6/2017 12:00:00 AM,0,0
P14019,ทุเรียนชะนี,ขายปลีก,ผลไม้,3/7/2017 12:00:00 AM,0,0
P14019,ทุเรียนชะนี,ขายปลีก,ผลไม้,3/8/2017 12:00:00 AM,0,0
P14019,ทุเรียนชะนี,ขายปลีก,ผลไม้,3/9/2017 12:00:00 AM,0,0
P14019,ทุเรียนชะนี,ขายปลีก,ผลไม้,3/10/2017 12:00:00 AM,0,0
P14019,ทุเรียนชะนี,ขายปลีก,ผลไม้,3/13/2017 12:00:00 AM,0,0
P14019,ทุเรียนชะนี,ขายปลีก,ผลไม้,3/14/2017 12:00:00 AM,0,0
P14019,ทุเรียนชะนี,ขายปลีก,ผลไม้,3/15/2017 12:00:00 AM,0,0
P14019,ทุเรียนชะนี,ขายปลีก,ผลไม้,3/16/2017 12:00:00 AM,0,0
P14019,ทุเรียนชะนี,ขายปลีก,ผลไม้,3/17/2017 12:00:00 AM,0,0
P14019,ทุเรียนชะนี,ขายปลีก,ผลไม้,3/20/2017 12:00:00 AM,0,0
P14019,ทุเรียนชะนี,ขายปลีก,ผลไม้,3/21/2017 12:00:00 AM,0,0
P14019,ทุเรียนชะนี,ขายปลีก,ผลไม้,3/22/2017 12:00:00 AM,0,0
P14019,ทุเรียนชะนี,ขายปลีก,ผลไม้,3/23/2017 12:00:00 AM,0,0
P14019,ทุเรียนชะนี,ขายปลีก,ผลไม้,3/24/2017 12:00:00 AM,0,0
P14019,ทุเรียนชะนี,ขายปลีก,ผลไม้,3/27/2017 12:00:00 AM,0,0
P14019,ทุเรียนชะนี,ขายปลีก,ผลไม้,3/28/2017 12:00:00 AM,0,0
P14019,ทุเรียนชะนี,ขายปลีก,ผลไม้,3/29/2017 12:00:00 AM,0,0
P14019,ทุเรียนชะนี,ขายปลีก,ผลไม้,3/30/2017 12:00:00 AM,0,0
P14019,ทุเรียนชะนี,ขายปลีก,ผลไม้,3/31/2017 12:00:00 AM,0,0
P14019,ทุเรียนชะนี,ขายปลีก,ผลไม้,4/3/2017 12:00:00 AM,0,0
P14019,ทุเรียนชะนี,ขายปลีก,ผลไม้,4/4/2017 12:00:00 AM,0,0
P14019,ทุเรียนชะนี,ขายปลีก,ผลไม้,4/5/2017 12:00:00 AM,0,0
P14019,ทุเรียนชะนี,ขายปลีก,ผลไม้,4/7/2017 12:00:00 AM,0,0
P14019,ทุเรียนชะนี,ขายปลีก,ผลไม้,4/10/2017 12:00:00 AM,0,0
P14019,ทุเรียนชะนี,ขายปลีก,ผลไม้,4/11/2017 12:00:00 AM,0,0
P14019,ทุเรียนชะนี,ขายปลีก,ผลไม้,4/12/2017 12:00:00 AM,0,0
P14019,ทุเรียนชะนี,ขายปลีก,ผลไม้,4/18/2017 12:00:00 AM,0,0
P14019,ทุเรียนชะนี,ขายปลีก,ผลไม้,4/19/2017 12:00:00 AM,0,0
P14019,ทุเรียนชะนี,ขายปลีก,ผลไม้,4/20/2017 12:00:00 AM,0,0
P14019,ทุเรียนชะนี,ขายปลีก,ผลไม้,4/21/2017 12:00:00 AM,0,0
P14019,ทุเรียนชะนี,ขายปลีก,ผลไม้,4/24/2017 12:00:00 AM,0,0
P14019,ทุเรียนชะนี,ขายปลีก,ผลไม้,4/25/2017 12:00:00 AM,0,0
P14019,ทุเรียนชะนี,ขายปลีก,ผลไม้,4/26/2017 12:00:00 AM,0,0
P14019,ทุเรียนชะนี,ขายปลีก,ผลไม้,4/27/2017 12:00:00 AM,0,0
P14019,ทุเรียนชะนี,ขายปลีก,ผลไม้,4/28/2017 12:00:00 AM,0,0
P14019,ทุเรียนชะนี,ขายปลีก,ผลไม้,5/1/2017 12:00:00 AM,120,100
P14019,ทุเรียนชะนี,ขายปลีก,ผลไม้,5/2/2017 12:00:00 AM,120,100
P14019,ทุเรียนชะนี,ขายปลีก,ผลไม้,5/3/2017 12:00:00 AM,120,100
P14019,ทุเรียนชะนี,ขายปลีก,ผลไม้,5/4/2017 12:00:00 AM,120,100
P14019,ทุเรียนชะนี,ขายปลีก,ผลไม้,5/5/2017 12:00:00 AM,120,100
P14019,ทุเรียนชะนี,ขายปลีก,ผลไม้,5/8/2017 12:00:00 AM,120,100
P14019,ทุเรียนชะนี,ขายปลีก,ผลไม้,5/9/2017 12:00:00 AM,100,90
P14019,ทุเรียนชะนี,ขายปลีก,ผลไม้,5/11/2017 12:00:00 AM,100,90
P14019,ทุเรียนชะนี,ขายปลีก,ผลไม้,5/15/2017 12:00:00 AM,100,90
P14019,ทุเรียนชะนี,ขายปลีก,ผลไม้,5/16/2017 12:00:00 AM,100,90
P14019,ทุเรียนชะนี,ขายปลีก,ผลไม้,5/17/2017 12:00:00 AM,100,90
P14019,ทุเรียนชะนี,ขายปลีก,ผลไม้,5/18/2017 12:00:00 AM,100,90
P14019,ทุเรียนชะนี,ขายปลีก,ผลไม้,5/19/2017 12:00:00 AM,100,90
P14019,ทุเรียนชะนี,ขายปลีก,ผลไม้,5/22/2017 12:00:00 AM,100,90
P14019,ทุเรียนชะนี,ขายปลีก,ผลไม้,5/23/2017 12:00:00 AM,100,90
P14019,ทุเรียนชะนี,ขายปลีก,ผลไม้,5/24/2017 12:00:00 AM,90,80
P14019,ทุเรียนชะนี,ขายปลีก,ผลไม้,5/25/2017 12:00:00 AM,90,80
P14019,ทุเรียนชะนี,ขายปลีก,ผลไม้,5/26/2017 12:00:00 AM,90,80
P14019,ทุเรียนชะนี,ขายปลีก,ผลไม้,5/29/2017 12:00:00 AM,90,80
P14019,ทุเรียนชะนี,ขายปลีก,ผลไม้,5/30/2017 12:00:00 AM,90,80
P14019,ทุเรียนชะนี,ขายปลีก,ผลไม้,5/31/2017 12:00:00 AM,90,80
P14019,ทุเรียนชะนี,ขายปลีก,ผลไม้,6/1/2017 12:00:00 AM,90,80
P14019,ทุเรียนชะนี,ขายปลีก,ผลไม้,6/2/2017 12:00:00 AM,90,80
P14019,ทุเรียนชะนี,ขายปลีก,ผลไม้,6/5/2017 12:00:00 AM,90,80
P14019,ทุเรียนชะนี,ขายปลีก,ผลไม้,6/6/2017 12:00:00 AM,90,80
P14019,ทุเรียนชะนี,ขายปลีก,ผลไม้,6/7/2017 12:00:00 AM,90,80
P14019,ทุเรียนชะนี,ขายปลีก,ผลไม้,6/8/2017 12:00:00 AM,90,80
P14019,ทุเรียนชะนี,ขายปลีก,ผลไม้,6/9/2017 12:00:00 AM,90,80
P14019,ทุเรียนชะนี,ขายปลีก,ผลไม้,6/12/2017 12:00:00 AM,90,80
P14019,ทุเรียนชะนี,ขายปลีก,ผลไม้,6/13/2017 12:00:00 AM,90,80
P14019,ทุเรียนชะนี,ขายปลีก,ผลไม้,6/14/2017 12:00:00 AM,90,80
P14019,ทุเรียนชะนี,ขายปลีก,ผลไม้,6/15/2017 12:00:00 AM,90,80
P14019,ทุเรียนชะนี,ขายปลีก,ผลไม้,6/16/2017 12:00:00 AM,90,80
P14019,ทุเรียนชะนี,ขายปลีก,ผลไม้,6/19/2017 12:00:00 AM,90,80
P14019,ทุเรียนชะนี,ขายปลีก,ผลไม้,6/20/2017 12:00:00 AM,90,80
P14019,ทุเรียนชะนี,ขายปลีก,ผลไม้,6/21/2017 12:00:00 AM,90,80
P14019,ทุเรียนชะนี,ขายปลีก,ผลไม้,6/22/2017 12:00:00 AM,90,80
P14019,ทุเรียนชะนี,ขายปลีก,ผลไม้,6/23/2017 12:00:00 AM,90,80
P14019,ทุเรียนชะนี,ขายปลีก,ผลไม้,6/26/2017 12:00:00 AM,120,110
P14019,ทุเรียนชะนี,ขายปลีก,ผลไม้,6/27/2017 12:00:00 AM,120,110
P14019,ทุเรียนชะนี,ขายปลีก,ผลไม้,6/28/2017 12:00:00 AM,120,110
P14019,ทุเรียนชะนี,ขายปลีก,ผลไม้,6/29/2017 12:00:00 AM,120,110
P14019,ทุเรียนชะนี,ขายปลีก,ผลไม้,6/30/2017 12:00:00 AM,120,110
P14019,ทุเรียนชะนี,ขายปลีก,ผลไม้,7/3/2017 12:00:00 AM,150,140
P14019,ทุเรียนชะนี,ขายปลีก,ผลไม้,7/4/2017 12:00:00 AM,150,140
P14019,ทุเรียนชะนี,ขายปลีก,ผลไม้,7/5/2017 12:00:00 AM,160,150
P14019,ทุเรียนชะนี,ขายปลีก,ผลไม้,7/6/2017 12:00:00 AM,160,150
P14019,ทุเรียนชะนี,ขายปลีก,ผลไม้,7/7/2017 12:00:00 AM,160,150
P14019,ทุเรียนชะนี,ขายปลีก,ผลไม้,7/11/2017 12:00:00 AM,130,120
P14019,ทุเรียนชะนี,ขายปลีก,ผลไม้,7/12/2017 12:00:00 AM,130,120
P14019,ทุเรียนชะนี,ขายปลีก,ผลไม้,7/13/2017 12:00:00 AM,130,120
P14019,ทุเรียนชะนี,ขายปลีก,ผลไม้,7/14/2017 12:00:00 AM,130,120
P14019,ทุเรียนชะนี,ขายปลีก,ผลไม้,7/17/2017 12:00:00 AM,130,120
P14019,ทุเรียนชะนี,ขายปลีก,ผลไม้,7/18/2017 12:00:00 AM,130,120
P14019,ทุเรียนชะนี,ขายปลีก,ผลไม้,7/19/2017 12:00:00 AM,130,120
P14019,ทุเรียนชะนี,ขายปลีก,ผลไม้,7/20/2017 12:00:00 AM,130,120
P14019,ทุเรียนชะนี,ขายปลีก,ผลไม้,7/21/2017 12:00:00 AM,130,120
P14019,ทุเรียนชะนี,ขายปลีก,ผลไม้,7/24/2017 12:00:00 AM,100,90
P14019,ทุเรียนชะนี,ขายปลีก,ผลไม้,7/25/2017 12:00:00 AM,100,90
P14019,ทุเรียนชะนี,ขายปลีก,ผลไม้,7/26/2017 12:00:00 AM,90,80
P14019,ทุเรียนชะนี,ขายปลีก,ผลไม้,7/27/2017 12:00:00 AM,90,80
P14019,ทุเรียนชะนี,ขายปลีก,ผลไม้,7/31/2017 12:00:00 AM,90,80
P14019,ทุเรียนชะนี,ขายปลีก,ผลไม้,8/1/2017 12:00:00 AM,90,80
P14019,ทุเรียนชะนี,ขายปลีก,ผลไม้,8/2/2017 12:00:00 AM,90,80
P14019,ทุเรียนชะนี,ขายปลีก,ผลไม้,8/3/2017 12:00:00 AM,90,80
P14019,ทุเรียนชะนี,ขายปลีก,ผลไม้,8/4/2017 12:00:00 AM,90,80
P14019,ทุเรียนชะนี,ขายปลีก,ผลไม้,8/7/2017 12:00:00 AM,90,80
P14019,ทุเรียนชะนี,ขายปลีก,ผลไม้,8/8/2017 12:00:00 AM,90,80
P14019,ทุเรียนชะนี,ขายปลีก,ผลไม้,8/9/2017 12:00:00 AM,90,80
P14019,ทุเรียนชะนี,ขายปลีก,ผลไม้,8/10/2017 12:00:00 AM,90,80
P14019,ทุเรียนชะนี,ขายปลีก,ผลไม้,8/11/2017 12:00:00 AM,90,80
P14019,ทุเรียนชะนี,ขายปลีก,ผลไม้,8/15/2017 12:00:00 AM,90,80
P14019,ทุเรียนชะนี,ขายปลีก,ผลไม้,8/16/2017 12:00:00 AM,90,80
P14019,ทุเรียนชะนี,ขายปลีก,ผลไม้,8/17/2017 12:00:00 AM,90,80
P14019,ทุเรียนชะนี,ขายปลีก,ผลไม้,8/18/2017 12:00:00 AM,90,80
P14019,ทุเรียนชะนี,ขายปลีก,ผลไม้,8/21/2017 12:00:00 AM,90,80
P14019,ทุเรียนชะนี,ขายปลีก,ผลไม้,8/22/2017 12:00:00 AM,90,80
P14019,ทุเรียนชะนี,ขายปลีก,ผลไม้,8/23/2017 12:00:00 AM,90,80
P14019,ทุเรียนชะนี,ขายปลีก,ผลไม้,8/24/2017 12:00:00 AM,90,80
P14019,ทุเรียนชะนี,ขายปลีก,ผลไม้,8/25/2017 12:00:00 AM,90,80
P14019,ทุเรียนชะนี,ขายปลีก,ผลไม้,8/28/2017 12:00:00 AM,90,80
P14019,ทุเรียนชะนี,ขายปลีก,ผลไม้,8/29/2017 12:00:00 AM,90,80
P14019,ทุเรียนชะนี,ขายปลีก,ผลไม้,8/30/2017 12:00:00 AM,90,80
P14019,ทุเรียนชะนี,ขายปลีก,ผลไม้,8/31/2017 12:00:00 AM,90,80
P14019,ทุเรียนชะนี,ขายปลีก,ผลไม้,9/1/2017 12:00:00 AM,90,80
P14019,ทุเรียนชะนี,ขายปลีก,ผลไม้,9/4/2017 12:00:00 AM,90,80
P14019,ทุเรียนชะนี,ขายปลีก,ผลไม้,9/5/2017 12:00:00 AM,90,80
P14019,ทุเรียนชะนี,ขายปลีก,ผลไม้,9/6/2017 12:00:00 AM,90,80
P14019,ทุเรียนชะนี,ขายปลีก,ผลไม้,9/7/2017 12:00:00 AM,90,80
P14019,ทุเรียนชะนี,ขายปลีก,ผลไม้,9/8/2017 12:00:00 AM,90,80
P14019,ทุเรียนชะนี,ขายปลีก,ผลไม้,9/11/2017 12:00:00 AM,90,80
P14019,ทุเรียนชะนี,ขายปลีก,ผลไม้,9/12/2017 12:00:00 AM,90,80
P14019,ทุเรียนชะนี,ขายปลีก,ผลไม้,9/13/2017 12:00:00 AM,90,80
P14019,ทุเรียนชะนี,ขายปลีก,ผลไม้,9/14/2017 12:00:00 AM,90,80
P14019,ทุเรียนชะนี,ขายปลีก,ผลไม้,9/15/2017 12:00:00 AM,90,80
P14019,ทุเรียนชะนี,ขายปลีก,ผลไม้,9/18/2017 12:00:00 AM,0,0
P14019,ทุเรียนชะนี,ขายปลีก,ผลไม้,9/19/2017 12:00:00 AM,0,0
P14019,ทุเรียนชะนี,ขายปลีก,ผลไม้,9/20/2017 12:00:00 AM,0,0
P14019,ทุเรียนชะนี,ขายปลีก,ผลไม้,9/21/2017 12:00:00 AM,0,0
P14019,ทุเรียนชะนี,ขายปลีก,ผลไม้,9/22/2017 12:00:00 AM,0,0
P14019,ทุเรียนชะนี,ขายปลีก,ผลไม้,9/25/2017 12:00:00 AM,0,0
P14019,ทุเรียนชะนี,ขายปลีก,ผลไม้,9/26/2017 12:00:00 AM,0,0
P14019,ทุเรียนชะนี,ขายปลีก,ผลไม้,9/27/2017 12:00:00 AM,0,0
P14019,ทุเรียนชะนี,ขายปลีก,ผลไม้,9/28/2017 12:00:00 AM,0,0
P14019,ทุเรียนชะนี,ขายปลีก,ผลไม้,9/29/2017 12:00:00 AM,0,0
P14019,ทุเรียนชะนี,ขายปลีก,ผลไม้,10/2/2017 12:00:00 AM,0,0
P14019,ทุเรียนชะนี,ขายปลีก,ผลไม้,10/3/2017 12:00:00 AM,0,0
P14019,ทุเรียนชะนี,ขายปลีก,ผลไม้,10/4/2017 12:00:00 AM,0,0
P14019,ทุเรียนชะนี,ขายปลีก,ผลไม้,10/5/2017 12:00:00 AM,0,0
P14019,ทุเรียนชะนี,ขายปลีก,ผลไม้,10/6/2017 12:00:00 AM,0,0
P14019,ทุเรียนชะนี,ขายปลีก,ผลไม้,10/9/2017 12:00:00 AM,0,0
P14019,ทุเรียนชะนี,ขายปลีก,ผลไม้,10/10/2017 12:00:00 AM,0,0
P14019,ทุเรียนชะนี,ขายปลีก,ผลไม้,10/11/2017 12:00:00 AM,0,0
P14019,ทุเรียนชะนี,ขายปลีก,ผลไม้,10/12/2017 12:00:00 AM,0,0
P14019,ทุเรียนชะนี,ขายปลีก,ผลไม้,10/16/2017 12:00:00 AM,0,0
P14019,ทุเรียนชะนี,ขายปลีก,ผลไม้,10/17/2017 12:00:00 AM,0,0
P14019,ทุเรียนชะนี,ขายปลีก,ผลไม้,10/18/2017 12:00:00 AM,0,0
P14019,ทุเรียนชะนี,ขายปลีก,ผลไม้,10/19/2017 12:00:00 AM,0,0
P14019,ทุเรียนชะนี,ขายปลีก,ผลไม้,10/20/2017 12:00:00 AM,0,0
P14019,ทุเรียนชะนี,ขายปลีก,ผลไม้,10/24/2017 12:00:00 AM,0,0
P14019,ทุเรียนชะนี,ขายปลีก,ผลไม้,10/25/2017 12:00:00 AM,0,0
P14019,ทุเรียนชะนี,ขายปลีก,ผลไม้,10/27/2017 12:00:00 AM,0,0
P14019,ทุเรียนชะนี,ขายปลีก,ผลไม้,10/30/2017 12:00:00 AM,0,0
P14019,ทุเรียนชะนี,ขายปลีก,ผลไม้,10/31/2017 12:00:00 AM,0,0
P14019,ทุเรียนชะนี,ขายปลีก,ผลไม้,11/1/2017 12:00:00 AM,0,0
P14019,ทุเรียนชะนี,ขายปลีก,ผลไม้,11/2/2017 12:00:00 AM,0,0
P14019,ทุเรียนชะนี,ขายปลีก,ผลไม้,11/3/2017 12:00:00 AM,0,0
P14019,ทุเรียนชะนี,ขายปลีก,ผลไม้,11/6/2017 12:00:00 AM,0,0
P14019,ทุเรียนชะนี,ขายปลีก,ผลไม้,11/7/2017 12:00:00 AM,0,0
P14019,ทุเรียนชะนี,ขายปลีก,ผลไม้,11/8/2017 12:00:00 AM,0,0
P14019,ทุเรียนชะนี,ขายปลีก,ผลไม้,11/9/2017 12:00:00 AM,0,0
P14019,ทุเรียนชะนี,ขายปลีก,ผลไม้,11/10/2017 12:00:00 AM,0,0
P14019,ทุเรียนชะนี,ขายปลีก,ผลไม้,11/13/2017 12:00:00 AM,0,0
P14019,ทุเรียนชะนี,ขายปลีก,ผลไม้,11/14/2017 12:00:00 AM,0,0
P14019,ทุเรียนชะนี,ขายปลีก,ผลไม้,11/15/2017 12:00:00 AM,0,0
P14019,ทุเรียนชะนี,ขายปลีก,ผลไม้,11/16/2017 12:00:00 AM,0,0
P14019,ทุเรียนชะนี,ขายปลีก,ผลไม้,11/17/2017 12:00:00 AM,0,0
P14019,ทุเรียนชะนี,ขายปลีก,ผลไม้,11/20/2017 12:00:00 AM,0,0
P14019,ทุเรียนชะนี,ขายปลีก,ผลไม้,11/21/2017 12:00:00 AM,0,0
P14019,ทุเรียนชะนี,ขายปลีก,ผลไม้,11/22/2017 12:00:00 AM,0,0
P14019,ทุเรียนชะนี,ขายปลีก,ผลไม้,11/23/2017 12:00:00 AM,0,0
P14019,ทุเรียนชะนี,ขายปลีก,ผลไม้,11/24/2017 12:00:00 AM,0,0
P14019,ทุเรียนชะนี,ขายปลีก,ผลไม้,11/27/2017 12:00:00 AM,0,0
P14019,ทุเรียนชะนี,ขายปลีก,ผลไม้,11/28/2017 12:00:00 AM,0,0
P14019,ทุเรียนชะนี,ขายปลีก,ผลไม้,11/29/2017 12:00:00 AM,0,0
P14019,ทุเรียนชะนี,ขายปลีก,ผลไม้,11/30/2017 12:00:00 AM,0,0
P14019,ทุเรียนชะนี,ขายปลีก,ผลไม้,12/1/2017 12:00:00 AM,0,0
P14019,ทุเรียนชะนี,ขายปลีก,ผลไม้,12/4/2017 12:00:00 AM,0,0
P14019,ทุเรียนชะนี,ขายปลีก,ผลไม้,12/6/2017 12:00:00 AM,0,0
P14019,ทุเรียนชะนี,ขายปลีก,ผลไม้,12/7/2017 12:00:00 AM,0,0
P14019,ทุเรียนชะนี,ขายปลีก,ผลไม้,12/8/2017 12:00:00 AM,0,0
P14019,ทุเรียนชะนี,ขายปลีก,ผลไม้,12/12/2017 12:00:00 AM,0,0
P14019,ทุเรียนชะนี,ขายปลีก,ผลไม้,12/13/2017 12:00:00 AM,0,0
P14019,ทุเรียนชะนี,ขายปลีก,ผลไม้,12/14/2017 12:00:00 AM,0,0
P14019,ทุเรียนชะนี,ขายปลีก,ผลไม้,12/15/2017 12:00:00 AM,0,0
P14019,ทุเรียนชะนี,ขายปลีก,ผลไม้,12/18/2017 12:00:00 AM,0,0
P14019,ทุเรียนชะนี,ขายปลีก,ผลไม้,12/19/2017 12:00:00 AM,0,0
P14019,ทุเรียนชะนี,ขายปลีก,ผลไม้,12/20/2017 12:00:00 AM,0,0
P14019,ทุเรียนชะนี,ขายปลีก,ผลไม้,12/21/2017 12:00:00 AM,0,0
P14019,ทุเรียนชะนี,ขายปลีก,ผลไม้,12/22/2017 12:00:00 AM,0,0
P14019,ทุเรียนชะนี,ขายปลีก,ผลไม้,12/25/2017 12:00:00 AM,0,0
P14019,ทุเรียนชะนี,ขายปลีก,ผลไม้,12/26/2017 12:00:00 AM,0,0
P14019,ทุเรียนชะนี,ขายปลีก,ผลไม้,12/27/2017 12:00:00 AM,0,0
P14019,ทุเรียนชะนี,ขายปลีก,ผลไม้,12/28/2017 12:00:00 AM,0,0
P14019,ทุเรียนชะนี,ขายปลีก,ผลไม้,12/29/2017 12:00:00 AM,0,0
P14019,ทุเรียนชะนี,ขายปลีก,ผลไม้,1/3/2018 12:00:00 AM,0,0
P14019,ทุเรียนชะนี,ขายปลีก,ผลไม้,1/4/2018 12:00:00 AM,0,0
P14019,ทุเรียนชะนี,ขายปลีก,ผลไม้,1/5/2018 12:00:00 AM,0,0
P14019,ทุเรียนชะนี,ขายปลีก,ผลไม้,1/8/2018 12:00:00 AM,0,0
P14019,ทุเรียนชะนี,ขายปลีก,ผลไม้,1/9/2018 12:00:00 AM,0,0
P14019,ทุเรียนชะนี,ขายปลีก,ผลไม้,1/10/2018 12:00:00 AM,0,0
P14019,ทุเรียนชะนี,ขายปลีก,ผลไม้,1/11/2018 12:00:00 AM,0,0
P14019,ทุเรียนชะนี,ขายปลีก,ผลไม้,1/12/2018 12:00:00 AM,0,0
P14019,ทุเรียนชะนี,ขายปลีก,ผลไม้,1/15/2018 12:00:00 AM,0,0
P14019,ทุเรียนชะนี,ขายปลีก,ผลไม้,1/16/2018 12:00:00 AM,0,0
P14019,ทุเรียนชะนี,ขายปลีก,ผลไม้,1/17/2018 12:00:00 AM,0,0
P14019,ทุเรียนชะนี,ขายปลีก,ผลไม้,1/18/2018 12:00:00 AM,0,0
P14019,ทุเรียนชะนี,ขายปลีก,ผลไม้,1/19/2018 12:00:00 AM,0,0
P14019,ทุเรียนชะนี,ขายปลีก,ผลไม้,1/22/2018 12:00:00 AM,0,0
P14019,ทุเรียนชะนี,ขายปลีก,ผลไม้,1/23/2018 12:00:00 AM,0,0
P14019,ทุเรียนชะนี,ขายปลีก,ผลไม้,1/24/2018 12:00:00 AM,0,0
P14019,ทุเรียนชะนี,ขายปลีก,ผลไม้,1/25/2018 12:00:00 AM,0,0
P14019,ทุเรียนชะนี,ขายปลีก,ผลไม้,1/26/2018 12:00:00 AM,0,0
P14019,ทุเรียนชะนี,ขายปลีก,ผลไม้,1/29/2018 12:00:00 AM,0,0
P14019,ทุเรียนชะนี,ขายปลีก,ผลไม้,1/30/2018 12:00:00 AM,0,0
P14019,ทุเรียนชะนี,ขายปลีก,ผลไม้,1/31/2018 12:00:00 AM,0,0
P14019,ทุเรียนชะนี,ขายปลีก,ผลไม้,2/1/2018 12:00:00 AM,0,0
P14019,ทุเรียนชะนี,ขายปลีก,ผลไม้,2/2/2018 12:00:00 AM,0,0
P14019,ทุเรียนชะนี,ขายปลีก,ผลไม้,2/5/2018 12:00:00 AM,0,0
P14019,ทุเรียนชะนี,ขายปลีก,ผลไม้,2/6/2018 12:00:00 AM,0,0
P14019,ทุเรียนชะนี,ขายปลีก,ผลไม้,2/7/2018 12:00:00 AM,0,0
P14019,ทุเรียนชะนี,ขายปลีก,ผลไม้,2/8/2018 12:00:00 AM,0,0
P14019,ทุเรียนชะนี,ขายปลีก,ผลไม้,2/9/2018 12:00:00 AM,0,0
P14019,ทุเรียนชะนี,ขายปลีก,ผลไม้,2/12/2018 12:00:00 AM,0,0
P14019,ทุเรียนชะนี,ขายปลีก,ผลไม้,2/13/2018 12:00:00 AM,0,0
P14019,ทุเรียนชะนี,ขายปลีก,ผลไม้,2/14/2018 12:00:00 AM,0,0
P14019,ทุเรียนชะนี,ขายปลีก,ผลไม้,2/15/2018 12:00:00 AM,0,0
P14019,ทุเรียนชะนี,ขายปลีก,ผลไม้,2/16/2018 12:00:00 AM,0,0
P14019,ทุเรียนชะนี,ขายปลีก,ผลไม้,2/19/2018 12:00:00 AM,0,0
P14019,ทุเรียนชะนี,ขายปลีก,ผลไม้,2/20/2018 12:00:00 AM,0,0
P14019,ทุเรียนชะนี,ขายปลีก,ผลไม้,2/21/2018 12:00:00 AM,0,0
P14019,ทุเรียนชะนี,ขายปลีก,ผลไม้,2/22/2018 12:00:00 AM,0,0
P14019,ทุเรียนชะนี,ขายปลีก,ผลไม้,2/23/2018 12:00:00 AM,0,0
P14019,ทุเรียนชะนี,ขายปลีก,ผลไม้,2/26/2018 12:00:00 AM,0,0
P14019,ทุเรียนชะนี,ขายปลีก,ผลไม้,2/27/2018 12:00:00 AM,0,0
P14019,ทุเรียนชะนี,ขายปลีก,ผลไม้,2/28/2018 12:00:00 AM,0,0
P14019,ทุเรียนชะนี,ขายปลีก,ผลไม้,3/2/2018 12:00:00 AM,0,0
P14019,ทุเรียนชะนี,ขายปลีก,ผลไม้,3/5/2018 12:00:00 AM,0,0
P14019,ทุเรียนชะนี,ขายปลีก,ผลไม้,3/6/2018 12:00:00 AM,0,0
P14019,ทุเรียนชะนี,ขายปลีก,ผลไม้,3/7/2018 12:00:00 AM,0,0
P14019,ทุเรียนชะนี,ขายปลีก,ผลไม้,3/8/2018 12:00:00 AM,0,0
P14019,ทุเรียนชะนี,ขายปลีก,ผลไม้,3/9/2018 12:00:00 AM,0,0
P14019,ทุเรียนชะนี,ขายปลีก,ผลไม้,3/12/2018 12:00:00 AM,0,0
P14019,ทุเรียนชะนี,ขายปลีก,ผลไม้,3/13/2018 12:00:00 AM,0,0
P14019,ทุเรียนชะนี,ขายปลีก,ผลไม้,3/14/2018 12:00:00 AM,0,0
P14019,ทุเรียนชะนี,ขายปลีก,ผลไม้,3/15/2018 12:00:00 AM,0,0
P14019,ทุเรียนชะนี,ขายปลีก,ผลไม้,3/16/2018 12:00:00 AM,0,0
P14019,ทุเรียนชะนี,ขายปลีก,ผลไม้,3/19/2018 12:00:00 AM,0,0
P14019,ทุเรียนชะนี,ขายปลีก,ผลไม้,3/20/2018 12:00:00 AM,0,0
P14019,ทุเรียนชะนี,ขายปลีก,ผลไม้,3/21/2018 12:00:00 AM,0,0
P14019,ทุเรียนชะนี,ขายปลีก,ผลไม้,3/22/2018 12:00:00 AM,0,0
P14019,ทุเรียนชะนี,ขายปลีก,ผลไม้,3/23/2018 12:00:00 AM,0,0
P14019,ทุเรียนชะนี,ขายปลีก,ผลไม้,3/26/2018 12:00:00 AM,0,0
P14019,ทุเรียนชะนี,ขายปลีก,ผลไม้,3/27/2018 12:00:00 AM,0,0
P14019,ทุเรียนชะนี,ขายปลีก,ผลไม้,3/28/2018 12:00:00 AM,0,0
P14019,ทุเรียนชะนี,ขายปลีก,ผลไม้,3/29/2018 12:00:00 AM,0,0
P14019,ทุเรียนชะนี,ขายปลีก,ผลไม้,3/30/2018 12:00:00 AM,0,0
P14019,ทุเรียนชะนี,ขายปลีก,ผลไม้,4/2/2018 12:00:00 AM,0,0
P14019,ทุเรียนชะนี,ขายปลีก,ผลไม้,4/3/2018 12:00:00 AM,0,0
P14019,ทุเรียนชะนี,ขายปลีก,ผลไม้,4/4/2018 12:00:00 AM,0,0
P14019,ทุเรียนชะนี,ขายปลีก,ผลไม้,4/5/2018 12:00:00 AM,0,0
P14019,ทุเรียนชะนี,ขายปลีก,ผลไม้,4/9/2018 12:00:00 AM,0,0
P14019,ทุเรียนชะนี,ขายปลีก,ผลไม้,4/10/2018 12:00:00 AM,0,0
P14019,ทุเรียนชะนี,ขายปลีก,ผลไม้,4/11/2018 12:00:00 AM,0,0
P14019,ทุเรียนชะนี,ขายปลีก,ผลไม้,4/17/2018 12:00:00 AM,0,0
P14019,ทุเรียนชะนี,ขายปลีก,ผลไม้,4/18/2018 12:00:00 AM,0,0
P14019,ทุเรียนชะนี,ขายปลีก,ผลไม้,4/19/2018 12:00:00 AM,0,0
P14019,ทุเรียนชะนี,ขายปลีก,ผลไม้,4/20/2018 12:00:00 AM,0,0
P14019,ทุเรียนชะนี,ขายปลีก,ผลไม้,4/23/2018 12:00:00 AM,120,80
P14019,ทุเรียนชะนี,ขายปลีก,ผลไม้,4/24/2018 12:00:00 AM,120,80
P14019,ทุเรียนชะนี,ขายปลีก,ผลไม้,4/25/2018 12:00:00 AM,120,80
P14019,ทุเรียนชะนี,ขายปลีก,ผลไม้,4/26/2018 12:00:00 AM,120,80
P14019,ทุเรียนชะนี,ขายปลีก,ผลไม้,4/27/2018 12:00:00 AM,120,80
P14019,ทุเรียนชะนี,ขายปลีก,ผลไม้,4/30/2018 12:00:00 AM,110,80
P14019,ทุเรียนชะนี,ขายปลีก,ผลไม้,5/1/2018 12:00:00 AM,110,80
P14019,ทุเรียนชะนี,ขายปลีก,ผลไม้,5/2/2018 12:00:00 AM,110,80
P14019,ทุเรียนชะนี,ขายปลีก,ผลไม้,5/3/2018 12:00:00 AM,110,80
P14019,ทุเรียนชะนี,ขายปลีก,ผลไม้,5/4/2018 12:00:00 AM,110,80
P14019,ทุเรียนชะนี,ขายปลีก,ผลไม้,5/7/2018 12:00:00 AM,120,100
P14019,ทุเรียนชะนี,ขายปลีก,ผลไม้,5/8/2018 12:00:00 AM,120,100
P14019,ทุเรียนชะนี,ขายปลีก,ผลไม้,5/9/2018 12:00:00 AM,120,100
P14019,ทุเรียนชะนี,ขายปลีก,ผลไม้,5/10/2018 12:00:00 AM,120,100
P14019,ทุเรียนชะนี,ขายปลีก,ผลไม้,5/11/2018 12:00:00 AM,120,100
P14019,ทุเรียนชะนี,ขายปลีก,ผลไม้,5/15/2018 12:00:00 AM,120,100
P14019,ทุเรียนชะนี,ขายปลีก,ผลไม้,5/16/2018 12:00:00 AM,120,100
P14019,ทุเรียนชะนี,ขายปลีก,ผลไม้,5/17/2018 12:00:00 AM,120,100
P14019,ทุเรียนชะนี,ขายปลีก,ผลไม้,5/18/2018 12:00:00 AM,120,100
P14019,ทุเรียนชะนี,ขายปลีก,ผลไม้,5/21/2018 12:00:00 AM,120,100
P14019,ทุเรียนชะนี,ขายปลีก,ผลไม้,5/22/2018 12:00:00 AM,120,100
P14019,ทุเรียนชะนี,ขายปลีก,ผลไม้,5/23/2018 12:00:00 AM,120,100
P14019,ทุเรียนชะนี,ขายปลีก,ผลไม้,5/24/2018 12:00:00 AM,120,100
P14019,ทุเรียนชะนี,ขายปลีก,ผลไม้,5/25/2018 12:00:00 AM,120,100
P14019,ทุเรียนชะนี,ขายปลีก,ผลไม้,5/28/2018 12:00:00 AM,120,100
P14019,ทุเรียนชะนี,ขายปลีก,ผลไม้,5/30/2018 12:00:00 AM,120,100
P14019,ทุเรียนชะนี,ขายปลีก,ผลไม้,5/31/2018 12:00:00 AM,120,100
P14019,ทุเรียนชะนี,ขายปลีก,ผลไม้,6/1/2018 12:00:00 AM,120,100
P14019,ทุเรียนชะนี,ขายปลีก,ผลไม้,6/4/2018 12:00:00 AM,120,100
P14019,ทุเรียนชะนี,ขายปลีก,ผลไม้,6/5/2018 12:00:00 AM,120,100
P14019,ทุเรียนชะนี,ขายปลีก,ผลไม้,6/6/2018 12:00:00 AM,120,100
P14019,ทุเรียนชะนี,ขายปลีก,ผลไม้,6/7/2018 12:00:00 AM,120,100
P14019,ทุเรียนชะนี,ขายปลีก,ผลไม้,6/8/2018 12:00:00 AM,120,100
P14019,ทุเรียนชะนี,ขายปลีก,ผลไม้,6/11/2018 12:00:00 AM,120,100
P14019,ทุเรียนชะนี,ขายปลีก,ผลไม้,6/12/2018 12:00:00 AM,120,100
P14019,ทุเรียนชะนี,ขายปลีก,ผลไม้,6/13/2018 12:00:00 AM,120,100
P14019,ทุเรียนชะนี,ขายปลีก,ผลไม้,6/14/2018 12:00:00 AM,120,100
P14019,ทุเรียนชะนี,ขายปลีก,ผลไม้,6/15/2018 12:00:00 AM,120,100
P14019,ทุเรียนชะนี,ขายปลีก,ผลไม้,6/18/2018 12:00:00 AM,120,100
P14019,ทุเรียนชะนี,ขายปลีก,ผลไม้,6/19/2018 12:00:00 AM,120,100
P14019,ทุเรียนชะนี,ขายปลีก,ผลไม้,6/20/2018 12:00:00 AM,120,100
P14019,ทุเรียนชะนี,ขายปลีก,ผลไม้,6/21/2018 12:00:00 AM,120,100
P14019,ทุเรียนชะนี,ขายปลีก,ผลไม้,6/22/2018 12:00:00 AM,120,100
P14019,ทุเรียนชะนี,ขายปลีก,ผลไม้,6/25/2018 12:00:00 AM,120,100
P14019,ทุเรียนชะนี,ขายปลีก,ผลไม้,6/26/2018 12:00:00 AM,120,100
P14019,ทุเรียนชะนี,ขายปลีก,ผลไม้,6/27/2018 12:00:00 AM,120,100
P14019,ทุเรียนชะนี,ขายปลีก,ผลไม้,6/28/2018 12:00:00 AM,120,100
P14019,ทุเรียนชะนี,ขายปลีก,ผลไม้,6/29/2018 12:00:00 AM,120,100
P14019,ทุเรียนชะนี,ขายปลีก,ผลไม้,7/2/2018 12:00:00 AM,120,100
P14019,ทุเรียนชะนี,ขายปลีก,ผลไม้,7/3/2018 12:00:00 AM,120,100
P14019,ทุเรียนชะนี,ขายปลีก,ผลไม้,7/4/2018 12:00:00 AM,120,100
P14019,ทุเรียนชะนี,ขายปลีก,ผลไม้,7/5/2018 12:00:00 AM,120,100
P14019,ทุเรียนชะนี,ขายปลีก,ผลไม้,7/6/2018 12:00:00 AM,120,100
P14019,ทุเรียนชะนี,ขายปลีก,ผลไม้,7/9/2018 12:00:00 AM,120,100
P14019,ทุเรียนชะนี,ขายปลีก,ผลไม้,7/10/2018 12:00:00 AM,120,100
P14019,ทุเรียนชะนี,ขายปลีก,ผลไม้,7/11/2018 12:00:00 AM,120,100
P14019,ทุเรียนชะนี,ขายปลีก,ผลไม้,7/12/2018 12:00:00 AM,120,100
P14019,ทุเรียนชะนี,ขายปลีก,ผลไม้,7/13/2018 12:00:00 AM,120,100
P14019,ทุเรียนชะนี,ขายปลีก,ผลไม้,7/16/2018 12:00:00 AM,120,100
P14019,ทุเรียนชะนี,ขายปลีก,ผลไม้,7/17/2018 12:00:00 AM,120,100
P14019,ทุเรียนชะนี,ขายปลีก,ผลไม้,7/18/2018 12:00:00 AM,120,100
P14019,ทุเรียนชะนี,ขายปลีก,ผลไม้,7/19/2018 12:00:00 AM,120,100
P14019,ทุเรียนชะนี,ขายปลีก,ผลไม้,7/20/2018 12:00:00 AM,120,100
P14019,ทุเรียนชะนี,ขายปลีก,ผลไม้,7/23/2018 12:00:00 AM,120,100
P14019,ทุเรียนชะนี,ขายปลีก,ผลไม้,7/24/2018 12:00:00 AM,120,100
P14019,ทุเรียนชะนี,ขายปลีก,ผลไม้,7/25/2018 12:00:00 AM,120,100
P14019,ทุเรียนชะนี,ขายปลีก,ผลไม้,7/26/2018 12:00:00 AM,120,100
P14019,ทุเรียนชะนี,ขายปลีก,ผลไม้,7/31/2018 12:00:00 AM,120,100
P14019,ทุเรียนชะนี,ขายปลีก,ผลไม้,8/1/2018 12:00:00 AM,120,100
P14019,ทุเรียนชะนี,ขายปลีก,ผลไม้,8/2/2018 12:00:00 AM,120,100
P14019,ทุเรียนชะนี,ขายปลีก,ผลไม้,8/3/2018 12:00:00 AM,120,100
P14019,ทุเรียนชะนี,ขายปลีก,ผลไม้,8/6/2018 12:00:00 AM,110,90
P14019,ทุเรียนชะนี,ขายปลีก,ผลไม้,8/7/2018 12:00:00 AM,110,90
P14019,ทุเรียนชะนี,ขายปลีก,ผลไม้,8/8/2018 12:00:00 AM,110,90
P14019,ทุเรียนชะนี,ขายปลีก,ผลไม้,8/9/2018 12:00:00 AM,110,90
P14019,ทุเรียนชะนี,ขายปลีก,ผลไม้,8/10/2018 12:00:00 AM,110,90
P14019,ทุเรียนชะนี,ขายปลีก,ผลไม้,8/14/2018 12:00:00 AM,110,90
P14019,ทุเรียนชะนี,ขายปลีก,ผลไม้,8/15/2018 12:00:00 AM,110,90
P14019,ทุเรียนชะนี,ขายปลีก,ผลไม้,8/16/2018 12:00:00 AM,110,90
P14019,ทุเรียนชะนี,ขายปลีก,ผลไม้,8/17/2018 12:00:00 AM,110,90
P14019,ทุเรียนชะนี,ขายปลีก,ผลไม้,8/20/2018 12:00:00 AM,110,90
P14019,ทุเรียนชะนี,ขายปลีก,ผลไม้,8/21/2018 12:00:00 AM,110,90
P14019,ทุเรียนชะนี,ขายปลีก,ผลไม้,8/22/2018 12:00:00 AM,110,90
P14019,ทุเรียนชะนี,ขายปลีก,ผลไม้,8/23/2018 12:00:00 AM,110,90
P14019,ทุเรียนชะนี,ขายปลีก,ผลไม้,8/24/2018 12:00:00 AM,110,90
P14019,ทุเรียนชะนี,ขายปลีก,ผลไม้,8/27/2018 12:00:00 AM,110,90
P14019,ทุเรียนชะนี,ขายปลีก,ผลไม้,8/28/2018 12:00:00 AM,110,90
P14019,ทุเรียนชะนี,ขายปลีก,ผลไม้,8/29/2018 12:00:00 AM,110,90
P14019,ทุเรียนชะนี,ขายปลีก,ผลไม้,8/30/2018 12:00:00 AM,110,90
P14019,ทุเรียนชะนี,ขายปลีก,ผลไม้,8/31/2018 12:00:00 AM,110,90
P14019,ทุเรียนชะนี,ขายปลีก,ผลไม้,9/3/2018 12:00:00 AM,110,90
P14019,ทุเรียนชะนี,ขายปลีก,ผลไม้,9/4/2018 12:00:00 AM,110,90
P14019,ทุเรียนชะนี,ขายปลีก,ผลไม้,9/5/2018 12:00:00 AM,110,90
P14019,ทุเรียนชะนี,ขายปลีก,ผลไม้,9/6/2018 12:00:00 AM,110,90
P14019,ทุเรียนชะนี,ขายปลีก,ผลไม้,9/7/2018 12:00:00 AM,110,90
P14019,ทุเรียนชะนี,ขายปลีก,ผลไม้,9/10/2018 12:00:00 AM,110,90
P14019,ทุเรียนชะนี,ขายปลีก,ผลไม้,9/11/2018 12:00:00 AM,110,90
P14019,ทุเรียนชะนี,ขายปลีก,ผลไม้,9/12/2018 12:00:00 AM,110,90
P14019,ทุเรียนชะนี,ขายปลีก,ผลไม้,9/13/2018 12:00:00 AM,110,90
P14019,ทุเรียนชะนี,ขายปลีก,ผลไม้,9/14/2018 12:00:00 AM,110,90
P14019,ทุเรียนชะนี,ขายปลีก,ผลไม้,9/17/2018 12:00:00 AM,0,0
P14019,ทุเรียนชะนี,ขายปลีก,ผลไม้,9/18/2018 12:00:00 AM,0,0
P14019,ทุเรียนชะนี,ขายปลีก,ผลไม้,9/19/2018 12:00:00 AM,0,0
P14019,ทุเรียนชะนี,ขายปลีก,ผลไม้,9/20/2018 12:00:00 AM,0,0
P14019,ทุเรียนชะนี,ขายปลีก,ผลไม้,9/21/2018 12:00:00 AM,0,0
P14019,ทุเรียนชะนี,ขายปลีก,ผลไม้,9/24/2018 12:00:00 AM,0,0
P14019,ทุเรียนชะนี,ขายปลีก,ผลไม้,9/25/2018 12:00:00 AM,0,0
P14019,ทุเรียนชะนี,ขายปลีก,ผลไม้,9/26/2018 12:00:00 AM,0,0
P14019,ทุเรียนชะนี,ขายปลีก,ผลไม้,9/27/2018 12:00:00 AM,0,0
P14019,ทุเรียนชะนี,ขายปลีก,ผลไม้,9/28/2018 12:00:00 AM,0,0
P14019,ทุเรียนชะนี,ขายปลีก,ผลไม้,10/1/2018 12:00:00 AM,0,0
P14019,ทุเรียนชะนี,ขายปลีก,ผลไม้,10/2/2018 12:00:00 AM,0,0
P14019,ทุเรียนชะนี,ขายปลีก,ผลไม้,10/3/2018 12:00:00 AM,0,0
P14019,ทุเรียนชะนี,ขายปลีก,ผลไม้,10/4/2018 12:00:00 AM,0,0
P14019,ทุเรียนชะนี,ขายปลีก,ผลไม้,10/5/2018 12:00:00 AM,0,0
P14019,ทุเรียนชะนี,ขายปลีก,ผลไม้,10/8/2018 12:00:00 AM,0,0
P14019,ทุเรียนชะนี,ขายปลีก,ผลไม้,10/9/2018 12:00:00 AM,0,0
P14019,ทุเรียนชะนี,ขายปลีก,ผลไม้,10/10/2018 12:00:00 AM,0,0
P14019,ทุเรียนชะนี,ขายปลีก,ผลไม้,10/11/2018 12:00:00 AM,0,0
P14019,ทุเรียนชะนี,ขายปลีก,ผลไม้,10/12/2018 12:00:00 AM,0,0
P14019,ทุเรียนชะนี,ขายปลีก,ผลไม้,10/16/2018 12:00:00 AM,0,0
P14019,ทุเรียนชะนี,ขายปลีก,ผลไม้,10/17/2018 12:00:00 AM,0,0
P14019,ทุเรียนชะนี,ขายปลีก,ผลไม้,10/18/2018 12:00:00 AM,0,0
P14019,ทุเรียนชะนี,ขายปลีก,ผลไม้,10/19/2018 12:00:00 AM,0,0
P14019,ทุเรียนชะนี,ขายปลีก,ผลไม้,10/22/2018 12:00:00 AM,0,0
P14019,ทุเรียนชะนี,ขายปลีก,ผลไม้,10/24/2018 12:00:00 AM,0,0
P14019,ทุเรียนชะนี,ขายปลีก,ผลไม้,10/25/2018 12:00:00 AM,0,0
P14019,ทุเรียนชะนี,ขายปลีก,ผลไม้,10/26/2018 12:00:00 AM,0,0
P14019,ทุเรียนชะนี,ขายปลีก,ผลไม้,10/29/2018 12:00:00 AM,0,0
P14019,ทุเรียนชะนี,ขายปลีก,ผลไม้,10/30/2018 12:00:00 AM,0,0
P14019,ทุเรียนชะนี,ขายปลีก,ผลไม้,10/31/2018 12:00:00 AM,0,0
P14019,ทุเรียนชะนี,ขายปลีก,ผลไม้,11/1/2018 12:00:00 AM,0,0
P14019,ทุเรียนชะนี,ขายปลีก,ผลไม้,11/2/2018 12:00:00 AM,0,0
P14019,ทุเรียนชะนี,ขายปลีก,ผลไม้,11/5/2018 12:00:00 AM,0,0
P14019,ทุเรียนชะนี,ขายปลีก,ผลไม้,11/6/2018 12:00:00 AM,0,0
P14019,ทุเรียนชะนี,ขายปลีก,ผลไม้,11/7/2018 12:00:00 AM,0,0
P14019,ทุเรียนชะนี,ขายปลีก,ผลไม้,11/8/2018 12:00:00 AM,0,0
P14019,ทุเรียนชะนี,ขายปลีก,ผลไม้,11/9/2018 12:00:00 AM,0,0
P14019,ทุเรียนชะนี,ขายปลีก,ผลไม้,11/12/2018 12:00:00 AM,0,0
P14019,ทุเรียนชะนี,ขายปลีก,ผลไม้,11/13/2018 12:00:00 AM,0,0
P14019,ทุเรียนชะนี,ขายปลีก,ผลไม้,11/14/2018 12:00:00 AM,0,0
P14019,ทุเรียนชะนี,ขายปลีก,ผลไม้,11/15/2018 12:00:00 AM,0,0
P14019,ทุเรียนชะนี,ขายปลีก,ผลไม้,11/16/2018 12:00:00 AM,0,0
P14019,ทุเรียนชะนี,ขายปลีก,ผลไม้,11/19/2018 12:00:00 AM,0,0
P14019,ทุเรียนชะนี,ขายปลีก,ผลไม้,11/20/2018 12:00:00 AM,0,0
P14019,ทุเรียนชะนี,ขายปลีก,ผลไม้,11/21/2018 12:00:00 AM,0,0
P14019,ทุเรียนชะนี,ขายปลีก,ผลไม้,11/22/2018 12:00:00 AM,0,0
P14019,ทุเรียนชะนี,ขายปลีก,ผลไม้,11/23/2018 12:00:00 AM,0,0
P14019,ทุเรียนชะนี,ขายปลีก,ผลไม้,11/26/2018 12:00:00 AM,0,0
P14019,ทุเรียนชะนี,ขายปลีก,ผลไม้,11/27/2018 12:00:00 AM,0,0
P14019,ทุเรียนชะนี,ขายปลีก,ผลไม้,11/28/2018 12:00:00 AM,0,0
P14019,ทุเรียนชะนี,ขายปลีก,ผลไม้,11/29/2018 12:00:00 AM,0,0
P14019,ทุเรียนชะนี,ขายปลีก,ผลไม้,11/30/2018 12:00:00 AM,0,0
P14019,ทุเรียนชะนี,ขายปลีก,ผลไม้,12/3/2018 12:00:00 AM,0,0
P14019,ทุเรียนชะนี,ขายปลีก,ผลไม้,4/2/2019 12:00:00 AM,120,90
P14019,ทุเรียนชะนี,ขายปลีก,ผลไม้,4/3/2019 12:00:00 AM,120,90
P14019,ทุเรียนชะนี,ขายปลีก,ผลไม้,4/4/2019 12:00:00 AM,120,90
P14019,ทุเรียนชะนี,ขายปลีก,ผลไม้,4/5/2019 12:00:00 AM,120,90
P14019,ทุเรียนชะนี,ขายปลีก,ผลไม้,4/9/2019 12:00:00 AM,120,90
P14019,ทุเรียนชะนี,ขายปลีก,ผลไม้,4/10/2019 12:00:00 AM,120,90
P14019,ทุเรียนชะนี,ขายปลีก,ผลไม้,4/11/2019 12:00:00 AM,120,90
P14019,ทุเรียนชะนี,ขายปลีก,ผลไม้,4/17/2019 12:00:00 AM,120,90
P14019,ทุเรียนชะนี,ขายปลีก,ผลไม้,4/18/2019 12:00:00 AM,120,90
P14019,ทุเรียนชะนี,ขายปลีก,ผลไม้,4/19/2019 12:00:00 AM,120,90
P14019,ทุเรียนชะนี,ขายปลีก,ผลไม้,4/22/2019 12:00:00 AM,120,90
P14019,ทุเรียนชะนี,ขายปลีก,ผลไม้,4/23/2019 12:00:00 AM,110,80
P14019,ทุเรียนชะนี,ขายปลีก,ผลไม้,4/24/2019 12:00:00 AM,110,80
P14019,ทุเรียนชะนี,ขายปลีก,ผลไม้,4/25/2019 12:00:00 AM,110,80
P14019,ทุเรียนชะนี,ขายปลีก,ผลไม้,4/26/2019 12:00:00 AM,110,80
P14019,ทุเรียนชะนี,ขายปลีก,ผลไม้,4/29/2019 12:00:00 AM,110,80
P14019,ทุเรียนชะนี,ขายปลีก,ผลไม้,4/30/2019 12:00:00 AM,110,80
P14019,ทุเรียนชะนี,ขายปลีก,ผลไม้,5/1/2019 12:00:00 AM,110,80
P14019,ทุเรียนชะนี,ขายปลีก,ผลไม้,5/2/2019 12:00:00 AM,110,80
P14019,ทุเรียนชะนี,ขายปลีก,ผลไม้,5/3/2019 12:00:00 AM,110,80
P14019,ทุเรียนชะนี,ขายปลีก,ผลไม้,5/7/2019 12:00:00 AM,110,80
P14019,ทุเรียนชะนี,ขายปลีก,ผลไม้,5/8/2019 12:00:00 AM,110,80
P14019,ทุเรียนชะนี,ขายปลีก,ผลไม้,5/10/2019 12:00:00 AM,110,80
P14019,ทุเรียนชะนี,ขายปลีก,ผลไม้,5/13/2019 12:00:00 AM,120,110
P14019,ทุเรียนชะนี,ขายปลีก,ผลไม้,5/14/2019 12:00:00 AM,120,110
P14019,ทุเรียนชะนี,ขายปลีก,ผลไม้,5/15/2019 12:00:00 AM,120,110
P14019,ทุเรียนชะนี,ขายปลีก,ผลไม้,5/16/2019 12:00:00 AM,120,110
P14019,ทุเรียนชะนี,ขายปลีก,ผลไม้,5/17/2019 12:00:00 AM,120,110
P14019,ทุเรียนชะนี,ขายปลีก,ผลไม้,5/21/2019 12:00:00 AM,120,110
P14019,ทุเรียนชะนี,ขายปลีก,ผลไม้,5/22/2019 12:00:00 AM,120,110
P14019,ทุเรียนชะนี,ขายปลีก,ผลไม้,5/23/2019 12:00:00 AM,120,110
P14019,ทุเรียนชะนี,ขายปลีก,ผลไม้,5/24/2019 12:00:00 AM,120,110
P14019,ทุเรียนชะนี,ขายปลีก,ผลไม้,5/27/2019 12:00:00 AM,130,120
P14019,ทุเรียนชะนี,ขายปลีก,ผลไม้,5/28/2019 12:00:00 AM,130,120
P14019,ทุเรียนชะนี,ขายปลีก,ผลไม้,5/29/2019 12:00:00 AM,130,120
P14019,ทุเรียนชะนี,ขายปลีก,ผลไม้,5/30/2019 12:00:00 AM,130,120
P14019,ทุเรียนชะนี,ขายปลีก,ผลไม้,5/31/2019 12:00:00 AM,130,120
P14019,ทุเรียนชะนี,ขายปลีก,ผลไม้,6/4/2019 12:00:00 AM,140,130
P14019,ทุเรียนชะนี,ขายปลีก,ผลไม้,6/5/2019 12:00:00 AM,140,130
P14019,ทุเรียนชะนี,ขายปลีก,ผลไม้,6/6/2019 12:00:00 AM,140,130
P14019,ทุเรียนชะนี,ขายปลีก,ผลไม้,6/7/2019 12:00:00 AM,140,130
P14019,ทุเรียนชะนี,ขายปลีก,ผลไม้,6/10/2019 12:00:00 AM,140,130
P14019,ทุเรียนชะนี,ขายปลีก,ผลไม้,6/11/2019 12:00:00 AM,140,130
P14019,ทุเรียนชะนี,ขายปลีก,ผลไม้,6/12/2019 12:00:00 AM,140,130
P14019,ทุเรียนชะนี,ขายปลีก,ผลไม้,6/13/2019 12:00:00 AM,140,130
P14019,ทุเรียนชะนี,ขายปลีก,ผลไม้,6/14/2019 12:00:00 AM,140,130
P14019,ทุเรียนชะนี,ขายปลีก,ผลไม้,6/17/2019 12:00:00 AM,140,130
P14019,ทุเรียนชะนี,ขายปลีก,ผลไม้,6/18/2019 12:00:00 AM,140,130
P14019,ทุเรียนชะนี,ขายปลีก,ผลไม้,6/19/2019 12:00:00 AM,140,130
P14019,ทุเรียนชะนี,ขายปลีก,ผลไม้,6/20/2019 12:00:00 AM,140,130
P14019,ทุเรียนชะนี,ขายปลีก,ผลไม้,6/21/2019 12:00:00 AM,140,130
P14019,ทุเรียนชะนี,ขายปลีก,ผลไม้,6/24/2019 12:00:00 AM,130,120
P14019,ทุเรียนชะนี,ขายปลีก,ผลไม้,6/25/2019 12:00:00 AM,130,120
P14019,ทุเรียนชะนี,ขายปลีก,ผลไม้,6/26/2019 12:00:00 AM,130,120
P14019,ทุเรียนชะนี,ขายปลีก,ผลไม้,6/27/2019 12:00:00 AM,130,120
P14019,ทุเรียนชะนี,ขายปลีก,ผลไม้,6/28/2019 12:00:00 AM,130,120
P14019,ทุเรียนชะนี,ขายปลีก,ผลไม้,7/1/2019 12:00:00 AM,130,120
P14019,ทุเรียนชะนี,ขายปลีก,ผลไม้,7/2/2019 12:00:00 AM,130,120
P14019,ทุเรียนชะนี,ขายปลีก,ผลไม้,7/3/2019 12:00:00 AM,130,120
P14019,ทุเรียนชะนี,ขายปลีก,ผลไม้,7/4/2019 12:00:00 AM,130,120
P14019,ทุเรียนชะนี,ขายปลีก,ผลไม้,7/5/2019 12:00:00 AM,130,120
P14019,ทุเรียนชะนี,ขายปลีก,ผลไม้,7/8/2019 12:00:00 AM,130,120
P14019,ทุเรียนชะนี,ขายปลีก,ผลไม้,7/9/2019 12:00:00 AM,130,120
P14019,ทุเรียนชะนี,ขายปลีก,ผลไม้,7/10/2019 12:00:00 AM,130,120
P14019,ทุเรียนชะนี,ขายปลีก,ผลไม้,7/11/2019 12:00:00 AM,130,120
P14019,ทุเรียนชะนี,ขายปลีก,ผลไม้,7/12/2019 12:00:00 AM,130,120
P14019,ทุเรียนชะนี,ขายปลีก,ผลไม้,7/15/2019 12:00:00 AM,130,120
P14019,ทุเรียนชะนี,ขายปลีก,ผลไม้,7/18/2019 12:00:00 AM,130,120
P14019,ทุเรียนชะนี,ขายปลีก,ผลไม้,7/19/2019 12:00:00 AM,130,120
P14019,ทุเรียนชะนี,ขายปลีก,ผลไม้,7/22/2019 12:00:00 AM,120,110
P14019,ทุเรียนชะนี,ขายปลีก,ผลไม้,7/23/2019 12:00:00 AM,120,110
P14019,ทุเรียนชะนี,ขายปลีก,ผลไม้,7/24/2019 12:00:00 AM,100,90
P14019,ทุเรียนชะนี,ขายปลีก,ผลไม้,7/25/2019 12:00:00 AM,100,90
P14019,ทุเรียนชะนี,ขายปลีก,ผลไม้,7/26/2019 12:00:00 AM,100,90
P14019,ทุเรียนชะนี,ขายปลีก,ผลไม้,7/30/2019 12:00:00 AM,90,80
P14019,ทุเรียนชะนี,ขายปลีก,ผลไม้,7/31/2019 12:00:00 AM,90,80
P14019,ทุเรียนชะนี,ขายปลีก,ผลไม้,8/1/2019 12:00:00 AM,90,80
P14019,ทุเรียนชะนี,ขายปลีก,ผลไม้,8/2/2019 12:00:00 AM,90,80
P14019,ทุเรียนชะนี,ขายปลีก,ผลไม้,8/5/2019 12:00:00 AM,90,80
P14019,ทุเรียนชะนี,ขายปลีก,ผลไม้,8/6/2019 12:00:00 AM,90,80
P14019,ทุเรียนชะนี,ขายปลีก,ผลไม้,8/7/2019 12:00:00 AM,90,80
P14019,ทุเรียนชะนี,ขายปลีก,ผลไม้,8/8/2019 12:00:00 AM,90,80
P14019,ทุเรียนชะนี,ขายปลีก,ผลไม้,8/9/2019 12:00:00 AM,90,80
P14019,ทุเรียนชะนี,ขายปลีก,ผลไม้,8/13/2019 12:00:00 AM,90,80
P14019,ทุเรียนชะนี,ขายปลีก,ผลไม้,8/14/2019 12:00:00 AM,90,80
P14019,ทุเรียนชะนี,ขายปลีก,ผลไม้,8/15/2019 12:00:00 AM,90,80
P14019,ทุเรียนชะนี,ขายปลีก,ผลไม้,8/16/2019 12:00:00 AM,90,80
P14019,ทุเรียนชะนี,ขายปลีก,ผลไม้,8/19/2019 12:00:00 AM,90,80
P14019,ทุเรียนชะนี,ขายปลีก,ผลไม้,8/20/2019 12:00:00 AM,90,80
P14019,ทุเรียนชะนี,ขายปลีก,ผลไม้,8/21/2019 12:00:00 AM,90,80
P14019,ทุเรียนชะนี,ขายปลีก,ผลไม้,8/22/2019 12:00:00 AM,90,80
P14019,ทุเรียนชะนี,ขายปลีก,ผลไม้,8/23/2019 12:00:00 AM,90,80
P14019,ทุเรียนชะนี,ขายปลีก,ผลไม้,8/26/2019 12:00:00 AM,90,80
P14019,ทุเรียนชะนี,ขายปลีก,ผลไม้,8/27/2019 12:00:00 AM,90,80
P14019,ทุเรียนชะนี,ขายปลีก,ผลไม้,8/28/2019 12:00:00 AM,90,80
P14019,ทุเรียนชะนี,ขายปลีก,ผลไม้,8/29/2019 12:00:00 AM,90,80
P14019,ทุเรียนชะนี,ขายปลีก,ผลไม้,8/30/2019 12:00:00 AM,90,80
P14019,ทุเรียนชะนี,ขายปลีก,ผลไม้,9/2/2019 12:00:00 AM,90,80
P14019,ทุเรียนชะนี,ขายปลีก,ผลไม้,9/3/2019 12:00:00 AM,90,80
P14019,ทุเรียนชะนี,ขายปลีก,ผลไม้,9/4/2019 12:00:00 AM,90,80
P14019,ทุเรียนชะนี,ขายปลีก,ผลไม้,9/5/2019 12:00:00 AM,90,80
P14019,ทุเรียนชะนี,ขายปลีก,ผลไม้,9/6/2019 12:00:00 AM,90,80
P14019,ทุเรียนชะนี,ขายปลีก,ผลไม้,9/9/2019 12:00:00 AM,90,80
P14019,ทุเรียนชะนี,ขายปลีก,ผลไม้,9/10/2019 12:00:00 AM,90,80
P14019,ทุเรียนชะนี,ขายปลีก,ผลไม้,9/11/2019 12:00:00 AM,90,80
P14019,ทุเรียนชะนี,ขายปลีก,ผลไม้,9/12/2019 12:00:00 AM,90,80
P14019,ทุเรียนชะนี,ขายปลีก,ผลไม้,9/13/2019 12:00:00 AM,90,80
P14019,ทุเรียนชะนี,ขายปลีก,ผลไม้,9/16/2019 12:00:00 AM,90,80
P14019,ทุเรียนชะนี,ขายปลีก,ผลไม้,9/17/2019 12:00:00 AM,90,80
P14019,ทุเรียนชะนี,ขายปลีก,ผลไม้,9/18/2019 12:00:00 AM,90,80
P14019,ทุเรียนชะนี,ขายปลีก,ผลไม้,9/19/2019 12:00:00 AM,100,90
P14019,ทุเรียนชะนี,ขายปลีก,ผลไม้,9/20/2019 12:00:00 AM,100,90
P14019,ทุเรียนชะนี,ขายปลีก,ผลไม้,9/23/2019 12:00:00 AM,100,90
P14019,ทุเรียนชะนี,ขายปลีก,ผลไม้,9/24/2019 12:00:00 AM,100,90
P14019,ทุเรียนชะนี,ขายปลีก,ผลไม้,9/25/2019 12:00:00 AM,100,90
P14019,ทุเรียนชะนี,ขายปลีก,ผลไม้,9/26/2019 12:00:00 AM,100,90
P14019,ทุเรียนชะนี,ขายปลีก,ผลไม้,9/27/2019 12:00:00 AM,100,90
P14019,ทุเรียนชะนี,ขายปลีก,ผลไม้,9/30/2019 12:00:00 AM,100,90
P14019,ทุเรียนชะนี,ขายปลีก,ผลไม้,10/1/2019 12:00:00 AM,100,90
P14019,ทุเรียนชะนี,ขายปลีก,ผลไม้,10/2/2019 12:00:00 AM,100,90
P14019,ทุเรียนชะนี,ขายปลีก,ผลไม้,10/3/2019 12:00:00 AM,100,90
P14019,ทุเรียนชะนี,ขายปลีก,ผลไม้,10/4/2019 12:00:00 AM,100,90
P14019,ทุเรียนชะนี,ขายปลีก,ผลไม้,10/7/2019 12:00:00 AM,120,110
P14019,ทุเรียนชะนี,ขายปลีก,ผลไม้,10/8/2019 12:00:00 AM,120,110
P14019,ทุเรียนชะนี,ขายปลีก,ผลไม้,10/9/2019 12:00:00 AM,120,110
P14019,ทุเรียนชะนี,ขายปลีก,ผลไม้,10/10/2019 12:00:00 AM,120,110
P14019,ทุเรียนชะนี,ขายปลีก,ผลไม้,10/11/2019 12:00:00 AM,120,110
P14019,ทุเรียนชะนี,ขายปลีก,ผลไม้,10/24/2019 12:00:00 AM,0,0
P14019,ทุเรียนชะนี,ขายปลีก,ผลไม้,10/25/2019 12:00:00 AM,0,0
P14019,ทุเรียนชะนี,ขายปลีก,ผลไม้,10/28/2019 12:00:00 AM,0,0
P14019,ทุเรียนชะนี,ขายปลีก,ผลไม้,10/29/2019 12:00:00 AM,0,0
P14019,ทุเรียนชะนี,ขายปลีก,ผลไม้,10/30/2019 12:00:00 AM,0,0
P14019,ทุเรียนชะนี,ขายปลีก,ผลไม้,10/31/2019 12:00:00 AM,0,0
P14019,ทุเรียนชะนี,ขายปลีก,ผลไม้,11/1/2019 12:00:00 AM,0,0
P14019,ทุเรียนชะนี,ขายปลีก,ผลไม้,11/6/2019 12:00:00 AM,0,0
P14019,ทุเรียนชะนี,ขายปลีก,ผลไม้,11/7/2019 12:00:00 AM,0,0
P14019,ทุเรียนชะนี,ขายปลีก,ผลไม้,11/8/2019 12:00:00 AM,0,0
P14019,ทุเรียนชะนี,ขายปลีก,ผลไม้,11/11/2019 12:00:00 AM,0,0
P14019,ทุเรียนชะนี,ขายปลีก,ผลไม้,11/12/2019 12:00:00 AM,0,0
P14019,ทุเรียนชะนี,ขายปลีก,ผลไม้,11/13/2019 12:00:00 AM,0,0
P14019,ทุเรียนชะนี,ขายปลีก,ผลไม้,11/14/2019 12:00:00 AM,0,0
P14019,ทุเรียนชะนี,ขายปลีก,ผลไม้,11/15/2019 12:00:00 AM,0,0
P14019,ทุเรียนชะนี,ขายปลีก,ผลไม้,11/18/2019 12:00:00 AM,0,0
P14019,ทุเรียนชะนี,ขายปลีก,ผลไม้,11/19/2019 12:00:00 AM,0,0
P14019,ทุเรียนชะนี,ขายปลีก,ผลไม้,11/20/2019 12:00:00 AM,0,0
P14019,ทุเรียนชะนี,ขายปลีก,ผลไม้,11/21/2019 12:00:00 AM,0,0
P14019,ทุเรียนชะนี,ขายปลีก,ผลไม้,11/22/2019 12:00:00 AM,0,0
P14019,ทุเรียนชะนี,ขายปลีก,ผลไม้,11/25/2019 12:00:00 AM,0,0
P14019,ทุเรียนชะนี,ขายปลีก,ผลไม้,11/26/2019 12:00:00 AM,0,0
P14019,ทุเรียนชะนี,ขายปลีก,ผลไม้,11/27/2019 12:00:00 AM,0,0
P14019,ทุเรียนชะนี,ขายปลีก,ผลไม้,11/28/2019 12:00:00 AM,0,0
P14019,ทุเรียนชะนี,ขายปลีก,ผลไม้,11/29/2019 12:00:00 AM,0,0
P14019,ทุเรียนชะนี,ขายปลีก,ผลไม้,12/2/2019 12:00:00 AM,0,0
P14019,ทุเรียนชะนี,ขายปลีก,ผลไม้,12/3/2019 12:00:00 AM,0,0
P14019,ทุเรียนชะนี,ขายปลีก,ผลไม้,12/4/2019 12:00:00 AM,0,0
P14019,ทุเรียนชะนี,ขายปลีก,ผลไม้,12/6/2019 12:00:00 AM,0,0
P14019,ทุเรียนชะนี,ขายปลีก,ผลไม้,12/9/2019 12:00:00 AM,0,0
P14019,ทุเรียนชะนี,ขายปลีก,ผลไม้,12/11/2019 12:00:00 AM,0,0
P14019,ทุเรียนชะนี,ขายปลีก,ผลไม้,12/12/2019 12:00:00 AM,0,0
P14019,ทุเรียนชะนี,ขายปลีก,ผลไม้,12/13/2019 12:00:00 AM,0,0
P14019,ทุเรียนชะนี,ขายปลีก,ผลไม้,12/16/2019 12:00:00 AM,0,0
P14019,ทุเรียนชะนี,ขายปลีก,ผลไม้,12/17/2019 12:00:00 AM,0,0
P14019,ทุเรียนชะนี,ขายปลีก,ผลไม้,12/18/2019 12:00:00 AM,0,0
P14019,ทุเรียนชะนี,ขายปลีก,ผลไม้,12/19/2019 12:00:00 AM,0,0
P14019,ทุเรียนชะนี,ขายปลีก,ผลไม้,12/20/2019 12:00:00 AM,0,0
P14019,ทุเรียนชะนี,ขายปลีก,ผลไม้,12/23/2019 12:00:00 AM,0,0
P14019,ทุเรียนชะนี,ขายปลีก,ผลไม้,12/24/2019 12:00:00 AM,0,0
P14019,ทุเรียนชะนี,ขายปลีก,ผลไม้,12/25/2019 12:00:00 AM,0,0
P14019,ทุเรียนชะนี,ขายปลีก,ผลไม้,12/26/2019 12:00:00 AM,0,0
P14019,ทุเรียนชะนี,ขายปลีก,ผลไม้,12/27/2019 12:00:00 AM,0,0
P14019,ทุเรียนชะนี,ขายปลีก,ผลไม้,1/2/2020 12:00:00 AM,0,0
P14019,ทุเรียนชะนี,ขายปลีก,ผลไม้,1/3/2020 12:00:00 AM,0,0
P14019,ทุเรียนชะนี,ขายปลีก,ผลไม้,1/6/2020 12:00:00 AM,0,0
P14019,ทุเรียนชะนี,ขายปลีก,ผลไม้,1/7/2020 12:00:00 AM,0,0
P14019,ทุเรียนชะนี,ขายปลีก,ผลไม้,1/8/2020 12:00:00 AM,0,0
P14019,ทุเรียนชะนี,ขายปลีก,ผลไม้,1/9/2020 12:00:00 AM,0,0
P14019,ทุเรียนชะนี,ขายปลีก,ผลไม้,1/10/2020 12:00:00 AM,0,0
P14019,ทุเรียนชะนี,ขายปลีก,ผลไม้,1/13/2020 12:00:00 AM,0,0
P14019,ทุเรียนชะนี,ขายปลีก,ผลไม้,1/14/2020 12:00:00 AM,0,0
P14019,ทุเรียนชะนี,ขายปลีก,ผลไม้,1/15/2020 12:00:00 AM,0,0
P14019,ทุเรียนชะนี,ขายปลีก,ผลไม้,1/16/2020 12:00:00 AM,0,0
P14019,ทุเรียนชะนี,ขายปลีก,ผลไม้,1/17/2020 12:00:00 AM,0,0
P14019,ทุเรียนชะนี,ขายปลีก,ผลไม้,1/20/2020 12:00:00 AM,0,0
P14019,ทุเรียนชะนี,ขายปลีก,ผลไม้,1/21/2020 12:00:00 AM,0,0
P14019,ทุเรียนชะนี,ขายปลีก,ผลไม้,1/22/2020 12:00:00 AM,0,0
P14019,ทุเรียนชะนี,ขายปลีก,ผลไม้,1/23/2020 12:00:00 AM,0,0
P14019,ทุเรียนชะนี,ขายปลีก,ผลไม้,1/24/2020 12:00:00 AM,0,0
P14019,ทุเรียนชะนี,ขายปลีก,ผลไม้,1/27/2020 12:00:00 AM,0,0
P14019,ทุเรียนชะนี,ขายปลีก,ผลไม้,1/28/2020 12:00:00 AM,0,0
P14019,ทุเรียนชะนี,ขายปลีก,ผลไม้,1/29/2020 12:00:00 AM,0,0
P14019,ทุเรียนชะนี,ขายปลีก,ผลไม้,1/30/2020 12:00:00 AM,0,0
P14019,ทุเรียนชะนี,ขายปลีก,ผลไม้,1/31/2020 12:00:00 AM,0,0
P14019,ทุเรียนชะนี,ขายปลีก,ผลไม้,2/3/2020 12:00:00 AM,0,0
P14019,ทุเรียนชะนี,ขายปลีก,ผลไม้,2/4/2020 12:00:00 AM,0,0
P14019,ทุเรียนชะนี,ขายปลีก,ผลไม้,2/5/2020 12:00:00 AM,0,0
P14019,ทุเรียนชะนี,ขายปลีก,ผลไม้,2/6/2020 12:00:00 AM,0,0
P14019,ทุเรียนชะนี,ขายปลีก,ผลไม้,2/7/2020 12:00:00 AM,0,0
P14019,ทุเรียนชะนี,ขายปลีก,ผลไม้,2/11/2020 12:00:00 AM,0,0
P14019,ทุเรียนชะนี,ขายปลีก,ผลไม้,2/12/2020 12:00:00 AM,0,0
P14019,ทุเรียนชะนี,ขายปลีก,ผลไม้,2/13/2020 12:00:00 AM,0,0
P14019,ทุเรียนชะนี,ขายปลีก,ผลไม้,2/14/2020 12:00:00 AM,0,0
P14019,ทุเรียนชะนี,ขายปลีก,ผลไม้,2/17/2020 12:00:00 AM,0,0
P14019,ทุเรียนชะนี,ขายปลีก,ผลไม้,2/18/2020 12:00:00 AM,0,0
P14019,ทุเรียนชะนี,ขายปลีก,ผลไม้,2/19/2020 12:00:00 AM,0,0
P14019,ทุเรียนชะนี,ขายปลีก,ผลไม้,2/20/2020 12:00:00 AM,0,0
P14019,ทุเรียนชะนี,ขายปลีก,ผลไม้,2/21/2020 12:00:00 AM,0,0
P14019,ทุเรียนชะนี,ขายปลีก,ผลไม้,2/24/2020 12:00:00 AM,0,0
P14019,ทุเรียนชะนี,ขายปลีก,ผลไม้,3/30/2020 12:00:00 AM,120,110
P14019,ทุเรียนชะนี,ขายปลีก,ผลไม้,3/31/2020 12:00:00 AM,120,110
P14019,ทุเรียนชะนี,ขายปลีก,ผลไม้,4/1/2020 12:00:00 AM,120,110
P14019,ทุเรียนชะนี,ขายปลีก,ผลไม้,4/2/2020 12:00:00 AM,120,110
P14019,ทุเรียนชะนี,ขายปลีก,ผลไม้,4/3/2020 12:00:00 AM,120,110
P14019,ทุเรียนชะนี,ขายปลีก,ผลไม้,4/7/2020 12:00:00 AM,120,110
P14019,ทุเรียนชะนี,ขายปลีก,ผลไม้,4/8/2020 12:00:00 AM,120,110
P14019,ทุเรียนชะนี,ขายปลีก,ผลไม้,4/9/2020 12:00:00 AM,120,110
P14019,ทุเรียนชะนี,ขายปลีก,ผลไม้,4/10/2020 12:00:00 AM,120,110
P14019,ทุเรียนชะนี,ขายปลีก,ผลไม้,4/13/2020 12:00:00 AM,120,110
P14019,ทุเรียนชะนี,ขายปลีก,ผลไม้,4/14/2020 12:00:00 AM,120,110
P14019,ทุเรียนชะนี,ขายปลีก,ผลไม้,4/15/2020 12:00:00 AM,120,110
P14019,ทุเรียนชะนี,ขายปลีก,ผลไม้,4/16/2020 12:00:00 AM,120,110
P14019,ทุเรียนชะนี,ขายปลีก,ผลไม้,4/17/2020 12:00:00 AM,120,110
P14019,ทุเรียนชะนี,ขายปลีก,ผลไม้,4/20/2020 12:00:00 AM,120,110
P14019,ทุเรียนชะนี,ขายปลีก,ผลไม้,4/21/2020 12:00:00 AM,120,110
P14019,ทุเรียนชะนี,ขายปลีก,ผลไม้,4/22/2020 12:00:00 AM,120,110
P14019,ทุเรียนชะนี,ขายปลีก,ผลไม้,4/23/2020 12:00:00 AM,120,110
P14019,ทุเรียนชะนี,ขายปลีก,ผลไม้,4/24/2020 12:00:00 AM,120,110
P14019,ทุเรียนชะนี,ขายปลีก,ผลไม้,4/27/2020 12:00:00 AM,120,110
P14019,ทุเรียนชะนี,ขายปลีก,ผลไม้,4/28/2020 12:00:00 AM,120,110
P14019,ทุเรียนชะนี,ขายปลีก,ผลไม้,4/29/2020 12:00:00 AM,120,110
P14019,ทุเรียนชะนี,ขายปลีก,ผลไม้,4/30/2020 12:00:00 AM,120,110
P14019,ทุเรียนชะนี,ขายปลีก,ผลไม้,5/1/2020 12:00:00 AM,120,110
P14019,ทุเรียนชะนี,ขายปลีก,ผลไม้,5/5/2020 12:00:00 AM,120,110
P14019,ทุเรียนชะนี,ขายปลีก,ผลไม้,5/7/2020 12:00:00 AM,120,110
P14019,ทุเรียนชะนี,ขายปลีก,ผลไม้,5/8/2020 12:00:00 AM,120,110
P14019,ทุเรียนชะนี,ขายปลีก,ผลไม้,5/12/2020 12:00:00 AM,120,110
P14019,ทุเรียนชะนี,ขายปลีก,ผลไม้,5/13/2020 12:00:00 AM,120,110
P14019,ทุเรียนชะนี,ขายปลีก,ผลไม้,5/14/2020 12:00:00 AM,120,110
P14019,ทุเรียนชะนี,ขายปลีก,ผลไม้,5/15/2020 12:00:00 AM,120,110
P14019,ทุเรียนชะนี,ขายปลีก,ผลไม้,5/18/2020 12:00:00 AM,120,110
P14019,ทุเรียนชะนี,ขายปลีก,ผลไม้,5/19/2020 12:00:00 AM,120,110
P14019,ทุเรียนชะนี,ขายปลีก,ผลไม้,5/20/2020 12:00:00 AM,120,110
P14019,ทุเรียนชะนี,ขายปลีก,ผลไม้,5/21/2020 12:00:00 AM,120,110
P14019,ทุเรียนชะนี,ขายปลีก,ผลไม้,5/22/2020 12:00:00 AM,120,110
P14019,ทุเรียนชะนี,ขายปลีก,ผลไม้,5/25/2020 12:00:00 AM,120,110
P14019,ทุเรียนชะนี,ขายปลีก,ผลไม้,5/26/2020 12:00:00 AM,120,110
P14019,ทุเรียนชะนี,ขายปลีก,ผลไม้,5/27/2020 12:00:00 AM,120,110
P14019,ทุเรียนชะนี,ขายปลีก,ผลไม้,5/28/2020 12:00:00 AM,120,110
P14019,ทุเรียนชะนี,ขายปลีก,ผลไม้,5/29/2020 12:00:00 AM,120,110
P14019,ทุเรียนชะนี,ขายปลีก,ผลไม้,6/1/2020 12:00:00 AM,120,110
P14019,ทุเรียนชะนี,ขายปลีก,ผลไม้,6/2/2020 12:00:00 AM,120,110
P14019,ทุเรียนชะนี,ขายปลีก,ผลไม้,6/4/2020 12:00:00 AM,120,110
P14019,ทุเรียนชะนี,ขายปลีก,ผลไม้,6/5/2020 12:00:00 AM,120,110
P14019,ทุเรียนชะนี,ขายปลีก,ผลไม้,6/8/2020 12:00:00 AM,120,110
P14019,ทุเรียนชะนี,ขายปลีก,ผลไม้,6/9/2020 12:00:00 AM,120,110
P14019,ทุเรียนชะนี,ขายปลีก,ผลไม้,6/10/2020 12:00:00 AM,120,110
P14019,ทุเรียนชะนี,ขายปลีก,ผลไม้,6/11/2020 12:00:00 AM,120,110
P14019,ทุเรียนชะนี,ขายปลีก,ผลไม้,6/12/2020 12:00:00 AM,120,110
P14019,ทุเรียนชะนี,ขายปลีก,ผลไม้,6/15/2020 12:00:00 AM,120,110
P14019,ทุเรียนชะนี,ขายปลีก,ผลไม้,6/16/2020 12:00:00 AM,120,110
P14019,ทุเรียนชะนี,ขายปลีก,ผลไม้,6/17/2020 12:00:00 AM,120,110
P14019,ทุเรียนชะนี,ขายปลีก,ผลไม้,6/18/2020 12:00:00 AM,120,110
P14019,ทุเรียนชะนี,ขายปลีก,ผลไม้,6/19/2020 12:00:00 AM,120,110
P14019,ทุเรียนชะนี,ขายปลีก,ผลไม้,6/22/2020 12:00:00 AM,120,110
P14019,ทุเรียนชะนี,ขายปลีก,ผลไม้,6/23/2020 12:00:00 AM,120,110
P14019,ทุเรียนชะนี,ขายปลีก,ผลไม้,6/24/2020 12:00:00 AM,120,110
P14019,ทุเรียนชะนี,ขายปลีก,ผลไม้,6/25/2020 12:00:00 AM,120,110
P14019,ทุเรียนชะนี,ขายปลีก,ผลไม้,6/26/2020 12:00:00 AM,120,110
P14019,ทุเรียนชะนี,ขายปลีก,ผลไม้,6/29/2020 12:00:00 AM,120,110
P14019,ทุเรียนชะนี,ขายปลีก,ผลไม้,6/30/2020 12:00:00 AM,120,110
P14019,ทุเรียนชะนี,ขายปลีก,ผลไม้,7/1/2020 12:00:00 AM,120,110
P14019,ทุเรียนชะนี,ขายปลีก,ผลไม้,7/2/2020 12:00:00 AM,120,110
P14019,ทุเรียนชะนี,ขายปลีก,ผลไม้,7/3/2020 12:00:00 AM,120,110
P14019,ทุเรียนชะนี,ขายปลีก,ผลไม้,7/8/2020 12:00:00 AM,120,110
P14019,ทุเรียนชะนี,ขายปลีก,ผลไม้,7/9/2020 12:00:00 AM,120,110
P14019,ทุเรียนชะนี,ขายปลีก,ผลไม้,7/10/2020 12:00:00 AM,120,110
P14019,ทุเรียนชะนี,ขายปลีก,ผลไม้,7/13/2020 12:00:00 AM,120,110
P14019,ทุเรียนชะนี,ขายปลีก,ผลไม้,7/14/2020 12:00:00 AM,120,110
P14019,ทุเรียนชะนี,ขายปลีก,ผลไม้,7/15/2020 12:00:00 AM,120,110
P14019,ทุเรียนชะนี,ขายปลีก,ผลไม้,7/16/2020 12:00:00 AM,120,110
P14019,ทุเรียนชะนี,ขายปลีก,ผลไม้,7/17/2020 12:00:00 AM,120,110
P14019,ทุเรียนชะนี,ขายปลีก,ผลไม้,7/20/2020 12:00:00 AM,120,110
P14019,ทุเรียนชะนี,ขายปลีก,ผลไม้,7/21/2020 12:00:00 AM,120,110
P14019,ทุเรียนชะนี,ขายปลีก,ผลไม้,7/22/2020 12:00:00 AM,120,110
P14019,ทุเรียนชะนี,ขายปลีก,ผลไม้,7/23/2020 12:00:00 AM,120,110
P14019,ทุเรียนชะนี,ขายปลีก,ผลไม้,7/24/2020 12:00:00 AM,120,110
P14019,ทุเรียนชะนี,ขายปลีก,ผลไม้,7/29/2020 12:00:00 AM,120,110
P14019,ทุเรียนชะนี,ขายปลีก,ผลไม้,7/30/2020 12:00:00 AM,120,110
P14019,ทุเรียนชะนี,ขายปลีก,ผลไม้,7/31/2020 12:00:00 AM,120,110
P14019,ทุเรียนชะนี,ขายปลีก,ผลไม้,8/3/2020 12:00:00 AM,120,110
P14019,ทุเรียนชะนี,ขายปลีก,ผลไม้,8/4/2020 12:00:00 AM,120,110
P14019,ทุเรียนชะนี,ขายปลีก,ผลไม้,8/5/2020 12:00:00 AM,120,110
P14019,ทุเรียนชะนี,ขายปลีก,ผลไม้,8/6/2020 12:00:00 AM,120,110
P14019,ทุเรียนชะนี,ขายปลีก,ผลไม้,8/7/2020 12:00:00 AM,120,110
P14019,ทุเรียนชะนี,ขายปลีก,ผลไม้,8/10/2020 12:00:00 AM,120,110
P14019,ทุเรียนชะนี,ขายปลีก,ผลไม้,8/11/2020 12:00:00 AM,120,110
P14019,ทุเรียนชะนี,ขายปลีก,ผลไม้,8/13/2020 12:00:00 AM,120,110
P14019,ทุเรียนชะนี,ขายปลีก,ผลไม้,8/14/2020 12:00:00 AM,120,110
P14019,ทุเรียนชะนี,ขายปลีก,ผลไม้,8/17/2020 12:00:00 AM,120,110
P14019,ทุเรียนชะนี,ขายปลีก,ผลไม้,8/18/2020 12:00:00 AM,120,110
P14019,ทุเรียนชะนี,ขายปลีก,ผลไม้,8/19/2020 12:00:00 AM,120,110
P14019,ทุเรียนชะนี,ขายปลีก,ผลไม้,8/20/2020 12:00:00 AM,120,110
P14019,ทุเรียนชะนี,ขายปลีก,ผลไม้,8/21/2020 12:00:00 AM,120,110
P14019,ทุเรียนชะนี,ขายปลีก,ผลไม้,8/24/2020 12:00:00 AM,120,110
P14019,ทุเรียนชะนี,ขายปลีก,ผลไม้,8/25/2020 12:00:00 AM,120,110
P14019,ทุเรียนชะนี,ขายปลีก,ผลไม้,8/26/2020 12:00:00 AM,120,110
P14019,ทุเรียนชะนี,ขายปลีก,ผลไม้,8/27/2020 12:00:00 AM,120,110
P14019,ทุเรียนชะนี,ขายปลีก,ผลไม้,8/28/2020 12:00:00 AM,120,110
P14019,ทุเรียนชะนี,ขายปลีก,ผลไม้,8/31/2020 12:00:00 AM,120,110
P14019,ทุเรียนชะนี,ขายปลีก,ผลไม้,9/1/2020 12:00:00 AM,120,110
P14019,ทุเรียนชะนี,ขายปลีก,ผลไม้,9/2/2020 12:00:00 AM,120,110
P14019,ทุเรียนชะนี,ขายปลีก,ผลไม้,9/3/2020 12:00:00 AM,120,110
P14019,ทุเรียนชะนี,ขายปลีก,ผลไม้,9/8/2020 12:00:00 AM,120,110
P14019,ทุเรียนชะนี,ขายปลีก,ผลไม้,9/9/2020 12:00:00 AM,120,110
P14019,ทุเรียนชะนี,ขายปลีก,ผลไม้,9/10/2020 12:00:00 AM,120,110
P14019,ทุเรียนชะนี,ขายปลีก,ผลไม้,9/11/2020 12:00:00 AM,120,110
P14019,ทุเรียนชะนี,ขายปลีก,ผลไม้,9/14/2020 12:00:00 AM,120,110
P14019,ทุเรียนชะนี,ขายปลีก,ผลไม้,9/15/2020 12:00:00 AM,120,110
P14019,ทุเรียนชะนี,ขายปลีก,ผลไม้,9/16/2020 12:00:00 AM,120,110
P14019,ทุเรียนชะนี,ขายปลีก,ผลไม้,9/17/2020 12:00:00 AM,120,110
P14019,ทุเรียนชะนี,ขายปลีก,ผลไม้,9/18/2020 12:00:00 AM,120,110
P14019,ทุเรียนชะนี,ขายปลีก,ผลไม้,9/21/2020 12:00:00 AM,120,110
P14019,ทุเรียนชะนี,ขายปลีก,ผลไม้,9/22/2020 12:00:00 AM,120,110
P14019,ทุเรียนชะนี,ขายปลีก,ผลไม้,9/23/2020 12:00:00 AM,120,110
P14019,ทุเรียนชะนี,ขายปลีก,ผลไม้,9/24/2020 12:00:00 AM,120,110
P14019,ทุเรียนชะนี,ขายปลีก,ผลไม้,9/25/2020 12:00:00 AM,120,110
P14019,ทุเรียนชะนี,ขายปลีก,ผลไม้,9/28/2020 12:00:00 AM,120,110
P14019,ทุเรียนชะนี,ขายปลีก,ผลไม้,9/29/2020 12:00:00 AM,120,110
P14019,ทุเรียนชะนี,ขายปลีก,ผลไม้,9/30/2020 12:00:00 AM,120,110
P14019,ทุเรียนชะนี,ขายปลีก,ผลไม้,10/1/2020 12:00:00 AM,120,110
P14019,ทุเรียนชะนี,ขายปลีก,ผลไม้,10/2/2020 12:00:00 AM,120,110
P14019,ทุเรียนชะนี,ขายปลีก,ผลไม้,10/5/2020 12:00:00 AM,120,110
P14019,ทุเรียนชะนี,ขายปลีก,ผลไม้,10/6/2020 12:00:00 AM,120,110
P14019,ทุเรียนชะนี,ขายปลีก,ผลไม้,10/7/2020 12:00:00 AM,120,110
P14019,ทุเรียนชะนี,ขายปลีก,ผลไม้,10/8/2020 12:00:00 AM,120,110
P14019,ทุเรียนชะนี,ขายปลีก,ผลไม้,10/9/2020 12:00:00 AM,120,110
P14019,ทุเรียนชะนี,ขายปลีก,ผลไม้,10/12/2020 12:00:00 AM,120,110
P14019,ทุเรียนชะนี,ขายปลีก,ผลไม้,10/14/2020 12:00:00 AM,120,110
P14019,ทุเรียนชะนี,ขายปลีก,ผลไม้,10/15/2020 12:00:00 AM,120,110
P14019,ทุเรียนชะนี,ขายปลีก,ผลไม้,10/16/2020 12:00:00 AM,120,110
P14019,ทุเรียนชะนี,ขายปลีก,ผลไม้,10/19/2020 12:00:00 AM,100,90
P14019,ทุเรียนชะนี,ขายปลีก,ผลไม้,10/20/2020 12:00:00 AM,100,90
P14019,ทุเรียนชะนี,ขายปลีก,ผลไม้,10/21/2020 12:00:00 AM,100,90
P14019,ทุเรียนชะนี,ขายปลีก,ผลไม้,10/22/2020 12:00:00 AM,100,90
P14019,ทุเรียนชะนี,ขายปลีก,ผลไม้,10/26/2020 12:00:00 AM,100,90
P14019,ทุเรียนชะนี,ขายปลีก,ผลไม้,10/27/2020 12:00:00 AM,100,90
P14019,ทุเรียนชะนี,ขายปลีก,ผลไม้,10/28/2020 12:00:00 AM,100,90
P14019,ทุเรียนชะนี,ขายปลีก,ผลไม้,10/29/2020 12:00:00 AM,100,90
P14019,ทุเรียนชะนี,ขายปลีก,ผลไม้,10/30/2020 12:00:00 AM,100,90
P14019,ทุเรียนชะนี,ขายปลีก,ผลไม้,11/2/2020 12:00:00 AM,100,90
P14019,ทุเรียนชะนี,ขายปลีก,ผลไม้,11/3/2020 12:00:00 AM,100,90
P14019,ทุเรียนชะนี,ขายปลีก,ผลไม้,11/4/2020 12:00:00 AM,100,90
P14019,ทุเรียนชะนี,ขายปลีก,ผลไม้,11/5/2020 12:00:00 AM,100,90
P14019,ทุเรียนชะนี,ขายปลีก,ผลไม้,11/6/2020 12:00:00 AM,100,90
P14019,ทุเรียนชะนี,ขายปลีก,ผลไม้,11/16/2020 12:00:00 AM,0,0
P14019,ทุเรียนชะนี,ขายปลีก,ผลไม้,11/17/2020 12:00:00 AM,0,0
P14019,ทุเรียนชะนี,ขายปลีก,ผลไม้,11/18/2020 12:00:00 AM,0,0
P14019,ทุเรียนชะนี,ขายปลีก,ผลไม้,11/23/2020 12:00:00 AM,0,0
P14019,ทุเรียนชะนี,ขายปลีก,ผลไม้,11/24/2020 12:00:00 AM,0,0
P14019,ทุเรียนชะนี,ขายปลีก,ผลไม้,11/25/2020 12:00:00 AM,0,0
P14019,ทุเรียนชะนี,ขายปลีก,ผลไม้,11/26/2020 12:00:00 AM,0,0
P14019,ทุเรียนชะนี,ขายปลีก,ผลไม้,11/27/2020 12:00:00 AM,0,0
P14019,ทุเรียนชะนี,ขายปลีก,ผลไม้,11/30/2020 12:00:00 AM,0,0
P14019,ทุเรียนชะนี,ขายปลีก,ผลไม้,12/1/2020 12:00:00 AM,0,0
P14019,ทุเรียนชะนี,ขายปลีก,ผลไม้,12/2/2020 12:00:00 AM,0,0
P14019,ทุเรียนชะนี,ขายปลีก,ผลไม้,12/3/2020 12:00:00 AM,0,0
P14019,ทุเรียนชะนี,ขายปลีก,ผลไม้,12/4/2020 12:00:00 AM,0,0
P14019,ทุเรียนชะนี,ขายปลีก,ผลไม้,12/7/2020 12:00:00 AM,0,0
P14019,ทุเรียนชะนี,ขายปลีก,ผลไม้,12/8/2020 12:00:00 AM,0,0
P14019,ทุเรียนชะนี,ขายปลีก,ผลไม้,12/9/2020 12:00:00 AM,0,0
P14019,ทุเรียนชะนี,ขายปลีก,ผลไม้,12/14/2020 12:00:00 AM,0,0
P14019,ทุเรียนชะนี,ขายปลีก,ผลไม้,12/15/2020 12:00:00 AM,0,0
P14019,ทุเรียนชะนี,ขายปลีก,ผลไม้,12/16/2020 12:00:00 AM,0,0
P14019,ทุเรียนชะนี,ขายปลีก,ผลไม้,12/17/2020 12:00:00 AM,0,0
P14019,ทุเรียนชะนี,ขายปลีก,ผลไม้,12/18/2020 12:00:00 AM,0,0
P14019,ทุเรียนชะนี,ขายปลีก,ผลไม้,12/21/2020 12:00:00 AM,0,0
P14019,ทุเรียนชะนี,ขายปลีก,ผลไม้,12/22/2020 12:00:00 AM,0,0
P14019,ทุเรียนชะนี,ขายปลีก,ผลไม้,12/23/2020 12:00:00 AM,0,0
P14019,ทุเรียนชะนี,ขายปลีก,ผลไม้,12/24/2020 12:00:00 AM,0,0
P14019,ทุเรียนชะนี,ขายปลีก,ผลไม้,12/25/2020 12:00:00 AM,0,0
P14019,ทุเรียนชะนี,ขายปลีก,ผลไม้,12/28/2020 12:00:00 AM,0,0
P14019,ทุเรียนชะนี,ขายปลีก,ผลไม้,12/29/2020 12:00:00 AM,0,0
P14019,ทุเรียนชะนี,ขายปลีก,ผลไม้,12/30/2020 12:00:00 AM,0,0
P14019,ทุเรียนชะนี,ขายปลีก,ผลไม้,1/4/2021 12:00:00 AM,0,0
P14019,ทุเรียนชะนี,ขายปลีก,ผลไม้,1/5/2021 12:00:00 AM,0,0
P14019,ทุเรียนชะนี,ขายปลีก,ผลไม้,1/6/2021 12:00:00 AM,0,0
P14019,ทุเรียนชะนี,ขายปลีก,ผลไม้,1/7/2021 12:00:00 AM,0,0
P14019,ทุเรียนชะนี,ขายปลีก,ผลไม้,1/8/2021 12:00:00 AM,0,0
P14019,ทุเรียนชะนี,ขายปลีก,ผลไม้,1/11/2021 12:00:00 AM,0,0
P14019,ทุเรียนชะนี,ขายปลีก,ผลไม้,1/12/2021 12:00:00 AM,0,0
P14019,ทุเรียนชะนี,ขายปลีก,ผลไม้,4/19/2021 12:00:00 AM,130,120
P14019,ทุเรียนชะนี,ขายปลีก,ผลไม้,4/20/2021 12:00:00 AM,130,120
P14019,ทุเรียนชะนี,ขายปลีก,ผลไม้,4/21/2021 12:00:00 AM,130,120
P14019,ทุเรียนชะนี,ขายปลีก,ผลไม้,4/22/2021 12:00:00 AM,130,120
P14019,ทุเรียนชะนี,ขายปลีก,ผลไม้,4/23/2021 12:00:00 AM,130,120
P14019,ทุเรียนชะนี,ขายปลีก,ผลไม้,4/26/2021 12:00:00 AM,130,120
P14019,ทุเรียนชะนี,ขายปลีก,ผลไม้,4/27/2021 12:00:00 AM,130,120
P14019,ทุเรียนชะนี,ขายปลีก,ผลไม้,4/28/2021 12:00:00 AM,120,110
P14019,ทุเรียนชะนี,ขายปลีก,ผลไม้,4/29/2021 12:00:00 AM,120,110
P14019,ทุเรียนชะนี,ขายปลีก,ผลไม้,4/30/2021 12:00:00 AM,120,110
P14019,ทุเรียนชะนี,ขายปลีก,ผลไม้,5/3/2021 12:00:00 AM,110,100
P14019,ทุเรียนชะนี,ขายปลีก,ผลไม้,5/5/2021 12:00:00 AM,110,100
P14019,ทุเรียนชะนี,ขายปลีก,ผลไม้,5/6/2021 12:00:00 AM,110,100
P14019,ทุเรียนชะนี,ขายปลีก,ผลไม้,5/7/2021 12:00:00 AM,110,100
P14019,ทุเรียนชะนี,ขายปลีก,ผลไม้,5/11/2021 12:00:00 AM,110,100
P14019,ทุเรียนชะนี,ขายปลีก,ผลไม้,5/12/2021 12:00:00 AM,110,100
P14019,ทุเรียนชะนี,ขายปลีก,ผลไม้,5/13/2021 12:00:00 AM,110,100
P14019,ทุเรียนชะนี,ขายปลีก,ผลไม้,5/14/2021 12:00:00 AM,110,100
P14019,ทุเรียนชะนี,ขายปลีก,ผลไม้,5/17/2021 12:00:00 AM,100,90
P14019,ทุเรียนชะนี,ขายปลีก,ผลไม้,5/18/2021 12:00:00 AM,100,90
P14019,ทุเรียนชะนี,ขายปลีก,ผลไม้,5/19/2021 12:00:00 AM,100,90
P14019,ทุเรียนชะนี,ขายปลีก,ผลไม้,5/20/2021 12:00:00 AM,100,90
P14019,ทุเรียนชะนี,ขายปลีก,ผลไม้,5/21/2021 12:00:00 AM,100,90
P14019,ทุเรียนชะนี,ขายปลีก,ผลไม้,5/24/2021 12:00:00 AM,110,100
P14019,ทุเรียนชะนี,ขายปลีก,ผลไม้,5/25/2021 12:00:00 AM,110,100
P14019,ทุเรียนชะนี,ขายปลีก,ผลไม้,5/27/2021 12:00:00 AM,120,110
P14019,ทุเรียนชะนี,ขายปลีก,ผลไม้,5/28/2021 12:00:00 AM,120,110
P14019,ทุเรียนชะนี,ขายปลีก,ผลไม้,5/31/2021 12:00:00 AM,120,110
P14019,ทุเรียนชะนี,ขายปลีก,ผลไม้,6/1/2021 12:00:00 AM,120,110
P14019,ทุเรียนชะนี,ขายปลีก,ผลไม้,6/2/2021 12:00:00 AM,120,110
P14019,ทุเรียนชะนี,ขายปลีก,ผลไม้,6/4/2021 12:00:00 AM,120,110
P14019,ทุเรียนชะนี,ขายปลีก,ผลไม้,6/7/2021 12:00:00 AM,120,110
P14019,ทุเรียนชะนี,ขายปลีก,ผลไม้,6/8/2021 12:00:00 AM,120,110
P14019,ทุเรียนชะนี,ขายปลีก,ผลไม้,6/9/2021 12:00:00 AM,130,120
P14019,ทุเรียนชะนี,ขายปลีก,ผลไม้,6/10/2021 12:00:00 AM,130,120
P14019,ทุเรียนชะนี,ขายปลีก,ผลไม้,6/11/2021 12:00:00 AM,130,120
P14019,ทุเรียนชะนี,ขายปลีก,ผลไม้,6/14/2021 12:00:00 AM,130,120
P14019,ทุเรียนชะนี,ขายปลีก,ผลไม้,6/15/2021 12:00:00 AM,130,120
P14019,ทุเรียนชะนี,ขายปลีก,ผลไม้,6/16/2021 12:00:00 AM,130,120
P14019,ทุเรียนชะนี,ขายปลีก,ผลไม้,6/17/2021 12:00:00 AM,130,120
P14019,ทุเรียนชะนี,ขายปลีก,ผลไม้,6/18/2021 12:00:00 AM,130,120
P14019,ทุเรียนชะนี,ขายปลีก,ผลไม้,6/21/2021 12:00:00 AM,130,120
P14019,ทุเรียนชะนี,ขายปลีก,ผลไม้,6/22/2021 12:00:00 AM,130,120
P14019,ทุเรียนชะนี,ขายปลีก,ผลไม้,6/23/2021 12:00:00 AM,130,120
P14019,ทุเรียนชะนี,ขายปลีก,ผลไม้,6/24/2021 12:00:00 AM,130,120
P14019,ทุเรียนชะนี,ขายปลีก,ผลไม้,6/25/2021 12:00:00 AM,130,120
P14019,ทุเรียนชะนี,ขายปลีก,ผลไม้,6/28/2021 12:00:00 AM,130,120
P14019,ทุเรียนชะนี,ขายปลีก,ผลไม้,6/29/2021 12:00:00 AM,130,120
P14019,ทุเรียนชะนี,ขายปลีก,ผลไม้,6/30/2021 12:00:00 AM,130,120
P14019,ทุเรียนชะนี,ขายปลีก,ผลไม้,7/1/2021 12:00:00 AM,130,120
P14019,ทุเรียนชะนี,ขายปลีก,ผลไม้,7/2/2021 12:00:00 AM,130,120
P14019,ทุเรียนชะนี,ขายปลีก,ผลไม้,7/5/2021 12:00:00 AM,130,120
P14019,ทุเรียนชะนี,ขายปลีก,ผลไม้,7/6/2021 12:00:00 AM,130,120
P14019,ทุเรียนชะนี,ขายปลีก,ผลไม้,7/7/2021 12:00:00 AM,130,120
P14019,ทุเรียนชะนี,ขายปลีก,ผลไม้,7/8/2021 12:00:00 AM,120,110
P14019,ทุเรียนชะนี,ขายปลีก,ผลไม้,7/9/2021 12:00:00 AM,120,110
P14019,ทุเรียนชะนี,ขายปลีก,ผลไม้,7/12/2021 12:00:00 AM,120,110
P14019,ทุเรียนชะนี,ขายปลีก,ผลไม้,7/13/2021 12:00:00 AM,120,110
P14019,ทุเรียนชะนี,ขายปลีก,ผลไม้,7/14/2021 12:00:00 AM,120,110
P14019,ทุเรียนชะนี,ขายปลีก,ผลไม้,7/15/2021 12:00:00 AM,120,110
P14019,ทุเรียนชะนี,ขายปลีก,ผลไม้,7/16/2021 12:00:00 AM,120,110
P14019,ทุเรียนชะนี,ขายปลีก,ผลไม้,7/19/2021 12:00:00 AM,120,110
P14019,ทุเรียนชะนี,ขายปลีก,ผลไม้,7/20/2021 12:00:00 AM,120,110
P14019,ทุเรียนชะนี,ขายปลีก,ผลไม้,7/21/2021 12:00:00 AM,120,110
P14019,ทุเรียนชะนี,ขายปลีก,ผลไม้,7/22/2021 12:00:00 AM,120,110
P14019,ทุเรียนชะนี,ขายปลีก,ผลไม้,7/23/2021 12:00:00 AM,120,110
P14019,ทุเรียนชะนี,ขายปลีก,ผลไม้,7/27/2021 12:00:00 AM,120,110
P14019,ทุเรียนชะนี,ขายปลีก,ผลไม้,7/29/2021 12:00:00 AM,120,110
P14019,ทุเรียนชะนี,ขายปลีก,ผลไม้,7/30/2021 12:00:00 AM,120,110
P14019,ทุเรียนชะนี,ขายปลีก,ผลไม้,8/2/2021 12:00:00 AM,120,110
P14019,ทุเรียนชะนี,ขายปลีก,ผลไม้,8/3/2021 12:00:00 AM,120,110
P14019,ทุเรียนชะนี,ขายปลีก,ผลไม้,8/4/2021 12:00:00 AM,120,110
P14019,ทุเรียนชะนี,ขายปลีก,ผลไม้,8/5/2021 12:00:00 AM,110,100
P14019,ทุเรียนชะนี,ขายปลีก,ผลไม้,8/6/2021 12:00:00 AM,110,100
P14019,ทุเรียนชะนี,ขายปลีก,ผลไม้,8/9/2021 12:00:00 AM,110,100
P14019,ทุเรียนชะนี,ขายปลีก,ผลไม้,8/10/2021 12:00:00 AM,110,100
P14019,ทุเรียนชะนี,ขายปลีก,ผลไม้,8/11/2021 12:00:00 AM,110,100
P14019,ทุเรียนชะนี,ขายปลีก,ผลไม้,8/13/2021 12:00:00 AM,110,100
P14019,ทุเรียนชะนี,ขายปลีก,ผลไม้,8/16/2021 12:00:00 AM,110,100
P14019,ทุเรียนชะนี,ขายปลีก,ผลไม้,8/17/2021 12:00:00 AM,110,100
P14019,ทุเรียนชะนี,ขายปลีก,ผลไม้,8/18/2021 12:00:00 AM,100,90
P14019,ทุเรียนชะนี,ขายปลีก,ผลไม้,8/19/2021 12:00:00 AM,100,90
P14019,ทุเรียนชะนี,ขายปลีก,ผลไม้,8/20/2021 12:00:00 AM,100,90
P14019,ทุเรียนชะนี,ขายปลีก,ผลไม้,8/23/2021 12:00:00 AM,100,90
P14019,ทุเรียนชะนี,ขายปลีก,ผลไม้,8/24/2021 12:00:00 AM,100,90
P14019,ทุเรียนชะนี,ขายปลีก,ผลไม้,8/25/2021 12:00:00 AM,100,90
P14019,ทุเรียนชะนี,ขายปลีก,ผลไม้,8/26/2021 12:00:00 AM,100,90
P14019,ทุเรียนชะนี,ขายปลีก,ผลไม้,8/27/2021 12:00:00 AM,100,90
P14019,ทุเรียนชะนี,ขายปลีก,ผลไม้,8/30/2021 12:00:00 AM,110,100
P14019,ทุเรียนชะนี,ขายปลีก,ผลไม้,8/31/2021 12:00:00 AM,110,100
P14019,ทุเรียนชะนี,ขายปลีก,ผลไม้,9/1/2021 12:00:00 AM,110,100
P14019,ทุเรียนชะนี,ขายปลีก,ผลไม้,9/2/2021 12:00:00 AM,110,100
P14019,ทุเรียนชะนี,ขายปลีก,ผลไม้,9/3/2021 12:00:00 AM,110,100
P14019,ทุเรียนชะนี,ขายปลีก,ผลไม้,9/6/2021 12:00:00 AM,110,100
P14019,ทุเรียนชะนี,ขายปลีก,ผลไม้,9/7/2021 12:00:00 AM,110,100
P14019,ทุเรียนชะนี,ขายปลีก,ผลไม้,9/8/2021 12:00:00 AM,110,100
P14019,ทุเรียนชะนี,ขายปลีก,ผลไม้,9/9/2021 12:00:00 AM,110,100
P14019,ทุเรียนชะนี,ขายปลีก,ผลไม้,9/10/2021 12:00:00 AM,110,100
P14019,ทุเรียนชะนี,ขายปลีก,ผลไม้,9/13/2021 12:00:00 AM,120,110
P14019,ทุเรียนชะนี,ขายปลีก,ผลไม้,9/14/2021 12:00:00 AM,120,110
P14019,ทุเรียนชะนี,ขายปลีก,ผลไม้,9/15/2021 12:00:00 AM,120,110
P14019,ทุเรียนชะนี,ขายปลีก,ผลไม้,9/16/2021 12:00:00 AM,120,110
P14019,ทุเรียนชะนี,ขายปลีก,ผลไม้,9/17/2021 12:00:00 AM,120,110
P14019,ทุเรียนชะนี,ขายปลีก,ผลไม้,9/20/2021 12:00:00 AM,120,110
P14019,ทุเรียนชะนี,ขายปลีก,ผลไม้,9/21/2021 12:00:00 AM,120,110
P14019,ทุเรียนชะนี,ขายปลีก,ผลไม้,9/22/2021 12:00:00 AM,120,110
P14019,ทุเรียนชะนี,ขายปลีก,ผลไม้,9/23/2021 12:00:00 AM,120,110
P14019,ทุเรียนชะนี,ขายปลีก,ผลไม้,9/28/2021 12:00:00 AM,0,0
P14019,ทุเรียนชะนี,ขายปลีก,ผลไม้,9/29/2021 12:00:00 AM,0,0
P14019,ทุเรียนชะนี,ขายปลีก,ผลไม้,9/30/2021 12:00:00 AM,0,0
P14019,ทุเรียนชะนี,ขายปลีก,ผลไม้,10/1/2021 12:00:00 AM,0,0
P14019,ทุเรียนชะนี,ขายปลีก,ผลไม้,10/4/2021 12:00:00 AM,0,0
P14019,ทุเรียนชะนี,ขายปลีก,ผลไม้,10/5/2021 12:00:00 AM,0,0
P14019,ทุเรียนชะนี,ขายปลีก,ผลไม้,10/6/2021 12:00:00 AM,0,0
P14019,ทุเรียนชะนี,ขายปลีก,ผลไม้,10/7/2021 12:00:00 AM,0,0
P14019,ทุเรียนชะนี,ขายปลีก,ผลไม้,10/8/2021 12:00:00 AM,0,0
P14019,ทุเรียนชะนี,ขายปลีก,ผลไม้,10/11/2021 12:00:00 AM,0,0
P14019,ทุเรียนชะนี,ขายปลีก,ผลไม้,10/12/2021 12:00:00 AM,0,0
P14019,ทุเรียนชะนี,ขายปลีก,ผลไม้,10/14/2021 12:00:00 AM,0,0
P14019,ทุเรียนชะนี,ขายปลีก,ผลไม้,10/15/2021 12:00:00 AM,0,0
P14019,ทุเรียนชะนี,ขายปลีก,ผลไม้,10/18/2021 12:00:00 AM,0,0
P14019,ทุเรียนชะนี,ขายปลีก,ผลไม้,10/19/2021 12:00:00 AM,0,0
P14019,ทุเรียนชะนี,ขายปลีก,ผลไม้,10/20/2021 12:00:00 AM,0,0
P14019,ทุเรียนชะนี,ขายปลีก,ผลไม้,10/25/2021 12:00:00 AM,0,0
P14019,ทุเรียนชะนี,ขายปลีก,ผลไม้,10/26/2021 12:00:00 AM,0,0
P14019,ทุเรียนชะนี,ขายปลีก,ผลไม้,10/27/2021 12:00:00 AM,0,0
P14019,ทุเรียนชะนี,ขายปลีก,ผลไม้,10/28/2021 12:00:00 AM,0,0
P14019,ทุเรียนชะนี,ขายปลีก,ผลไม้,10/29/2021 12:00:00 AM,0,0
P14019,ทุเรียนชะนี,ขายปลีก,ผลไม้,11/1/2021 12:00:00 AM,0,0
P14019,ทุเรียนชะนี,ขายปลีก,ผลไม้,11/2/2021 12:00:00 AM,0,0
P14019,ทุเรียนชะนี,ขายปลีก,ผลไม้,11/3/2021 12:00:00 AM,0,0
P14019,ทุเรียนชะนี,ขายปลีก,ผลไม้,11/4/2021 12:00:00 AM,0,0
P14019,ทุเรียนชะนี,ขายปลีก,ผลไม้,11/5/2021 12:00:00 AM,0,0
P14019,ทุเรียนชะนี,ขายปลีก,ผลไม้,11/8/2021 12:00:00 AM,0,0
P14019,ทุเรียนชะนี,ขายปลีก,ผลไม้,11/9/2021 12:00:00 AM,0,0
P14019,ทุเรียนชะนี,ขายปลีก,ผลไม้,11/10/2021 12:00:00 AM,0,0
P14019,ทุเรียนชะนี,ขายปลีก,ผลไม้,11/11/2021 12:00:00 AM,0,0
P14019,ทุเรียนชะนี,ขายปลีก,ผลไม้,11/12/2021 12:00:00 AM,0,0
P14019,ทุเรียนชะนี,ขายปลีก,ผลไม้,11/15/2021 12:00:00 AM,0,0
P14019,ทุเรียนชะนี,ขายปลีก,ผลไม้,11/16/2021 12:00:00 AM,0,0
P14019,ทุเรียนชะนี,ขายปลีก,ผลไม้,11/17/2021 12:00:00 AM,0,0
P14019,ทุเรียนชะนี,ขายปลีก,ผลไม้,11/18/2021 12:00:00 AM,0,0
P14019,ทุเรียนชะนี,ขายปลีก,ผลไม้,4/18/2022 12:00:00 AM,140,100
P14019,ทุเรียนชะนี,ขายปลีก,ผลไม้,4/19/2022 12:00:00 AM,140,100
P14019,ทุเรียนชะนี,ขายปลีก,ผลไม้,4/20/2022 12:00:00 AM,140,100
P14019,ทุเรียนชะนี,ขายปลีก,ผลไม้,4/21/2022 12:00:00 AM,140,100
P14019,ทุเรียนชะนี,ขายปลีก,ผลไม้,4/22/2022 12:00:00 AM,140,100
P14019,ทุเรียนชะนี,ขายปลีก,ผลไม้,4/25/2022 12:00:00 AM,140,100
P14019,ทุเรียนชะนี,ขายปลีก,ผลไม้,4/26/2022 12:00:00 AM,120,100
P14019,ทุเรียนชะนี,ขายปลีก,ผลไม้,4/27/2022 12:00:00 AM,120,100
P14019,ทุเรียนชะนี,ขายปลีก,ผลไม้,4/28/2022 12:00:00 AM,120,100
P14019,ทุเรียนชะนี,ขายปลีก,ผลไม้,4/29/2022 12:00:00 AM,120,100
P14019,ทุเรียนชะนี,ขายปลีก,ผลไม้,5/2/2022 12:00:00 AM,140,130
P14019,ทุเรียนชะนี,ขายปลีก,ผลไม้,5/3/2022 12:00:00 AM,140,130
P14019,ทุเรียนชะนี,ขายปลีก,ผลไม้,5/5/2022 12:00:00 AM,140,130
P14019,ทุเรียนชะนี,ขายปลีก,ผลไม้,5/6/2022 12:00:00 AM,140,130
P14019,ทุเรียนชะนี,ขายปลีก,ผลไม้,5/9/2022 12:00:00 AM,140,130
P14019,ทุเรียนชะนี,ขายปลีก,ผลไม้,5/10/2022 12:00:00 AM,140,130
P14019,ทุเรียนชะนี,ขายปลีก,ผลไม้,5/11/2022 12:00:00 AM,120,110
P14019,ทุเรียนชะนี,ขายปลีก,ผลไม้,5/12/2022 12:00:00 AM,120,110
P14019,ทุเรียนชะนี,ขายปลีก,ผลไม้,5/17/2022 12:00:00 AM,120,110
P14019,ทุเรียนชะนี,ขายปลีก,ผลไม้,5/18/2022 12:00:00 AM,120,110
P14019,ทุเรียนชะนี,ขายปลีก,ผลไม้,5/19/2022 12:00:00 AM,120,110
P14019,ทุเรียนชะนี,ขายปลีก,ผลไม้,5/20/2022 12:00:00 AM,120,110
P14019,ทุเรียนชะนี,ขายปลีก,ผลไม้,5/23/2022 12:00:00 AM,120,110
P14019,ทุเรียนชะนี,ขายปลีก,ผลไม้,5/24/2022 12:00:00 AM,120,110
P14019,ทุเรียนชะนี,ขายปลีก,ผลไม้,5/25/2022 12:00:00 AM,120,110
P14019,ทุเรียนชะนี,ขายปลีก,ผลไม้,5/26/2022 12:00:00 AM,120,110
P14019,ทุเรียนชะนี,ขายปลีก,ผลไม้,5/27/2022 12:00:00 AM,120,110
P14019,ทุเรียนชะนี,ขายปลีก,ผลไม้,5/30/2022 12:00:00 AM,120,110
P14019,ทุเรียนชะนี,ขายปลีก,ผลไม้,5/31/2022 12:00:00 AM,120,110
P14019,ทุเรียนชะนี,ขายปลีก,ผลไม้,6/1/2022 12:00:00 AM,120,110
P14019,ทุเรียนชะนี,ขายปลีก,ผลไม้,6/2/2022 12:00:00 AM,120,110
P14019,ทุเรียนชะนี,ขายปลีก,ผลไม้,6/6/2022 12:00:00 AM,120,110
P14019,ทุเรียนชะนี,ขายปลีก,ผลไม้,6/8/2022 12:00:00 AM,120,110
P14019,ทุเรียนชะนี,ขายปลีก,ผลไม้,6/9/2022 12:00:00 AM,110,100
P14019,ทุเรียนชะนี,ขายปลีก,ผลไม้,6/10/2022 12:00:00 AM,110,100
P14019,ทุเรียนชะนี,ขายปลีก,ผลไม้,6/13/2022 12:00:00 AM,110,100
P14019,ทุเรียนชะนี,ขายปลีก,ผลไม้,6/14/2022 12:00:00 AM,110,100
P14019,ทุเรียนชะนี,ขายปลีก,ผลไม้,6/15/2022 12:00:00 AM,110,100
P14019,ทุเรียนชะนี,ขายปลีก,ผลไม้,6/16/2022 12:00:00 AM,110,100
P14019,ทุเรียนชะนี,ขายปลีก,ผลไม้,6/17/2022 12:00:00 AM,110,100
P14019,ทุเรียนชะนี,ขายปลีก,ผลไม้,6/20/2022 12:00:00 AM,110,100
P14019,ทุเรียนชะนี,ขายปลีก,ผลไม้,6/21/2022 12:00:00 AM,110,100
P14019,ทุเรียนชะนี,ขายปลีก,ผลไม้,6/22/2022 12:00:00 AM,110,100
P14019,ทุเรียนชะนี,ขายปลีก,ผลไม้,6/23/2022 12:00:00 AM,110,100
P14019,ทุเรียนชะนี,ขายปลีก,ผลไม้,6/24/2022 12:00:00 AM,110,100
P14019,ทุเรียนชะนี,ขายปลีก,ผลไม้,6/27/2022 12:00:00 AM,110,100
P14019,ทุเรียนชะนี,ขายปลีก,ผลไม้,6/28/2022 12:00:00 AM,110,100
P14019,ทุเรียนชะนี,ขายปลีก,ผลไม้,6/29/2022 12:00:00 AM,110,100
P14019,ทุเรียนชะนี,ขายปลีก,ผลไม้,6/30/2022 12:00:00 AM,110,100
P14019,ทุเรียนชะนี,ขายปลีก,ผลไม้,7/1/2022 12:00:00 AM,110,100
P14019,ทุเรียนชะนี,ขายปลีก,ผลไม้,7/4/2022 12:00:00 AM,110,100
P14019,ทุเรียนชะนี,ขายปลีก,ผลไม้,7/5/2022 12:00:00 AM,110,100
P14019,ทุเรียนชะนี,ขายปลีก,ผลไม้,7/6/2022 12:00:00 AM,110,100
P14019,ทุเรียนชะนี,ขายปลีก,ผลไม้,7/7/2022 12:00:00 AM,110,100
P14019,ทุเรียนชะนี,ขายปลีก,ผลไม้,7/8/2022 12:00:00 AM,110,100
P14019,ทุเรียนชะนี,ขายปลีก,ผลไม้,7/11/2022 12:00:00 AM,110,100
P14019,ทุเรียนชะนี,ขายปลีก,ผลไม้,7/12/2022 12:00:00 AM,110,100
P14019,ทุเรียนชะนี,ขายปลีก,ผลไม้,7/18/2022 12:00:00 AM,110,100
P14019,ทุเรียนชะนี,ขายปลีก,ผลไม้,7/19/2022 12:00:00 AM,110,100
P14019,ทุเรียนชะนี,ขายปลีก,ผลไม้,7/20/2022 12:00:00 AM,110,100
P14019,ทุเรียนชะนี,ขายปลีก,ผลไม้,7/21/2022 12:00:00 AM,110,100
P14019,ทุเรียนชะนี,ขายปลีก,ผลไม้,7/22/2022 12:00:00 AM,110,100
P14019,ทุเรียนชะนี,ขายปลีก,ผลไม้,7/25/2022 12:00:00 AM,110,100
P14019,ทุเรียนชะนี,ขายปลีก,ผลไม้,7/26/2022 12:00:00 AM,110,100
P14019,ทุเรียนชะนี,ขายปลีก,ผลไม้,7/27/2022 12:00:00 AM,110,100
P14019,ทุเรียนชะนี,ขายปลีก,ผลไม้,8/1/2022 12:00:00 AM,110,100
P14019,ทุเรียนชะนี,ขายปลีก,ผลไม้,8/2/2022 12:00:00 AM,110,100
P14019,ทุเรียนชะนี,ขายปลีก,ผลไม้,8/3/2022 12:00:00 AM,110,100
P14019,ทุเรียนชะนี,ขายปลีก,ผลไม้,8/4/2022 12:00:00 AM,110,100
P14019,ทุเรียนชะนี,ขายปลีก,ผลไม้,8/5/2022 12:00:00 AM,110,100
P14019,ทุเรียนชะนี,ขายปลีก,ผลไม้,8/8/2022 12:00:00 AM,120,110
P14019,ทุเรียนชะนี,ขายปลีก,ผลไม้,8/9/2022 12:00:00 AM,120,110
P14019,ทุเรียนชะนี,ขายปลีก,ผลไม้,8/10/2022 12:00:00 AM,120,110
P14019,ทุเรียนชะนี,ขายปลีก,ผลไม้,8/11/2022 12:00:00 AM,120,110
P14019,ทุเรียนชะนี,ขายปลีก,ผลไม้,8/15/2022 12:00:00 AM,120,110
P14019,ทุเรียนชะนี,ขายปลีก,ผลไม้,8/16/2022 12:00:00 AM,120,110
P14019,ทุเรียนชะนี,ขายปลีก,ผลไม้,8/17/2022 12:00:00 AM,120,110
P14019,ทุเรียนชะนี,ขายปลีก,ผลไม้,8/18/2022 12:00:00 AM,120,110
P14019,ทุเรียนชะนี,ขายปลีก,ผลไม้,8/19/2022 12:00:00 AM,120,110
P14019,ทุเรียนชะนี,ขายปลีก,ผลไม้,8/22/2022 12:00:00 AM,120,110
P14019,ทุเรียนชะนี,ขายปลีก,ผลไม้,8/24/2022 12:00:00 AM,0,0
P14019,ทุเรียนชะนี,ขายปลีก,ผลไม้,8/25/2022 12:00:00 AM,0,0
P14019,ทุเรียนชะนี,ขายปลีก,ผลไม้,4/10/2023 12:00:00 AM,150,120
P14019,ทุเรียนชะนี,ขายปลีก,ผลไม้,4/11/2023 12:00:00 AM,150,120
P14019,ทุเรียนชะนี,ขายปลีก,ผลไม้,4/12/2023 12:00:00 AM,150,120
P14019,ทุเรียนชะนี,ขายปลีก,ผลไม้,4/18/2023 12:00:00 AM,150,120
P14019,ทุเรียนชะนี,ขายปลีก,ผลไม้,4/19/2023 12:00:00 AM,150,120
P14019,ทุเรียนชะนี,ขายปลีก,ผลไม้,4/20/2023 12:00:00 AM,150,120
P14019,ทุเรียนชะนี,ขายปลีก,ผลไม้,4/21/2023 12:00:00 AM,150,120
P14019,ทุเรียนชะนี,ขายปลีก,ผลไม้,4/24/2023 12:00:00 AM,130,100
P14019,ทุเรียนชะนี,ขายปลีก,ผลไม้,4/25/2023 12:00:00 AM,130,100
P14019,ทุเรียนชะนี,ขายปลีก,ผลไม้,4/26/2023 12:00:00 AM,130,100
P14019,ทุเรียนชะนี,ขายปลีก,ผลไม้,4/27/2023 12:00:00 AM,130,100
P14019,ทุเรียนชะนี,ขายปลีก,ผลไม้,4/28/2023 12:00:00 AM,130,100
P14019,ทุเรียนชะนี,ขายปลีก,ผลไม้,5/1/2023 12:00:00 AM,130,100
P14019,ทุเรียนชะนี,ขายปลีก,ผลไม้,5/2/2023 12:00:00 AM,130,110
P14019,ทุเรียนชะนี,ขายปลีก,ผลไม้,5/3/2023 12:00:00 AM,130,110
P14019,ทุเรียนชะนี,ขายปลีก,ผลไม้,5/8/2023 12:00:00 AM,140,120
P14019,ทุเรียนชะนี,ขายปลีก,ผลไม้,5/9/2023 12:00:00 AM,140,120
P14019,ทุเรียนชะนี,ขายปลีก,ผลไม้,5/10/2023 12:00:00 AM,140,120
P14019,ทุเรียนชะนี,ขายปลีก,ผลไม้,5/11/2023 12:00:00 AM,140,120
P14019,ทุเรียนชะนี,ขายปลีก,ผลไม้,5/12/2023 12:00:00 AM,140,120
P14019,ทุเรียนชะนี,ขายปลีก,ผลไม้,5/15/2023 12:00:00 AM,180,160
P14019,ทุเรียนชะนี,ขายปลีก,ผลไม้,5/16/2023 12:00:00 AM,180,160
P14019,ทุเรียนชะนี,ขายปลีก,ผลไม้,5/18/2023 12:00:00 AM,180,160
P14019,ทุเรียนชะนี,ขายปลีก,ผลไม้,5/19/2023 12:00:00 AM,180,160
P14019,ทุเรียนชะนี,ขายปลีก,ผลไม้,5/22/2023 12:00:00 AM,220,180
P14019,ทุเรียนชะนี,ขายปลีก,ผลไม้,5/23/2023 12:00:00 AM,220,180
P14019,ทุเรียนชะนี,ขายปลีก,ผลไม้,5/24/2023 12:00:00 AM,220,180
P14019,ทุเรียนชะนี,ขายปลีก,ผลไม้,5/25/2023 12:00:00 AM,220,180
P14019,ทุเรียนชะนี,ขายปลีก,ผลไม้,5/26/2023 12:00:00 AM,220,180
P14019,ทุเรียนชะนี,ขายปลีก,ผลไม้,5/29/2023 12:00:00 AM,220,180
P14019,ทุเรียนชะนี,ขายปลีก,ผลไม้,5/30/2023 12:00:00 AM,220,180
P14019,ทุเรียนชะนี,ขายปลีก,ผลไม้,5/31/2023 12:00:00 AM,220,180
P14019,ทุเรียนชะนี,ขายปลีก,ผลไม้,6/1/2023 12:00:00 AM,220,180
P14019,ทุเรียนชะนี,ขายปลีก,ผลไม้,6/2/2023 12:00:00 AM,220,180
P14019,ทุเรียนชะนี,ขายปลีก,ผลไม้,6/6/2023 12:00:00 AM,180,150
P14019,ทุเรียนชะนี,ขายปลีก,ผลไม้,6/7/2023 12:00:00 AM,180,150
P14019,ทุเรียนชะนี,ขายปลีก,ผลไม้,6/8/2023 12:00:00 AM,180,150
P14019,ทุเรียนชะนี,ขายปลีก,ผลไม้,6/9/2023 12:00:00 AM,180,150
P14019,ทุเรียนชะนี,ขายปลีก,ผลไม้,6/12/2023 12:00:00 AM,160,130
P14019,ทุเรียนชะนี,ขายปลีก,ผลไม้,6/13/2023 12:00:00 AM,160,130
P14019,ทุเรียนชะนี,ขายปลีก,ผลไม้,6/14/2023 12:00:00 AM,160,130
P14019,ทุเรียนชะนี,ขายปลีก,ผลไม้,6/15/2023 12:00:00 AM,160,130
P14019,ทุเรียนชะนี,ขายปลีก,ผลไม้,6/16/2023 12:00:00 AM,160,130
P14019,ทุเรียนชะนี,ขายปลีก,ผลไม้,6/19/2023 12:00:00 AM,160,130
P14019,ทุเรียนชะนี,ขายปลีก,ผลไม้,6/20/2023 12:00:00 AM,160,130
P14019,ทุเรียนชะนี,ขายปลีก,ผลไม้,6/21/2023 12:00:00 AM,160,130
P14019,ทุเรียนชะนี,ขายปลีก,ผลไม้,6/22/2023 12:00:00 AM,160,130
P14019,ทุเรียนชะนี,ขายปลีก,ผลไม้,6/23/2023 12:00:00 AM,160,130
P14019,ทุเรียนชะนี,ขายปลีก,ผลไม้,6/26/2023 12:00:00 AM,160,130
P14019,ทุเรียนชะนี,ขายปลีก,ผลไม้,6/27/2023 12:00:00 AM,160,130
P14019,ทุเรียนชะนี,ขายปลีก,ผลไม้,6/28/2023 12:00:00 AM,160,130
P14019,ทุเรียนชะนี,ขายปลีก,ผลไม้,6/29/2023 12:00:00 AM,160,130
P14019,ทุเรียนชะนี,ขายปลีก,ผลไม้,6/30/2023 12:00:00 AM,160,130
P14019,ทุเรียนชะนี,ขายปลีก,ผลไม้,7/3/2023 12:00:00 AM,160,130
P14019,ทุเรียนชะนี,ขายปลีก,ผลไม้,7/4/2023 12:00:00 AM,160,130
P14019,ทุเรียนชะนี,ขายปลีก,ผลไม้,7/5/2023 12:00:00 AM,160,130
P14019,ทุเรียนชะนี,ขายปลีก,ผลไม้,7/6/2023 12:00:00 AM,160,130
P14019,ทุเรียนชะนี,ขายปลีก,ผลไม้,7/7/2023 12:00:00 AM,160,130
P14019,ทุเรียนชะนี,ขายปลีก,ผลไม้,7/10/2023 12:00:00 AM,140,130
P14019,ทุเรียนชะนี,ขายปลีก,ผลไม้,7/11/2023 12:00:00 AM,140,130
P14019,ทุเรียนชะนี,ขายปลีก,ผลไม้,7/12/2023 12:00:00 AM,140,130
P14019,ทุเรียนชะนี,ขายปลีก,ผลไม้,7/13/2023 12:00:00 AM,140,130
P14019,ทุเรียนชะนี,ขายปลีก,ผลไม้,7/14/2023 12:00:00 AM,140,130
P14019,ทุเรียนชะนี,ขายปลีก,ผลไม้,7/17/2023 12:00:00 AM,140,130
P14019,ทุเรียนชะนี,ขายปลีก,ผลไม้,7/18/2023 12:00:00 AM,140,130
P14019,ทุเรียนชะนี,ขายปลีก,ผลไม้,7/19/2023 12:00:00 AM,140,130
P14019,ทุเรียนชะนี,ขายปลีก,ผลไม้,7/20/2023 12:00:00 AM,140,130
P14019,ทุเรียนชะนี,ขายปลีก,ผลไม้,7/21/2023 12:00:00 AM,140,130
P14019,ทุเรียนชะนี,ขายปลีก,ผลไม้,7/24/2023 12:00:00 AM,160,150
P14019,ทุเรียนชะนี,ขายปลีก,ผลไม้,7/25/2023 12:00:00 AM,160,150
P14019,ทุเรียนชะนี,ขายปลีก,ผลไม้,7/26/2023 12:00:00 AM,160,150
P14019,ทุเรียนชะนี,ขายปลีก,ผลไม้,7/27/2023 12:00:00 AM,160,150
P14019,ทุเรียนชะนี,ขายปลีก,ผลไม้,8/3/2023 12:00:00 AM,160,150
P14019,ทุเรียนชะนี,ขายปลีก,ผลไม้,8/4/2023 12:00:00 AM,160,150
P14019,ทุเรียนชะนี,ขายปลีก,ผลไม้,8/7/2023 12:00:00 AM,160,150
P14019,ทุเรียนชะนี,ขายปลีก,ผลไม้,8/8/2023 12:00:00 AM,160,150
P14019,ทุเรียนชะนี,ขายปลีก,ผลไม้,8/9/2023 12:00:00 AM,160,150
P14019,ทุเรียนชะนี,ขายปลีก,ผลไม้,8/10/2023 12:00:00 AM,160,150
P14019,ทุเรียนชะนี,ขายปลีก,ผลไม้,8/11/2023 12:00:00 AM,160,150
P14019,ทุเรียนชะนี,ขายปลีก,ผลไม้,8/15/2023 12:00:00 AM,160,150
P14019,ทุเรียนชะนี,ขายปลีก,ผลไม้,8/16/2023 12:00:00 AM,160,150
P14019,ทุเรียนชะนี,ขายปลีก,ผลไม้,8/17/2023 12:00:00 AM,160,150
P14019,ทุเรียนชะนี,ขายปลีก,ผลไม้,8/18/2023 12:00:00 AM,160,150
P14019,ทุเรียนชะนี,ขายปลีก,ผลไม้,8/21/2023 12:00:00 AM,160,150
P14019,ทุเรียนชะนี,ขายปลีก,ผลไม้,8/22/2023 12:00:00 AM,0,0
P14019,ทุเรียนชะนี,ขายปลีก,ผลไม้,8/23/2023 12:00:00 AM,0,0
P14019,ทุเรียนชะนี,ขายปลีก,ผลไม้,8/24/2023 12:00:00 AM,0,0
P14019,ทุเรียนชะนี,ขายปลีก,ผลไม้,8/25/2023 12:00:00 AM,0,0
P14019,ทุเรียนชะนี,ขายปลีก,ผลไม้,8/28/2023 12:00:00 AM,0,0
P14019,ทุเรียนชะนี,ขายปลีก,ผลไม้,8/29/2023 12:00:00 AM,0,0
P14019,ทุเรียนชะนี,ขายปลีก,ผลไม้,8/30/2023 12:00:00 AM,0,0
P14019,ทุเรียนชะนี,ขายปลีก,ผลไม้,8/31/2023 12:00:00 AM,0,0
P14019,ทุเรียนชะนี,ขายปลีก,ผลไม้,9/1/2023 12:00:00 AM,0,0
P14019,ทุเรียนชะนี,ขายปลีก,ผลไม้,9/4/2023 12:00:00 AM,0,0
P14019,ทุเรียนชะนี,ขายปลีก,ผลไม้,9/5/2023 12:00:00 AM,0,0
P14019,ทุเรียนชะนี,ขายปลีก,ผลไม้,9/6/2023 12:00:00 AM,0,0
P14019,ทุเรียนชะนี,ขายปลีก,ผลไม้,9/7/2023 12:00:00 AM,0,0
P14019,ทุเรียนชะนี,ขายปลีก,ผลไม้,9/8/2023 12:00:00 AM,0,0
P14019,ทุเรียนชะนี,ขายปลีก,ผลไม้,9/11/2023 12:00:00 AM,0,0
P14019,ทุเรียนชะนี,ขายปลีก,ผลไม้,9/12/2023 12:00:00 AM,0,0
P14019,ทุเรียนชะนี,ขายปลีก,ผลไม้,9/13/2023 12:00:00 AM,0,0
P14019,ทุเรียนชะนี,ขายปลีก,ผลไม้,9/14/2023 12:00:00 AM,0,0
P14019,ทุเรียนชะนี,ขายปลีก,ผลไม้,9/15/2023 12:00:00 AM,0,0
P14019,ทุเรียนชะนี,ขายปลีก,ผลไม้,9/18/2023 12:00:00 AM,0,0
P14019,ทุเรียนชะนี,ขายปลีก,ผลไม้,9/19/2023 12:00:00 AM,0,0
P14019,ทุเรียนชะนี,ขายปลีก,ผลไม้,9/20/2023 12:00:00 AM,0,0
P14019,ทุเรียนชะนี,ขายปลีก,ผลไม้,9/21/2023 12:00:00 AM,0,0
P14019,ทุเรียนชะนี,ขายปลีก,ผลไม้,9/22/2023 12:00:00 AM,0,0
P14019,ทุเรียนชะนี,ขายปลีก,ผลไม้,9/25/2023 12:00:00 AM,0,0
P14019,ทุเรียนชะนี,ขายปลีก,ผลไม้,9/26/2023 12:00:00 AM,0,0
P14019,ทุเรียนชะนี,ขายปลีก,ผลไม้,9/27/2023 12:00:00 AM,0,0
P14019,ทุเรียนชะนี,ขายปลีก,ผลไม้,9/28/2023 12:00:00 AM,0,0
P14019,ทุเรียนชะนี,ขายปลีก,ผลไม้,9/29/2023 12:00:00 AM,0,0
P14019,ทุเรียนชะนี,ขายปลีก,ผลไม้,10/2/2023 12:00:00 AM,0,0
P14019,ทุเรียนชะนี,ขายปลีก,ผลไม้,10/3/2023 12:00:00 AM,0,0
P14019,ทุเรียนชะนี,ขายปลีก,ผลไม้,10/4/2023 12:00:00 AM,0,0
P14019,ทุเรียนชะนี,ขายปลีก,ผลไม้,10/5/2023 12:00:00 AM,0,0
P14019,ทุเรียนชะนี,ขายปลีก,ผลไม้,10/6/2023 12:00:00 AM,0,0
P14019,ทุเรียนชะนี,ขายปลีก,ผลไม้,10/9/2023 12:00:00 AM,0,0
P14019,ทุเรียนชะนี,ขายปลีก,ผลไม้,10/10/2023 12:00:00 AM,0,0
P14019,ทุเรียนชะนี,ขายปลีก,ผลไม้,10/11/2023 12:00:00 AM,0,0
P14019,ทุเรียนชะนี,ขายปลีก,ผลไม้,10/12/2023 12:00:00 AM,0,0
P14019,ทุเรียนชะนี,ขายปลีก,ผลไม้,10/16/2023 12:00:00 AM,0,0
P14019,ทุเรียนชะนี,ขายปลีก,ผลไม้,10/17/2023 12:00:00 AM,0,0
P14019,ทุเรียนชะนี,ขายปลีก,ผลไม้,10/18/2023 12:00:00 AM,0,0
P14019,ทุเรียนชะนี,ขายปลีก,ผลไม้,10/19/2023 12:00:00 AM,0,0
P14019,ทุเรียนชะนี,ขายปลีก,ผลไม้,10/20/2023 12:00:00 AM,0,0
P14019,ทุเรียนชะนี,ขายปลีก,ผลไม้,10/24/2023 12:00:00 AM,0,0
P14019,ทุเรียนชะนี,ขายปลีก,ผลไม้,10/25/2023 12:00:00 AM,0,0
P14019,ทุเรียนชะนี,ขายปลีก,ผลไม้,10/26/2023 12:00:00 AM,0,0
P14019,ทุเรียนชะนี,ขายปลีก,ผลไม้,10/27/2023 12:00:00 AM,0,0
P14019,ทุเรียนชะนี,ขายปลีก,ผลไม้,10/30/2023 12:00:00 AM,0,0
P14019,ทุเรียนชะนี,ขายปลีก,ผลไม้,10/31/2023 12:00:00 AM,0,0
P14019,ทุเรียนชะนี,ขายปลีก,ผลไม้,11/1/2023 12:00:00 AM,0,0
P14019,ทุเรียนชะนี,ขายปลีก,ผลไม้,11/2/2023 12:00:00 AM,0,0
P14019,ทุเรียนชะนี,ขายปลีก,ผลไม้,11/3/2023 12:00:00 AM,0,0
P14019,ทุเรียนชะนี,ขายปลีก,ผลไม้,11/6/2023 12:00:00 AM,0,0
P14019,ทุเรียนชะนี,ขายปลีก,ผลไม้,11/7/2023 12:00:00 AM,0,0
P14019,ทุเรียนชะนี,ขายปลีก,ผลไม้,11/8/2023 12:00:00 AM,0,0
P14019,ทุเรียนชะนี,ขายปลีก,ผลไม้,11/9/2023 12:00:00 AM,0,0
P14019,ทุเรียนชะนี,ขายปลีก,ผลไม้,11/10/2023 12:00:00 AM,0,0
P14019,ทุเรียนชะนี,ขายปลีก,ผลไม้,11/13/2023 12:00:00 AM,0,0
P14019,ทุเรียนชะนี,ขายปลีก,ผลไม้,11/14/2023 12:00:00 AM,0,0
P14019,ทุเรียนชะนี,ขายปลีก,ผลไม้,11/15/2023 12:00:00 AM,0,0
P14019,ทุเรียนชะนี,ขายปลีก,ผลไม้,11/16/2023 12:00:00 AM,0,0
P14019,ทุเรียนชะนี,ขายปลีก,ผลไม้,11/17/2023 12:00:00 AM,0,0
P14019,ทุเรียนชะนี,ขายปลีก,ผลไม้,4/17/2024 12:00:00 AM,220,180
P14019,ทุเรียนชะนี,ขายปลีก,ผลไม้,4/18/2024 12:00:00 AM,220,180
P14019,ทุเรียนชะนี,ขายปลีก,ผลไม้,4/19/2024 12:00:00 AM,220,180
P14019,ทุเรียนชะนี,ขายปลีก,ผลไม้,4/22/2024 12:00:00 AM,200,160
P14019,ทุเรียนชะนี,ขายปลีก,ผลไม้,4/23/2024 12:00:00 AM,200,160
P14019,ทุเรียนชะนี,ขายปลีก,ผลไม้,4/24/2024 12:00:00 AM,200,160
P14019,ทุเรียนชะนี,ขายปลีก,ผลไม้,4/25/2024 12:00:00 AM,170,130
P14019,ทุเรียนชะนี,ขายปลีก,ผลไม้,4/26/2024 12:00:00 AM,170,130
P14019,ทุเรียนชะนี,ขายปลีก,ผลไม้,4/29/2024 12:00:00 AM,150,110
P14019,ทุเรียนชะนี,ขายปลีก,ผลไม้,4/30/2024 12:00:00 AM,150,110
P14019,ทุเรียนชะนี,ขายปลีก,ผลไม้,5/1/2024 12:00:00 AM,150,110
P14019,ทุเรียนชะนี,ขายปลีก,ผลไม้,5/2/2024 12:00:00 AM,150,110
P14019,ทุเรียนชะนี,ขายปลีก,ผลไม้,5/3/2024 12:00:00 AM,150,110
P14019,ทุเรียนชะนี,ขายปลีก,ผลไม้,5/7/2024 12:00:00 AM,130,100
P14019,ทุเรียนชะนี,ขายปลีก,ผลไม้,5/8/2024 12:00:00 AM,130,100
P14019,ทุเรียนชะนี,ขายปลีก,ผลไม้,5/9/2024 12:00:00 AM,130,100
P14019,ทุเรียนชะนี,ขายปลีก,ผลไม้,5/13/2024 12:00:00 AM,130,110
P14019,ทุเรียนชะนี,ขายปลีก,ผลไม้,5/14/2024 12:00:00 AM,130,110
P14019,ทุเรียนชะนี,ขายปลีก,ผลไม้,5/15/2024 12:00:00 AM,130,110
P14019,ทุเรียนชะนี,ขายปลีก,ผลไม้,5/16/2024 12:00:00 AM,130,110
P14019,ทุเรียนชะนี,ขายปลีก,ผลไม้,5/17/2024 12:00:00 AM,130,110
P14019,ทุเรียนชะนี,ขายปลีก,ผลไม้,5/20/2024 12:00:00 AM,150,130
P14019,ทุเรียนชะนี,ขายปลีก,ผลไม้,5/21/2024 12:00:00 AM,150,130
P14019,ทุเรียนชะนี,ขายปลีก,ผลไม้,5/23/2024 12:00:00 AM,150,130
P14019,ทุเรียนชะนี,ขายปลีก,ผลไม้,5/24/2024 12:00:00 AM,150,130
P14019,ทุเรียนชะนี,ขายปลีก,ผลไม้,5/27/2024 12:00:00 AM,170,150
P14019,ทุเรียนชะนี,ขายปลีก,ผลไม้,5/28/2024 12:00:00 AM,170,150
P14019,ทุเรียนชะนี,ขายปลีก,ผลไม้,5/29/2024 12:00:00 AM,170,150
P14019,ทุเรียนชะนี,ขายปลีก,ผลไม้,5/30/2024 12:00:00 AM,170,150
P14019,ทุเรียนชะนี,ขายปลีก,ผลไม้,5/31/2024 12:00:00 AM,170,150
P14019,ทุเรียนชะนี,ขายปลีก,ผลไม้,6/4/2024 12:00:00 AM,170,150
P14019,ทุเรียนชะนี,ขายปลีก,ผลไม้,6/5/2024 12:00:00 AM,170,150
P14019,ทุเรียนชะนี,ขายปลีก,ผลไม้,6/6/2024 12:00:00 AM,170,150
P14019,ทุเรียนชะนี,ขายปลีก,ผลไม้,6/7/2024 12:00:00 AM,170,150
P14019,ทุเรียนชะนี,ขายปลีก,ผลไม้,6/10/2024 12:00:00 AM,170,150
P14019,ทุเรียนชะนี,ขายปลีก,ผลไม้,6/11/2024 12:00:00 AM,170,150
P14019,ทุเรียนชะนี,ขายปลีก,ผลไม้,6/12/2024 12:00:00 AM,170,150
P14019,ทุเรียนชะนี,ขายปลีก,ผลไม้,6/13/2024 12:00:00 AM,170,150
P14019,ทุเรียนชะนี,ขายปลีก,ผลไม้,6/14/2024 12:00:00 AM,170,150
P14019,ทุเรียนชะนี,ขายปลีก,ผลไม้,6/17/2024 12:00:00 AM,170,150
P14019,ทุเรียนชะนี,ขายปลีก,ผลไม้,6/18/2024 12:00:00 AM,170,150
P14019,ทุเรียนชะนี,ขายปลีก,ผลไม้,6/19/2024 12:00:00 AM,170,150
P14019,ทุเรียนชะนี,ขายปลีก,ผลไม้,6/20/2024 12:00:00 AM,170,150
P14019,ทุเรียนชะนี,ขายปลีก,ผลไม้,6/21/2024 12:00:00 AM,170,150
P14019,ทุเรียนชะนี,ขายปลีก,ผลไม้,6/24/2024 12:00:00 AM,170,150
P14019,ทุเรียนชะนี,ขายปลีก,ผลไม้,6/25/2024 12:00:00 AM,170,150
P14019,ทุเรียนชะนี,ขายปลีก,ผลไม้,6/26/2024 12:00:00 AM,170,150
P14019,ทุเรียนชะนี,ขายปลีก,ผลไม้,6/27/2024 12:00:00 AM,170,150
P14019,ทุเรียนชะนี,ขายปลีก,ผลไม้,6/28/2024 12:00:00 AM,170,150
P14019,ทุเรียนชะนี,ขายปลีก,ผลไม้,7/1/2024 12:00:00 AM,170,150
P14019,ทุเรียนชะนี,ขายปลีก,ผลไม้,7/2/2024 12:00:00 AM,170,150
P14019,ทุเรียนชะนี,ขายปลีก,ผลไม้,7/3/2024 12:00:00 AM,170,150
P14019,ทุเรียนชะนี,ขายปลีก,ผลไม้,7/4/2024 12:00:00 AM,170,150
P14019,ทุเรียนชะนี,ขายปลีก,ผลไม้,7/5/2024 12:00:00 AM,170,150
P14019,ทุเรียนชะนี,ขายปลีก,ผลไม้,7/8/2024 12:00:00 AM,170,150
P14019,ทุเรียนชะนี,ขายปลีก,ผลไม้,7/9/2024 12:00:00 AM,170,150
P14019,ทุเรียนชะนี,ขายปลีก,ผลไม้,7/10/2024 12:00:00 AM,170,150
P14019,ทุเรียนชะนี,ขายปลีก,ผลไม้,7/11/2024 12:00:00 AM,170,150
P14019,ทุเรียนชะนี,ขายปลีก,ผลไม้,7/12/2024 12:00:00 AM,170,150
P14019,ทุเรียนชะนี,ขายปลีก,ผลไม้,7/15/2024 12:00:00 AM,170,150
P14019,ทุเรียนชะนี,ขายปลีก,ผลไม้,7/16/2024 12:00:00 AM,170,150
P14019,ทุเรียนชะนี,ขายปลีก,ผลไม้,7/17/2024 12:00:00 AM,170,150
P14019,ทุเรียนชะนี,ขายปลีก,ผลไม้,7/18/2024 12:00:00 AM,170,150
P14019,ทุเรียนชะนี,ขายปลีก,ผลไม้,7/19/2024 12:00:00 AM,170,150
P14019,ทุเรียนชะนี,ขายปลีก,ผลไม้,7/23/2024 12:00:00 AM,170,150
P14019,ทุเรียนชะนี,ขายปลีก,ผลไม้,7/24/2024 12:00:00 AM,170,150
P14019,ทุเรียนชะนี,ขายปลีก,ผลไม้,7/25/2024 12:00:00 AM,170,150
P14019,ทุเรียนชะนี,ขายปลีก,ผลไม้,7/26/2024 12:00:00 AM,170,150
P14019,ทุเรียนชะนี,ขายปลีก,ผลไม้,7/30/2024 12:00:00 AM,170,150
P14019,ทุเรียนชะนี,ขายปลีก,ผลไม้,7/31/2024 12:00:00 AM,170,150
P14019,ทุเรียนชะนี,ขายปลีก,ผลไม้,8/1/2024 12:00:00 AM,170,150
P14019,ทุเรียนชะนี,ขายปลีก,ผลไม้,8/2/2024 12:00:00 AM,170,150
P14019,ทุเรียนชะนี,ขายปลีก,ผลไม้,8/5/2024 12:00:00 AM,160,140
P14019,ทุเรียนชะนี,ขายปลีก,ผลไม้,8/6/2024 12:00:00 AM,160,140
P14019,ทุเรียนชะนี,ขายปลีก,ผลไม้,8/7/2024 12:00:00 AM,160,140
P14019,ทุเรียนชะนี,ขายปลีก,ผลไม้,8/8/2024 12:00:00 AM,160,140
P14019,ทุเรียนชะนี,ขายปลีก,ผลไม้,8/9/2024 12:00:00 AM,160,140
P14019,ทุเรียนชะนี,ขายปลีก,ผลไม้,8/13/2024 12:00:00 AM,160,140
P14019,ทุเรียนชะนี,ขายปลีก,ผลไม้,8/14/2024 12:00:00 AM,160,140
P14019,ทุเรียนชะนี,ขายปลีก,ผลไม้,8/15/2024 12:00:00 AM,160,140
P14019,ทุเรียนชะนี,ขายปลีก,ผลไม้,8/16/2024 12:00:00 AM,160,140
P14019,ทุเรียนชะนี,ขายปลีก,ผลไม้,8/19/2024 12:00:00 AM,160,140
P14019,ทุเรียนชะนี,ขายปลีก,ผลไม้,8/20/2024 12:00:00 AM,160,140
P14019,ทุเรียนชะนี,ขายปลีก,ผลไม้,8/21/2024 12:00:00 AM,160,140
P14019,ทุเรียนชะนี,ขายปลีก,ผลไม้,8/22/2024 12:00:00 AM,160,140
P14019,ทุเรียนชะนี,ขายปลีก,ผลไม้,8/23/2024 12:00:00 AM,160,140
P14019,ทุเรียนชะนี,ขายปลีก,ผลไม้,8/26/2024 12:00:00 AM,160,140
P14019,ทุเรียนชะนี,ขายปลีก,ผลไม้,8/27/2024 12:00:00 AM,160,140
P14019,ทุเรียนชะนี,ขายปลีก,ผลไม้,8/28/2024 12:00:00 AM,160,140
P14019,ทุเรียนชะนี,ขายปลีก,ผลไม้,8/29/2024 12:00:00 AM,160,140
P14019,ทุเรียนชะนี,ขายปลีก,ผลไม้,8/30/2024 12:00:00 AM,160,140
P14019,ทุเรียนชะนี,ขายปลีก,ผลไม้,9/2/2024 12:00:00 AM,160,140
P14019,ทุเรียนชะนี,ขายปลีก,ผลไม้,9/3/2024 12:00:00 AM,160,140
P14019,ทุเรียนชะนี,ขายปลีก,ผลไม้,9/4/2024 12:00:00 AM,160,140
P14019,ทุเรียนชะนี,ขายปลีก,ผลไม้,9/5/2024 12:00:00 AM,160,140
P14019,ทุเรียนชะนี,ขายปลีก,ผลไม้,9/6/2024 12:00:00 AM,160,140
P14019,ทุเรียนชะนี,ขายปลีก,ผลไม้,9/9/2024 12:00:00 AM,160,140
P14019,ทุเรียนชะนี,ขายปลีก,ผลไม้,9/10/2024 12:00:00 AM,160,140
P14019,ทุเรียนชะนี,ขายปลีก,ผลไม้,9/11/2024 12:00:00 AM,160,140
P14019,ทุเรียนชะนี,ขายปลีก,ผลไม้,9/12/2024 12:00:00 AM,160,140
P14019,ทุเรียนชะนี,ขายปลีก,ผลไม้,9/13/2024 12:00:00 AM,160,140
P14019,ทุเรียนชะนี,ขายปลีก,ผลไม้,5/7/2025 12:00:00 AM,150,120
P14019,ทุเรียนชะนี,ขายปลีก,ผลไม้,5/8/2025 12:00:00 AM,150,120
P14019,ทุเรียนชะนี,ขายปลีก,ผลไม้,5/13/2025 12:00:00 AM,150,120
P14019,ทุเรียนชะนี,ขายปลีก,ผลไม้,5/14/2025 12:00:00 AM,150,120
P14019,ทุเรียนชะนี,ขายปลีก,ผลไม้,5/15/2025 12:00:00 AM,150,120
P14019,ทุเรียนชะนี,ขายปลีก,ผลไม้,5/16/2025 12:00:00 AM,150,120
P14019,ทุเรียนชะนี,ขายปลีก,ผลไม้,5/19/2025 12:00:00 AM,150,120
P14019,ทุเรียนชะนี,ขายปลีก,ผลไม้,5/20/2025 12:00:00 AM,150,120
P14019,ทุเรียนชะนี,ขายปลีก,ผลไม้,5/21/2025 12:00:00 AM,150,120
P14019,ทุเรียนชะนี,ขายปลีก,ผลไม้,5/22/2025 12:00:00 AM,130,110
P14019,ทุเรียนชะนี,ขายปลีก,ผลไม้,5/23/2025 12:00:00 AM,130,110
P14019,ทุเรียนชะนี,ขายปลีก,ผลไม้,5/26/2025 12:00:00 AM,130,110
P14019,ทุเรียนชะนี,ขายปลีก,ผลไม้,5/27/2025 12:00:00 AM,130,110
P14019,ทุเรียนชะนี,ขายปลีก,ผลไม้,5/28/2025 12:00:00 AM,130,110
P14019,ทุเรียนชะนี,ขายปลีก,ผลไม้,5/29/2025 12:00:00 AM,130,110
P14019,ทุเรียนชะนี,ขายปลีก,ผลไม้,5/30/2025 12:00:00 AM,130,110
P14019,ทุเรียนชะนี,ขายปลีก,ผลไม้,6/4/2025 12:00:00 AM,120,100
P14019,ทุเรียนชะนี,ขายปลีก,ผลไม้,6/5/2025 12:00:00 AM,120,100
P14019,ทุเรียนชะนี,ขายปลีก,ผลไม้,6/6/2025 12:00:00 AM,120,100
P14019,ทุเรียนชะนี,ขายปลีก,ผลไม้,6/9/2025 12:00:00 AM,120,100
P14019,ทุเรียนชะนี,ขายปลีก,ผลไม้,6/10/2025 12:00:00 AM,120,100
P14019,ทุเรียนชะนี,ขายปลีก,ผลไม้,6/11/2025 12:00:00 AM,115,100
P14019,ทุเรียนชะนี,ขายปลีก,ผลไม้,6/12/2025 12:00:00 AM,115,100
P14019,ทุเรียนชะนี,ขายปลีก,ผลไม้,6/13/2025 12:00:00 AM,115,100
P14019,ทุเรียนชะนี,ขายปลีก,ผลไม้,6/16/2025 12:00:00 AM,115,100
P14019,ทุเรียนชะนี,ขายปลีก,ผลไม้,6/17/2025 12:00:00 AM,115,100
P14019,ทุเรียนชะนี,ขายปลีก,ผลไม้,6/18/2025 12:00:00 AM,115,100
P14019,ทุเรียนชะนี,ขายปลีก,ผลไม้,6/19/2025 12:00:00 AM,115,100
P14019,ทุเรียนชะนี,ขายปลีก,ผลไม้,6/20/2025 12:00:00 AM,115,100
P14019,ทุเรียนชะนี,ขายปลีก,ผลไม้,6/23/2025 12:00:00 AM,115,100
P14019,ทุเรียนชะนี,ขายปลีก,ผลไม้,6/24/2025 12:00:00 AM,115,100
P14019,ทุเรียนชะนี,ขายปลีก,ผลไม้,6/25/2025 12:00:00 AM,115,100
P14019,ทุเรียนชะนี,ขายปลีก,ผลไม้,6/26/2025 12:00:00 AM,115,100
P14019,ทุเรียนชะนี,ขายปลีก,ผลไม้,6/27/2025 12:00:00 AM,115,100
P14019,ทุเรียนชะนี,ขายปลีก,ผลไม้,6/30/2025 12:00:00 AM,115,100
P14019,ทุเรียนชะนี,ขายปลีก,ผลไม้,7/1/2025 12:00:00 AM,115,100
P14019,ทุเรียนชะนี,ขายปลีก,ผลไม้,7/2/2025 12:00:00 AM,115,100
P14019,ทุเรียนชะนี,ขายปลีก,ผลไม้,7/3/2025 12:00:00 AM,115,100
P14019,ทุเรียนชะนี,ขายปลีก,ผลไม้,7/4/2025 12:00:00 AM,115,100
P14019,ทุเรียนชะนี,ขายปลีก,ผลไม้,7/7/2025 12:00:00 AM,115,100
P14019,ทุเรียนชะนี,ขายปลีก,ผลไม้,7/8/2025 12:00:00 AM,115,100
P14019,ทุเรียนชะนี,ขายปลีก,ผลไม้,7/9/2025 12:00:00 AM,115,100
P14019,ทุเรียนชะนี,ขายปลีก,ผลไม้,7/14/2025 12:00:00 AM,115,100
P14019,ทุเรียนชะนี,ขายปลีก,ผลไม้,7/15/2025 12:00:00 AM,115,100
P14019,ทุเรียนชะนี,ขายปลีก,ผลไม้,7/16/2025 12:00:00 AM,115,100
P14019,ทุเรียนชะนี,ขายปลีก,ผลไม้,7/17/2025 12:00:00 AM,115,100
P14019,ทุเรียนชะนี,ขายปลีก,ผลไม้,7/18/2025 12:00:00 AM,115,100
P14019,ทุเรียนชะนี,ขายปลีก,ผลไม้,7/21/2025 12:00:00 AM,115,100
P14019,ทุเรียนชะนี,ขายปลีก,ผลไม้,7/22/2025 12:00:00 AM,115,100
P14019,ทุเรียนชะนี,ขายปลีก,ผลไม้,7/23/2025 12:00:00 AM,115,100
P14019,ทุเรียนชะนี,ขายปลีก,ผลไม้,7/24/2025 12:00:00 AM,115,100
P14019,ทุเรียนชะนี,ขายปลีก,ผลไม้,7/25/2025 12:00:00 AM,115,100
P14019,ทุเรียนชะนี,ขายปลีก,ผลไม้,7/29/2025 12:00:00 AM,115,100
P14019,ทุเรียนชะนี,ขายปลีก,ผลไม้,7/30/2025 12:00:00 AM,115,100
P14019,ทุเรียนชะนี,ขายปลีก,ผลไม้,7/31/2025 12:00:00 AM,115,100
P14019,ทุเรียนชะนี,ขายปลีก,ผลไม้,8/1/2025 12:00:00 AM,115,100
P14019,ทุเรียนชะนี,ขายปลีก,ผลไม้,8/4/2025 12:00:00 AM,115,100
P14019,ทุเรียนชะนี,ขายปลีก,ผลไม้,8/5/2025 12:00:00 AM,115,100
P14019,ทุเรียนชะนี,ขายปลีก,ผลไม้,8/6/2025 12:00:00 AM,115,100
P14019,ทุเรียนชะนี,ขายปลีก,ผลไม้,8/7/2025 12:00:00 AM,0,0
P14019,ทุเรียนชะนี,ขายปลีก,ผลไม้,5/5/2026 12:00:00 AM,150,120
P14019,ทุเรียนชะนี,ขายปลีก,ผลไม้,5/6/2026 12:00:00 AM,150,120
P14019,ทุเรียนชะนี,ขายปลีก,ผลไม้,5/7/2026 12:00:00 AM,150,120
P14019,ทุเรียนชะนี,ขายปลีก,ผลไม้,5/8/2026 12:00:00 AM,150,120
P14019,ทุเรียนชะนี,ขายปลีก,ผลไม้,5/11/2026 12:00:00 AM,150,120
P14019,ทุเรียนชะนี,ขายปลีก,ผลไม้,5/12/2026 12:00:00 AM,150,120
P14019,ทุเรียนชะนี,ขายปลีก,ผลไม้,5/14/2026 12:00:00 AM,150,120
P14019,ทุเรียนชะนี,ขายปลีก,ผลไม้,5/15/2026 12:00:00 AM,150,120
P14019,ทุเรียนชะนี,ขายปลีก,ผลไม้,5/18/2026 12:00:00 AM,150,120
P14019,ทุเรียนชะนี,ขายปลีก,ผลไม้,5/19/2026 12:00:00 AM,150,120
P14019,ทุเรียนชะนี,ขายปลีก,ผลไม้,5/20/2026 12:00:00 AM,150,120
P14019,ทุเรียนชะนี,ขายปลีก,ผลไม้,5/21/2026 12:00:00 AM,150,120
P14019,ทุเรียนชะนี,ขายปลีก,ผลไม้,5/22/2026 12:00:00 AM,150,120
P14019,ทุเรียนชะนี,ขายปลีก,ผลไม้,5/25/2026 12:00:00 AM,130,100
P14019,ทุเรียนชะนี,ขายปลีก,ผลไม้,5/26/2026 12:00:00 AM,130,100
P14019,ทุเรียนชะนี,ขายปลีก,ผลไม้,5/27/2026 12:00:00 AM,130,100
P14019,ทุเรียนชะนี,ขายปลีก,ผลไม้,5/28/2026 12:00:00 AM,130,100
P14019,ทุเรียนชะนี,ขายปลีก,ผลไม้,5/29/2026 12:00:00 AM,130,100
P14019,ทุเรียนชะนี,ขายปลีก,ผลไม้,6/2/2026 12:00:00 AM,130,100
P14019,ทุเรียนชะนี,ขายปลีก,ผลไม้,6/4/2026 12:00:00 AM,130,100
P14019,ทุเรียนชะนี,ขายปลีก,ผลไม้,6/5/2026 12:00:00 AM,130,100
P14019,ทุเรียนชะนี,ขายปลีก,ผลไม้,6/8/2026 12:00:00 AM,130,100
P14019,ทุเรียนชะนี,ขายปลีก,ผลไม้,6/9/2026 12:00:00 AM,130,100
P14019,ทุเรียนชะนี,ขายปลีก,ผลไม้,6/10/2026 12:00:00 AM,130,100
P14019,ทุเรียนชะนี,ขายปลีก,ผลไม้,6/11/2026 12:00:00 AM,130,100
P14019,ทุเรียนชะนี,ขายปลีก,ผลไม้,6/12/2026 12:00:00 AM,130,100
P14019,ทุเรียนชะนี,ขายปลีก,ผลไม้,6/15/2026 12:00:00 AM,130,100
P14019,ทุเรียนชะนี,ขายปลีก,ผลไม้,6/16/2026 12:00:00 AM,130,100
P14019,ทุเรียนชะนี,ขายปลีก,ผลไม้,6/17/2026 12:00:00 AM,130,100
P14019,ทุเรียนชะนี,ขายปลีก,ผลไม้,6/18/2026 12:00:00 AM,130,100
P14019,ทุเรียนชะนี,ขายปลีก,ผลไม้,6/19/2026 12:00:00 AM,130,100
P14019,ทุเรียนชะนี,ขายปลีก,ผลไม้,6/22/2026 12:00:00 AM,130,100
P14019,ทุเรียนชะนี,ขายปลีก,ผลไม้,6/23/2026 12:00:00 AM,130,100
P14019,ทุเรียนชะนี,ขายปลีก,ผลไม้,6/24/2026 12:00:00 AM,130,100
P14019,ทุเรียนชะนี,ขายปลีก,ผลไม้,6/25/2026 12:00:00 AM,130,100
P14019,ทุเรียนชะนี,ขายปลีก,ผลไม้,6/26/2026 12:00:00 AM,130,100
P14019,ทุเรียนชะนี,ขายปลีก,ผลไม้,6/29/2026 12:00:00 AM,130,100
P14019,ทุเรียนชะนี,ขายปลีก,ผลไม้,6/30/2026 12:00:00 AM,130,100
P14019,ทุเรียนชะนี,ขายปลีก,ผลไม้,7/1/2026 12:00:00 AM,130,100
P14019,ทุเรียนชะนี,ขายปลีก,ผลไม้,7/2/2026 12:00:00 AM,130,100
P14019,ทุเรียนชะนี,ขายปลีก,ผลไม้,7/3/2026 12:00:00 AM,130,100
P14019,ทุเรียนชะนี,ขายปลีก,ผลไม้,7/6/2026 12:00:00 AM,130,100
P14019,ทุเรียนชะนี,ขายปลีก,ผลไม้,7/7/2026 12:00:00 AM,130,100
P14019,ทุเรียนชะนี,ขายปลีก,ผลไม้,7/8/2026 12:00:00 AM,130,100
P14019,ทุเรียนชะนี,ขายปลีก,ผลไม้,7/9/2026 12:00:00 AM,130,100
P14019,ทุเรียนชะนี,ขายปลีก,ผลไม้,7/10/2026 12:00:00 AM,130,100
P14019,ทุเรียนชะนี,ขายปลีก,ผลไม้,7/13/2026 12:00:00 AM,120,100
P14019,ทุเรียนชะนี,ขายปลีก,ผลไม้,7/14/2026 12:00:00 AM,120,100
P14019,ทุเรียนชะนี,ขายปลีก,ผลไม้,7/15/2026 12:00:00 AM,120,100
P14019,ทุเรียนชะนี,ขายปลีก,ผลไม้,7/16/2026 12:00:00 AM,120,100
P14019,ทุเรียนชะนี,ขายปลีก,ผลไม้,7/17/2026 12:00:00 AM,120,100
P14019,ทุเรียนชะนี,ขายปลีก,ผลไม้,7/20/2026 12:00:00 AM,120,100
P14019,ทุเรียนชะนี,ขายปลีก,ผลไม้,7/21/2026 12:00:00 AM,120,100
P14019,ทุเรียนชะนี,ขายปลีก,ผลไม้,7/22/2026 12:00:00 AM,120,100
P14019,ทุเรียนชะนี,ขายปลีก,ผลไม้,7/23/2026 12:00:00 AM,120,100
P14019,ทุเรียนชะนี,ขายปลีก,ผลไม้,7/24/2026 12:00:00 AM,120,100
P14019,ทุเรียนชะนี,ขายปลีก,ผลไม้,7/27/2026 12:00:00 AM,120,100
P14019,ทุเรียนชะนี,ขายปลีก,ผลไม้,7/31/2026 12:00:00 AM,120,100
P14019,ทุเรียนชะนี,ขายปลีก,ผลไม้,8/3/2026 12:00:00 AM,120,100
P14019,ทุเรียนชะนี,ขายปลีก,ผลไม้,8/4/2026 12:00:00 AM,120,100
P14019,ทุเรียนชะนี,ขายปลีก,ผลไม้,8/5/2026 12:00:00 AM,120,100
P14019,ทุเรียนชะนี,ขายปลีก,ผลไม้,8/6/2026 12:00:00 AM,120,100
P14019,ทุเรียนชะนี,ขายปลีก,ผลไม้,8/7/2026 12:00:00 AM,120,100
