week_end,season_id,observed,price_min,price_max,price_mid,imputed,n_days,price_range,mid_lag1,mid_lag2,mid_ma4,chg_1w,week_of_season,woy_sin,woy_cos,month,retail_mid,retail_spread,rain_7d,rain_30d,rain_90d,tmax_7d,tmin_7d,rh_7d,cny_thb,cny_thb_chg_4w,days_to_festival,pre_festival,target_h1,target_days_to_festival_h1,target_pre_festival_h1,target_h2,target_days_to_festival_h2,target_pre_festival_h2
2010-04-04,1.0,1,30.0,35.0,32.5,0,2,5.0,,,,,1.0,0.9999853193408178,0.00541858863936743,4,,,35.325,74.925,143.75,30.657142857142855,25.72857142857143,82.82142857142857,4.7434,-0.007470025737063346,,0,32.5,,0.0,32.5,,0.0
2010-04-11,1.0,1,30.0,35.0,32.5,0,4,5.0,32.5,,32.5,0.0,2.0,0.9933953517278383,-0.11474177602566749,4,,,4.000000000000002,72.575,127.675,31.946428571428573,26.567857142857143,78.21428571428571,4.7246,-0.00916469181888735,,0,32.5,,0.0,32.5,,0.0
2010-04-18,1.0,1,30.0,35.0,32.5,0,1,5.0,32.5,32.5,32.5,0.0,3.0,0.9724190913312905,-0.23324045707043928,4,,,34.075,99.25,159.35,31.828571428571426,26.12142857142857,78.82142857142857,4.7242,-0.0008882497250655152,,0,32.5,,0.0,32.5,,0.0
2010-04-25,1.0,1,30.0,35.0,32.5,0,5,5.0,32.5,32.5,32.5,0.0,4.0,0.9373603151147408,-0.34836136359819486,4,42.5,10.0,25.475000000000005,105.425,170.775,31.660714285714285,26.37142857142857,81.53571428571429,4.7184,-0.006255133632400378,,0,32.5,,0.0,32.5,,0.0
2010-05-02,1.0,1,30.0,35.0,32.5,0,5,5.0,32.5,32.5,32.5,0.0,5.0,0.8887267422037195,-0.45843732144314286,5,42.5,10.0,44.525000000000006,120.675,208.6,31.171428571428574,26.228571428571428,82.96428571428571,4.7405,-0.0006113758063837071,,0,32.5,,0.0,27.75,,0.0
2010-05-09,1.0,1,30.0,35.0,32.5,0,4,5.0,32.5,32.5,32.5,0.0,6.0,0.8272226811273455,-0.5618742170882073,5,42.5,10.0,15.800000000000004,120.825,216.825,31.832142857142856,27.039285714285715,80.67857142857143,4.7369,0.002603394996401942,,0,27.75,,0.0,24.0,,0.0
2010-05-16,1.0,1,26.75,28.75,27.75,0,4,2.0,32.5,32.5,31.3125,-0.15800424914324832,7.0,0.7537388300638258,-0.6571740835227871,5,36.25,8.5,37.75,146.875,252.1,31.61785714285714,26.975,83.71428571428571,4.7438,0.004148850599043241,,0,24.0,,0.0,24.0,,0.0
2010-05-23,1.0,1,23.0,25.0,24.0,0,5,2.0,27.75,32.5,29.1875,-0.14518200984449783,8.0,0.6693393778020698,-0.7429567937124865,5,31.5,7.5,47.325,157.0,288.325,31.15,26.642857142857142,84.32142857142857,4.7505,0.00680315361139372,,0,24.0,,0.0,25.7,,0.0
2010-05-30,1.0,1,23.0,25.0,24.0,0,4,2.0,24.0,27.75,27.0625,0.0,9.0,0.5752465922225328,-0.8179800475172747,5,32.5,8.5,98.25,217.27499999999998,382.175,29.914285714285715,25.942857142857143,87.42857142857143,4.767,0.005590127623668506,,0,25.7,,0.0,24.0,,0.0
2010-06-06,1.0,1,24.4,27.0,25.7,0,5,2.6000000000000014,24.0,24.0,25.3625,0.06843716155322847,10.0,0.4728231194859959,-0.8811573626087066,6,32.5,6.800000000000001,53.20000000000001,237.725,435.325,30.49285714285714,26.435714285714287,85.14285714285714,4.7754,0.008127678439485697,,0,24.0,,0.0,28.8,,0.0
2010-06-13,1.0,1,23.0,25.0,24.0,0,5,2.0,25.7,24.0,24.425,-0.06843716155322849,11.0,0.3635522502723814,-0.9315738088428033,6,32.5,8.5,53.075,267.0,481.05,30.167857142857144,25.817857142857147,85.5,4.7517,0.0016653315907078081,,0,28.8,,0.0,33.5,,0.0
2010-06-20,1.0,1,27.0,30.6,28.8,0,5,3.6000000000000014,24.0,25.7,25.625,0.1823215567939546,12.0,0.24901643885277955,-0.9684992582243312,6,40.5,11.7,70.375,294.1,541.875,30.25357142857143,25.90357142857143,85.53571428571429,4.7471,-0.0007157141353542062,,0,33.5,,0.0,33.5,,0.0
2010-06-27,1.0,1,32.0,35.0,33.5,0,5,3.0,28.8,24.0,28.0,0.15117005168912048,13.0,0.1308743860801995,-0.9913989585772879,6,47.5,14.0,84.85000000000001,272.7,601.075,29.375,25.557142857142857,87.28571428571429,4.7725,0.0011537654709459222,,0,33.5,,0.0,,,0.0
2010-07-04,1.0,1,32.0,35.0,33.5,0,3,3.0,33.5,28.8,29.95,0.0,14.0,0.010837018181828733,-0.9999412777943146,7,47.5,14.0,75.35000000000001,301.75,643.975,28.79642857142857,25.29642857142857,87.96428571428571,4.7869,0.0024081752313942495,,0,,,0.0,,,0.0
2010-07-11,,0,,,,0,0,,,,,,,-0.10935729077348681,-0.9940025065132799,7,47.5,,43.7,278.925,683.6999999999999,29.989285714285717,25.421428571428574,85.10714285714286,4.7745,0.004798282719868707,,0,,,0.0,,,0.0
2010-07-18,,0,,,,0,0,,,,,,,-0.2279678939057896,-0.9736686496689512,7,47.5,,77.72500000000001,301.225,720.85,29.285714285714285,25.439285714285713,87.42857142857143,4.7565,0.001980156305955383,,0,,,0.0,,,0.0
2010-07-25,,0,,,,0,0,,,,,,,-0.34327707946926905,-0.9392341809746114,7,,,77.975,286.025,773.7,29.25357142857143,25.289285714285715,86.28571428571429,4.7546,-0.0037506547930853396,,0,,,0.0,,,0.0
2010-08-01,,0,,,,0,0,,,,,,,-0.4536149466522629,-0.8911977783711451,8,,,114.1,336.675,844.075,28.74642857142857,24.860714285714288,88.46428571428571,4.7638,-0.0048256700578663825,,0,,,0.0,,,0.0
2010-08-08,,0,,,,0,0,,,,,,,-0.5573835889821389,-0.830255102202564,8,,,96.925,377.27500000000003,928.725,28.710714285714285,25.003571428571426,87.53571428571429,4.7387,-0.007498167347366191,,0,,,0.0,,,0.0
2010-08-15,,0,,,,0,0,,,,,,,-0.6530802351124095,-0.7572887207040125,8,,,105.6,415.55,992.3000000000001,28.37142857142857,24.896428571428572,89.03571428571429,4.692,-0.013560391043834663,,0,,,0.0,,,0.0
2010-08-22,,0,,,,0,0,,,,,,,-0.7393190118685713,-0.6733553287007383,8,,,59.5,409.325,1002.975,29.25714285714286,24.939285714285713,87.17857142857143,4.6425,-0.023577167374752794,,0,,,0.0,,,0.0
2010-08-29,,0,,,,0,0,,,,,,,-0.8148510143815274,-0.579670444616073,8,,,75.14999999999999,367.3,984.825,28.87857142857143,24.96071428571429,88.0,4.6097,-0.03234812544607235,,0,,,0.0,,,0.0
2010-09-05,,0,,,,0,0,,,,,,,-0.8785823926541031,-0.4775908074054518,9,,,68.125,337.82500000000005,990.025,29.15357142857143,25.13571428571429,87.03571428571429,4.5834,-0.0327727013737944,,0,,,0.0,,,0.0
2010-09-12,,0,,,,0,0,,,,,,,-0.9295901926320701,-0.36859472834302814,9,,,69.975,298.59999999999997,1013.0500000000001,28.946428571428573,24.849999999999998,87.32142857142857,4.5468,-0.030946291560102313,,0,,,0.0,,,0.0
2010-09-19,,0,,,,0,0,,,,,,,-0.9671357223702196,-0.2542606822051601,9,,,76.375,307.95,1004.8000000000001,28.82857142857143,24.400000000000002,88.42857142857143,4.5728,-0.015013462574044123,,0,,,0.0,,,0.0
2010-09-26,,0,,,,0,0,,,,,,,-0.990675249725465,-0.1362444478919698,9,,,41.8,281.975,973.125,29.978571428571428,25.142857142857142,85.78571428571429,4.5745,-0.007636071761719987,,0,,,0.0,,,0.0
2010-10-03,,0,,,,0,0,,,,,,,-0.9998678766536084,-0.016255129535149522,10,,,90.3,302.225,992.125,29.55,24.707142857142856,88.35714285714286,4.5146,-0.015010690753589184,,0,,,0.0,,,0.0
2010-10-10,,0,,,,0,0,,,,,,,-0.9945804760746727,0.10396959464707627,10,,,71.375,303.1,1016.4250000000001,29.039285714285715,24.767857142857142,88.39285714285714,4.5067,-0.008819389460719584,,0,,,0.0,,,0.0
2010-10-17,,0,,,,0,0,,,,,,,-0.9748896198114074,0.22268863730322982,10,,,176.97500000000002,396.04999999999995,1118.55,27.057142857142857,24.096428571428568,91.60714285714286,4.4903,-0.018041462561231514,,0,,,0.0,,,0.0
2010-10-24,,0,,,,0,0,,,,,,,-0.9410804696806755,0.3381827162727261,10,,,50.224999999999994,400.225,1076.05,29.349999999999998,24.37857142857143,86.67857142857143,4.4965,-0.017051043829926615,,0,,,0.0,,,0.0
2010-10-31,,0,,,,0,0,,,,,,,-0.8936426477968741,0.44877925312851974,10,,,41.52499999999999,383.7,999.025,27.778571428571432,23.589285714285715,79.28571428571429,4.4905,-0.005338235945598679,,0,,,0.0,,,0.0
2010-11-07,,0,,,,0,0,,,,,,,-0.833263145893403,0.5528765953590633,11,,,32.3,321.34999999999997,941.15,27.282142857142855,22.710714285714285,72.14285714285714,4.4523,-0.012070916635232076,,0,,,0.0,,,0.0
2010-11-14,,0,,,,0,0,,,,,,,-0.7608163763489766,0.6489672114053316,11,,,27.075000000000003,173.45,878.5749999999999,28.642857142857142,23.814285714285717,76.78571428571429,4.49,-6.681068080083286e-05,,0,,,0.0,,,0.0
2010-11-21,,0,,,,0,0,,,,,,,-0.6773515089992288,0.7356595226437754,11,,,15.375,124.825,815.275,29.325,24.317857142857143,80.96428571428571,4.5094,0.002868898031802569,,0,,,0.0,,,0.0
2010-11-28,,0,,,,0,0,,,,,,,-0.5840772771211428,0.8116980561457271,11,,,8.049999999999999,82.8,760.975,30.178571428571427,23.982142857142858,77.21428571428571,4.5437,0.01184723304754498,,0,,,0.0,,,0.0
2010-12-05,,0,,,,0,0,,,,,,,-0.4823444726291631,0.8759816263621598,12,,,9.225,60.275,702.625,29.889285714285712,24.489285714285717,71.5,4.5105,0.013071895424836555,,0,,,0.0,,,0.0
2010-12-12,,0,,,,0,0,,,,,,,-0.3736263839865089,0.9275792824277426,12,,,19.900000000000002,64.95,652.075,29.482142857142858,23.932142857142853,76.85714285714286,4.5172,0.006057906458797335,,0,,,0.0,,,0.0
2010-12-19,,0,,,,0,0,,,,,,,-0.25949746012870334,0.9657437901362618,12,,,22.375,63.925,605.0,28.41785714285714,22.953571428571426,77.42857142857143,4.5304,0.004656938838869973,,0,,,0.0,,,0.0
2010-12-26,,0,,,,0,0,,,,,,,-0.1416105093871293,0.9899224533422392,12,,,5.45,57.825,557.8249999999999,30.289285714285715,23.2,77.42857142857143,4.5584,0.0032352488060389817,,0,,,0.0,,,0.0
2011-01-02,,0,,,,0,0,,,,,,,-0.021672763616436087,0.9997651180738534,1,,,0.025,48.25,459.47499999999997,29.982142857142858,22.61428571428571,61.0,4.5534,0.009511140671765839,,0,,,0.0,,,0.0
2011-01-09,,0,,,,0,0,,,,,,,0.12012289230803276,0.9927590295452128,1,,,6.874999999999999,37.45,396.75,30.035714285714285,23.185714285714287,67.32142857142857,4.5891,0.015916939697157684,,0,,,0.0,,,0.0
2011-01-16,,0,,,,0,0,,,,,,,0.23850617198777344,0.9711409814871055,1,,,3.3000000000000003,16.75,232.1,29.271428571428572,21.964285714285715,65.60714285714286,4.6251,0.020903231502736874,,0,,,0.0,,,0.0
2011-01-23,,0,,,,0,0,,,,,,,0.35343541937821843,0.9354589271202359,1,,,0.575,11.125,182.675,30.010714285714283,21.0,64.03571428571429,4.6629,0.022924710424710337,,0,,,0.0,,,0.0
2011-01-30,,0,,,,0,0,,,,,,,0.46324623590987735,0.8862296118474773,1,,,1.7000000000000002,12.475,150.15,31.071428571428573,23.942857142857143,60.17857142857143,4.7014,0.03250318443360989,,0,,,0.0,,,0.0
2011-02-06,,0,,,,0,0,,,,,,,0.5663483478265068,0.8241659717036285,2,,,0.3,6.2749999999999995,118.625,30.785714285714285,22.57857142857143,64.03571428571429,4.6788,0.01954631627116421,,0,,,0.0,,,0.0
2011-02-13,,0,,,,0,0,,,,,,,0.6612486364356777,0.7501668086578858,2,,,6.8,9.375,99.075,29.800000000000004,23.842857142857138,78.39285714285714,4.6792,0.011697044388229383,,0,,,0.0,,,0.0
2011-02-20,,0,,,,0,0,,,,,,,0.7465727613654504,0.6653037742168356,2,,,29.424999999999997,38.574999999999996,113.775,29.517857142857142,24.232142857142858,82.03571428571429,4.6545,-0.00180145403075338,,0,,,0.0,,,0.0
2011-02-27,,0,,,,0,0,,,,,,,0.821085063680431,0.5708058498306605,2,,,49.02499999999999,86.14999999999999,152.925,28.571428571428573,24.246428571428574,84.28571428571429,4.6571,-0.009422725145701194,,0,,,0.0,,,0.0
2011-03-06,,0,,,,0,0,,,,,,,0.8837064606214575,0.46804154885639837,3,,,23.649999999999995,109.125,160.29999999999998,29.667857142857144,24.446428571428573,83.46428571428571,4.642,-0.007865264597760047,,0,,,0.0,,,0.0
2011-03-13,,0,,,,0,0,,,,,,,0.933530072818355,0.3584990978283722,3,,,43.675,147.2,190.725,29.41785714285714,24.42142857142857,84.78571428571429,4.6331,-0.009852111472046565,,0,,,0.0,,,0.0
2011-03-20,,0,,,,0,0,,,,,,,0.9698343576633864,0.24376488404946006,3,,,26.849999999999998,145.82500000000002,197.64999999999998,28.114285714285717,22.74285714285714,78.75,4.6109,-0.009367278977333693,,0,,,0.0,,,0.0
2011-03-27,,0,,,,0,0,,,,,,,0.9920935586486618,0.12550048162391395,3,,,98.32499999999999,201.175,290.52500000000003,28.599999999999998,23.921428571428574,81.5,4.6128,-0.009512357475682243,,0,,,0.0,,,0.0
2011-04-03,,0,,,,0,0,,,,,,,0.9999853193408178,0.00541858863936743,4,,,88.6,259.6,378.925,26.685714285714287,21.457142857142856,76.92857142857143,4.6245,-0.0037699267557087524,,0,,,0.0,,,0.0
2011-04-10,,0,,,,0,0,,,,,,,0.9933953517278383,-0.11474177602566749,4,,,69.75,289.6,441.85,28.860714285714288,23.910714285714285,88.10714285714286,4.5981,-0.0075543372687834065,,0,,,0.0,,,0.0
2011-04-17,,0,,,,0,0,,,,,,,0.9724190913312905,-0.23324045707043928,4,,,20.075,277.925,458.57500000000005,29.210714285714285,24.307142857142857,84.25,4.6126,0.00036869157865049296,,0,,,0.0,,,0.0
2011-04-24,,0,,,,0,0,,,,,,,0.9373603151147408,-0.34836136359819486,4,,,48.0,245.875,505.975,29.60357142857143,25.157142857142855,85.32142857142857,4.6058,-0.0015175164758930437,,0,,,0.0,,,0.0
2011-05-01,2.0,1,23.0,26.8,24.9,0,5,3.8000000000000007,,,,,1.0,0.8887267422037195,-0.45843732144314286,5,35.5,10.600000000000001,40.949999999999996,188.325,545.425,29.66785714285714,24.910714285714285,86.17857142857143,4.6018,-0.004908638771759177,,0,22.5,,0.0,22.5,,0.0
2011-05-08,2.0,1,20.0,25.0,22.5,0,4,5.0,24.9,,23.7,-0.10135249426028746,2.0,0.8272226811273455,-0.5618742170882073,5,32.5,10.0,64.1,188.125,605.625,29.732142857142858,25.446428571428573,85.64285714285714,4.6603,0.013527326504425785,,0,22.5,,0.0,20.833333333333332,,0.0
2011-05-15,2.0,1,20.0,25.0,22.5,0,4,5.0,22.5,24.9,23.3,0.0,3.0,0.7537388300638258,-0.6571740835227871,5,32.5,10.0,63.77499999999999,223.275,660.3,28.99285714285714,25.325,87.67857142857143,4.652,0.00854182023153971,,0,20.833333333333332,,0.0,20.0,,0.0
2011-05-22,2.0,1,18.666666666666668,23.0,20.833333333333332,0,3,4.333333333333332,22.5,22.5,22.683333333333334,-0.07696104113612844,4.0,0.6693393778020698,-0.7429567937124865,5,29.166666666666668,8.333333333333336,44.099999999999994,237.125,661.225,30.17142857142857,25.339285714285715,84.53571428571429,4.6671,0.013309305658083082,,0,20.0,,0.0,23.2,,0.0
2011-05-29,2.0,1,18.0,22.0,20.0,0,5,4.0,20.833333333333332,22.5,21.458333333333336,-0.04082199452025505,5.0,0.5752465922225328,-0.8179800475172747,5,27.5,7.5,66.1,251.125,695.9,29.96071428571429,25.482142857142858,85.85714285714286,4.6774,0.016428354122299815,,0,23.2,,0.0,24.0,,0.0
2011-06-05,2.0,1,21.2,25.2,23.2,0,5,4.0,20.0,20.833333333333332,21.633333333333333,0.14842000511827322,6.0,0.4728231194859959,-0.8811573626087066,6,39.5,16.3,79.475,294.84999999999997,748.5,29.214285714285715,25.260714285714283,87.64285714285714,4.6825,0.004763641825633602,,0,24.0,,0.0,24.0,,0.0
2011-06-12,2.0,1,22.0,26.0,24.0,0,5,4.0,23.2,20.0,22.008333333333333,0.033901551675681416,7.0,0.3635522502723814,-0.9315738088428033,6,42.5,18.5,88.0,290.075,796.75,29.064285714285717,25.214285714285715,87.32142857142857,4.6897,0.008104041272571028,,0,24.0,,0.0,30.8,,0.0
2011-06-19,2.0,1,22.0,26.0,24.0,0,5,4.0,24.0,23.2,22.8,0.0,8.0,0.24901643885277955,-0.9684992582243312,6,42.5,18.5,100.925,339.4,868.025,28.307142857142853,25.05,88.89285714285714,4.7246,0.012320284545006555,,0,30.8,,0.0,32.5,,0.0
2011-06-26,2.0,1,28.4,33.2,30.8,0,5,4.800000000000004,24.0,24.0,25.5,0.24946085963158324,9.0,0.1308743860801995,-0.9913989585772879,6,50.5,19.7,26.8,319.15,755.475,29.325,25.814285714285717,83.75,4.739,0.013169709667764318,,0,32.5,,0.0,,,0.0
2011-07-03,2.0,1,30.0,35.0,32.5,0,1,5.0,30.8,24.0,27.825,0.053725399356163064,10.0,0.010837018181828733,-0.9999412777943146,7,52.5,20.0,89.14999999999999,319.375,790.9,28.232142857142858,24.77857142857143,89.17857142857143,4.7658,0.017789642285104046,,0,,,0.0,,,0.0
2011-07-10,,0,,,,0,0,,,,,,,-0.10935729077348681,-0.9940025065132799,7,52.5,,32.6,287.3,762.25,29.782142857142855,25.292857142857144,83.14285714285714,4.673,-0.0035609953728383825,,0,,,0.0,,,0.0
2011-07-17,,0,,,,0,0,,,,,,,-0.2279678939057896,-0.9736686496689512,7,52.5,,89.9,278.5,833.225,28.514285714285712,25.074999999999996,87.57142857142857,4.6541,-0.014921898150107915,,0,,,0.0,,,0.0
2011-07-24,,0,,,,0,0,,,,,,,-0.34327707946926905,-0.9392341809746114,7,,,79.625,297.375,855.45,28.889285714285712,25.085714285714285,86.32142857142857,4.624,-0.024266722937328566,,0,,,0.0,,,0.0
2011-07-31,,0,,,,0,0,,,,,,,-0.4536149466522629,-0.8911977783711451,7,,,99.0,324.72499999999997,921.8000000000001,28.160714285714285,24.8,87.25,4.6325,-0.02797012044147873,,0,,,0.0,,,0.0
2011-08-07,,0,,,,0,0,,,,,,,-0.5573835889821389,-0.830255102202564,8,,,56.70000000000001,348.79999999999995,898.65,29.303571428571427,25.314285714285713,84.75,4.6394,-0.007190241814680087,,0,,,0.0,,,0.0
2011-08-14,,0,,,,0,0,,,,,,,-0.6530802351124095,-0.7572887207040125,8,,,75.45,327.02500000000003,925.6,28.7,25.110714285714288,86.82142857142857,4.6834,0.006295524376356276,,0,,,0.0,,,0.0
2011-08-21,,0,,,,0,0,,,,,,,-0.7393190118685713,-0.6733553287007383,8,,,82.775,349.975,964.15,28.582142857142856,24.310714285714287,87.78571428571429,4.6623,0.008282871972318473,,0,,,0.0,,,0.0
2011-08-28,,0,,,,0,0,,,,,,,-0.8148510143815274,-0.579670444616073,8,,,109.425,354.25,987.75,29.053571428571427,24.83571428571429,87.57142857142857,4.6938,0.013232595790609869,,0,,,0.0,,,0.0
2011-09-04,,0,,,,0,0,,,,,,,-0.8785823926541031,-0.4775908074054518,9,,,80.3,378.20000000000005,1000.9,28.464285714285715,24.90357142857143,86.57142857142857,4.6881,0.010497047031943874,,0,,,0.0,,,0.0
2011-09-11,,0,,,,0,0,,,,,,,-0.9295901926320701,-0.36859472834302814,9,,,153.375,452.15000000000003,1062.9,28.075,24.7,89.21428571428571,4.7087,0.005402058333689341,,0,,,0.0,,,0.0
2011-09-18,,0,,,,0,0,,,,,,,-0.9671357223702196,-0.2542606822051601,9,,,72.625,428.55,1039.275,28.539285714285715,24.967857142857145,86.42857142857143,4.7592,0.020783733350492106,,0,,,0.0,,,0.0
2011-09-25,,0,,,,0,0,,,,,,,-0.990675249725465,-0.1362444478919698,9,,,144.95,514.2,1152.475,27.324999999999996,24.446428571428573,91.25,4.8397,0.031083557032681286,,0,,,0.0,,,0.0
2011-10-02,,0,,,,0,0,,,,,,,-0.9998678766536084,-0.016255129535149522,10,,,67.7,457.3,1142.6,28.24642857142857,24.65357142857143,88.10714285714286,4.8776,0.04042149271559903,,0,,,0.0,,,0.0
2011-10-09,,0,,,,0,0,,,,,,,-0.9945804760746727,0.10396959464707627,10,,,83.55000000000001,454.225,1191.3249999999998,28.064285714285713,24.021428571428572,89.10714285714286,4.8632,0.03281160405207384,,0,,,0.0,,,0.0
2011-10-16,,0,,,,0,0,,,,,,,-0.9748896198114074,0.22268863730322982,10,,,98.05,416.05,1200.8500000000001,27.864285714285717,24.021428571428572,90.03571428571429,4.818,0.012355017650025113,,0,,,0.0,,,0.0
2011-10-23,,0,,,,0,0,,,,,,,-0.9410804696806755,0.3381827162727261,10,,,29.4,310.65,1139.35,29.310714285714283,24.432142857142853,83.82142857142857,4.8525,0.0026447920325640695,,0,,,0.0,,,0.0
2011-10-30,,0,,,,0,0,,,,,,,-0.8936426477968741,0.44877925312851974,10,,,15.075,238.8,1056.325,30.014285714285716,24.73928571428571,81.28571428571429,4.8019,-0.015519927833360758,,0,,,0.0,,,0.0
2011-11-06,,0,,,,0,0,,,,,,,-0.833263145893403,0.5528765953590633,11,,,2.7750000000000004,173.175,1010.375,30.632142857142856,24.589285714285715,75.53571428571429,4.836,-0.005593025168613153,,0,,,0.0,,,0.0
2011-11-13,,0,,,,0,0,,,,,,,-0.7608163763489766,0.6489672114053316,11,,,24.200000000000003,94.8,942.95,29.392857142857142,23.978571428571428,81.42857142857143,4.858,0.00830220008302196,,0,,,0.0,,,0.0
2011-11-20,,0,,,,0,0,,,,,,,-0.6773515089992288,0.7356595226437754,11,,,3.15,55.075,880.1750000000001,30.84642857142857,24.175,73.78571428571429,4.8766,0.004966512107161147,,0,,,0.0,,,0.0
2011-11-27,,0,,,,0,0,,,,,,,-0.5840772771211428,0.8116980561457271,11,,,3.775,37.725,758.675,30.99285714285714,25.01071428571429,67.10714285714286,4.9287,0.02640621420687639,,0,,,0.0,,,0.0
2011-12-04,,0,,,,0,0,,,,,,,-0.4823444726291631,0.8759816263621598,12,,,2.375,34.8,691.65,30.560714285714287,23.48928571428571,70.67857142857143,4.854,0.003722084367245637,,0,,,0.0,,,0.0
2011-12-11,,0,,,,0,0,,,,,,,-0.3736263839865089,0.9275792824277426,12,,,11.0,28.174999999999997,533.375,28.99642857142857,22.853571428571428,69.57142857142857,4.8836,0.005269658295595114,,0,,,0.0,,,0.0
2011-12-18,,0,,,,0,0,,,,,,,-0.25949746012870334,0.9657437901362618,12,,,0.45,18.6,472.29999999999995,28.79642857142857,22.321428571428573,61.892857142857146,4.9461,0.014251732764631209,,0,,,0.0,,,0.0
2011-12-25,,0,,,,0,0,,,,,,,-0.1416105093871293,0.9899224533422392,12,,,0.1,13.924999999999999,332.0,29.114285714285717,22.900000000000002,62.42857142857143,4.9408,0.0024550084200702926,,0,,,0.0,,,0.0
2012-01-01,,0,,,,0,0,,,,,,,-0.021672763616436087,0.9997651180738534,1,,,0.075,13.275,265.125,29.907142857142855,22.985714285714284,62.67857142857143,5.0241,0.035043263288009774,,0,,,0.0,,,0.0
2012-01-08,,0,,,,0,0,,,,,,,0.12012289230803276,0.9927590295452128,1,,,25.974999999999998,27.075,196.375,29.646428571428572,23.296428571428574,76.5,5.016,0.027111147514128797,,0,,,0.0,,,0.0
2012-01-15,,0,,,,0,0,,,,,,,0.23850617198777344,0.9711409814871055,1,,,8.125,34.275,124.275,29.571428571428573,23.257142857142856,67.39285714285714,5.0309,0.0171448211722367,,0,,,0.0,,,0.0
2012-01-22,,0,,,,0,0,,,,,,,0.35343541937821843,0.9354589271202359,1,,,43.025,77.225,139.1,28.464285714285715,23.70714285714286,87.53571428571429,4.982,0.008338730569948272,,0,,,0.0,,,0.0
2012-01-29,,0,,,,0,0,,,,,,,0.46324623590987735,0.8862296118474773,1,,,18.425,95.625,143.3,29.164285714285715,23.396428571428572,84.85714285714286,4.9304,-0.01865010648673393,,0,,,0.0,,,0.0
2012-02-05,,0,,,,0,0,,,,,,,0.5663483478265068,0.8241659717036285,2,,,74.3,143.875,212.275,27.978571428571428,23.66428571428571,86.03571428571429,4.8937,-0.024381977671451338,,0,,,0.0,,,0.0
2012-02-12,,0,,,,0,0,,,,,,,0.6612486364356777,0.7501668086578858,2,,,7.725,151.25,197.45,28.935714285714283,24.150000000000002,84.25,4.9078,-0.024468782921544863,,0,,,0.0,,,0.0
2012-02-19,,0,,,,0,0,,,,,,,0.7465727613654504,0.6653037742168356,2,,,46.95,150.3,242.225,29.167857142857144,24.025000000000002,84.42857142857143,4.8896,-0.018546768366118127,,0,,,0.0,,,0.0
2012-02-26,,0,,,,0,0,,,,,,,0.821085063680431,0.5708058498306605,2,,,6.3999999999999995,140.0,244.47500000000002,30.110714285714288,23.782142857142855,80.60714285714286,4.8221,-0.021965763426902485,,0,,,0.0,,,0.0
2012-03-04,,0,,,,0,0,,,,,,,0.8837064606214575,0.46804154885639837,3,,,15.425,86.475,257.95,29.675,24.882142857142856,83.07142857142857,4.8541,-0.008092036700247274,,0,,,0.0,,,0.0
2012-03-11,,0,,,,0,0,,,,,,,0.933530072818355,0.3584990978283722,3,,,44.8,115.175,291.775,29.821428571428573,24.925,84.5,4.8434,-0.013121969110395648,,0,,,0.0,,,0.0
2012-03-18,,0,,,,0,0,,,,,,,0.9698343576633864,0.24376488404946006,3,,,18.85,125.7,310.17499999999995,30.432142857142857,24.871428571428574,82.78571428571429,4.8636,-0.005317408376963262,,0,,,0.0,,,0.0
2012-03-25,,0,,,,0,0,,,,,,,0.9920935586486618,0.12550048162391395,3,,,15.925,98.35,326.0,30.664285714285715,24.79285714285714,78.96428571428571,4.881,0.0122145953008026,,0,,,0.0,,,0.0
2012-04-01,,0,,,,0,0,,,,,,,0.9999853193408178,0.00541858863936743,4,,,17.25,100.625,334.95,31.571428571428573,25.32857142857143,77.60714285714286,4.8968,0.008796687336478426,,0,,,0.0,,,0.0
2012-04-08,,0,,,,0,0,,,,,,,0.9933953517278383,-0.11474177602566749,4,,,48.64999999999999,113.8,365.85,30.185714285714287,24.767857142857142,82.46428571428571,4.9165,0.015092703472767033,,0,,,0.0,,,0.0
2012-04-15,,0,,,,0,0,,,,,,,0.9724190913312905,-0.23324045707043928,4,,,38.95,129.35,388.925,30.0,25.160714285714285,85.03571428571429,4.8756,0.002467308166790083,,0,,,0.0,,,0.0
2012-04-22,,0,,,,0,0,,,,,,,0.9373603151147408,-0.34836136359819486,4,,,18.275,136.075,366.72499999999997,31.017857142857142,26.167857142857144,82.46428571428571,4.9004,0.003974595369801381,,0,,,0.0,,,0.0
2012-04-29,,0,,,,0,0,,,,,,,0.8887267422037195,-0.45843732144314286,4,,,29.049999999999997,143.425,343.55,30.803571428571427,26.467857142857138,82.85714285714286,4.8941,-0.0005513804933834354,,0,,,0.0,,,0.0
2012-05-06,3.0,1,28.0,30.0,29.0,0,4,2.0,,,,,1.0,0.8272226811273455,-0.5618742170882073,5,37.5,8.5,60.825,153.975,369.0,29.71071428571429,25.717857142857145,86.07142857142857,4.9063,-0.002074646598189789,,0,29.0,,0.0,29.0,,0.0
2012-05-13,3.0,1,28.0,30.0,29.0,0,3,2.0,29.0,,29.0,0.0,2.0,0.7537388300638258,-0.6571740835227871,5,37.5,8.5,55.37500000000001,174.52499999999998,416.625,29.946428571428573,25.367857142857144,85.89285714285714,4.9395,0.013106079251784308,,0,29.0,,0.0,29.0,,0.0
2012-05-20,3.0,1,28.0,30.0,29.0,0,5,2.0,29.0,29.0,29.0,0.0,3.0,0.6693393778020698,-0.7429567937124865,5,37.5,8.5,72.85000000000001,223.17499999999998,442.325,29.910714285714285,25.49285714285714,85.10714285714286,4.9531,0.010754224144967628,,0,29.0,,0.0,29.0,,0.0
2012-05-27,3.0,1,28.0,30.0,29.0,0,5,2.0,29.0,29.0,29.0,0.0,4.0,0.5752465922225328,-0.8179800475172747,5,37.5,8.5,101.05,303.45,534.0,29.23928571428571,25.571428571428573,86.64285714285714,5.0029,0.02223084939008202,,0,29.0,,0.0,29.0,,0.0
2012-06-03,3.0,1,28.0,30.0,29.0,0,5,2.0,29.0,29.0,29.0,0.0,5.0,0.4728231194859959,-0.8811573626087066,6,37.5,8.5,92.77499999999999,343.4,611.3,28.62142857142857,25.40357142857143,88.53571428571429,5.0082,0.02076921509080165,,0,29.0,,0.0,29.0,,0.0
2012-06-10,3.0,1,28.0,30.0,29.0,0,4,2.0,29.0,29.0,29.0,0.0,6.0,0.3635522502723814,-0.9315738088428033,6,37.5,8.5,115.45,395.525,681.975,28.446428571428573,25.303571428571427,88.10714285714286,4.9724,0.0066605931774472715,,0,29.0,,0.0,29.0,,0.0
2012-06-17,3.0,1,28.0,30.0,29.0,0,5,2.0,29.0,29.0,29.0,0.0,7.0,0.24901643885277955,-0.9684992582243312,6,37.5,8.5,47.02499999999999,370.375,712.25,29.182142857142857,25.62857142857143,83.32142857142857,4.9406,-0.002523672043770575,,0,29.0,,0.0,29.0,,0.0
2012-06-24,3.0,1,28.0,30.0,29.0,0,5,2.0,29.0,29.0,29.0,0.0,8.0,0.1308743860801995,-0.9913989585772879,6,37.5,8.5,24.15,318.375,715.4499999999999,29.6,25.75714285714286,81.78571428571429,4.9917,-0.0022387015530993537,,0,29.0,,0.0,29.0,,0.0
2012-07-01,3.0,1,28.0,30.0,29.0,0,5,2.0,29.0,29.0,29.0,0.0,9.0,0.010837018181828733,-0.9999412777943146,7,37.5,8.5,72.25,283.125,773.775,29.110714285714284,25.457142857142856,83.89285714285714,4.9834,-0.004951878918573738,,0,29.0,,0.0,,,0.0
2012-07-08,3.0,1,28.0,30.0,29.0,0,5,2.0,29.0,29.0,29.0,0.0,10.0,-0.10935729077348681,-0.9940025065132799,7,37.5,8.5,83.22500000000001,248.125,805.125,28.321428571428573,24.875,88.14285714285714,4.9676,-0.0009653286139490458,,0,,,0.0,,,0.0
2012-07-15,,0,,,,0,0,,,,,,,-0.2279678939057896,-0.9736686496689512,7,37.5,,76.275,281.8,843.6999999999999,28.492857142857144,24.696428571428573,87.32142857142857,4.9532,0.0025502975347124757,,0,,,0.0,,,0.0
2012-07-22,,0,,,,0,0,,,,,,,-0.34327707946926905,-0.9392341809746114,7,37.5,,33.675,268.25,859.85,29.553571428571427,25.428571428571427,83.53571428571429,4.9725,-0.0038463849990983956,,0,,,0.0,,,0.0
2012-07-29,,0,,,,0,0,,,,,,,-0.4536149466522629,-0.8911977783711451,7,,,65.325,288.2,890.625,28.828571428571426,25.25714285714286,84.78571428571429,4.9415,-0.008407914275394335,,0,,,0.0,,,0.0
2012-08-05,,0,,,,0,0,,,,,,,-0.5573835889821389,-0.830255102202564,8,,,24.375,219.175,855.625,28.90357142857143,25.517857142857142,83.39285714285714,4.9541,-0.0027176101135356623,,0,,,0.0,,,0.0
2012-08-12,,0,,,,0,0,,,,,,,-0.6530802351124095,-0.7572887207040125,8,,,34.675,169.475,839.5500000000001,29.303571428571427,25.632142857142856,82.46428571428571,4.948,-0.001049826374868612,,0,,,0.0,,,0.0
2012-08-19,,0,,,,0,0,,,,,,,-0.7393190118685713,-0.6733553287007383,8,,,59.825,191.20000000000002,823.675,29.307142857142857,25.160714285714285,84.35714285714286,4.9571,-0.003097033685269035,,0,,,0.0,,,0.0
2012-08-26,,0,,,,0,0,,,,,,,-0.8148510143815274,-0.579670444616073,8,,,65.575,206.625,773.35,29.050000000000004,24.89642857142857,86.71428571428571,4.9136,-0.005646058889001271,,0,,,0.0,,,0.0
2012-09-02,,0,,,,0,0,,,,,,,-0.8785823926541031,-0.4775908074054518,9,,,81.825,246.975,770.6,28.374999999999996,24.88571428571429,86.0,4.9349,-0.00387557780424308,,0,,,0.0,,,0.0
2012-09-09,,0,,,,0,0,,,,,,,-0.9295901926320701,-0.36859472834302814,9,,,74.775,288.775,733.075,28.425000000000004,24.507142857142856,87.71428571428571,4.9182,-0.00602263540824588,,0,,,0.0,,,0.0
2012-09-16,,0,,,,0,0,,,,,,,-0.9671357223702196,-0.2542606822051601,9,,,129.20000000000002,369.5,816.5999999999999,27.703571428571426,24.410714285714285,90.17857142857143,4.8709,-0.017389199330253513,,0,,,0.0,,,0.0
2012-09-23,,0,,,,0,0,,,,,,,-0.990675249725465,-0.1362444478919698,9,,,124.72500000000001,431.8,922.025,27.842857142857145,24.071428571428573,89.60714285714286,4.8863,-0.00555600781504384,,0,,,0.0,,,0.0
2012-09-30,,0,,,,0,0,,,,,,,-0.9998678766536084,-0.016255129535149522,9,,,189.575,546.9250000000001,1035.2749999999999,27.84642857142857,23.985714285714288,91.14285714285714,4.8992,-0.00723418914263696,,0,,,0.0,,,0.0
2012-10-07,,0,,,,0,0,,,,,,,-0.9945804760746727,0.10396959464707627,10,,,76.225,525.8249999999999,1024.05,28.91785714285714,24.107142857142858,88.60714285714286,4.8307,-0.01779106177056633,,0,,,0.0,,,0.0
2012-10-14,,0,,,,0,0,,,,,,,-0.9748896198114074,0.22268863730322982,10,,,42.5,486.0,1001.625,29.214285714285715,23.9,87.35714285714286,4.8901,0.003941776673715536,,0,,,0.0,,,0.0
2012-10-21,,0,,,,0,0,,,,,,,-0.9410804696806755,0.3381827162727261,10,,,20.900000000000002,355.375,988.0500000000001,29.717857142857145,24.150000000000002,84.25,4.9125,0.005361930294905948,,0,,,0.0,,,0.0
2012-10-28,,0,,,,0,0,,,,,,,-0.8936426477968741,0.44877925312851974,10,,,40.65,203.67499999999998,962.175,29.853571428571428,24.353571428571428,84.10714285714286,4.9192,0.004082299150881763,,0,,,0.0,,,0.0
2012-11-04,,0,,,,0,0,,,,,,,-0.833263145893403,0.5528765953590633,11,,,44.199999999999996,180.375,981.0500000000001,29.560714285714287,24.51071428571429,85.03571428571429,4.9266,0.019852195334009393,,0,,,0.0,,,0.0
2012-11-11,,0,,,,0,0,,,,,,,-0.7608163763489766,0.6489672114053316,11,,,27.174999999999997,138.67499999999998,973.375,29.775,24.61785714285714,86.39285714285714,4.9077,0.0035991084026911757,,0,,,0.0,,,0.0
2012-11-18,,0,,,,0,0,,,,,,,-0.6773515089992288,0.7356595226437754,11,,,49.45,162.175,963.45,29.57857142857143,24.782142857142855,85.82142857142857,4.9315,0.0038676844783716025,,0,,,0.0,,,0.0
2012-11-25,,0,,,,0,0,,,,,,,-0.5840772771211428,0.8116980561457271,11,,,61.35,182.925,952.425,28.853571428571428,24.37142857142857,89.35714285714286,4.9289,0.0019718653439582123,,0,,,0.0,,,0.0
2012-12-02,,0,,,,0,0,,,,,,,-0.4823444726291631,0.8759816263621598,12,,,36.1,183.0,909.0749999999999,29.010714285714283,24.232142857142858,87.03571428571429,4.928,0.00028417163967042747,,0,,,0.0,,,0.0
2012-12-09,,0,,,,0,0,,,,,,,-0.3736263839865089,0.9275792824277426,12,,,3.1000000000000005,161.97500000000002,839.2,29.528571428571432,23.939285714285717,82.85714285714286,4.9271,0.003952971860545773,,0,,,0.0,,,0.0
2012-12-16,,0,,,,0,0,,,,,,,-0.25949746012870334,0.9657437901362618,12,,,10.100000000000001,137.75,708.6750000000001,30.339285714285715,24.092857142857145,79.78571428571429,4.9039,-0.0055966744398255885,,0,,,0.0,,,0.0
2012-12-23,,0,,,,0,0,,,,,,,-0.1416105093871293,0.9899224533422392,12,,,3.9000000000000004,81.4,591.525,31.303571428571427,24.578571428571426,76.96428571428571,4.9154,-0.0027389478382600085,,0,,,0.0,,,0.0
2012-12-30,,0,,,,0,0,,,,,,,-0.021672763616436087,0.9997651180738534,12,,,2.95,22.225,399.575,30.675,23.6,67.42857142857143,4.9108,-0.003490259740259738,,0,,,0.0,,,0.0
2013-01-06,,0,,,,0,0,,,,,,,0.12012289230803276,0.9927590295452128,1,,,7.325,25.375,338.2,30.192857142857143,23.16428571428571,65.71428571428571,4.8968,-0.006149662073024809,,0,,,0.0,,,0.0
2013-01-13,,0,,,,0,0,,,,,,,0.23850617198777344,0.9711409814871055,1,,,2.8,19.35,302.525,30.239285714285717,23.439285714285717,76.39285714285714,4.8689,-0.0071371765329636405,,0,,,0.0,,,0.0
2013-01-20,,0,,,,0,0,,,,,,,0.35343541937821843,0.9354589271202359,1,,,3.5500000000000003,20.05,291.775,30.125,22.65357142857143,68.25,4.7812,-0.027301948976685475,,0,,,0.0,,,0.0
2013-01-27,,0,,,,0,0,,,,,,,0.46324623590987735,0.8862296118474773,1,,,20.575000000000003,35.5,267.875,29.910714285714285,23.842857142857145,79.60714285714286,4.8101,-0.02050582389834643,,0,,,0.0,,,0.0
2013-02-03,,0,,,,0,0,,,,,,,0.5663483478265068,0.8241659717036285,2,,,19.425,46.75000000000001,245.325,28.875,23.589285714285715,82.14285714285714,4.7854,-0.022749550727005352,,0,,,0.0,,,0.0
2013-02-10,,0,,,,0,0,,,,,,,0.6612486364356777,0.7501668086578858,2,,,9.3,54.6,215.65,30.14642857142857,24.614285714285717,81.71428571428571,4.7776,-0.01875166875474965,,0,,,0.0,,,0.0
2013-02-17,,0,,,,0,0,,,,,,,0.7465727613654504,0.6653037742168356,2,,,12.225,61.525000000000006,177.15,30.514285714285716,24.525,80.78571428571429,4.7929,0.002447084413954803,,0,,,0.0,,,0.0
2013-02-24,,0,,,,0,0,,,,,,,0.821085063680431,0.5708058498306605,2,,,4.175,59.6,124.35000000000001,30.392857142857142,24.546428571428574,74.75,4.7816,-0.00592503274360201,,0,,,0.0,,,0.0
2013-03-03,,0,,,,0,0,,,,,,,0.8837064606214575,0.46804154885639837,3,,,18.925,45.900000000000006,117.575,30.832142857142856,25.235714285714288,80.25,4.7865,0.00022986584193596116,,0,,,0.0,,,0.0
2013-03-10,,0,,,,0,0,,,,,,,0.933530072818355,0.3584990978283722,3,,,6.825,48.025,118.025,30.303571428571427,24.3,75.75,4.7785,0.00018837910247837542,,0,,,0.0,,,0.0
2013-03-17,,0,,,,0,0,,,,,,,0.9698343576633864,0.24376488404946006,3,,,24.475,60.225,136.4,30.485714285714284,25.13214285714286,81.32142857142857,4.7516,-0.008616912516430708,,0,,,0.0,,,0.0
2013-03-24,,0,,,,0,0,,,,,,,0.9920935586486618,0.12550048162391395,3,,,4.425,56.2,135.4,31.285714285714285,25.54285714285714,78.14285714285714,4.72,-0.012882717082148276,,0,,,0.0,,,0.0
2013-03-31,,0,,,,0,0,,,,,,,0.9999853193408178,0.00541858863936743,3,,,6.15,54.4,133.475,32.471428571428575,26.292857142857144,77.0,4.7014,-0.01777917058393408,,0,,,0.0,,,0.0
2013-04-07,,0,,,,0,0,,,,,,,0.9933953517278383,-0.11474177602566749,4,,,12.950000000000003,51.0,145.8,32.760714285714286,26.79642857142857,76.96428571428571,4.7263,-0.010923930103589052,,0,,,0.0,,,0.0
2013-04-14,,0,,,,0,0,,,,,,,0.9724190913312905,-0.23324045707043928,4,,,69.125,103.925,211.55,30.85,25.6,81.78571428571429,4.6883,-0.013321828436737126,,0,,,0.0,,,0.0
2013-04-21,,0,,,,0,0,,,,,,,0.9373603151147408,-0.34836136359819486,4,,,69.6,158.4,278.175,29.62142857142857,25.11785714285714,85.39285714285714,4.6295,-0.019173728813559276,,0,,,0.0,,,0.0
2013-04-28,,0,,,,0,0,,,,,,,0.8887267422037195,-0.45843732144314286,4,,,36.05,188.9,279.90000000000003,30.403571428571432,25.71071428571429,83.85714285714286,4.7526,0.010890373080359117,,0,,,0.0,,,0.0
2013-05-05,,0,,,,0,0,,,,,,,0.8272226811273455,-0.5618742170882073,5,,,30.4,205.275,304.625,30.764285714285712,26.282142857142855,82.96428571428571,4.8053,0.016714977889681126,,0,,,0.0,,,0.0
2013-05-12,,0,,,,0,0,,,,,,,0.7537388300638258,-0.6571740835227871,5,,,51.125,212.20000000000002,344.6,30.482142857142858,26.082142857142856,84.25,4.848,0.034063519825949795,,0,,,0.0,,,0.0
2013-05-19,,0,,,,0,0,,,,,,,0.6693393778020698,-0.7429567937124865,5,,,60.05,181.375,393.675,30.33214285714286,26.210714285714285,84.82142857142857,4.8487,0.04734852575872117,,0,,,0.0,,,0.0
2013-05-26,,0,,,,0,0,,,,,,,0.5752465922225328,-0.8179800475172747,5,,,71.675,222.05,460.225,29.61785714285714,25.72857142857143,86.21428571428571,4.8793,0.02665909186550519,,0,,,0.0,,,0.0
2013-06-02,,0,,,,0,0,,,,,,,0.4728231194859959,-0.8811573626087066,6,,,54.099999999999994,249.15,496.15,29.921428571428574,25.47142857142857,85.28571428571429,4.9481,0.029717187272386703,,0,,,0.0,,,0.0
2013-06-09,,0,,,,0,0,,,,,,,0.3635522502723814,-0.9315738088428033,6,,,64.60000000000001,269.40000000000003,553.5999999999999,29.49285714285714,25.314285714285717,87.21428571428571,4.9875,0.028774752475247523,,0,,,0.0,,,0.0
2013-06-16,,0,,,,0,0,,,,,,,0.24901643885277955,-0.9684992582243312,6,,,142.525,358.125,671.35,28.614285714285717,25.182142857142853,89.96428571428571,4.988,0.028729350135087817,,0,,,0.0,,,0.0
2013-06-23,,0,,,,0,0,,,,,,,0.1308743860801995,-0.9913989585772879,6,,,121.50000000000001,403.125,789.0,28.339285714285715,25.275000000000002,88.85714285714286,5.0726,0.03961633840919809,,0,,,0.0,,,0.0
2013-06-30,,0,,,,0,0,,,,,,,0.010837018181828733,-0.9999412777943146,6,,,57.325,405.925,833.0,29.478571428571428,25.25357142857143,85.78571428571429,5.0589,0.022392433459307748,,0,,,0.0,,,0.0
2013-07-07,,0,,,,0,0,,,,,,,-0.10935729077348681,-0.9940025065132799,7,,,78.5,405.7,906.5749999999999,28.62142857142857,25.16428571428571,87.21428571428571,5.0795,0.01844611528822071,,0,,,0.0,,,0.0
2013-07-14,,0,,,,0,0,,,,,,,-0.2279678939057896,-0.9736686496689512,7,,,89.075,391.5,917.25,27.960714285714285,24.432142857142857,88.10714285714286,5.0797,0.018384121892542016,,0,,,0.0,,,0.0
2013-07-21,,0,,,,0,0,,,,,,,-0.34327707946926905,-0.9392341809746114,7,,,95.30000000000001,357.2,948.5749999999999,28.050000000000004,24.914285714285715,86.53571428571429,5.0559,-0.0032921972952726364,,0,,,0.0,,,0.0
2013-07-28,,0,,,,0,0,,,,,,,-0.4536149466522629,-0.8911977783711451,7,,,123.675,391.8,1035.0749999999998,28.192857142857143,24.939285714285717,88.0,5.0787,0.00391389432485334,,0,,,0.0,,,0.0
2013-08-04,,0,,,,0,0,,,,,,,-0.5573835889821389,-0.830255102202564,8,,,103.75,444.075,1103.8,27.978571428571428,24.699999999999996,89.14285714285714,5.1212,0.008209469435968009,,0,,,0.0,,,0.0
2013-08-11,,0,,,,0,0,,,,,,,-0.6530802351124095,-0.7572887207040125,8,,,77.8,414.65000000000003,1135.4250000000002,28.817857142857147,24.60357142857143,87.17857142857143,5.1077,0.005512136543496693,,0,,,0.0,,,0.0
2013-08-18,,0,,,,0,0,,,,,,,-0.7393190118685713,-0.6733553287007383,8,,,67.375,395.725,1135.65,28.935714285714287,24.871428571428574,85.67857142857143,5.1154,0.0117684289641804,,0,,,0.0,,,0.0
2013-08-25,,0,,,,0,0,,,,,,,-0.8148510143815274,-0.579670444616073,8,,,60.575,324.025,1133.45,28.603571428571428,25.25,83.39285714285714,5.2287,0.029535117254415377,,0,,,0.0,,,0.0
2013-09-01,,0,,,,0,0,,,,,,,-0.8785823926541031,-0.4775908074054518,9,,,55.875,295.175,1128.575,29.089285714285715,25.032142857142855,86.17857142857143,5.2553,0.026185269077559914,,0,,,0.0,,,0.0
2013-09-08,,0,,,,0,0,,,,,,,-0.9295901926320701,-0.36859472834302814,9,,,49.2,256.65,1116.05,29.310714285714287,24.92142857142857,86.35714285714286,5.2872,0.035143019362922745,,0,,,0.0,,,0.0
2013-09-15,,0,,,,0,0,,,,,,,-0.9671357223702196,-0.2542606822051601,9,,,113.42500000000001,282.07500000000005,1067.8999999999999,28.264285714285712,24.321428571428573,89.5,5.2074,0.01798490831606525,,0,,,0.0,,,0.0
2013-09-22,,0,,,,0,0,,,,,,,-0.990675249725465,-0.1362444478919698,9,,,161.975,406.05,1122.425,27.517857142857142,24.653571428571432,90.35714285714286,5.0682,-0.03069596649262718,,0,,,0.0,,,0.0
2013-09-29,,0,,,,0,0,,,,,,,-0.9998678766536084,-0.016255129535149522,9,,,59.625,402.75,1129.325,28.553571428571427,24.853571428571428,86.89285714285714,5.1123,-0.027210625463817473,,0,,,0.0,,,0.0
2013-10-06,,0,,,,0,0,,,,,,,-0.9945804760746727,0.10396959464707627,10,,,160.05,522.1750000000001,1193.475,27.085714285714285,23.92142857142857,91.60714285714286,5.1142,-0.03272053260705099,,0,,,0.0,,,0.0
2013-10-13,,0,,,,0,0,,,,,,,-0.9748896198114074,0.22268863730322982,10,,,58.574999999999996,481.9,1168.2,28.99642857142857,23.88571428571429,87.17857142857143,5.1123,-0.018262472635096172,,0,,,0.0,,,0.0
2013-10-20,,0,,,,0,0,,,,,,,-0.9410804696806755,0.3381827162727261,10,,,58.025000000000006,376.40000000000003,1128.0,29.09642857142857,24.525,87.78571428571429,5.0927,0.0048340633755572515,,0,,,0.0,,,0.0
2013-10-27,,0,,,,0,0,,,,,,,-0.8936426477968741,0.44877925312851974,10,,,17.900000000000002,314.3,1035.9,28.807142857142857,23.96071428571429,83.71428571428571,5.1116,-0.00013692467186987578,,0,,,0.0,,,0.0
2013-11-03,,0,,,,0,0,,,,,,,-0.833263145893403,0.5528765953590633,11,,,4.8,200.0,939.675,29.910714285714285,24.107142857142858,80.82142857142857,5.1145,5.8660201008864377e-05,,0,,,0.0,,,0.0
2013-11-10,,0,,,,0,0,,,,,,,-0.7608163763489766,0.6489672114053316,11,,,40.325,126.875,893.875,29.510714285714283,24.078571428571426,79.67857142857143,5.1445,0.006298534906010955,,0,,,0.0,,,0.0
2013-11-17,,0,,,,0,0,,,,,,,-0.6773515089992288,0.7356595226437754,11,,,19.025,94.30000000000001,857.825,29.039285714285715,24.15357142857143,83.89285714285714,5.1859,0.018300704930586997,,0,,,0.0,,,0.0
2013-11-24,,0,,,,0,0,,,,,,,-0.5840772771211428,0.8116980561457271,11,,,36.125,104.65,833.925,29.310714285714283,24.232142857142858,78.57142857142857,5.2236,0.02191094764848578,,0,,,0.0,,,0.0
2013-12-01,,0,,,,0,0,,,,,,,-0.4823444726291631,0.8759816263621598,12,,,15.674999999999995,111.675,793.0000000000001,28.967857142857145,23.74285714285714,79.42857142857143,5.2611,0.02866360348030117,,0,,,0.0,,,0.0
2013-12-08,,0,,,,0,0,,,,,,,-0.3736263839865089,0.9275792824277426,12,,,0.0,73.1,739.2750000000001,28.37142857142857,22.182142857142853,68.10714285714286,5.3106,0.032286908348722054,,0,,,0.0,,,0.0
2013-12-15,,0,,,,0,0,,,,,,,-0.25949746012870334,0.9657437901362618,12,,,2.8249999999999966,59.375,624.8,29.814285714285713,22.525000000000002,75.10714285714286,5.2781,0.017778977612372016,,0,,,0.0,,,0.0
2013-12-22,,0,,,,0,0,,,,,,,-0.1416105093871293,0.9899224533422392,12,,,7.724999999999997,51.575,471.7,26.417857142857144,20.37857142857143,69.60714285714286,5.3704,0.0281032238303085,,0,,,0.0,,,0.0
2013-12-29,,0,,,,0,0,,,,,,,-0.021672763616436087,0.9997651180738534,12,,,0.0,10.55,406.875,27.321428571428573,19.87142857142857,62.142857142857146,5.4167,0.029575564045541736,,0,,,0.0,,,0.0
2014-01-05,,0,,,,0,0,,,,,,,0.12012289230803276,0.9927590295452128,1,,,0.19999999999999646,10.75,241.575,29.210714285714285,21.067857142857143,68.85714285714286,5.4527,0.02675780514442816,,0,,,0.0,,,0.0
2014-01-12,,0,,,,0,0,,,,,,,0.23850617198777344,0.9711409814871055,1,,,0.9749999999999964,11.025000000000002,202.15,30.85,22.79642857142857,71.0,5.4638,0.03518311513612837,,0,,,0.0,,,0.0
2014-01-19,,0,,,,0,0,,,,,,,0.35343541937821843,0.9354589271202359,1,,,0.09999999999999645,1.275,140.35,28.360714285714288,20.817857142857143,57.392857142857146,5.4292,0.010948905109489093,,0,,,0.0,,,0.0
2014-01-26,,0,,,,0,0,,,,,,,0.46324623590987735,0.8862296118474773,1,,,0.0,1.275,125.97500000000001,27.36428571428571,18.592857142857138,58.607142857142854,5.4324,0.0028984437018850784,,0,,,0.0,,,0.0
2014-02-02,,0,,,,0,0,,,,,,,0.5663483478265068,0.8241659717036285,2,,,0.02499999999999645,1.1,122.975,29.675,20.667857142857144,71.92857142857143,5.444,-0.0015955398243072683,,0,,,0.0,,,0.0
2014-02-09,,0,,,,0,0,,,,,,,0.6612486364356777,0.7501668086578858,2,,,1.5749999999999966,1.6999999999999997,84.05,29.51071428571429,22.860714285714288,77.85714285714286,5.42,-0.008016398843295858,,0,,,0.0,,,0.0
2014-02-16,,0,,,,0,0,,,,,,,0.7465727613654504,0.6653037742168356,2,,,9.299999999999997,11.0,73.27499999999999,29.39642857142857,23.382142857142856,78.46428571428571,5.3265,-0.01891623075222859,,0,,,0.0,,,0.0
2014-02-23,,0,,,,0,0,,,,,,,0.821085063680431,0.5708058498306605,2,,,9.699999999999996,20.6,42.925,28.782142857142855,22.821428571428573,78.57142857142857,5.342,-0.01664089536852964,,0,,,0.0,,,0.0
2014-03-02,,0,,,,0,0,,,,,,,0.8837064606214575,0.46804154885639837,3,,,3.2999999999999967,23.9,35.725,29.27142857142857,23.489285714285717,79.39285714285714,5.3095,-0.02470609845701688,,0,,,0.0,,,0.0
2014-03-09,,0,,,,0,0,,,,,,,0.933530072818355,0.3584990978283722,3,,,1.9499999999999964,24.25,37.675,30.371428571428574,23.73928571428571,77.07142857142857,5.2677,-0.028099630996310077,,0,,,0.0,,,0.0
2014-03-16,,0,,,,0,0,,,,,,,0.9698343576633864,0.24376488404946006,3,,,3.3999999999999964,20.725,32.6,30.99285714285714,24.646428571428572,77.32142857142857,5.2502,-0.014324603398103819,,0,,,0.0,,,0.0
2014-03-23,,0,,,,0,0,,,,,,,0.9920935586486618,0.12550048162391395,3,,,21.875,32.65,52.4,30.764285714285712,25.489285714285717,79.82142857142857,5.1977,-0.027012354923249604,,0,,,0.0,,,0.0
2014-03-30,,0,,,,0,0,,,,,,,0.9999853193408178,0.00541858863936743,3,,,19.074999999999996,46.3,71.35,30.664285714285715,25.410714285714285,80.96428571428571,5.2316,-0.014671814671814554,,0,,,0.0,,,0.0
2014-04-06,,0,,,,0,0,,,,,,,0.9933953517278383,-0.11474177602566749,4,,,36.625,81.65,107.30000000000001,31.089285714285715,25.79285714285714,81.46428571428571,5.2401,-0.005239478330200997,,0,,,0.0,,,0.0
2014-04-13,,0,,,,0,0,,,,,,,0.9724190913312905,-0.23324045707043928,4,,,26.125,106.05,133.05,30.703571428571426,25.50357142857143,81.21428571428571,5.2019,-0.00919964953716057,,0,,,0.0,,,0.0
2014-04-20,,0,,,,0,0,,,,,,,0.9373603151147408,-0.34836136359819486,4,,,36.775,130.89999999999998,169.72500000000002,30.675000000000004,25.646428571428572,82.75,5.176,-0.004174923523866281,,0,,,0.0,,,0.0
2014-04-27,,0,,,,0,0,,,,,,,0.8887267422037195,-0.45843732144314286,4,,,8.799999999999997,111.47500000000001,178.525,31.78928571428571,26.275,79.67857142857143,5.1571,-0.014240385350562046,,0,,,0.0,,,0.0
2014-05-04,4.0,1,30.0,35.0,32.5,0,4,5.0,,,,,1.0,0.8272226811273455,-0.5618742170882073,5,55.0,22.5,34.974999999999994,125.975,213.475,31.235714285714284,26.046428571428574,81.57142857142857,5.1689,-0.01358752695559251,,0,32.5,,0.0,32.5,,0.0
2014-05-11,4.0,1,30.0,35.0,32.5,0,3,5.0,32.5,,32.5,0.0,2.0,0.7537388300638258,-0.6571740835227871,5,55.0,22.5,27.249999999999996,122.825,239.14999999999998,31.192857142857147,26.217857142857138,82.5,5.2358,0.00651684961264154,,0,32.5,,0.0,32.5,,0.0
2014-05-18,4.0,1,30.0,35.0,32.5,0,4,5.0,32.5,32.5,32.5,0.0,3.0,0.6693393778020698,-0.7429567937124865,5,55.0,22.5,58.824999999999996,132.2,288.525,30.599999999999998,26.264285714285716,84.42857142857143,5.2135,0.007244976816074056,,0,32.5,,0.0,32.5,,0.0
2014-05-25,4.0,1,30.0,35.0,32.5,0,5,5.0,32.5,32.5,32.5,0.0,4.0,0.5752465922225328,-0.8179800475172747,5,55.0,22.5,29.349999999999998,152.6,306.625,31.29642857142857,25.99285714285714,81.46428571428571,5.2263,0.013418394058676508,,0,32.5,,0.0,32.5,,0.0
2014-06-01,4.0,1,30.0,35.0,32.5,0,5,5.0,32.5,32.5,32.5,0.0,5.0,0.4728231194859959,-0.8811573626087066,6,55.0,22.5,73.8,206.825,378.825,30.746428571428574,26.067857142857143,84.85714285714286,5.2567,0.016986205962584044,,0,32.5,,0.0,32.5,,0.0
2014-06-08,4.0,1,30.0,35.0,32.5,0,5,5.0,32.5,32.5,32.5,0.0,6.0,0.3635522502723814,-0.9315738088428033,6,55.0,22.5,58.75,230.775,435.52500000000003,30.23928571428571,25.939285714285717,85.42857142857143,5.2093,-0.005061308682531851,,0,32.5,,0.0,32.5,,0.0
2014-06-15,4.0,1,30.0,35.0,32.5,0,5,5.0,32.5,32.5,32.5,0.0,7.0,0.24901643885277955,-0.9684992582243312,6,55.0,22.5,112.2,302.40000000000003,543.575,29.35,25.907142857142855,87.92857142857143,5.2201,0.0012659441833702267,,0,32.5,,0.0,,,0.0
2014-06-22,4.0,1,30.0,35.0,32.5,0,1,5.0,32.5,32.5,32.5,0.0,8.0,0.1308743860801995,-0.9913989585772879,6,55.0,22.5,100.2,352.95,620.0,28.974999999999998,25.675000000000004,87.57142857142857,5.2124,-0.002659625356370765,,0,,,0.0,,,0.0
2014-06-29,,0,,,,0,0,,,,,,,0.010837018181828733,-0.9999412777943146,6,55.0,,70.05,366.175,672.8,29.04285714285714,25.739285714285717,85.32142857142857,5.2216,-0.006677192915707675,,0,,,0.0,,,0.0
2014-07-06,,0,,,,0,0,,,,,,,-0.10935729077348681,-0.9940025065132799,7,55.0,,59.6,355.7,692.75,29.75714285714286,25.853571428571428,84.53571428571429,5.2197,0.00199642946269174,,0,,,0.0,,,0.0
2014-07-13,,0,,,,0,0,,,,,,,-0.2279678939057896,-0.9736686496689512,7,,,110.62500000000001,374.9,776.15,28.75,25.625,86.17857142857143,5.1824,-0.007222083868125173,,0,,,0.0,,,0.0
2014-07-20,,0,,,,0,0,,,,,,,-0.34327707946926905,-0.9392341809746114,7,,,94.675,354.59999999999997,839.0500000000001,28.385714285714283,25.114285714285717,87.75,5.176,-0.006983347402348183,,0,,,0.0,,,0.0
2014-07-27,,0,,,,0,0,,,,,,,-0.4536149466522629,-0.8911977783711451,7,,,104.65,381.975,934.125,28.342857142857138,25.05,88.21428571428571,5.1374,-0.016125325570706117,,0,,,0.0,,,0.0
2014-08-03,,0,,,,0,0,,,,,,,-0.5573835889821389,-0.830255102202564,8,,,69.55,406.25,966.675,28.832142857142856,25.446428571428573,86.39285714285714,5.219,-0.0001341073241756252,,0,,,0.0,,,0.0
2014-08-10,,0,,,,0,0,,,,,,,-0.6530802351124095,-0.7572887207040125,8,,,97.7,396.825,1037.75,27.800000000000004,24.864285714285717,87.75,5.2182,0.006907996295152818,,0,,,0.0,,,0.0
2014-08-17,,0,,,,0,0,,,,,,,-0.7393190118685713,-0.6733553287007383,8,,,34.55,324.97499999999997,1013.175,29.54642857142857,25.267857142857142,84.78571428571429,5.1802,0.0008114374034002836,,0,,,0.0,,,0.0
2014-08-24,,0,,,,0,0,,,,,,,-0.8148510143815274,-0.579670444616073,8,,,50.275,271.95,1025.775,29.585714285714285,25.11785714285714,86.0,5.1939,0.010997780978705185,,0,,,0.0,,,0.0
2014-08-31,,0,,,,0,0,,,,,,,-0.8785823926541031,-0.4775908074054518,8,,,79.55000000000001,278.6,1037.425,28.242857142857144,24.592857142857145,87.92857142857143,5.2014,-0.0033722935428244227,,0,,,0.0,,,0.0
2014-09-07,,0,,,,0,0,,,,,,,-0.9295901926320701,-0.36859472834302814,9,,,89.82499999999999,256.775,1065.9750000000001,28.3,24.464285714285715,87.35714285714286,5.2237,0.0010540032961556811,,0,,,0.0,,,0.0
2014-09-14,,0,,,,0,0,,,,,,,-0.9671357223702196,-0.2542606822051601,9,,,92.15,324.775,1010.5,28.421428571428574,24.575,87.0,5.249,0.013281340488784155,,0,,,0.0,,,0.0
2014-09-21,,0,,,,0,0,,,,,,,-0.990675249725465,-0.1362444478919698,9,,,73.05,349.875,1012.925,28.910714285714285,24.814285714285717,86.82142857142857,5.2455,0.009934731126898688,,0,,,0.0,,,0.0
2014-09-28,,0,,,,0,0,,,,,,,-0.9998678766536084,-0.016255129535149522,9,,,48.60000000000001,323.20000000000005,999.45,29.710714285714285,25.042857142857144,86.32142857142857,5.2741,0.013977006190641017,,0,,,0.0,,,0.0
2014-10-05,,0,,,,0,0,,,,,,,-0.9945804760746727,0.10396959464707627,10,,,107.5,354.35,1042.25,29.239285714285717,24.467857142857138,88.85714285714286,5.2977,0.014166204031625051,,0,,,0.0,,,0.0
2014-10-12,,0,,,,0,0,,,,,,,-0.9748896198114074,0.22268863730322982,10,,,108.775,366.0,1037.25,28.157142857142862,24.05,88.25,5.295,0.008763574014097886,,0,,,0.0,,,0.0
2014-10-19,,0,,,,0,0,,,,,,,-0.9410804696806755,0.3381827162727261,10,,,34.3,304.125,981.75,29.585714285714285,24.792857142857144,81.71428571428571,5.2862,0.007759031550853113,,0,,,0.0,,,0.0
2014-10-26,,0,,,,0,0,,,,,,,-0.8936426477968741,0.44877925312851974,10,,,56.574999999999996,317.1,933.225,28.889285714285712,24.185714285714283,88.92857142857143,5.2986,0.004645342333289282,,0,,,0.0,,,0.0
2014-11-02,,0,,,,0,0,,,,,,,-0.833263145893403,0.5528765953590633,11,,,73.35,329.675,934.4,29.25,24.428571428571427,88.64285714285714,5.3334,0.006738773429979084,,0,,,0.0,,,0.0
2014-11-09,,0,,,,0,0,,,,,,,-0.7608163763489766,0.6489672114053316,11,,,36.7,217.0,882.9,29.49285714285714,24.653571428571432,86.32142857142857,5.3699,0.014145420207743342,,0,,,0.0,,,0.0
2014-11-16,,0,,,,0,0,,,,,,,-0.6773515089992288,0.7356595226437754,11,,,10.1,194.575,856.9499999999999,29.835714285714285,24.65,80.64285714285714,5.3608,0.014112216715220782,,0,,,0.0,,,0.0
2014-11-23,,0,,,,0,0,,,,,,,-0.5840772771211428,0.8116980561457271,11,,,3.375,141.5,805.225,30.267857142857142,24.360714285714288,72.17857142857143,5.3425,0.008285207413278872,,0,,,0.0,,,0.0
2014-11-30,,0,,,,0,0,,,,,,,-0.4823444726291631,0.8759816263621598,11,,,31.95,112.55,750.85,30.035714285714285,24.650000000000002,85.39285714285714,5.3463,0.0024187197660030524,,0,,,0.0,,,0.0
2014-12-07,,0,,,,0,0,,,,,,,-0.3736263839865089,0.9275792824277426,12,,,39.425000000000004,88.35,701.05,29.16428571428571,24.49642857142857,85.25,5.3536,-0.0030354382763180254,,0,,,0.0,,,0.0
2014-12-14,,0,,,,0,0,,,,,,,-0.25949746012870334,0.9657437901362618,12,,,3.4250000000000003,81.125,616.3000000000001,28.978571428571428,23.317857142857147,71.21428571428571,5.2984,-0.011640053723324884,,0,,,0.0,,,0.0
2014-12-21,,0,,,,0,0,,,,,,,-0.1416105093871293,0.9899224533422392,12,,,0.0,77.27499999999999,548.0500000000001,28.45,22.610714285714284,63.107142857142854,5.2829,-0.011155825924192841,,0,,,0.0,,,0.0
2014-12-28,,0,,,,0,0,,,,,,,-0.021672763616436087,0.9997651180738534,12,,,8.875,57.800000000000004,503.92499999999995,29.567857142857143,23.21071428571429,68.10714285714286,5.2876,-0.01097955595458544,,0,,,0.0,,,0.0
2015-01-04,,0,,,,0,0,,,,,,,0.12012289230803276,0.9927590295452128,1,,,0.0,14.475,378.65,28.910714285714285,21.79285714285714,61.357142857142854,5.3091,-0.008312163777644987,,0,,,0.0,,,0.0
2015-01-11,,0,,,,0,0,,,,,,,0.23850617198777344,0.9711409814871055,1,,,10.000000000000002,20.025000000000002,303.54999999999995,29.821428571428573,23.110714285714288,77.78571428571429,5.2981,-5.6620866676793113e-05,,0,,,0.0,,,0.0
2015-01-18,,0,,,,0,0,,,,,,,0.35343541937821843,0.9354589271202359,1,,,0.4500000000000009,19.325,264.875,28.575,21.289285714285715,56.92857142857143,5.2551,-0.005262261258021206,,0,,,0.0,,,0.0
2015-01-25,,0,,,,0,0,,,,,,,0.46324623590987735,0.8862296118474773,1,,,0.05000000000000089,18.650000000000002,207.95000000000002,29.578571428571426,20.864285714285717,69.85714285714286,5.2354,-0.009872153718132992,,0,,,0.0,,,0.0
2015-02-01,,0,,,,0,0,,,,,,,0.5663483478265068,0.8241659717036285,2,,,2.775000000000001,13.275,129.45,30.153571428571432,23.13214285714286,78.14285714285714,5.2457,-0.011941760373697985,,0,,,0.0,,,0.0
2015-02-08,,0,,,,0,0,,,,,,,0.6612486364356777,0.7501668086578858,2,,,1.0250000000000008,5.675,108.9,30.721428571428568,22.164285714285715,65.82142857142857,5.2054,-0.01749683848926975,,0,,,0.0,,,0.0
2015-02-15,,0,,,,0,0,,,,,,,0.7465727613654504,0.6653037742168356,2,,,8.925,12.775,109.625,29.13571428571429,23.075,74.92857142857143,5.2289,-0.004985633004129242,,0,,,0.0,,,0.0
2015-02-22,,0,,,,0,0,,,,,,,0.821085063680431,0.5708058498306605,2,,,17.65,30.375,123.5,28.599999999999998,23.75,81.07142857142857,5.2061,-0.005596516025518583,,0,,,0.0,,,0.0
2015-03-01,,0,,,,0,0,,,,,,,0.8837064606214575,0.46804154885639837,3,,,8.925000000000002,38.074999999999996,99.80000000000001,30.175,24.425,80.42857142857143,5.1551,-0.017271288865165824,,0,,,0.0,,,0.0
2015-03-08,,0,,,,0,0,,,,,,,0.933530072818355,0.3584990978283722,3,,,7.800000000000002,43.375,68.65,30.32857142857143,25.182142857142853,79.82142857142857,5.1756,-0.00572482422100129,,0,,,0.0,,,0.0
2015-03-15,,0,,,,0,0,,,,,,,0.9698343576633864,0.24376488404946006,3,,,4.600000000000002,44.849999999999994,71.075,30.25714285714286,25.13214285714286,78.67857142857143,5.2566,0.005297481305819529,,0,,,0.0,,,0.0
2015-03-22,,0,,,,0,0,,,,,,,0.9920935586486618,0.12550048162391395,3,,,8.500000000000002,31.6,79.575,31.107142857142858,25.5,77.89285714285714,5.2685,0.011985939570888116,,0,,,0.0,,,0.0
2015-03-29,,0,,,,0,0,,,,,,,0.9999853193408178,0.00541858863936743,3,,,35.075,59.550000000000004,105.775,30.060714285714287,24.796428571428574,81.39285714285714,5.2365,0.01579018835716095,,0,,,0.0,,,0.0
2015-04-05,,0,,,,0,0,,,,,,,0.9933953517278383,-0.11474177602566749,4,,,10.225000000000001,60.37500000000001,116.00000000000001,31.34642857142857,25.70357142857143,79.32142857142857,5.2436,0.013138573305510493,,0,,,0.0,,,0.0
2015-04-12,,0,,,,0,0,,,,,,,0.9724190913312905,-0.23324045707043928,4,,,31.475,86.125,137.025,30.72142857142857,25.849999999999998,80.92857142857143,5.2441,-0.002377962941825351,,0,,,0.0,,,0.0
2015-04-19,,0,,,,0,0,,,,,,,0.9373603151147408,-0.34836136359819486,4,,,17.825000000000003,101.075,154.85,30.535714285714285,25.310714285714287,78.82142857142857,5.2217,-0.008882983771472008,,0,,,0.0,,,0.0
2015-04-26,,0,,,,0,0,,,,,,,0.8887267422037195,-0.45843732144314286,4,,,34.95,104.875,189.75,31.107142857142858,25.535714285714285,82.17857142857143,5.2544,0.003418313759190328,,0,,,0.0,,,0.0
2015-05-03,5.0,1,40.0,55.0,47.5,0,4,15.0,,,,,1.0,0.8272226811273455,-0.5618742170882073,5,65.0,17.5,43.075,127.52499999999999,229.35,30.489285714285717,25.942857142857147,84.14285714285714,5.3151,0.013635670150278445,,0,47.5,,0.0,47.5,,0.0
2015-05-10,5.0,1,40.0,55.0,47.5,0,3,15.0,47.5,,47.5,0.0,2.0,0.7537388300638258,-0.6571740835227871,5,65.0,17.5,48.75,165.9,277.27500000000003,30.599999999999998,26.3,84.46428571428571,5.3988,0.029499818844034076,,0,47.5,,0.0,47.5,,0.0
2015-05-17,5.0,1,40.0,55.0,47.5,0,4,15.0,47.5,47.5,47.5,0.0,3.0,0.6693393778020698,-0.7429567937124865,5,65.0,17.5,45.025,172.25,313.3,30.232142857142858,25.98928571428571,85.25,5.4171,0.037420763352930875,,0,47.5,,0.0,47.5,,0.0
2015-05-24,5.0,1,40.0,55.0,47.5,0,5,15.0,47.5,47.5,47.5,0.0,4.0,0.5752465922225328,-0.8179800475172747,5,65.0,17.5,58.37500000000001,207.65,354.25,30.542857142857144,26.178571428571427,83.28571428571429,5.3823,0.024341504263093672,,0,47.5,,0.0,47.5,,0.0
2015-05-31,5.0,1,40.0,55.0,47.5,0,5,15.0,47.5,47.5,47.5,0.0,5.0,0.4728231194859959,-0.8811573626087066,5,65.0,17.5,48.650000000000006,215.47500000000002,391.79999999999995,29.982142857142858,25.87857142857143,83.46428571428571,5.4427,0.02400707418486947,,0,47.5,,0.0,47.5,,0.0
2015-06-07,5.0,1,40.0,55.0,47.5,0,4,15.0,47.5,47.5,47.5,0.0,6.0,0.3635522502723814,-0.9315738088428033,6,65.0,17.5,33.375,211.475,419.25,31.178571428571427,26.203571428571426,82.35714285714286,5.4355,0.006797806920056493,,0,47.5,,0.0,,,0.0
2015-06-14,5.0,1,40.0,55.0,47.5,0,5,15.0,47.5,47.5,47.5,0.0,7.0,0.24901643885277955,-0.9684992582243312,6,65.0,17.5,47.22500000000001,194.425,461.975,30.532142857142855,26.25357142857143,83.92857142857143,5.4296,0.0023075077070757732,,0,,,0.0,,,0.0
2015-06-21,,0,,,,0,0,,,,,,,0.1308743860801995,-0.9913989585772879,6,65.0,,113.275,265.45,563.1500000000001,28.182142857142857,25.103571428571428,89.14285714285714,5.4256,0.008044887873214224,,0,,,0.0,,,0.0
2015-06-28,,0,,,,0,0,,,,,,,0.010837018181828733,-0.9999412777943146,6,65.0,,109.02499999999999,312.25,638.325,28.71071428571429,25.367857142857144,88.25,5.4445,0.0003307182097118666,,0,,,0.0,,,0.0
2015-07-05,,0,,,,0,0,,,,,,,-0.10935729077348681,-0.9940025065132799,7,,,35.47500000000001,305.79999999999995,666.0500000000001,30.171428571428574,26.160714285714285,81.71428571428571,5.4435,0.0014718057216447367,,0,,,0.0,,,0.0
2015-07-12,,0,,,,0,0,,,,,,,-0.2279678939057896,-0.9736686496689512,7,,,51.75000000000001,329.15,677.9000000000001,29.63214285714286,26.25357142857143,83.25,5.4643,0.0063908943568586896,,0,,,0.0,,,0.0
2015-07-19,,0,,,,0,0,,,,,,,-0.34327707946926905,-0.9392341809746114,7,,,128.55,348.5,797.5,28.275,25.535714285714285,88.92857142857143,5.5001,0.01373120023591845,,0,,,0.0,,,0.0
2015-07-26,,0,,,,0,0,,,,,,,-0.4536149466522629,-0.8911977783711451,7,,,40.449999999999996,272.825,798.0500000000001,29.46071428571429,25.325,84.39285714285714,5.6293,0.033942510790706315,,0,,,0.0,,,0.0
2015-08-02,,0,,,,0,0,,,,,,,-0.5573835889821389,-0.830255102202564,8,,,67.45,300.25,824.675,28.639285714285716,24.657142857142855,87.35714285714286,5.6637,0.0404519151281344,,0,,,0.0,,,0.0
2015-08-09,,0,,,,0,0,,,,,,,-0.6530802351124095,-0.7572887207040125,8,,,91.925,344.325,864.5500000000001,28.396428571428572,24.942857142857143,87.03571428571429,5.6609,0.035978990904598884,,0,,,0.0,,,0.0
2015-08-16,,0,,,,0,0,,,,,,,-0.7393190118685713,-0.6733553287007383,8,,,52.60000000000001,291.425,870.875,29.467857142857138,25.17142857142857,87.28571428571429,5.5076,0.0013636115706987528,,0,,,0.0,,,0.0
2015-08-23,,0,,,,0,0,,,,,,,-0.8148510143815274,-0.579670444616073,8,,,53.824999999999996,271.25,864.8,29.896428571428572,25.571428571428573,84.03571428571429,5.5771,-0.009272911374415993,,0,,,0.0,,,0.0
2015-08-30,,0,,,,0,0,,,,,,,-0.8785823926541031,-0.4775908074054518,8,,,86.875,304.5,907.925,29.064285714285717,25.175000000000004,86.0,5.6167,-0.008298462136059559,,0,,,0.0,,,0.0
2015-09-06,,0,,,,0,0,,,,,,,-0.9295901926320701,-0.36859472834302814,9,,,73.32499999999999,299.45,941.225,29.185714285714283,25.11428571428571,86.5,5.6389,-0.003886307830910374,,0,,,0.0,,,0.0
2015-09-13,,0,,,,0,0,,,,,,,-0.9671357223702196,-0.2542606822051601,9,,,98.175,318.25,983.475,29.110714285714288,24.942857142857143,87.21428571428571,5.6707,0.029613624809354366,,0,,,0.0,,,0.0
2015-09-20,,0,,,,0,0,,,,,,,-0.990675249725465,-0.1362444478919698,9,,,205.29999999999998,476.625,1083.95,28.332142857142856,24.417857142857144,90.35714285714286,5.586,0.001595811443223294,,0,,,0.0,,,0.0
2015-09-27,,0,,,,0,0,,,,,,,-0.9998678766536084,-0.016255129535149522,9,,,84.72500000000001,481.4,1064.875,29.217857142857138,25.335714285714285,87.0,5.6726,0.009952463190129546,,0,,,0.0,,,0.0
2015-10-04,,0,,,,0,0,,,,,,,-0.9945804760746727,0.10396959464707627,10,,,107.3,503.575,1127.4750000000001,28.271428571428572,24.650000000000002,89.96428571428571,5.7574,0.02101473691677458,,0,,,0.0,,,0.0
2015-10-11,,0,,,,0,0,,,,,,,-0.9748896198114074,0.22268863730322982,10,,,68.425,493.375,1137.8,28.539285714285715,24.710714285714285,88.78571428571429,5.6027,-0.011991464898513549,,0,,,0.0,,,0.0
2015-10-18,,0,,,,0,0,,,,,,,-0.9410804696806755,0.3381827162727261,10,,,46.25,311.05,1056.525,29.539285714285715,24.567857142857143,84.57142857142857,5.5583,-0.0049588256355174165,,0,,,0.0,,,0.0
2015-10-25,,0,,,,0,0,,,,,,,-0.8936426477968741,0.44877925312851974,10,,,26.974999999999998,285.84999999999997,1058.7,29.607142857142858,24.678571428571427,86.71428571428571,5.5766,-0.0169234566160138,,0,,,0.0,,,0.0
2015-11-01,,0,,,,0,0,,,,,,,-0.833263145893403,0.5528765953590633,11,,,18.474999999999998,207.0,998.525,30.328571428571426,24.828571428571426,83.03571428571429,5.623,-0.023343870497099295,,0,,,0.0,,,0.0
2015-11-08,,0,,,,0,0,,,,,,,-0.7608163763489766,0.6489672114053316,11,,,42.325,148.2,948.15,29.289285714285715,24.725,84.71428571428571,5.6001,-0.0004640619701213877,,0,,,0.0,,,0.0
2015-11-15,,0,,,,0,0,,,,,,,-0.6773515089992288,0.7356595226437754,11,,,40.900000000000006,147.025,948.4000000000001,29.560714285714287,24.599999999999998,87.67857142857143,5.6325,0.013349405393735525,,0,,,0.0,,,0.0
2015-11-22,,0,,,,0,0,,,,,,,-0.5840772771211428,0.8116980561457271,11,,,9.9,116.94999999999999,904.125,30.303571428571427,24.792857142857144,83.10714285714286,5.5978,0.00380159954093906,,0,,,0.0,,,0.0
2015-11-29,,0,,,,0,0,,,,,,,-0.4823444726291631,0.8759816263621598,11,,,17.825,112.1,826.15,30.425000000000004,25.228571428571428,77.64285714285714,5.613,-0.0017784101013693654,,0,,,0.0,,,0.0
2015-12-06,,0,,,,0,0,,,,,,,-0.3736263839865089,0.9275792824277426,12,,,24.525000000000002,110.325,789.5250000000001,30.00357142857143,24.967857142857145,83.67857142857143,5.5988,-0.00023213871180882695,,0,,,0.0,,,0.0
2015-12-13,,0,,,,0,0,,,,,,,-0.25949746012870334,0.9657437901362618,12,,,4.2,66.17500000000001,672.925,30.46071428571429,24.810714285714283,77.92857142857143,5.5884,-0.007829560585885575,,0,,,0.0,,,0.0
2015-12-20,,0,,,,0,0,,,,,,,-0.1416105093871293,0.9899224533422392,12,,,2.1500000000000004,49.824999999999996,489.2,29.796428571428574,23.464285714285715,71.0,5.5746,-0.004144485333523851,,0,,,0.0,,,0.0
2015-12-27,,0,,,,0,0,,,,,,,-0.021672763616436087,0.9997651180738534,12,,,11.625,45.4,404.7,30.13214285714286,24.117857142857144,78.0,5.5646,-0.008622839836094798,,0,,,0.0,,,0.0
2016-01-03,,0,,,,0,0,,,,,,,0.09857884583629663,0.9951292434420685,1,,,0.9249999999999999,28.225,299.0,30.946428571428573,23.49642857142857,67.71428571428571,5.5586,-0.007180110023576436,,0,,,0.0,,,0.0
2016-01-10,,0,,,,0,0,,,,,,,0.12012289230803276,0.9927590295452128,1,,,7.050000000000001,24.099999999999998,246.5,29.92142857142857,23.86785714285714,81.53571428571429,5.5027,-0.01533533748478999,,0,,,0.0,,,0.0
2016-01-17,,0,,,,0,0,,,,,,,0.23850617198777344,0.9711409814871055,1,,,24.625,44.224999999999994,224.7,29.482142857142858,24.264285714285712,83.07142857142857,5.5232,-0.009220392494528773,,0,,,0.0,,,0.0
2016-01-24,,0,,,,0,0,,,,,,,0.35343541937821843,0.9354589271202359,1,,,23.025,56.550000000000004,226.45000000000002,29.314285714285717,24.24642857142857,83.89285714285714,5.4738,-0.016317435215469356,,0,,,0.0,,,0.0
2016-01-31,,0,,,,0,0,,,,,,,0.46324623590987735,0.8862296118474773,1,,,4.05,58.75,211.65,28.2,21.39642857142857,72.21428571428571,5.4272,-0.023639045802899994,,0,,,0.0,,,0.0
2016-02-07,,0,,,,0,0,,,,,,,0.5663483478265068,0.8241659717036285,2,,,2.2,55.45,167.25,30.107142857142858,23.121428571428574,65.60714285714286,5.4029,-0.018136551147618474,,0,,,0.0,,,0.0
2016-02-14,,0,,,,0,0,,,,,,,0.6612486364356777,0.7501668086578858,2,,,0.375,44.725,130.275,29.639285714285712,21.017857142857142,68.25,5.4158,-0.01944524913093859,,0,,,0.0,,,0.0
2016-02-21,,0,,,,0,0,,,,,,,0.7465727613654504,0.6653037742168356,2,,,7.0,18.275,126.89999999999999,30.946428571428573,24.096428571428568,79.07142857142857,5.4807,0.0012605502575906424,,0,,,0.0,,,0.0
2016-02-28,,0,,,,0,0,,,,,,,0.821085063680431,0.5708058498306605,2,,,6.625,18.925,116.14999999999999,31.04642857142857,24.26071428571429,66.03571428571429,5.4529,0.004735406839622591,,0,,,0.0,,,0.0
2016-03-06,,0,,,,0,0,,,,,,,0.8837064606214575,0.46804154885639837,3,,,1.7000000000000002,15.7,94.875,31.446428571428573,24.160714285714285,69.32142857142857,5.4313,0.005256436358252126,,0,,,0.0,,,0.0
2016-03-13,,0,,,,0,0,,,,,,,0.933530072818355,0.3584990978283722,3,,,3.125,18.675,93.45,31.48928571428571,25.65,78.42857142857143,5.399,-0.0031020347871043574,,0,,,0.0,,,0.0
2016-03-20,,0,,,,0,0,,,,,,,0.9698343576633864,0.24376488404946006,3,,,1.325,14.275,93.65,32.0,26.042857142857144,77.03571428571429,5.3803,-0.01831882788694872,,0,,,0.0,,,0.0
2016-03-27,,0,,,,0,0,,,,,,,0.9920935586486618,0.12550048162391395,3,,,12.749999999999998,19.224999999999998,94.47500000000001,32.11785714285715,25.567857142857143,76.10714285714286,5.4233,-0.005428304205101764,,0,,,0.0,,,0.0
2016-04-03,,0,,,,0,0,,,,,,,0.9999853193408178,0.00541858863936743,4,,,14.925,33.449999999999996,108.775,30.453571428571426,25.37142857142857,79.28571428571429,5.4281,-0.000589177544970898,,0,,,0.0,,,0.0
2016-04-10,,0,,,,0,0,,,,,,,0.9933953517278383,-0.11474177602566749,4,,,2.6500000000000004,32.575,104.37499999999999,32.275,26.01071428571429,76.46428571428571,5.4212,0.004111872568994146,,0,,,0.0,,,0.0
2016-04-17,,0,,,,0,0,,,,,,,0.9724190913312905,-0.23324045707043928,4,,,0.7500000000000001,31.674999999999997,71.62499999999999,33.68928571428571,26.885714285714283,73.82142857142857,5.4171,0.006839767299221089,,0,,,0.0,,,0.0
2016-04-24,6.0,1,65.0,75.0,70.0,0,1,10.0,,,,,1.0,0.9373603151147408,-0.34836136359819486,4,85.0,15.0,5.675000000000001,32.175,62.65,33.03928571428572,27.264285714285712,74.5,5.3899,-0.006158611915254575,,0,70.0,,0.0,70.0,,0.0
2016-05-01,6.0,1,65.0,75.0,70.0,0,5,10.0,70.0,,70.0,0.0,2.0,0.8887267422037195,-0.45843732144314286,5,85.0,15.0,16.45,26.175,74.5,33.31071428571429,27.146428571428572,74.64285714285714,5.3851,-0.007921740572207403,,0,70.0,,0.0,70.0,,0.0
2016-05-08,6.0,1,65.0,75.0,70.0,0,3,10.0,70.0,70.0,70.0,0.0,3.0,0.8272226811273455,-0.5618742170882073,5,85.0,15.0,16.85,39.8,90.19999999999999,32.853571428571435,27.150000000000002,77.07142857142857,5.409,-0.002250424260311412,,0,70.0,,0.0,70.0,,0.0
2016-05-15,6.0,1,65.0,75.0,70.0,0,4,10.0,70.0,70.0,70.0,0.0,4.0,0.7537388300638258,-0.6571740835227871,5,85.0,15.0,17.875,56.875,107.25,32.871428571428574,27.52857142857143,77.53571428571429,5.4332,0.0029720699267137274,,0,70.0,,0.0,70.0,,0.0
2016-05-22,6.0,1,65.0,75.0,70.0,0,4,10.0,70.0,70.0,70.0,0.0,5.0,0.6693393778020698,-0.7429567937124865,5,85.0,15.0,73.65,127.04999999999998,174.02499999999998,31.232142857142858,26.217857142857145,83.67857142857143,5.457,0.012449210560492752,,0,70.0,,0.0,70.0,,0.0
2016-05-29,6.0,1,65.0,75.0,70.0,0,5,10.0,70.0,70.0,70.0,0.0,6.0,0.5752465922225328,-0.8179800475172747,5,85.0,15.0,132.60000000000002,255.7,300.325,28.785714285714285,25.925000000000004,88.85714285714286,5.4381,0.009841971365434299,,0,70.0,,0.0,70.0,,0.0
2016-06-05,6.0,1,65.0,75.0,70.0,0,5,10.0,70.0,70.0,70.0,0.0,7.0,0.4728231194859959,-0.8811573626087066,6,85.0,15.0,64.775,299.15,363.02500000000003,29.182142857142857,25.692857142857143,87.03571428571429,5.4063,-0.0004991680532445697,,0,70.0,,0.0,70.0,,0.0
2016-06-12,6.0,1,65.0,75.0,70.0,0,5,10.0,70.0,70.0,70.0,0.0,8.0,0.3635522502723814,-0.9315738088428033,6,85.0,15.0,25.5,306.55,385.675,30.92142857142857,26.321428571428573,81.82142857142857,5.3667,-0.012239564161083738,,0,70.0,,0.0,70.0,,0.0
2016-06-19,6.0,1,65.0,75.0,70.0,0,5,10.0,70.0,70.0,70.0,0.0,9.0,0.24901643885277955,-0.9684992582243312,6,85.0,15.0,81.75,321.65,466.2,29.282142857142855,25.432142857142857,86.28571428571429,5.353,-0.019058090525929994,,0,70.0,,0.0,70.0,,0.0
2016-06-26,6.0,1,65.0,75.0,70.0,0,5,10.0,70.0,70.0,70.0,0.0,10.0,0.1308743860801995,-0.9913989585772879,6,85.0,15.0,110.825,322.45,561.625,28.45357142857143,25.042857142857144,89.17857142857143,5.3321,-0.01949210202092655,,0,70.0,,0.0,70.0,,0.0
2016-07-03,6.0,1,65.0,75.0,70.0,0,5,10.0,70.0,70.0,70.0,0.0,11.0,0.010837018181828733,-0.9999412777943146,7,85.0,15.0,132.6,368.325,681.35,28.203571428571426,25.121428571428574,90.03571428571429,5.2668,-0.025803229565506847,,0,70.0,,0.0,,,0.0
2016-07-10,6.0,1,65.0,75.0,70.0,0,4,10.0,70.0,70.0,70.0,0.0,12.0,-0.10935729077348681,-0.9940025065132799,7,85.0,15.0,137.17499999999998,468.6,816.3000000000001,28.37857142857143,25.23928571428571,88.71428571428571,5.2748,-0.017124117241507752,,0,,,0.0,,,0.0
2016-07-17,,0,,,,0,0,,,,,,,-0.2279678939057896,-0.9736686496689512,7,85.0,,75.6,468.925,891.0999999999999,29.37142857142857,25.425,87.17857142857143,5.2314,-0.02271623388753974,,0,,,0.0,,,0.0
2016-07-24,,0,,,,0,0,,,,,,,-0.34327707946926905,-0.9392341809746114,7,85.0,,60.22500000000001,426.325,945.85,29.492857142857144,25.060714285714287,86.39285714285714,5.2331,-0.018566793571013207,,0,,,0.0,,,0.0
2016-07-31,,0,,,,0,0,,,,,,,-0.4536149466522629,-0.8911977783711451,7,,,88.60000000000001,371.9,1017.65,28.928571428571427,25.082142857142856,86.75,5.2379,-0.005487202855623985,,0,,,0.0,,,0.0
2016-08-07,,0,,,,0,0,,,,,,,-0.5573835889821389,-0.830255102202564,8,,,91.775,353.77500000000003,1091.575,28.803571428571427,25.225,86.39285714285714,5.2419,-0.00623720330628641,,0,,,0.0,,,0.0
2016-08-14,,0,,,,0,0,,,,,,,-0.6530802351124095,-0.7572887207040125,8,,,74.225,328.67499999999995,1139.0,29.335714285714285,25.682142857142853,85.53571428571429,5.233,0.00030584547157541664,,0,,,0.0,,,0.0
2016-08-21,,0,,,,0,0,,,,,,,-0.7393190118685713,-0.6733553287007383,8,,,46.0,315.625,1096.45,29.45357142857143,26.217857142857145,84.14285714285714,5.2085,-0.004700846534558933,,0,,,0.0,,,0.0
2016-08-28,,0,,,,0,0,,,,,,,-0.8148510143815274,-0.579670444616073,8,,,57.525,278.95,1032.325,29.967857142857145,25.63571428571429,85.32142857142857,5.1786,-0.011321331067794205,,0,,,0.0,,,0.0
2016-09-04,,0,,,,0,0,,,,,,,-0.8785823926541031,-0.4775908074054518,9,,,74.1,279.4,1051.825,29.192857142857143,25.53928571428571,86.17857142857143,5.1821,-0.011408077223907354,,0,,,0.0,,,0.0
2016-09-11,,0,,,,0,0,,,,,,,-0.9295901926320701,-0.36859472834302814,9,,,105.95000000000002,308.5,1132.0,28.45,25.282142857142862,87.82142857142857,5.2076,-0.004853812344735253,,0,,,0.0,,,0.0
2016-09-18,,0,,,,0,0,,,,,,,-0.9671357223702196,-0.2542606822051601,9,,,141.7,384.125,1183.025,28.307142857142853,24.682142857142853,88.32142857142857,5.2313,0.004377459921282467,,0,,,0.0,,,0.0
2016-09-25,,0,,,,0,0,,,,,,,-0.990675249725465,-0.1362444478919698,9,,,97.45,434.375,1165.55,28.239285714285717,24.375,90.25,5.1919,0.0025682616923492496,,0,,,0.0,,,0.0
2016-10-02,,0,,,,0,0,,,,,,,-0.9998678766536084,-0.016255129535149522,10,,,121.625,476.2,1171.1499999999999,28.235714285714288,24.57857142857143,90.03571428571429,5.1965,0.002778796240906267,,0,,,0.0,,,0.0
2016-10-09,,0,,,,0,0,,,,,,,-0.9945804760746727,0.10396959464707627,10,,,99.925,482.55,1115.9250000000002,28.27857142857143,24.435714285714283,90.60714285714286,5.2326,0.004800675935171528,,0,,,0.0,,,0.0
2016-10-16,,0,,,,0,0,,,,,,,-0.9748896198114074,0.22268863730322982,10,,,77.125,423.0,1129.75,28.75714285714286,24.63571428571429,89.35714285714286,5.2438,0.002389463422094007,,0,,,0.0,,,0.0
2016-10-23,,0,,,,0,0,,,,,,,-0.9410804696806755,0.3381827162727261,10,,,103.275,411.22499999999997,1176.6,28.45,24.689285714285713,89.57142857142857,5.195,0.0005970839191817845,,0,,,0.0,,,0.0
2016-10-30,,0,,,,0,0,,,,,,,-0.8936426477968741,0.44877925312851974,10,,,71.525,380.325,1157.625,28.632142857142856,24.407142857142855,89.53571428571429,5.1695,-0.005195804868661669,,0,,,0.0,,,0.0
2016-11-06,,0,,,,0,0,,,,,,,-0.833263145893403,0.5528765953590633,11,,,43.15,323.15,1107.5500000000002,28.664285714285715,24.37857142857143,84.82142857142857,5.1768,-0.010663914688682441,,0,,,0.0,,,0.0
2016-11-13,,0,,,,0,0,,,,,,,-0.7608163763489766,0.6489672114053316,11,,,47.85,287.7,1073.3500000000001,29.075,24.439285714285713,85.85714285714286,5.1876,-0.010717418665853073,,0,,,0.0,,,0.0
2016-11-20,,0,,,,0,0,,,,,,,-0.6773515089992288,0.7356595226437754,11,,,14.425,206.875,1045.975,30.321428571428573,24.607142857142858,82.32142857142857,5.1594,-0.006852743022136787,,0,,,0.0,,,0.0
2016-11-27,,0,,,,0,0,,,,,,,-0.5840772771211428,0.8116980561457271,11,,,37.15,163.45,1017.5,29.303571428571427,24.614285714285717,86.46428571428571,5.1518,-0.0034239288132315027,,0,,,0.0,,,0.0
2016-12-04,,0,,,,0,0,,,,,,,-0.4823444726291631,0.8759816263621598,12,,,19.599999999999998,129.275,973.175,28.596428571428568,23.832142857142856,75.42857142857143,5.1708,-0.0011590171534539007,,0,,,0.0,,,0.0
2016-12-11,,0,,,,0,0,,,,,,,-0.3736263839865089,0.9275792824277426,12,,,30.799999999999997,103.10000000000001,867.825,28.900000000000002,23.85,75.5,5.1643,-0.004491479682319333,,0,,,0.0,,,0.0
2016-12-18,,0,,,,0,0,,,,,,,-0.25949746012870334,0.9657437901362618,12,,,23.025,122.25,776.075,27.842857142857138,22.99285714285714,78.89285714285714,5.1508,-0.001666860487653521,,0,,,0.0,,,0.0
2016-12-25,,0,,,,0,0,,,,,,,-0.1416105093871293,0.9899224533422392,12,,,12.924999999999999,89.02499999999999,683.525,30.414285714285715,24.04642857142857,77.35714285714286,5.1773,0.004949726309251057,,0,,,0.0,,,0.0
2017-01-01,,0,,,,0,0,,,,,,,-0.021672763616436087,0.9997651180738534,1,,,0.7249999999999983,84.55,568.6,29.292857142857144,23.07857142857143,67.0,5.1537,-0.003307031793919779,,0,,,0.0,,,0.0
2017-01-08,,0,,,,0,0,,,,,,,0.12012289230803276,0.9927590295452128,1,,,78.3,117.55000000000001,547.0749999999999,30.532142857142862,24.439285714285713,72.5,5.1547,-0.0018589160195960908,,0,,,0.0,,,0.0
2017-01-15,,0,,,,0,0,,,,,,,0.23850617198777344,0.9711409814871055,1,,,39.74999999999999,138.07500000000002,502.45,29.99285714285714,23.725,83.28571428571429,5.1302,-0.00399937873728351,,0,,,0.0,,,0.0
2017-01-22,,0,,,,0,0,,,,,,,0.35343541937821843,0.9354589271202359,1,,,34.074999999999996,153.45,435.825,30.217857142857145,23.89642857142857,74.0,5.1528,-0.004732196318544379,,0,,,0.0,,,0.0
2017-01-29,,0,,,,0,0,,,,,,,0.46324623590987735,0.8862296118474773,1,,,1.1749999999999963,153.475,366.125,30.692857142857143,22.764285714285716,64.03571428571429,5.1162,-0.007276325746550905,,0,,,0.0,,,0.0
2017-02-05,,0,,,,0,0,,,,,,,0.5663483478265068,0.8241659717036285,2,,,3.5999999999999965,119.025,322.72499999999997,31.210714285714285,22.117857142857144,69.39285714285714,5.1037,-0.00989388325217766,,0,,,0.0,,,0.0
2017-02-12,,0,,,,0,0,,,,,,,0.6612486364356777,0.7501668086578858,2,,,0.8749999999999964,42.599999999999994,295.9,31.985714285714288,21.91785714285714,68.53571428571429,5.1015,-0.005594323808038815,,0,,,0.0,,,0.0
2017-02-19,,0,,,,0,0,,,,,,,0.7465727613654504,0.6653037742168356,2,,,0.0,8.0,278.025,31.592857142857138,21.900000000000002,61.5,5.0961,-0.011003726129483082,,0,,,0.0,,,0.0
2017-02-26,,0,,,,0,0,,,,,,,0.821085063680431,0.5708058498306605,2,,,30.124999999999996,34.75,274.825,30.66428571428571,24.232142857142858,82.28571428571429,5.0781,-0.007446933270786937,,0,,,0.0,,,0.0
2017-03-05,,0,,,,0,0,,,,,,,0.8837064606214575,0.46804154885639837,3,,,15.724999999999998,46.95,255.4,31.660714285714285,23.846428571428568,74.96428571428571,5.083,-0.004055881027489772,,0,,,0.0,,,0.0
2017-03-12,,0,,,,0,0,,,,,,,0.933530072818355,0.3584990978283722,3,,,9.399999999999997,55.875,249.675,30.660714285714285,24.60357142857143,78.39285714285714,5.1211,0.003842007252768953,,0,,,0.0,,,0.0
2017-03-19,,0,,,,0,0,,,,,,,0.9698343576633864,0.24376488404946006,3,,,19.974999999999994,75.22500000000001,246.65,31.614285714285717,25.010714285714283,79.0,5.0469,-0.009654441631836042,,0,,,0.0,,,0.0
2017-03-26,,0,,,,0,0,,,,,,,0.9920935586486618,0.12550048162391395,3,,,46.55,100.75,280.225,30.978571428571428,24.985714285714288,83.28571428571429,5.0202,-0.011401902286288235,,0,,,0.0,,,0.0
2017-04-02,,0,,,,0,0,,,,,,,0.9999853193408178,0.00541858863936743,4,,,66.94999999999999,148.65,346.325,29.37142857142857,24.075,85.28571428571429,4.9868,-0.01892583120204616,,0,,,0.0,,,0.0
2017-04-09,,0,,,,0,0,,,,,,,0.9933953517278383,-0.11474177602566749,4,,,65.775,200.675,319.275,29.867857142857144,24.389285714285712,85.82142857142857,5.0179,-0.02015192048583314,,0,,,0.0,,,0.0
2017-04-16,,0,,,,0,0,,,,,,,0.9724190913312905,-0.23324045707043928,4,,,16.525,203.27499999999998,303.875,30.89642857142857,25.150000000000002,84.32142857142857,4.9849,-0.012284768868017992,,0,,,0.0,,,0.0
2017-04-23,,0,,,,0,0,,,,,,,0.9373603151147408,-0.34836136359819486,4,,,19.499999999999996,187.625,295.675,31.58214285714286,25.699999999999996,82.07142857142857,4.9942,-0.005179076530815507,,0,,,0.0,,,0.0
2017-04-30,,0,,,,0,0,,,,,,,0.8887267422037195,-0.45843732144314286,4,,,44.675,167.1,339.67499999999995,31.074999999999996,25.525000000000002,84.60714285714286,5.0135,0.005354134916178754,,0,,,0.0,,,0.0
2017-05-07,7.0,1,70.0,80.0,75.0,0,5,10.0,,,,,1.0,0.8272226811273455,-0.5618742170882073,5,110.0,35.0,30.224999999999998,123.1,366.125,31.650000000000002,25.735714285714288,84.60714285714286,5.0289,0.0021921520954981677,,0,68.33333333333333,,0.0,65.0,,0.0
2017-05-14,7.0,1,63.333333333333336,73.33333333333333,68.33333333333333,0,3,9.999999999999993,75.0,,71.66666666666666,-0.09309042306601198,2.0,0.7537388300638258,-0.6571740835227871,5,100.0,31.66666666666667,64.45,161.4,429.875,30.814285714285713,24.889285714285712,87.21428571428571,5.0339,0.009829685650664999,,0,65.0,,0.0,60.5,,0.0
2017-05-21,7.0,1,60.0,70.0,65.0,0,5,10.0,68.33333333333333,75.0,69.44444444444444,-0.050010420574661305,3.0,0.6693393778020698,-0.7429567937124865,5,95.0,30.0,91.85,234.775,520.85,29.95714285714286,25.435714285714283,88.89285714285714,4.9889,-0.001061231027992493,,0,60.5,,0.0,57.5,,0.0
2017-05-28,7.0,1,57.0,64.0,60.5,0,5,7.0,65.0,68.33333333333333,67.20833333333333,-0.0717439048588413,4.0,0.5752465922225328,-0.8179800475172747,5,89.0,28.5,127.99999999999999,326.5,612.925,29.710714285714285,25.489285714285717,90.21428571428571,4.965,-0.009673880522588996,,0,57.5,,0.0,57.5,,0.0
2017-06-04,7.0,1,55.0,60.0,57.5,0,5,5.0,60.5,65.0,62.83333333333333,-0.050858417233490966,5.0,0.4728231194859959,-0.8811573626087066,6,85.0,27.5,74.79999999999998,369.09999999999997,677.775,29.95,25.36785714285714,87.42857142857143,5.0069,-0.004374714152200365,,0,57.5,,0.0,57.5,,0.0
2017-06-11,7.0,1,55.0,60.0,57.5,0,5,5.0,57.5,60.5,60.125,0.0,6.0,0.3635522502723814,-0.9315738088428033,6,85.0,27.5,89.69999999999999,401.225,758.875,29.61785714285714,25.22142857142857,86.35714285714286,5.0126,-0.004231311706629048,,0,57.5,,0.0,62.5,,0.0
2017-06-18,7.0,1,55.0,60.0,57.5,0,5,5.0,57.5,57.5,58.25,0.0,7.0,0.24901643885277955,-0.9684992582243312,6,85.0,27.5,16.374999999999986,320.02500000000003,747.3,31.271428571428572,25.25714285714286,81.96428571428571,4.984,-0.0009821804405780732,,0,62.5,,0.0,95.0,,0.0
2017-06-25,7.0,1,60.0,65.0,62.5,0,5,5.0,57.5,57.5,58.75,0.083381608939051,8.0,0.1308743860801995,-0.9913989585772879,6,85.0,22.5,77.27499999999999,322.3,774.175,29.54642857142857,25.217857142857138,86.35714285714286,4.9634,-0.0003222557905336876,,0,95.0,,0.0,121.0,,0.0
2017-07-02,7.0,1,90.0,100.0,95.0,0,5,10.0,62.5,57.5,68.125,0.41871033485818504,9.0,0.010837018181828733,-0.9999412777943146,7,115.0,20.0,48.82499999999999,248.4,766.275,29.614285714285717,24.964285714285715,86.53571428571429,5.0067,-3.9944876070951985e-05,,0,121.0,,0.0,95.0,,0.0
2017-07-09,7.0,1,116.0,126.0,121.0,0,5,10.0,95.0,62.5,84.0,0.2419136539962002,10.0,-0.10935729077348681,-0.9940025065132799,7,151.0,30.0,64.82499999999999,210.57500000000002,764.175,29.36785714285714,24.82857142857143,87.46428571428571,5.0125,-1.9949726688728298e-05,,0,95.0,,0.0,95.0,,0.0
2017-07-16,7.0,1,90.0,100.0,95.0,0,4,10.0,121.0,95.0,93.375,-0.24191365399620018,11.0,-0.2279678939057896,-0.9736686496689512,7,125.0,30.0,79.24999999999999,281.95000000000005,824.525,28.639285714285716,24.82857142857143,87.5,4.9917,0.0015449438202246313,,0,95.0,,0.0,70.0,,0.0
2017-07-23,7.0,1,90.0,100.0,95.0,0,5,10.0,95.0,121.0,101.5,0.0,12.0,-0.34327707946926905,-0.9392341809746114,7,125.0,30.0,95.79999999999998,328.375,897.725,28.396428571428572,24.521428571428572,88.78571428571429,4.942,-0.00431156062376592,,0,70.0,,0.0,65.0,,0.0
2017-07-30,7.0,1,65.0,75.0,70.0,0,4,10.0,95.0,95.0,95.25,-0.3053816495511819,13.0,-0.4536149466522629,-0.8911977783711451,7,90.0,20.0,101.19999999999999,353.975,956.6999999999999,28.539285714285715,25.182142857142853,87.5,4.9497,-0.011384744442447192,,0,65.0,,0.0,65.0,,0.0
2017-08-06,7.0,1,60.0,70.0,65.0,0,5,10.0,70.0,95.0,81.25,-0.07410797215372185,14.0,-0.5573835889821389,-0.830255102202564,8,85.0,20.0,65.04999999999998,355.65,991.325,29.22142857142857,25.521428571428572,86.60714285714286,4.9469,-0.013087281795511219,,0,65.0,,0.0,65.0,,0.0
2017-08-13,7.0,1,60.0,70.0,65.0,0,5,10.0,65.0,70.0,73.75,0.0,15.0,-0.6530802351124095,-0.7572887207040125,8,85.0,20.0,37.34999999999999,321.85,961.5500000000001,30.49285714285714,24.885714285714283,85.89285714285714,4.9872,-0.0009014964841637108,,0,65.0,,0.0,65.0,,0.0
2017-08-20,7.0,1,60.0,70.0,65.0,0,4,10.0,65.0,65.0,66.25,0.0,16.0,-0.7393190118685713,-0.6733553287007383,8,85.0,20.0,94.02499999999999,307.825,965.4,28.746428571428574,24.62857142857143,88.25,4.9774,0.007163091865641569,,0,65.0,,0.0,65.0,,0.0
2017-08-27,7.0,1,60.0,70.0,65.0,0,5,10.0,65.0,65.0,65.0,0.0,17.0,-0.8148510143815274,-0.579670444616073,8,85.0,20.0,114.975,319.325,940.075,29.014285714285712,24.675000000000004,87.60714285714286,5.0043,0.011030971574034654,,0,65.0,,0.0,65.0,,0.0
2017-09-03,7.0,1,60.0,70.0,65.0,0,5,10.0,65.0,65.0,65.0,0.0,18.0,-0.8785823926541031,-0.4775908074054518,9,85.0,20.0,45.149999999999984,314.84999999999997,915.775,29.935714285714283,24.689285714285713,86.64285714285714,5.0571,0.02227657725039922,,0,65.0,,0.0,65.0,,0.0
2017-09-10,7.0,1,60.0,70.0,65.0,0,5,10.0,65.0,65.0,65.0,0.0,19.0,-0.9295901926320701,-0.36859472834302814,9,85.0,20.0,41.42499999999998,306.175,881.375,30.442857142857143,25.214285714285715,87.32142857142857,5.1227,0.02716955405838961,,0,65.0,,0.0,,,0.0
2017-09-17,7.0,1,60.0,70.0,65.0,0,5,10.0,65.0,65.0,65.0,0.0,20.0,-0.9671357223702196,-0.2542606822051601,9,85.0,20.0,59.32499999999999,289.825,922.85,30.146428571428572,24.817857142857147,88.28571428571429,5.0542,0.015429742435809857,,0,,,0.0,,,0.0
2017-09-24,,0,,,,0,0,,,,,,,-0.990675249725465,-0.1362444478919698,9,85.0,,52.899999999999984,237.7,890.375,29.735714285714288,24.435714285714283,87.96428571428571,5.0224,0.0036168894750514546,,0,,,0.0,,,0.0
2017-10-01,,0,,,,0,0,,,,,,,-0.9998678766536084,-0.016255129535149522,10,85.0,,88.55,250.725,935.275,29.482142857142858,24.49642857142857,89.0,5.009,-0.009511380039943784,,0,,,0.0,,,0.0
2017-10-08,,0,,,,0,0,,,,,,,-0.9945804760746727,0.10396959464707627,10,,,94.42499999999998,310.075,965.45,28.650000000000002,24.01071428571429,91.39285714285714,5.0291,-0.018271614578249773,,0,,,0.0,,,0.0
2017-10-15,,0,,,,0,0,,,,,,,-0.9748896198114074,0.22268863730322982,10,,,66.72499999999998,336.22499999999997,936.6,29.353571428571428,24.285714285714285,89.60714285714286,5.0256,-0.00565866012425309,,0,,,0.0,,,0.0
2017-10-22,,0,,,,0,0,,,,,,,-0.9410804696806755,0.3381827162727261,10,,,48.72499999999998,313.2,890.525,30.385714285714283,24.360714285714284,86.39285714285714,5.0102,-0.002429117553360949,,0,,,0.0,,,0.0
2017-10-29,,0,,,,0,0,,,,,,,-0.8936426477968741,0.44877925312851974,10,,,33.69999999999999,261.05,839.825,29.960714285714285,24.017857142857142,84.67857142857143,5.0042,-0.0009582751048113902,,0,,,0.0,,,0.0
2017-11-05,,0,,,,0,0,,,,,,,-0.833263145893403,0.5528765953590633,11,,,7.274999999999986,173.6,779.3249999999999,28.517857142857142,23.325,71.85714285714286,5.001,-0.005587480861386607,,0,,,0.0,,,0.0
2017-11-12,,0,,,,0,0,,,,,,,-0.7608163763489766,0.6489672114053316,11,,,40.749999999999986,165.42499999999998,779.4,29.060714285714287,23.63571428571429,83.14285714285714,4.9876,-0.007561286214581409,,0,,,0.0,,,0.0
2017-11-19,,0,,,,0,0,,,,,,,-0.6773515089992288,0.7356595226437754,11,,,49.54999999999998,143.55,733.85,29.692857142857143,24.02857142857143,89.85714285714286,4.9493,-0.01215520338509446,,0,,,0.0,,,0.0
2017-11-26,,0,,,,0,0,,,,,,,-0.5840772771211428,0.8116980561457271,11,,,27.274999999999984,129.7,637.4250000000001,29.064285714285713,23.400000000000002,80.78571428571429,4.9463,-0.011570280963990265,,0,,,0.0,,,0.0
2017-12-03,,0,,,,0,0,,,,,,,-0.4823444726291631,0.8759816263621598,12,,,2.4249999999999856,122.02499999999999,607.0749999999999,30.20357142857143,24.196428571428573,73.96428571428571,4.937,-0.012797440511897684,,0,,,0.0,,,0.0
2017-12-10,,0,,,,0,0,,,,,,,-0.3736263839865089,0.9275792824277426,12,,,21.674999999999986,114.82499999999999,588.0250000000001,30.060714285714287,23.757142857142856,73.96428571428571,4.9352,-0.01050605501644064,,0,,,0.0,,,0.0
2017-12-17,,0,,,,0,0,,,,,,,-0.25949746012870334,0.9657437901362618,12,,,8.424999999999986,77.2,536.275,29.5,22.825,80.92857142857143,4.9185,-0.006223102256884827,,0,,,0.0,,,0.0
2017-12-24,,0,,,,0,0,,,,,,,-0.1416105093871293,0.9899224533422392,12,,,0.07499999999998667,33.025,470.34999999999997,26.907142857142855,19.525,57.92857142857143,4.9817,0.007156864727169809,,0,,,0.0,,,0.0
2017-12-31,,0,,,,0,0,,,,,,,-0.021672763616436087,0.9997651180738534,12,,,24.374999999999986,54.675000000000004,404.525,28.517857142857142,22.182142857142853,74.42857142857143,5.0127,0.015333198298561834,,0,,,0.0,,,0.0
2018-01-07,,0,,,,0,0,,,,,,,0.12012289230803276,0.9927590295452128,1,,,10.899999999999988,45.125,337.72499999999997,30.335714285714285,23.175000000000004,75.07142857142857,4.9613,0.005288539471551168,,0,,,0.0,,,0.0
2018-01-14,,0,,,,0,0,,,,,,,0.23850617198777344,0.9711409814871055,1,,,38.79999999999999,76.375,310.375,28.103571428571428,21.471428571428568,76.21428571428571,4.9482,0.006038426349496806,,0,,,0.0,,,0.0
2018-01-21,,0,,,,0,0,,,,,,,0.35343541937821843,0.9354589271202359,1,,,1.249999999999993,75.39999999999999,256.45,30.592857142857145,22.160714285714285,73.89285714285714,4.9781,-0.0007226448802616359,,0,,,0.0,,,0.0
2018-01-28,,0,,,,0,0,,,,,,,0.46324623590987735,0.8862296118474773,1,,,39.57499999999999,91.15,270.85,29.342857142857145,23.785714285714285,88.35714285714286,4.9607,-0.010373650926646216,,0,,,0.0,,,0.0
2018-02-04,,0,,,,0,0,,,,,,,0.5663483478265068,0.8241659717036285,2,,,26.27499999999999,116.775,282.34999999999997,28.464285714285715,22.87857142857143,80.5,4.9936,0.0065103904218652975,,0,,,0.0,,,0.0
2018-02-11,,0,,,,0,0,,,,,,,0.6612486364356777,0.7501668086578858,2,,,4.024999999999993,71.125,246.55,28.478571428571428,20.62857142857143,75.03571428571429,5.0449,0.019542459884402508,,0,,,0.0,,,0.0
2018-02-18,,0,,,,0,0,,,,,,,0.7465727613654504,0.6653037742168356,2,,,4.399999999999993,75.4,196.475,30.578571428571426,22.403571428571432,77.75,4.9319,-0.009280649243687433,,0,,,0.0,,,0.0
2018-02-25,,0,,,,0,0,,,,,,,0.821085063680431,0.5708058498306605,2,,,38.599999999999994,81.85,220.525,29.892857142857142,23.878571428571426,84.64285714285714,4.9629,0.000443485798375276,,0,,,0.0,,,0.0
2018-03-04,,0,,,,0,0,,,,,,,0.8837064606214575,0.46804154885639837,3,,,12.874999999999993,66.575,227.0,30.157142857142862,24.025000000000002,85.32142857142857,4.9628,-0.006167894905479088,,0,,,0.0,,,0.0
2018-03-11,,0,,,,0,0,,,,,,,0.933530072818355,0.3584990978283722,3,,,23.549999999999994,81.75,232.92499999999998,30.521428571428572,24.11785714285714,80.10714285714286,4.9474,-0.019326448492537063,,0,,,0.0,,,0.0
2018-03-18,,0,,,,0,0,,,,,,,0.9698343576633864,0.24376488404946006,3,,,25.024999999999995,103.30000000000001,249.725,30.157142857142855,24.025000000000002,83.96428571428571,4.9324,0.0001013808065857269,,0,,,0.0,,,0.0
2018-03-25,,0,,,,0,0,,,,,,,0.9920935586486618,0.12550048162391395,3,,,26.049999999999994,89.97500000000001,275.575,30.49642857142857,24.24285714285714,83.53571428571429,4.9368,-0.0052590219428158,,0,,,0.0,,,0.0
2018-04-01,,0,,,,0,0,,,,,,,0.9999853193408178,0.00541858863936743,4,,,39.824999999999996,115.80000000000001,291.15,29.589285714285715,24.20714285714286,86.64285714285714,4.967,0.0008462964455548949,,0,,,0.0,,,0.0
2018-04-08,,0,,,,0,0,,,,,,,0.9933953517278383,-0.11474177602566749,4,,,50.349999999999994,142.575,328.65,29.642857142857142,23.67142857142857,82.85714285714286,4.9625,0.0030521081780330306,,0,,,0.0,,,0.0
2018-04-15,,0,,,,0,0,,,,,,,0.9724190913312905,-0.23324045707043928,4,,,7.224999999999996,131.675,299.02500000000003,31.232142857142858,24.571428571428573,81.35714285714286,4.9593,0.005453734490308948,,0,,,0.0,,,0.0
2018-04-22,,0,,,,0,0,,,,,,,0.9373603151147408,-0.34836136359819486,4,,,40.574999999999996,141.525,333.75,30.785714285714285,24.875,85.75,4.9777,0.008284718846216066,,0,,,0.0,,,0.0
2018-04-29,8.0,1,70.0,75.0,72.5,0,5,5.0,,,,,1.0,0.8887267422037195,-0.45843732144314286,4,100.0,27.5,73.325,188.7,362.575,30.625,24.99285714285714,86.5,4.9815,0.002919267163277617,,0,67.5,,0.0,85.0,,0.0
2018-05-06,8.0,1,65.0,70.0,67.5,0,5,5.0,72.5,,70.0,-0.07145896398214498,2.0,0.8272226811273455,-0.5618742170882073,5,95.0,27.5,64.825,205.55,410.175,30.064285714285717,24.425,89.14285714285714,4.9936,0.006267002518891562,,0,85.0,,0.0,85.0,,0.0
2018-05-13,8.0,1,80.0,90.0,85.0,0,5,10.0,67.5,72.5,75.0,0.23052365861183235,3.0,0.7537388300638258,-0.6571740835227871,5,110.0,25.0,36.699999999999996,217.17499999999998,442.575,30.382142857142856,25.075,87.35714285714286,5.032,0.014659326921138138,,0,85.0,,0.0,85.0,,0.0
2018-05-20,8.0,1,80.0,90.0,85.0,0,4,10.0,85.0,67.5,77.5,0.0,4.0,0.6693393778020698,-0.7429567937124865,5,110.0,25.0,41.925,228.275,473.95,30.925,24.946428571428573,86.89285714285714,5.0473,0.013982361331538629,,0,85.0,,0.0,85.0,,0.0
2018-05-27,8.0,1,80.0,90.0,85.0,0,5,10.0,85.0,85.0,80.625,0.0,5.0,0.5752465922225328,-0.8179800475172747,5,110.0,25.0,48.25,235.82500000000002,485.47499999999997,30.660714285714285,24.907142857142855,87.10714285714286,4.9979,0.003292181069958877,,0,85.0,,0.0,85.0,,0.0
2018-06-03,8.0,1,80.0,90.0,85.0,0,4,10.0,85.0,85.0,85.0,0.0,6.0,0.4728231194859959,-0.8811573626087066,6,110.0,25.0,40.75,181.55,513.8,30.47857142857143,25.16785714285714,87.60714285714286,4.9913,-0.0004605895546299088,,0,85.0,,0.0,85.0,,0.0
2018-06-10,8.0,1,80.0,90.0,85.0,0,5,10.0,85.0,85.0,85.0,0.0,7.0,0.3635522502723814,-0.9315738088428033,6,110.0,25.0,82.27499999999999,219.15,574.5500000000001,29.23928571428571,25.60357142857143,88.21428571428571,5.0022,-0.005922098569157375,,0,85.0,,0.0,85.0,,0.0
2018-06-17,8.0,1,80.0,90.0,85.0,0,5,10.0,85.0,85.0,85.0,0.0,8.0,0.24901643885277955,-0.9684992582243312,6,110.0,25.0,78.07499999999999,257.55,627.925,29.83214285714286,25.767857142857142,86.0,5.0503,0.0005943771917660268,,0,85.0,,0.0,85.0,,0.0
2018-06-24,8.0,1,80.0,90.0,85.0,0,5,10.0,85.0,85.0,85.0,0.0,9.0,0.1308743860801995,-0.9913989585772879,6,110.0,25.0,69.5,281.35,670.9749999999999,29.685714285714283,25.121428571428567,86.14285714285714,5.0693,0.014286000120050435,,0,85.0,,0.0,85.0,,0.0
2018-07-01,8.0,1,80.0,90.0,85.0,0,5,10.0,85.0,85.0,85.0,0.0,10.0,0.010837018181828733,-0.9999412777943146,7,110.0,25.0,42.3,287.79999999999995,663.85,29.389285714285712,24.596428571428568,87.10714285714286,4.9974,0.001222126500110221,,0,85.0,,0.0,85.0,,0.0
2018-07-08,8.0,1,80.0,90.0,85.0,0,5,10.0,85.0,85.0,85.0,0.0,11.0,-0.10935729077348681,-0.9940025065132799,7,110.0,25.0,80.75,295.775,706.1,29.092857142857145,24.939285714285713,86.39285714285714,4.9912,-0.0021990324257327165,,0,85.0,,0.0,85.0,,0.0
2018-07-15,8.0,1,80.0,90.0,85.0,0,5,10.0,85.0,85.0,85.0,0.0,12.0,-0.2279678939057896,-0.9736686496689512,7,110.0,25.0,105.65,338.7,799.95,28.54642857142857,25.053571428571427,87.89285714285714,4.9788,-0.014157574797536876,,0,85.0,,0.0,85.0,,0.0
2018-07-22,8.0,1,80.0,90.0,85.0,0,5,10.0,85.0,85.0,85.0,0.0,13.0,-0.34327707946926905,-0.9392341809746114,7,110.0,25.0,104.875,339.55,865.8,28.589285714285715,25.367857142857144,88.67857142857143,4.9253,-0.028406288836723026,,0,85.0,,0.0,85.0,,0.0
2018-07-29,8.0,1,80.0,90.0,85.0,0,4,10.0,85.0,85.0,85.0,0.0,14.0,-0.4536149466522629,-0.8911977783711451,7,110.0,25.0,86.15,387.55,866.0,28.996428571428574,25.475,87.25,4.8955,-0.020390603113619066,,0,85.0,,0.0,75.0,,0.0
2018-08-05,8.0,1,80.0,90.0,85.0,0,4,10.0,85.0,85.0,85.0,0.0,15.0,-0.5573835889821389,-0.830255102202564,8,110.0,25.0,70.15,377.54999999999995,884.0749999999999,28.960714285714285,25.15357142857143,85.60714285714286,4.8674,-0.024803654431799993,,0,75.0,,0.0,75.0,,0.0
2018-08-12,8.0,1,70.0,80.0,75.0,0,5,10.0,85.0,85.0,82.5,-0.12516314295400605,16.0,-0.6530802351124095,-0.7572887207040125,8,100.0,25.0,114.44999999999999,395.2,956.3,27.835714285714285,24.657142857142855,89.25,4.8573,-0.02440347071583504,,0,75.0,,0.0,75.0,,0.0
2018-08-19,8.0,1,70.0,80.0,75.0,0,4,10.0,75.0,85.0,80.0,0.0,17.0,-0.7393190118685713,-0.6733553287007383,8,100.0,25.0,80.05000000000001,379.65000000000003,995.4000000000001,28.59642857142857,25.08214285714286,88.60714285714286,4.829,-0.019552108501005083,,0,75.0,,0.0,75.0,,0.0
2018-08-26,8.0,1,70.0,80.0,75.0,0,5,10.0,75.0,75.0,77.5,0.0,18.0,-0.8148510143815274,-0.579670444616073,8,100.0,25.0,64.775,347.5,1015.0250000000001,28.77857142857143,24.91428571428571,88.82142857142857,4.7761,-0.02438974568481267,,0,75.0,,0.0,75.0,,0.0
2018-09-02,8.0,1,70.0,80.0,75.0,0,5,10.0,75.0,75.0,75.0,0.0,19.0,-0.8785823926541031,-0.4775908074054518,9,100.0,25.0,45.0,328.825,1013.2750000000001,29.535714285714285,24.800000000000004,85.07142857142857,4.792,-0.015490816452315426,,0,75.0,,0.0,75.0,,0.0
2018-09-09,8.0,1,70.0,80.0,75.0,0,5,10.0,75.0,75.0,75.0,0.0,20.0,-0.9295901926320701,-0.36859472834302814,9,100.0,25.0,67.45,290.3,998.55,29.150000000000002,24.260714285714283,87.25,4.7914,-0.013567208119737328,,0,75.0,,0.0,,,0.0
2018-09-16,8.0,1,70.0,80.0,75.0,0,5,10.0,75.0,75.0,75.0,0.0,21.0,-0.9671357223702196,-0.2542606822051601,9,100.0,25.0,114.17500000000001,317.275,1024.35,28.574999999999996,23.928571428571427,89.96428571428571,4.7517,-0.016007454959618972,,0,,,0.0,,,0.0
2018-09-23,,0,,,,0,0,,,,,,,-0.990675249725465,-0.1362444478919698,9,100.0,,73.275,319.00000000000006,1044.675,29.014285714285716,23.957142857142856,89.96428571428571,4.7377,-0.008040032662632535,,0,,,0.0,,,0.0
2018-09-30,,0,,,,0,0,,,,,,,-0.9998678766536084,-0.016255129535149522,9,100.0,,43.475,305.97499999999997,1039.375,30.107142857142858,24.360714285714288,88.5,4.7009,-0.019010851419031694,,0,,,0.0,,,0.0
2018-10-07,,0,,,,0,0,,,,,,,-0.9945804760746727,0.10396959464707627,10,,,79.45,333.2,1029.7,29.67142857142857,24.117857142857144,89.60714285714286,4.7759,-0.0032349626413992194,,0,,,0.0,,,0.0
2018-10-14,,0,,,,0,0,,,,,,,-0.9748896198114074,0.22268863730322982,10,,,24.525000000000002,271.1,961.0,30.592857142857145,24.060714285714283,86.96428571428571,4.7327,-0.003998568933223701,,0,,,0.0,,,0.0
2018-10-21,,0,,,,0,0,,,,,,,-0.9410804696806755,0.3381827162727261,10,,,65.875,237.3,911.5000000000001,29.5,24.192857142857143,89.28571428571429,4.6998,-0.007999662283386555,,0,,,0.0,,,0.0
2018-10-28,,0,,,,0,0,,,,,,,-0.8936426477968741,0.44877925312851974,10,,,54.025,240.67499999999998,882.0500000000001,30.04642857142857,24.1,88.32142857142857,4.7676,0.014188772362738966,,0,,,0.0,,,0.0
2018-11-04,,0,,,,0,0,,,,,,,-0.833263145893403,0.5528765953590633,11,,,3.225,178.54999999999998,810.6750000000001,30.37857142857143,23.332142857142856,72.82142857142857,4.7692,-0.0014028769446596812,,0,,,0.0,,,0.0
2018-11-11,,0,,,,0,0,,,,,,,-0.7608163763489766,0.6489672114053316,11,,,47.1,180.75,750.725,31.12142857142857,24.178571428571427,79.60714285714286,4.7498,0.0036131595072579348,,0,,,0.0,,,0.0
2018-11-18,,0,,,,0,0,,,,,,,-0.6773515089992288,0.7356595226437754,11,,,19.575,168.9,693.725,30.332142857142856,24.182142857142857,87.32142857142857,4.7407,0.008702497978637425,,0,,,0.0,,,0.0
2018-11-25,,0,,,,0,0,,,,,,,-0.5840772771211428,0.8116980561457271,11,,,10.124999999999998,84.375,636.075,31.185714285714287,23.646428571428572,80.96428571428571,4.7615,-0.001279469754174034,,0,,,0.0,,,0.0
2018-12-02,,0,,,,0,0,,,,,,,-0.4823444726291631,0.8759816263621598,12,,,5.925,84.1,590.3499999999999,30.814285714285713,23.689285714285713,74.60714285714286,4.7338,-0.007422628533087283,,0,,,0.0,,,0.0
2018-12-09,,0,,,,0,0,,,,,,,-0.3736263839865089,0.9275792824277426,12,,,32.35,79.85,564.775,31.439285714285713,24.085714285714285,80.57142857142857,4.7747,0.005242325992673491,,0,,,0.0,,,0.0
2018-12-16,,0,,,,0,0,,,,,,,-0.25949746012870334,0.9657437901362618,12,,,15.0,69.55,453.79999999999995,30.807142857142853,23.996428571428574,72.57142857142857,4.7542,0.002847680722256163,,0,,,0.0,,,0.0
2018-12-23,,0,,,,0,0,,,,,,,-0.1416105093871293,0.9899224533422392,12,,,6.225,59.724999999999994,399.325,31.532142857142862,24.071428571428573,75.89285714285714,4.7278,-0.007077601596135574,,0,,,0.0,,,0.0
2018-12-30,,0,,,,0,0,,,,,,,-0.021672763616436087,0.9997651180738534,12,,,7.45,61.8,364.95,31.603571428571428,23.66785714285714,73.35714285714286,4.737,0.0006759896911572305,,0,,,0.0,,,0.0
2019-01-06,,0,,,,0,0,,,,,,,0.12012289230803276,0.9927590295452128,1,,,37.449999999999996,87.425,325.04999999999995,29.182142857142857,22.689285714285713,66.89285714285714,4.6739,-0.021111274006743952,,0,,,0.0,,,0.0
2019-01-13,,0,,,,0,0,,,,,,,0.23850617198777344,0.9711409814871055,1,,,11.349999999999998,63.699999999999996,312.2,30.95,23.946428571428573,82.89285714285714,4.7259,-0.005952631357536431,,0,,,0.0,,,0.0
2019-01-20,,0,,,,0,0,,,,,,,0.35343541937821843,0.9354589271202359,1,,,9.450000000000001,67.02499999999999,254.475,31.653571428571432,23.457142857142856,75.71428571428571,4.6786,-0.010406531579170042,,0,,,0.0,,,0.0
2019-01-27,,0,,,,0,0,,,,,,,0.46324623590987735,0.8862296118474773,1,,,1.45,61.699999999999996,206.0,31.646428571428572,22.189285714285713,66.64285714285714,4.6775,-0.012560692421363706,,0,,,0.0,,,0.0
2019-02-03,,0,,,,0,0,,,,,,,0.5663483478265068,0.8241659717036285,2,,,12.25,64.025,215.70000000000002,30.935714285714283,23.16071428571429,75.89285714285714,4.6456,-0.0060549006183272525,,0,,,0.0,,,0.0
2019-02-10,,0,,,,0,0,,,,,,,0.6612486364356777,0.7501668086578858,2,,,11.975000000000001,39.1,179.5,30.517857142857142,24.389285714285712,83.0,4.668,-0.012251634609280804,,0,,,0.0,,,0.0
2019-02-17,,0,,,,0,0,,,,,,,0.7465727613654504,0.6653037742168356,2,,,7.45,34.0,164.025,30.714285714285715,24.042857142857144,78.5,4.6186,-0.012824349164279991,,0,,,0.0,,,0.0
2019-02-24,,0,,,,0,0,,,,,,,0.821085063680431,0.5708058498306605,2,,,6.225,38.150000000000006,164.475,30.910714285714285,23.87142857142857,79.03571428571429,4.6634,-0.003014430785676092,,0,,,0.0,,,0.0
2019-03-03,,0,,,,0,0,,,,,,,0.8837064606214575,0.46804154885639837,3,,,7.824999999999999,36.35,166.20000000000002,30.72142857142857,24.375,77.5,4.731,0.018382986051317385,,0,,,0.0,,,0.0
2019-03-10,,0,,,,0,0,,,,,,,0.933530072818355,0.3584990978283722,3,,,1.975,27.125,130.125,31.396428571428572,23.87142857142857,75.60714285714286,4.7282,0.012896315338474684,,0,,,0.0,,,0.0
2019-03-17,,0,,,,0,0,,,,,,,0.9698343576633864,0.24376488404946006,3,,,52.35,69.85000000000001,171.4,31.746428571428574,24.04642857142857,78.0,4.7214,0.022257827047157175,,0,,,0.0,,,0.0
2019-03-24,,0,,,,0,0,,,,,,,0.9920935586486618,0.12550048162391395,3,,,20.5,86.47500000000001,187.5,31.39642857142857,25.15,81.14285714285714,4.7178,0.011665308573144184,,0,,,0.0,,,0.0
2019-03-31,,0,,,,0,0,,,,,,,0.9999853193408178,0.00541858863936743,3,,,37.775,116.00000000000001,217.35,30.871428571428574,25.142857142857142,83.85714285714286,4.7259,-0.0010779961953074624,,0,,,0.0,,,0.0
2019-04-07,9.0,1,70.0,80.0,75.0,0,4,10.0,,,,,1.0,0.9933953517278383,-0.11474177602566749,4,105.0,30.0,52.8,163.65,231.625,30.632142857142856,24.782142857142855,85.96428571428571,4.7488,0.00435683769722095,,0,75.0,,0.0,75.0,,0.0
2019-04-14,9.0,1,70.0,80.0,75.0,0,3,10.0,75.0,,75.0,0.0,2.0,0.9724190913312905,-0.23324045707043928,4,105.0,30.0,8.075,163.15000000000003,229.275,32.06071428571429,25.967857142857145,80.96428571428571,4.7347,0.0028169610708688175,,0,75.0,,0.0,67.0,,0.0
2019-04-21,9.0,1,70.0,80.0,75.0,0,3,10.0,75.0,75.0,75.0,0.0,3.0,0.9373603151147408,-0.34836136359819486,4,105.0,30.0,16.7,129.35,236.9,32.80714285714286,26.885714285714283,79.75,4.7441,0.005574632243842359,,0,67.0,,0.0,65.0,,0.0
2019-04-28,9.0,1,62.0,72.0,67.0,0,5,10.0,75.0,75.0,73.0,-0.1127954941453444,4.0,0.8887267422037195,-0.45843732144314286,4,97.0,30.0,11.924999999999999,93.8,247.7,32.54642857142857,26.767857142857142,80.17857142857143,4.7491,0.004909117839988264,,0,65.0,,0.0,65.0,,0.0
2019-05-05,9.0,1,60.0,70.0,65.0,0,5,10.0,67.0,75.0,70.5,-0.030305349495328922,5.0,0.8272226811273455,-0.5618742170882073,5,95.0,30.0,43.599999999999994,91.92500000000001,277.0,32.41785714285714,26.396428571428572,81.75,4.7553,0.0013687668463611136,,0,65.0,,0.0,95.0,,0.0
2019-05-12,9.0,1,60.0,70.0,65.0,0,3,10.0,65.0,67.0,68.0,0.0,6.0,0.7537388300638258,-0.6571740835227871,5,95.0,30.0,46.05,121.47500000000001,312.475,31.060714285714287,26.282142857142855,84.10714285714286,4.6281,-0.02251462605867327,,0,95.0,,0.0,95.0,,0.0
2019-05-19,9.0,1,90.0,100.0,95.0,0,5,10.0,65.0,65.0,73.0,0.3794896217049037,7.0,0.6693393778020698,-0.7429567937124865,5,115.0,20.0,47.625,152.625,353.225,30.310714285714287,25.614285714285717,86.10714285714286,4.5956,-0.03130203832128331,,0,95.0,,0.0,105.0,,0.0
2019-05-26,9.0,1,90.0,100.0,95.0,0,4,10.0,95.0,65.0,80.0,0.0,8.0,0.5752465922225328,-0.8179800475172747,5,115.0,20.0,46.7,185.875,392.425,30.70357142857143,25.810714285714287,85.85714285714286,4.6157,-0.028089532753574398,,0,105.0,,0.0,115.0,,0.0
2019-06-02,9.0,1,100.0,110.0,105.0,0,5,10.0,95.0,95.0,90.0,0.10008345855698263,9.0,0.4728231194859959,-0.8811573626087066,6,125.0,20.0,30.849999999999998,190.95,415.925,30.85,25.739285714285717,85.5,4.5794,-0.03699030555380323,,0,115.0,,0.0,115.0,,0.0
2019-06-09,9.0,1,110.0,120.0,115.0,0,4,10.0,105.0,95.0,102.5,0.09097177820572679,10.0,0.3635522502723814,-0.9315738088428033,6,135.0,20.0,72.4,217.2,487.35,30.40357142857143,25.360714285714288,87.75,4.5371,-0.019662496488839998,,0,115.0,,0.0,115.0,,0.0
2019-06-16,9.0,1,110.0,120.0,115.0,0,5,10.0,115.0,105.0,107.5,0.0,11.0,0.24901643885277955,-0.9684992582243312,6,135.0,20.0,51.45,207.05,483.85,30.392857142857142,26.057142857142857,85.82142857142857,4.5003,-0.02073722691269908,,0,115.0,,0.0,105.0,,0.0
2019-06-23,9.0,1,110.0,120.0,115.0,0,4,10.0,115.0,115.0,112.5,0.0,12.0,0.1308743860801995,-0.9913989585772879,6,135.0,20.0,71.25,242.0,514.8,30.010714285714283,25.532142857142855,87.46428571428571,4.4811,-0.029161340641722933,,0,105.0,,0.0,105.0,,0.0
2019-06-30,9.0,1,100.0,110.0,105.0,0,5,10.0,115.0,115.0,112.5,-0.09097177820572676,13.0,0.010837018181828733,-0.9999412777943146,6,125.0,20.0,76.425,274.975,563.0,29.428571428571427,25.517857142857142,87.64285714285714,4.4634,-0.025330829366292495,,0,105.0,,0.0,105.0,,0.0
2019-07-07,9.0,1,100.0,110.0,105.0,0,5,10.0,105.0,115.0,110.0,0.0,14.0,-0.10935729077348681,-0.9940025065132799,7,125.0,20.0,70.15,299.025,591.1,29.85,25.217857142857145,86.53571428571429,4.4597,-0.01705935509466394,,0,105.0,,0.0,105.0,,0.0
2019-07-14,9.0,1,100.0,110.0,105.0,0,5,10.0,105.0,105.0,107.5,0.0,15.0,-0.2279678939057896,-0.9736686496689512,7,125.0,20.0,20.375,248.625,604.025,31.407142857142855,25.182142857142853,80.42857142857143,4.4928,-0.0016665555629625795,,0,105.0,,0.0,83.0,,0.0
2019-07-21,9.0,1,100.0,110.0,105.0,0,3,10.0,105.0,105.0,105.0,0.0,16.0,-0.34327707946926905,-0.9392341809746114,7,125.0,20.0,92.1,283.52500000000003,677.5500000000001,29.921428571428574,25.425000000000004,85.67857142857143,4.477,-0.000914953917564687,,0,83.0,,0.0,65.0,,0.0
2019-07-28,9.0,1,78.0,88.0,83.0,0,5,10.0,105.0,105.0,99.5,-0.23511974236092548,17.0,-0.4536149466522629,-0.8911977783711451,7,103.0,20.0,48.675,255.975,715.675,30.510714285714283,25.099999999999998,84.39285714285714,4.4918,0.006362862391898538,,0,65.0,,0.0,65.0,,0.0
2019-08-04,9.0,1,60.0,70.0,65.0,0,4,10.0,83.0,105.0,89.5,-0.24445333790096085,18.0,-0.5573835889821389,-0.830255102202564,8,85.0,20.0,61.82499999999999,228.75,729.45,30.167857142857144,25.41428571428571,82.07142857142857,4.4326,-0.0060766419265869676,,0,65.0,,0.0,65.0,,0.0
2019-08-11,9.0,1,60.0,70.0,65.0,0,5,10.0,65.0,83.0,79.5,0.0,19.0,-0.6530802351124095,-0.7572887207040125,8,85.0,20.0,115.825,325.55,794.625,28.77857142857143,25.310714285714287,88.17857142857143,4.3523,-0.031272257834757955,,0,65.0,,0.0,65.0,,0.0
2019-08-18,9.0,1,60.0,70.0,65.0,0,4,10.0,65.0,65.0,69.5,0.0,20.0,-0.7393190118685713,-0.6733553287007383,8,85.0,20.0,64.725,311.775,817.5749999999999,29.54285714285714,25.29642857142857,86.85714285714286,4.3869,-0.020125083761447504,,0,65.0,,0.0,65.0,,0.0
2019-08-25,9.0,1,60.0,70.0,65.0,0,5,10.0,65.0,65.0,65.0,0.0,21.0,-0.8148510143815274,-0.579670444616073,8,85.0,20.0,79.325,338.17499999999995,850.4,29.307142857142857,25.289285714285715,86.78571428571429,4.3342,-0.03508615699719475,,0,65.0,,0.0,65.0,,0.0
2019-09-01,9.0,1,60.0,70.0,65.0,0,5,10.0,65.0,65.0,65.0,0.0,22.0,-0.8785823926541031,-0.4775908074054518,9,85.0,20.0,94.375,371.975,917.45,28.09642857142857,24.875,88.21428571428571,4.2776,-0.034968190226954854,,0,65.0,,0.0,65.0,,0.0
2019-09-08,9.0,1,60.0,70.0,65.0,0,5,10.0,65.0,65.0,65.0,0.0,23.0,-0.9295901926320701,-0.36859472834302814,9,85.0,20.0,92.8,371.3,929.8249999999999,28.36428571428571,24.803571428571427,89.39285714285714,4.3113,-0.00942030650460668,,0,65.0,,0.0,67.5,,0.0
2019-09-15,9.0,1,60.0,70.0,65.0,0,5,10.0,65.0,65.0,65.0,0.0,24.0,-0.9671357223702196,-0.2542606822051601,9,85.0,20.0,118.65,398.27500000000003,990.9499999999999,29.246428571428574,24.396428571428572,87.60714285714286,4.2978,-0.020310469807837017,,0,67.5,,0.0,75.0,,0.0
2019-09-22,9.0,1,62.5,72.5,67.5,0,4,10.0,65.0,65.0,65.625,0.03774032798284711,25.0,-0.990675249725465,-0.1362444478919698,9,89.0,21.5,120.85,450.84999999999997,1044.025,28.110714285714284,24.09642857142857,91.75,4.3009,-0.00768307876886154,,0,75.0,,0.0,75.0,,0.0
2019-09-29,9.0,1,70.0,80.0,75.0,0,4,10.0,67.5,65.0,68.125,0.10536051565782635,26.0,-0.9998678766536084,-0.016255129535149522,9,95.0,20.0,32.05,392.275,1000.125,30.535714285714285,24.353571428571428,86.07142857142857,4.2991,0.005026182906302745,,0,75.0,,0.0,95.0,,0.0
2019-10-06,9.0,1,70.0,80.0,75.0,0,5,10.0,75.0,67.5,70.625,0.0,27.0,-0.9945804760746727,0.10396959464707627,10,95.0,20.0,44.75,339.3,982.1750000000001,30.160714285714285,24.285714285714285,89.17857142857143,4.2597,-0.011968547769814375,,0,95.0,,0.0,,,0.0
2019-10-13,9.0,1,90.0,100.0,95.0,0,5,10.0,75.0,75.0,78.125,0.23638877806423034,28.0,-0.9748896198114074,0.22268863730322982,10,115.0,20.0,49.5,320.55,1005.825,30.0,23.86428571428571,89.28571428571429,4.2901,-0.001791614314300305,,0,,,0.0,,,0.0
2019-10-20,,0,,,,0,0,,,,,,,-0.9410804696806755,0.3381827162727261,10,115.0,,34.45,198.325,950.5,30.675,24.492857142857144,84.14285714285714,4.2767,-0.0056267292892185905,,0,,,0.0,,,0.0
2019-10-27,,0,,,,0,0,,,,,,,-0.8936426477968741,0.44877925312851974,10,115.0,,19.2,157.25,915.4,31.092857142857145,24.467857142857138,85.5,4.2667,-0.007536461119769244,,0,,,0.0,,,0.0
2019-11-03,,0,,,,0,0,,,,,,,-0.833263145893403,0.5528765953590633,11,,,26.625,145.725,882.15,30.475,23.639285714285716,81.85714285714286,4.2865,0.00629152287719803,,0,,,0.0,,,0.0
2019-11-10,,0,,,,0,0,,,,,,,-0.7608163763489766,0.6489672114053316,11,,,14.975,115.725,782.6,30.710714285714285,23.332142857142856,79.25,4.3477,0.01342626046012918,,0,,,0.0,,,0.0
2019-11-17,,0,,,,0,0,,,,,,,-0.6773515089992288,0.7356595226437754,11,,,9.174999999999999,78.925,735.375,30.982142857142858,23.325,74.82142857142857,4.312,0.00825402763813221,,0,,,0.0,,,0.0
2019-11-24,,0,,,,0,0,,,,,,,-0.5840772771211428,0.8116980561457271,11,,,4.6,63.824999999999996,652.0,31.55,23.321428571428573,72.03571428571429,4.2899,0.0054374575198632424,,0,,,0.0,,,0.0
2019-12-01,,0,,,,0,0,,,,,,,-0.4823444726291631,0.8759816263621598,12,,,6.8,48.5,563.75,32.471428571428575,25.157142857142855,66.17857142857143,4.3026,0.0037559780706870605,,0,,,0.0,,,0.0
2019-12-08,,0,,,,0,0,,,,,,,-0.3736263839865089,0.9275792824277426,12,,,3.1999999999999993,24.65,465.17499999999995,28.207142857142856,21.210714285714285,58.82142857142857,4.3138,-0.0077972261195574655,,0,,,0.0,,,0.0
2019-12-15,,0,,,,0,0,,,,,,,-0.25949746012870334,0.9657437901362618,12,,,0.27499999999999997,15.874999999999998,343.725,30.27142857142857,21.396428571428572,62.17857142857143,4.3298,0.004128014842300409,,0,,,0.0,,,0.0
2019-12-22,,0,,,,0,0,,,,,,,-0.1416105093871293,0.9899224533422392,12,,,8.4,18.75,244.775,31.821428571428573,23.607142857142858,77.14285714285714,4.3074,0.004079349168978341,,0,,,0.0,,,0.0
2019-12-29,,0,,,,0,0,,,,,,,-0.021672763616436087,0.9997651180738534,12,,,7.875,20.9,225.95000000000002,31.071428571428573,23.428571428571427,81.39285714285714,4.3104,0.0018128573420721494,,0,,,0.0,,,0.0
2020-01-05,,0,,,,0,0,,,,,,,0.12012289230803276,0.9927590295452128,1,,,1.8750000000000002,18.425,182.425,32.5,23.457142857142856,66.71428571428571,4.3255,0.002712225879734964,,0,,,0.0,,,0.0
2020-01-12,,0,,,,0,0,,,,,,,0.23850617198777344,0.9711409814871055,1,,,6.6499999999999995,24.875000000000004,138.79999999999998,32.403571428571425,23.58214285714286,77.25,4.3679,0.008799482655087898,,0,,,0.0,,,0.0
2020-01-19,,0,,,,0,0,,,,,,,0.35343541937821843,0.9354589271202359,1,,,4.925,21.95,112.55,31.917857142857144,23.453571428571426,79.89285714285714,4.4294,0.028323350513070444,,0,,,0.0,,,0.0
2020-01-26,,0,,,,0,0,,,,,,,0.46324623590987735,0.8862296118474773,1,,,5.5,22.599999999999998,92.3,31.567857142857143,24.33571428571429,79.53571428571429,4.4077,0.02257331106161864,,0,,,0.0,,,0.0
2020-02-02,,0,,,,0,0,,,,,,,0.5663483478265068,0.8241659717036285,2,,,8.325,25.724999999999998,81.0,31.046428571428574,23.185714285714283,74.92857142857143,4.4949,0.03916310253149935,,0,,,0.0,,,0.0
2020-02-09,,0,,,,0,0,,,,,,,0.6612486364356777,0.7501668086578858,2,,,3.275,26.075,70.85,31.346428571428568,22.842857142857145,77.46428571428571,4.4756,0.024657157901966764,,0,,,0.0,,,0.0
2020-02-16,,0,,,,0,0,,,,,,,0.7465727613654504,0.6653037742168356,2,,,3.5250000000000004,22.15,63.625,31.864285714285717,24.360714285714288,72.14285714285714,4.468,0.00871449857768547,,0,,,0.0,,,0.0
2020-02-23,,0,,,,0,0,,,,,,,0.821085063680431,0.5708058498306605,2,,,11.65,28.400000000000002,71.375,32.83571428571428,23.589285714285715,60.57142857142857,4.4985,0.020600313088458888,,0,,,0.0,,,0.0
2020-03-01,,0,,,,0,0,,,,,,,0.8837064606214575,0.46804154885639837,3,,,12.55,34.300000000000004,75.95,30.87857142857143,23.578571428571426,77.5,4.5175,0.005027920532158614,,0,,,0.0,,,0.0
2020-03-08,,0,,,,0,0,,,,,,,0.933530072818355,0.3584990978283722,3,,,8.35,36.275,83.175,31.017857142857142,24.664285714285715,79.71428571428571,4.5395,0.014277415318616482,,0,,,0.0,,,0.0
2020-03-15,,0,,,,0,0,,,,,,,0.9698343576633864,0.24376488404946006,3,,,17.1,50.025,99.325,32.90357142857143,25.410714285714285,77.64285714285714,4.5425,0.016674127126231175,,0,,,0.0,,,0.0
2020-03-22,,0,,,,0,0,,,,,,,0.9920935586486618,0.12550048162391395,3,,,12.824999999999998,51.150000000000006,103.725,31.15,25.04285714285714,79.14285714285714,4.5906,0.020473491163721214,,0,,,0.0,,,0.0
2020-03-29,,0,,,,0,0,,,,,,,0.9999853193408178,0.00541858863936743,3,,,4.399999999999999,44.550000000000004,100.9,32.025,25.246428571428574,77.82142857142857,4.592,0.016491422246817766,,0,,,0.0,,,0.0
2020-04-05,10.0,1,80.0,90.0,85.0,0,5,10.0,,,,,1.0,0.9933953517278383,-0.11474177602566749,4,115.0,30.0,15.049999999999997,49.925,114.125,32.72857142857143,26.082142857142856,77.82142857142857,4.6552,0.025487388478907302,,0,85.0,,0.0,85.0,,0.0
2020-04-12,10.0,1,80.0,90.0,85.0,0,4,10.0,85.0,,85.0,0.0,2.0,0.9724190913312905,-0.23324045707043928,4,115.0,30.0,18.4,65.1,124.175,32.01428571428572,25.817857142857143,79.03571428571429,4.6494,0.02353329664281767,,0,85.0,,0.0,85.0,,0.0
2020-04-19,10.0,1,80.0,90.0,85.0,0,5,10.0,85.0,85.0,85.0,0.0,3.0,0.9373603151147408,-0.34836136359819486,4,115.0,30.0,45.175,84.94999999999999,165.45,30.675000000000004,25.035714285714285,85.17857142857143,4.5987,0.0017644752319958545,,0,85.0,,0.0,85.0,,0.0
2020-04-26,10.0,1,80.0,90.0,85.0,0,5,10.0,85.0,85.0,85.0,0.0,4.0,0.8887267422037195,-0.45843732144314286,4,115.0,30.0,28.574999999999996,108.225,188.27499999999998,32.035714285714285,25.571428571428573,82.64285714285714,4.5818,-0.002221254355400548,,0,85.0,,0.0,85.0,,0.0
2020-05-03,10.0,1,80.0,90.0,85.0,0,5,10.0,85.0,85.0,85.0,0.0,5.0,0.8272226811273455,-0.5618742170882073,5,115.0,30.0,48.35,146.95,229.1,30.485714285714284,25.146428571428572,86.53571428571429,4.5935,-0.013253995531878338,,0,85.0,,0.0,85.0,,0.0
2020-05-10,10.0,1,80.0,90.0,85.0,0,3,10.0,85.0,85.0,85.0,0.0,6.0,0.7537388300638258,-0.6571740835227871,5,115.0,30.0,8.574999999999996,134.65,234.1,32.403571428571425,26.603571428571428,81.82142857142857,4.5566,-0.0199595646750117,,0,85.0,,0.0,85.0,,0.0
2020-05-17,10.0,1,80.0,90.0,85.0,0,4,10.0,85.0,85.0,85.0,0.0,7.0,0.6693393778020698,-0.7429567937124865,5,115.0,30.0,23.324999999999996,115.875,251.95,32.567857142857136,26.485714285714288,80.53571428571429,4.5149,-0.018222541152934535,,0,85.0,,0.0,85.0,,0.0
2020-05-24,10.0,1,80.0,90.0,85.0,0,5,10.0,85.0,85.0,85.0,0.0,8.0,0.5752465922225328,-0.8179800475172747,5,115.0,30.0,47.675,140.125,290.05,32.13214285714286,26.760714285714283,82.75,4.4704,-0.02431358854598642,,0,85.0,,0.0,85.0,,0.0
2020-05-31,10.0,1,80.0,90.0,85.0,0,5,10.0,85.0,85.0,85.0,0.0,9.0,0.4728231194859959,-0.8811573626087066,5,115.0,30.0,69.15,156.45,346.125,30.557142857142857,25.814285714285717,87.78571428571429,4.4583,-0.029432894307172996,,0,85.0,,0.0,85.0,,0.0
2020-06-07,10.0,1,80.0,90.0,85.0,0,4,10.0,85.0,85.0,85.0,0.0,10.0,0.3635522502723814,-0.9315738088428033,6,115.0,30.0,61.599999999999994,202.52499999999998,400.2,29.925,25.482142857142858,87.78571428571429,4.4369,-0.026269586972743064,,0,85.0,,0.0,85.0,,0.0
2020-06-14,10.0,1,80.0,90.0,85.0,0,5,10.0,85.0,85.0,85.0,0.0,11.0,0.24901643885277955,-0.9684992582243312,6,115.0,30.0,45.54999999999999,233.375,425.975,30.260714285714283,25.389285714285712,86.03571428571429,4.3738,-0.03125207645795025,,0,85.0,,0.0,85.0,,0.0
2020-06-21,10.0,1,80.0,90.0,85.0,0,5,10.0,85.0,85.0,85.0,0.0,12.0,0.1308743860801995,-0.9913989585772879,6,115.0,30.0,72.25,269.775,487.3,29.535714285714285,25.09642857142857,88.85714285714286,4.3822,-0.019729778095919692,,0,85.0,,0.0,85.0,,0.0
2020-06-28,10.0,1,80.0,90.0,85.0,0,5,10.0,85.0,85.0,85.0,0.0,13.0,0.010837018181828733,-0.9999412777943146,6,115.0,30.0,85.225,286.225,566.625,29.717857142857145,24.967857142857145,88.53571428571429,4.3726,-0.019222573626718753,,0,85.0,,0.0,85.0,,0.0
2020-07-05,10.0,1,80.0,90.0,85.0,0,5,10.0,85.0,85.0,85.0,0.0,14.0,-0.10935729077348681,-0.9940025065132799,7,115.0,30.0,85.82499999999999,308.65000000000003,637.825,29.282142857142855,24.91428571428571,87.53571428571429,4.4027,-0.0077080844733934395,,0,85.0,,0.0,85.0,,0.0
2020-07-12,10.0,1,80.0,90.0,85.0,0,3,10.0,85.0,85.0,85.0,0.0,15.0,-0.2279678939057896,-0.9736686496689512,7,115.0,30.0,46.52499999999999,306.625,654.55,30.36785714285714,25.0,86.39285714285714,4.4731,0.022703370067218342,,0,85.0,,0.0,85.0,,0.0
2020-07-19,10.0,1,80.0,90.0,85.0,0,5,10.0,85.0,85.0,85.0,0.0,16.0,-0.34327707946926905,-0.9392341809746114,7,115.0,30.0,38.05,266.775,660.05,30.39642857142857,24.95714285714286,86.46428571428571,4.5312,0.034001186618593415,,0,85.0,,0.0,85.0,,0.0
2020-07-26,10.0,1,80.0,90.0,85.0,0,5,10.0,85.0,85.0,85.0,0.0,17.0,-0.4536149466522629,-0.8911977783711451,7,115.0,30.0,54.224999999999994,249.9,658.5749999999999,30.039285714285715,25.067857142857143,88.17857142857143,4.5205,0.03382426931345184,,0,85.0,,0.0,85.0,,0.0
2020-08-02,10.0,1,80.0,90.0,85.0,0,3,10.0,85.0,85.0,85.0,0.0,18.0,-0.5573835889821389,-0.830255102202564,8,115.0,30.0,95.25,239.7,730.05,29.49285714285714,25.13571428571429,87.67857142857143,4.4711,0.01553592113930069,,0,85.0,,0.0,85.0,,0.0
2020-08-09,10.0,1,80.0,90.0,85.0,0,5,10.0,85.0,85.0,85.0,0.0,19.0,-0.6530802351124095,-0.7572887207040125,8,115.0,30.0,111.675,315.325,832.2,28.560714285714287,25.103571428571428,90.07142857142857,4.4768,0.0008271668417876299,,0,85.0,,0.0,85.0,,0.0
2020-08-16,10.0,1,80.0,90.0,85.0,0,4,10.0,85.0,85.0,85.0,0.0,20.0,-0.7393190118685713,-0.6733553287007383,8,115.0,30.0,87.42499999999998,358.45,894.15,28.935714285714287,24.792857142857144,89.46428571428571,4.4762,-0.012138064971751295,,0,85.0,,0.0,85.0,,0.0
2020-08-23,10.0,1,80.0,90.0,85.0,0,5,10.0,85.0,85.0,85.0,0.0,21.0,-0.8148510143815274,-0.579670444616073,8,115.0,30.0,23.824999999999992,335.25,869.45,30.235714285714284,24.95,85.32142857142857,4.5606,0.008870700143789323,,0,85.0,,0.0,85.0,,0.0
2020-08-30,10.0,1,80.0,90.0,85.0,0,5,10.0,85.0,85.0,85.0,0.0,22.0,-0.8785823926541031,-0.4775908074054518,8,115.0,30.0,18.674999999999994,292.775,821.15,31.428571428571427,25.389285714285716,82.5,4.5372,0.014783833955849923,,0,85.0,,0.0,85.0,,0.0
2020-09-06,10.0,1,80.0,90.0,85.0,0,4,10.0,85.0,85.0,85.0,0.0,23.0,-0.9295901926320701,-0.36859472834302814,9,115.0,30.0,72.02499999999999,230.85000000000002,831.975,30.214285714285715,25.096428571428568,88.10714285714286,4.5888,0.02501786990707644,,0,85.0,,0.0,85.0,,0.0
2020-09-13,10.0,1,80.0,90.0,85.0,0,4,10.0,85.0,85.0,85.0,0.0,24.0,-0.9671357223702196,-0.2542606822051601,9,115.0,30.0,60.74999999999999,187.89999999999998,831.175,29.932142857142857,24.839285714285715,88.5,4.5826,0.02377016219114414,,0,85.0,,0.0,85.0,,0.0
2020-09-20,10.0,1,80.0,90.0,85.0,0,5,10.0,85.0,85.0,85.0,0.0,25.0,-0.990675249725465,-0.1362444478919698,9,115.0,30.0,144.29999999999998,304.32500000000005,910.6750000000001,28.410714285714285,24.664285714285715,91.03571428571429,4.6027,0.009231241503310894,,0,85.0,,0.0,85.0,,0.0
2020-09-27,10.0,1,80.0,90.0,85.0,0,5,10.0,85.0,85.0,85.0,0.0,26.0,-0.9998678766536084,-0.016255129535149522,9,115.0,30.0,67.87499999999999,351.25000000000006,887.2750000000001,30.057142857142857,24.417857142857144,88.0,4.6294,0.02032090275941112,,0,85.0,,0.0,85.0,,0.0
2020-10-04,10.0,1,80.0,90.0,85.0,0,5,10.0,85.0,85.0,85.0,0.0,27.0,-0.9945804760746727,0.10396959464707627,10,115.0,30.0,103.3,397.325,919.25,28.767857142857142,24.478571428571428,89.64285714285714,4.6438,0.011985704323570268,,0,85.0,,0.0,85.0,,0.0
2020-10-11,10.0,1,80.0,90.0,85.0,0,5,10.0,85.0,85.0,85.0,0.0,28.0,-0.9748896198114074,0.22268863730322982,10,115.0,30.0,124.69999999999999,464.20000000000005,990.0500000000001,27.974999999999998,24.053571428571427,92.35714285714286,4.6338,0.011172696722384634,,0,85.0,,0.0,65.0,,0.0
2020-10-18,10.0,1,80.0,90.0,85.0,0,4,10.0,85.0,85.0,85.0,0.0,29.0,-0.9410804696806755,0.3381827162727261,10,115.0,30.0,115.22500000000001,483.7,1072.875,27.7,23.592857142857145,91.42857142857143,4.6552,0.011406348447650316,,0,65.0,,0.0,65.0,,0.0
2020-10-25,10.0,1,60.0,70.0,65.0,0,4,10.0,85.0,85.0,80.0,-0.2682639865946794,30.0,-0.8936426477968741,0.44877925312851974,10,95.0,30.0,16.85,384.725,1037.15,29.346428571428568,23.182142857142853,81.53571428571429,4.6813,0.011210956063420818,,0,65.0,,0.0,65.0,,0.0
2020-11-01,10.0,1,60.0,70.0,65.0,0,5,10.0,65.0,85.0,75.0,0.0,31.0,-0.833263145893403,0.5528765953590633,11,95.0,30.0,50.650000000000006,330.5,977.1999999999999,29.807142857142857,23.425,86.0,4.6622,0.003962272277014733,,0,65.0,,0.0,,,0.0
2020-11-08,10.0,1,60.0,70.0,65.0,0,5,10.0,65.0,65.0,70.0,0.0,32.0,-0.7608163763489766,0.6489672114053316,11,95.0,30.0,22.825000000000003,267.85,894.475,30.167857142857144,24.164285714285715,79.57142857142857,4.6244,-0.002028572661746386,,0,,,0.0,,,0.0
2020-11-15,,0,,,,0,0,,,,,,,-0.6773515089992288,0.7356595226437754,11,95.0,,14.625,165.4,833.175,28.921428571428574,22.699999999999996,71.71428571428571,4.5658,-0.019204330641003464,,0,,,0.0,,,0.0
2020-11-22,,0,,,,0,0,,,,,,,-0.5840772771211428,0.8116980561457271,11,95.0,,27.950000000000003,116.2,838.2750000000001,30.735714285714288,23.925,83.46428571428571,4.6103,-0.015166727191164964,,0,,,0.0,,,0.0
2020-11-29,,0,,,,0,0,,,,,,,-0.4823444726291631,0.8759816263621598,11,,,4.0500000000000025,99.85000000000001,821.975,30.84642857142857,24.224999999999998,73.42857142857143,4.6094,-0.011325125477242626,,0,,,0.0,,,0.0
2020-12-06,,0,,,,0,0,,,,,,,-0.3736263839865089,0.9275792824277426,12,,,6.925000000000001,70.575,755.3,29.110714285714284,22.75,66.64285714285714,4.6174,-0.001513709886687975,,0,,,0.0,,,0.0
2020-12-13,,0,,,,0,0,,,,,,,-0.25949746012870334,0.9657437901362618,12,,,7.900000000000002,46.825,700.0,30.70714285714286,22.72857142857143,70.10714285714286,4.5973,0.006899119540934695,,0,,,0.0,,,0.0
2020-12-20,,0,,,,0,0,,,,,,,-0.1416105093871293,0.9899224533422392,12,,,15.425000000000002,48.324999999999996,575.375,29.842857142857145,23.232142857142858,74.67857142857143,4.5612,-0.010650066156215221,,0,,,0.0,,,0.0
2020-12-27,,0,,,,0,0,,,,,,,-0.021672763616436087,0.9997651180738534,12,,,15.600000000000003,46.974999999999994,488.1,29.310714285714283,21.814285714285713,69.67857142857143,4.6078,-0.0003471167614005344,,0,,,0.0,,,0.0
2021-01-03,,0,,,,0,0,,,,,,,0.09857884583629663,0.9951292434420685,1,,,0.4250000000000018,39.35,417.4,29.921428571428574,21.853571428571428,66.60714285714286,4.578,-0.008532940615931017,,0,,,0.0,,,0.0
2021-01-10,,0,,,,0,0,,,,,,,0.12012289230803276,0.9927590295452128,1,,,1.4750000000000016,40.725,297.15,30.692857142857143,22.685714285714287,64.07142857142857,4.6535,0.012224566593435293,,0,,,0.0,,,0.0
2021-01-17,,0,,,,0,0,,,,,,,0.23850617198777344,0.9711409814871055,1,,,0.1500000000000018,17.75,181.07500000000002,28.964285714285715,19.224999999999998,64.60714285714286,4.6384,0.016925370516530647,,0,,,0.0,,,0.0
2021-01-24,,0,,,,0,0,,,,,,,0.35343541937821843,0.9354589271202359,1,,,1.4500000000000017,8.35,167.2,29.84642857142857,20.099999999999998,67.14285714285714,4.6289,0.004579191805199834,,0,,,0.0,,,0.0
2021-01-31,,0,,,,0,0,,,,,,,0.46324623590987735,0.8862296118474773,1,,,8.725000000000003,11.8,124.47500000000001,31.128571428571426,23.24642857142857,76.96428571428571,4.6494,0.015596330275229331,,0,,,0.0,,,0.0
2021-02-07,,0,,,,0,0,,,,,,,0.5663483478265068,0.8241659717036285,2,,,1.7500000000000027,12.225000000000001,104.975,31.935714285714287,22.239285714285717,72.71428571428571,4.652,-0.00032233802514236576,,0,,,0.0,,,0.0
2021-02-14,,0,,,,0,0,,,,,,,0.6612486364356777,0.7501668086578858,2,,,12.850000000000003,24.925,104.64999999999999,30.514285714285712,22.574999999999996,75.96428571428571,4.6307,-0.0016600551914452977,,0,,,0.0,,,0.0
2021-02-21,,0,,,,0,0,,,,,,,0.7465727613654504,0.6653037742168356,2,,,9.750000000000004,34.300000000000004,86.15,30.917857142857144,22.785714285714285,68.96428571428571,4.6459,0.0036725787984186464,,0,,,0.0,,,0.0
2021-02-28,,0,,,,0,0,,,,,,,0.821085063680431,0.5708058498306605,2,,,0.5750000000000027,25.2,81.925,31.660714285714285,22.625,76.03571428571429,4.6946,0.009721684518432472,,0,,,0.0,,,0.0
2021-03-07,,0,,,,0,0,,,,,,,0.8837064606214575,0.46804154885639837,3,,,30.325000000000003,54.85,106.375,31.010714285714283,24.27857142857143,81.78571428571429,4.7003,0.010382631126397257,,0,,,0.0,,,0.0
2021-03-14,,0,,,,0,0,,,,,,,0.933530072818355,0.3584990978283722,3,,,28.225000000000005,69.225,122.475,30.375,24.217857142857145,83.67857142857143,4.7311,0.02168138726326463,,0,,,0.0,,,0.0
2021-03-21,,0,,,,0,0,,,,,,,0.9698343576633864,0.24376488404946006,3,,,10.500000000000004,70.42500000000001,121.80000000000001,31.0,24.90357142857143,80.89285714285714,4.7372,0.01965173593921521,,0,,,0.0,,,0.0
2021-03-28,,0,,,,0,0,,,,,,,0.9920935586486618,0.12550048162391395,3,,,14.425000000000002,83.55,120.30000000000001,31.635714285714283,24.853571428571428,77.14285714285714,4.7564,0.013164060835853864,,0,,,0.0,,,0.0
2021-04-04,,0,,,,0,0,,,,,,,0.9999853193408178,0.00541858863936743,4,,,26.1,79.9,146.3,32.26428571428571,25.864285714285717,80.03571428571429,4.7581,0.012297087419951724,,0,,,0.0,,,0.0
2021-04-11,,0,,,,0,0,,,,,,,0.9933953517278383,-0.11474177602566749,4,,,58.1,115.125,202.925,30.22142857142857,24.525,87.82142857142857,4.7974,0.014013654329859904,,0,,,0.0,,,0.0
2021-04-18,,0,,,,0,0,,,,,,,0.9724190913312905,-0.23324045707043928,4,,,43.650000000000006,143.85,246.3,30.574999999999996,24.72142857142857,86.46428571428571,4.7878,0.010681415181964082,,0,,,0.0,,,0.0
2021-04-25,11.0,1,100.0,110.0,105.0,0,5,10.0,,,,,1.0,0.9373603151147408,-0.34836136359819486,4,125.0,20.0,32.400000000000006,161.775,275.32500000000005,30.639285714285712,25.303571428571427,84.57142857142857,4.8327,0.016041544024892662,,0,99.0,,0.0,85.0,,0.0
2021-05-02,11.0,1,94.0,104.0,99.0,0,5,10.0,105.0,,102.0,-0.058840500022933465,2.0,0.8887267422037195,-0.45843732144314286,5,119.0,20.0,55.650000000000006,204.82500000000002,324.3,30.142857142857142,24.714285714285715,88.39285714285714,4.8184,0.012673125827536103,,0,85.0,,0.0,85.0,,0.0
2021-05-09,11.0,1,80.0,90.0,85.0,0,4,10.0,99.0,105.0,96.33333333333333,-0.1524685936442735,3.0,0.8272226811273455,-0.5618742170882073,5,105.0,20.0,53.65,207.17499999999998,375.325,31.13571428571429,24.914285714285715,87.35714285714286,4.8308,0.006962104473256403,,0,85.0,,0.0,75.0,,0.0
2021-05-16,11.0,1,80.0,90.0,85.0,0,4,10.0,85.0,99.0,93.5,0.0,4.0,0.7537388300638258,-0.6571740835227871,5,105.0,20.0,29.125000000000004,182.52499999999998,391.92499999999995,31.525,25.79642857142857,85.32142857142857,4.8718,0.01754459250595275,,0,75.0,,0.0,90.0,,0.0
2021-05-23,11.0,1,70.0,80.0,75.0,0,5,10.0,85.0,85.0,86.0,-0.12516314295400605,5.0,0.6693393778020698,-0.7429567937124865,5,95.0,20.0,62.375,212.04999999999998,445.09999999999997,30.599999999999998,25.825,86.5,4.8772,0.009208103130755152,,0,90.0,,0.0,95.0,,0.0
2021-05-30,11.0,1,85.0,95.0,90.0,0,4,10.0,75.0,85.0,83.75,0.1823215567939546,6.0,0.5752465922225328,-0.8179800475172747,5,110.0,20.0,99.35000000000001,258.975,535.875,29.517857142857142,25.42142857142857,88.07142857142857,4.9087,0.018740660800265596,,0,95.0,,0.0,101.0,,0.0
2021-06-06,11.0,1,90.0,100.0,95.0,0,4,10.0,90.0,75.0,86.25,0.05406722127027579,7.0,0.4728231194859959,-0.8811573626087066,6,115.0,20.0,26.975000000000005,228.025,533.9499999999999,31.189285714285713,26.335714285714285,85.17857142857143,4.8754,0.009232425271176625,,0,101.0,,0.0,105.0,,0.0
2021-06-13,11.0,1,96.0,106.0,101.0,0,5,10.0,95.0,90.0,90.25,0.061243625240718594,8.0,0.3635522502723814,-0.9315738088428033,6,121.0,20.0,92.475,297.375,603.875,28.832142857142856,25.175,87.96428571428571,4.8589,-0.0026478919495874775,,0,105.0,,0.0,105.0,,0.0
2021-06-20,11.0,1,100.0,110.0,105.0,0,5,10.0,101.0,95.0,97.75,0.03883983331626396,9.0,0.24901643885277955,-0.9684992582243312,6,125.0,20.0,29.550000000000004,265.475,615.3749999999999,30.525000000000002,25.360714285714288,84.42857142857143,4.8838,0.0013532354629703924,,0,105.0,,0.0,105.0,,0.0
2021-06-27,11.0,1,100.0,110.0,105.0,0,5,10.0,105.0,101.0,101.5,0.0,10.0,0.1308743860801995,-0.9913989585772879,6,125.0,20.0,52.75000000000001,212.85,661.9,30.192857142857143,25.178571428571427,84.10714285714286,4.9279,0.003911422576242218,,0,105.0,,0.0,101.0,,0.0
2021-07-04,11.0,1,100.0,110.0,105.0,0,5,10.0,105.0,105.0,104.0,0.0,11.0,0.010837018181828733,-0.9999412777943146,7,125.0,20.0,35.025000000000006,220.29999999999998,661.65,31.10357142857143,25.25357142857143,84.32142857142857,4.968,0.018993313369159548,,0,101.0,,0.0,95.0,,0.0
2021-07-11,11.0,1,96.0,106.0,101.0,0,5,10.0,105.0,105.0,104.0,-0.038839833316263894,12.0,-0.10935729077348681,-0.9940025065132799,7,121.0,20.0,145.9,281.6,748.575,28.628571428571426,24.889285714285712,90.39285714285714,5.0236,0.03389656095000926,,0,95.0,,0.0,95.0,,0.0
2021-07-18,11.0,1,90.0,100.0,95.0,0,5,10.0,101.0,105.0,101.5,-0.06124362524071867,13.0,-0.2279678939057896,-0.9736686496689512,7,115.0,20.0,77.47500000000001,319.35,788.0,29.45714285714286,24.6,88.14285714285714,5.0632,0.036733690978336675,,0,95.0,,0.0,95.0,,0.0
2021-07-25,11.0,1,90.0,100.0,95.0,0,5,10.0,95.0,101.0,99.0,0.0,14.0,-0.34327707946926905,-0.9392341809746114,7,115.0,20.0,73.525,338.3,830.2,29.053571428571427,25.457142857142856,87.25,5.0828,0.03143326772053001,,0,95.0,,0.0,91.0,,0.0
2021-08-01,11.0,1,90.0,100.0,95.0,0,3,10.0,95.0,95.0,96.5,0.0,15.0,-0.4536149466522629,-0.8911977783711451,8,115.0,20.0,78.05000000000001,377.675,851.5,29.557142857142857,25.689285714285713,87.03571428571429,5.0884,0.02423510466988721,,0,91.0,,0.0,85.0,,0.0
2021-08-08,11.0,1,86.0,96.0,91.0,0,5,10.0,95.0,95.0,94.0,-0.043017385083690816,16.0,-0.5573835889821389,-0.830255102202564,8,111.0,20.0,55.775,346.875,854.325,29.67142857142857,25.764285714285716,86.28571428571429,5.1531,0.025778326299864762,,0,85.0,,0.0,73.0,,0.0
2021-08-15,11.0,1,80.0,90.0,85.0,0,4,10.0,91.0,95.0,91.5,-0.06820825002653358,17.0,-0.6530802351124095,-0.7572887207040125,8,105.0,20.0,84.475,310.125,908.4499999999999,29.235714285714288,25.3,88.0,5.1436,0.015879285827144818,,0,73.0,,0.0,65.0,,0.0
2021-08-22,11.0,1,68.0,78.0,73.0,0,5,10.0,85.0,91.0,86.0,-0.15219181534192538,18.0,-0.7393190118685713,-0.6733553287007383,8,99.0,26.0,46.375,294.6,892.4749999999999,30.27857142857143,24.557142857142857,86.92857142857143,5.1343,0.010132210592586732,,0,65.0,,0.0,75.0,,0.0
2021-08-29,11.0,1,60.0,70.0,65.0,0,5,10.0,73.0,85.0,78.5,-0.11607217125275401,19.0,-0.8148510143815274,-0.579670444616073,8,95.0,30.0,142.675,345.225,934.0500000000001,28.49285714285714,24.175,90.25,5.0405,-0.009413568115714255,,0,75.0,,0.0,75.0,,0.0
2021-09-05,11.0,1,70.0,80.0,75.0,0,5,10.0,65.0,73.0,74.5,0.14310084364067324,20.0,-0.8785823926541031,-0.4775908074054518,9,105.0,30.0,62.075,345.52500000000003,958.8,28.75357142857143,24.39642857142857,89.14285714285714,5.0447,-0.021035881314160454,,0,75.0,,0.0,85.0,,0.0
2021-09-12,11.0,1,70.0,80.0,75.0,0,5,10.0,75.0,65.0,72.0,0.0,21.0,-0.9295901926320701,-0.36859472834302814,9,105.0,30.0,124.55000000000001,412.70000000000005,1001.4250000000001,28.439285714285713,24.296428571428574,90.42857142857143,5.071,-0.014114627887083064,,0,85.0,,0.0,85.0,,0.0
2021-09-19,11.0,1,80.0,90.0,85.0,0,5,10.0,75.0,75.0,75.0,0.125163142954006,22.0,-0.9671357223702196,-0.2542606822051601,9,115.0,30.0,105.45,450.1,1069.275,29.16785714285714,24.339285714285715,89.10714285714286,5.1477,0.0026098981360653806,,0,85.0,,0.0,,,0.0
2021-09-26,11.0,1,80.0,90.0,85.0,0,4,10.0,85.0,75.0,80.0,0.0,23.0,-0.990675249725465,-0.1362444478919698,9,115.0,30.0,126.0,441.2,1153.6750000000002,27.707142857142856,24.324999999999996,92.07142857142857,5.1713,0.025949806566808897,,0,,,0.0,,,0.0
2021-10-03,,0,,,,0,0,,,,,,,-0.9998678766536084,-0.016255129535149522,10,115.0,,50.550000000000004,413.85,1168.3500000000001,30.142857142857142,24.22142857142857,89.5,5.2182,0.0343925307748727,,0,,,0.0,,,0.0
2021-10-10,,0,,,,0,0,,,,,,,-0.9945804760746727,0.10396959464707627,10,115.0,,100.425,396.5,1122.625,29.49642857142857,24.539285714285715,89.10714285714286,5.2501,0.035318477617826805,,0,,,0.0,,,0.0
2021-10-17,,0,,,,0,0,,,,,,,-0.9748896198114074,0.22268863730322982,10,,,165.45,459.65,1212.075,28.103571428571428,24.17142857142857,90.78571428571429,5.1791,0.0060998115663304375,,0,,,0.0,,,0.0
2021-10-24,,0,,,,0,0,,,,,,,-0.9410804696806755,0.3381827162727261,10,,,60.025,424.79999999999995,1196.95,29.139285714285712,23.325,88.28571428571429,5.2145,0.008353798851352678,,0,,,0.0,,,0.0
2021-10-31,,0,,,,0,0,,,,,,,-0.8936426477968741,0.44877925312851974,10,,,35.574999999999996,387.35,1151.8999999999999,30.160714285714285,23.72142857142857,83.10714285714286,5.1982,-0.0038327392587482745,,0,,,0.0,,,0.0
2021-11-07,,0,,,,0,0,,,,,,,-0.833263145893403,0.5528765953590633,11,,,41.775000000000006,323.7,1140.55,30.34642857142857,23.86428571428571,87.07142857142857,5.1984,-0.00984743147749556,,0,,,0.0,,,0.0
2021-11-14,,0,,,,0,0,,,,,,,-0.7608163763489766,0.6489672114053316,11,,,78.7,243.85,1129.875,29.228571428571428,23.810714285714287,81.89285714285714,5.1374,-0.008051591975439698,,0,,,0.0,,,0.0
2021-11-21,,0,,,,0,0,,,,,,,-0.6773515089992288,0.7356595226437754,11,,,51.6,228.07500000000002,1137.35,30.224999999999998,23.86428571428571,86.35714285714286,5.1327,-0.01568702656055232,,0,,,0.0,,,0.0
2021-11-28,,0,,,,0,0,,,,,,,-0.5840772771211428,0.8116980561457271,11,,,29.375,225.87499999999997,1024.375,30.00357142857143,23.282142857142862,75.64285714285714,5.2677,0.013370012696702682,,0,,,0.0,,,0.0
2021-12-05,,0,,,,0,0,,,,,,,-0.4823444726291631,0.8759816263621598,12,,,66.4,239.725,1032.95,26.86785714285714,21.460714285714285,73.75,5.3179,0.022987842413050075,,0,,,0.0,,,0.0
2021-12-12,,0,,,,0,0,,,,,,,-0.3736263839865089,0.9275792824277426,12,,,0.825,184.32500000000002,904.25,29.714285714285715,21.87857142857143,68.89285714285714,5.2838,0.028496905049246735,,0,,,0.0,,,0.0
2021-12-19,,0,,,,0,0,,,,,,,-0.25949746012870334,0.9657437901362618,12,,,0.30000000000000004,103.60000000000001,782.7249999999999,30.746428571428574,22.92142857142857,65.85714285714286,5.22,0.017008591969138953,,0,,,0.0,,,0.0
2021-12-26,,0,,,,0,0,,,,,,,-0.1416105093871293,0.9899224533422392,12,,,24.900000000000002,95.55000000000001,698.9000000000001,29.717857142857138,21.989285714285717,76.0,5.2499,-0.003379083850636788,,0,,,0.0,,,0.0
2022-01-02,,0,,,,0,0,,,,,,,-0.021672763616436087,0.9997651180738534,1,,,1.4000000000000001,27.424999999999997,648.425,30.864285714285717,23.257142857142856,65.14285714285714,5.2334,-0.0158897309088174,,0,,,0.0,,,0.0
2022-01-09,,0,,,,0,0,,,,,,,0.12012289230803276,0.9927590295452128,1,,,0.05,27.025,533.15,32.18571428571428,22.38214285714286,66.35714285714286,5.2837,-1.8925773117905997e-05,,0,,,0.0,,,0.0
2022-01-16,,0,,,,0,0,,,,,,,0.23850617198777344,0.9711409814871055,1,,,2.2750000000000004,28.700000000000003,387.675,31.97142857142857,22.135714285714283,73.82142857142857,5.2295,0.0018199233716476027,,0,,,0.0,,,0.0
2022-01-23,,0,,,,0,0,,,,,,,0.35343541937821843,0.9354589271202359,1,,,15.575,32.425,345.25,30.842857142857138,22.232142857142858,75.21428571428571,5.1925,-0.01093354159126847,,0,,,0.0,,,0.0
2022-01-30,,0,,,,0,0,,,,,,,0.46324623590987735,0.8862296118474773,1,,,6.800000000000001,24.700000000000003,309.725,31.060714285714287,23.064285714285713,80.60714285714286,5.2541,0.003955363625941288,,0,,,0.0,,,0.0
2022-02-06,,0,,,,0,0,,,,,,,0.5663483478265068,0.8241659717036285,2,,,15.249999999999998,39.9,273.225,31.321428571428573,23.51071428571429,77.07142857142857,5.1831,-0.01903968809735601,,0,,,0.0,,,0.0
2022-02-13,,0,,,,0,0,,,,,,,0.6612486364356777,0.7501668086578858,2,,,41.349999999999994,79.0,243.825,30.567857142857143,23.36785714285714,84.71428571428571,5.1378,-0.01753513720240929,,0,,,0.0,,,0.0
2022-02-20,,0,,,,0,0,,,,,,,0.7465727613654504,0.6653037742168356,2,,,73.35,143.82500000000002,267.77500000000003,29.49642857142857,23.607142857142858,86.78571428571429,5.0717,-0.02326432354357244,,0,,,0.0,,,0.0
2022-02-27,,0,,,,0,0,,,,,,,0.821085063680431,0.5708058498306605,2,,,19.15,150.125,247.275,30.021428571428572,22.72857142857143,70.0,5.145,-0.020764736110846838,,0,,,0.0,,,0.0
2022-03-06,,0,,,,0,0,,,,,,,0.8837064606214575,0.46804154885639837,3,,,29.849999999999994,166.4,231.04999999999998,30.75357142857143,24.05,84.32142857142857,5.18,-0.0005980976635604485,,0,,,0.0,,,0.0
2022-03-13,,0,,,,0,0,,,,,,,0.933530072818355,0.3584990978283722,3,,,29.674999999999997,167.54999999999998,259.7,30.360714285714288,23.985714285714288,85.21428571428571,5.2478,0.021409941998520754,,0,,,0.0,,,0.0
2022-03-20,,0,,,,0,0,,,,,,,0.9698343576633864,0.24376488404946006,3,,,39.625,124.675,299.25,30.907142857142855,24.599999999999998,83.35714285714286,5.247,0.034564347260287454,,0,,,0.0,,,0.0
2022-03-27,,0,,,,0,0,,,,,,,0.9920935586486618,0.12550048162391395,3,,,37.949999999999996,138.075,312.075,30.45,24.489285714285717,85.78571428571429,5.2718,0.024645286686103107,,0,,,0.0,,,0.0
2022-04-03,,0,,,,0,0,,,,,,,0.9999853193408178,0.00541858863936743,4,,,46.599999999999994,162.125,357.5,30.660714285714285,23.260714285714283,82.32142857142857,5.2539,0.014266409266409319,,0,,,0.0,,,0.0
2022-04-10,,0,,,,0,0,,,,,,,0.9933953517278383,-0.11474177602566749,4,,,19.974999999999994,149.7,377.42499999999995,31.77857142857143,23.54642857142857,74.28571428571429,5.2793,0.006002515339761372,,0,,,0.0,,,0.0
2022-04-17,,0,,,,0,0,,,,,,,0.9724190913312905,-0.23324045707043928,4,,,23.499999999999996,147.325,398.5,32.14642857142857,25.392857142857142,79.71428571428571,5.282,0.006670478368591581,,0,,,0.0,,,0.0
2022-04-24,12.0,1,80.0,120.0,100.0,0,4,40.0,,,,,1.0,0.9373603151147408,-0.34836136359819486,4,120.0,20.0,42.349999999999994,135.625,425.0,31.12857142857143,24.732142857142858,84.03571428571429,5.2215,-0.009541333130998919,,0,92.0,,0.0,110.0,,0.0
2022-05-01,12.0,1,80.0,104.0,92.0,0,5,24.0,100.0,,96.0,-0.08338160893905101,2.0,0.8887267422037195,-0.45843732144314286,5,112.0,20.0,52.175,148.625,470.225,31.95,25.34642857142857,83.53571428571429,5.188,-0.012543063248253716,,0,110.0,,0.0,100.0,,0.0
2022-05-08,12.0,1,100.0,120.0,110.0,0,4,20.0,92.0,100.0,100.66666666666667,0.1786917887433759,3.0,0.8272226811273455,-0.5618742170882073,5,135.0,25.0,90.025,209.3,545.425,29.535714285714285,23.535714285714285,85.46428571428571,5.1489,-0.024700244350576717,,0,100.0,,0.0,90.0,,0.0
2022-05-15,12.0,1,90.0,110.0,100.0,0,4,20.0,110.0,92.0,100.5,-0.0953101798043249,4.0,0.7537388300638258,-0.6571740835227871,5,125.0,25.0,67.82499999999999,264.75,546.25,30.446428571428573,25.17142857142857,86.57142857142857,5.1209,-0.03049981067777363,,0,90.0,,0.0,90.0,,0.0
2022-05-22,12.0,1,80.0,100.0,90.0,0,4,20.0,100.0,110.0,98.0,-0.10536051565782628,5.0,0.6693393778020698,-0.7429567937124865,5,115.0,25.0,125.89999999999999,345.0,616.0500000000001,29.167857142857144,24.410714285714285,88.39285714285714,5.1366,-0.016259695489801773,,0,90.0,,0.0,90.0,,0.0
2022-05-29,12.0,1,80.0,100.0,90.0,0,5,20.0,90.0,100.0,97.5,0.0,6.0,0.5752465922225328,-0.8179800475172747,5,115.0,25.0,70.5,376.77500000000003,674.325,29.707142857142856,24.839285714285715,85.64285714285714,5.0938,-0.018157286044718557,,0,90.0,,0.0,85.0,,0.0
2022-06-05,12.0,1,80.0,100.0,90.0,0,4,20.0,90.0,90.0,92.5,0.0,7.0,0.4728231194859959,-0.8811573626087066,6,115.0,25.0,59.775,340.625,695.275,29.974999999999998,24.825,85.64285714285714,5.1462,-0.000524383848977461,,0,85.0,,0.0,80.0,,0.0
2022-06-12,12.0,1,75.0,95.0,85.0,0,4,20.0,90.0,90.0,88.75,-0.05715841383994864,8.0,0.3635522502723814,-0.9315738088428033,6,110.0,25.0,26.55,298.65,698.525,31.021428571428572,25.060714285714283,83.46428571428571,5.1891,0.01331797145033109,,0,80.0,,0.0,80.0,,0.0
2022-06-19,12.0,1,70.0,90.0,80.0,0,4,20.0,85.0,90.0,86.25,-0.060624621816434854,9.0,0.24901643885277955,-0.9684992582243312,6,105.0,25.0,23.825,236.325,679.1,30.964285714285715,25.125,84.32142857142857,5.2589,0.023809523809523725,,0,80.0,,0.0,80.0,,0.0
2022-06-26,12.0,1,70.0,90.0,80.0,0,5,20.0,80.0,85.0,83.75,0.0,10.0,0.1308743860801995,-0.9913989585772879,6,105.0,25.0,57.97500000000001,185.64999999999998,700.725,30.375,24.482142857142854,85.64285714285714,5.3009,0.04065726962189342,,0,80.0,,0.0,80.0,,0.0
2022-07-03,12.0,1,70.0,90.0,80.0,0,5,20.0,80.0,80.0,81.25,0.0,11.0,0.010837018181828733,-0.9999412777943146,7,105.0,25.0,97.0,224.925,748.9250000000001,29.782142857142862,24.857142857142858,86.78571428571429,5.3222,0.034199992227274434,,0,80.0,,0.0,80.0,,0.0
2022-07-10,12.0,1,70.0,90.0,80.0,0,5,20.0,80.0,80.0,80.0,0.0,12.0,-0.10935729077348681,-0.9940025065132799,7,105.0,25.0,100.85,285.575,835.325,29.15,24.796428571428574,87.92857142857143,5.3751,0.03584436607504182,,0,80.0,,0.0,80.0,,0.0
2022-07-17,12.0,1,70.0,90.0,80.0,0,2,20.0,80.0,80.0,80.0,0.0,13.0,-0.2279678939057896,-0.9736686496689512,7,105.0,25.0,118.125,380.52500000000003,922.7,28.478571428571428,24.37142857142857,88.35714285714286,5.426,0.0317747057369413,,0,80.0,,0.0,80.0,,0.0
2022-07-24,12.0,1,70.0,90.0,80.0,0,5,20.0,80.0,80.0,80.0,0.0,14.0,-0.34327707946926905,-0.9392341809746114,7,105.0,25.0,99.275,433.4,986.475,29.825,24.457142857142856,87.57142857142857,5.4308,0.024505272689543167,,0,80.0,,0.0,80.0,,0.0
2022-07-31,12.0,1,70.0,90.0,80.0,0,3,20.0,80.0,80.0,80.0,0.0,15.0,-0.4536149466522629,-0.8911977783711451,7,105.0,25.0,45.325,415.2,958.9,30.392857142857142,24.642857142857142,86.07142857142857,5.3821,0.011254744278681894,,0,80.0,,0.0,90.0,,0.0
2022-08-07,12.0,1,70.0,90.0,80.0,0,5,20.0,80.0,80.0,80.0,0.0,16.0,-0.5573835889821389,-0.830255102202564,8,105.0,25.0,149.79999999999998,448.22499999999997,1029.2749999999999,28.475,24.22857142857143,89.42857142857143,5.2663,-0.020241483879369637,,0,90.0,,0.0,90.0,,0.0
2022-08-14,12.0,1,80.0,100.0,90.0,0,4,20.0,80.0,80.0,82.5,0.11778303565638346,17.0,-0.6530802351124095,-0.7572887207040125,8,115.0,25.0,118.52499999999999,438.75,1087.5500000000002,28.896428571428572,23.91428571428571,86.21428571428571,5.2476,-0.03287873203096203,,0,90.0,,0.0,90.0,,0.0
2022-08-21,12.0,1,80.0,100.0,90.0,0,5,20.0,90.0,80.0,85.0,0.0,18.0,-0.7393190118685713,-0.6733553287007383,8,115.0,25.0,91.725,419.95,1038.5,29.853571428571428,24.657142857142862,85.75,5.2513,-0.033052220667304955,,0,90.0,,0.0,,,0.0
2022-08-28,12.0,1,80.0,100.0,90.0,0,1,20.0,90.0,90.0,87.5,0.0,19.0,-0.8148510143815274,-0.579670444616073,8,115.0,25.0,79.85,457.27500000000003,1058.6499999999999,30.096428571428568,24.55,87.07142857142857,5.2475,-0.025008825551364855,,0,,,0.0,,,0.0
2022-09-04,,0,,,,0,0,,,,,,,-0.8785823926541031,-0.4775908074054518,9,115.0,,63.325,405.7,1065.1499999999999,30.446428571428573,24.328571428571426,87.60714285714286,5.3054,0.007424567533182547,,0,,,0.0,,,0.0
2022-09-11,,0,,,,0,0,,,,,,,-0.9295901926320701,-0.36859472834302814,9,115.0,,142.67499999999998,379.725,1183.2749999999999,28.782142857142862,23.7,89.75,5.2497,0.0004001829407729307,,0,,,0.0,,,0.0
2022-09-18,,0,,,,0,0,,,,,,,-0.9671357223702196,-0.2542606822051601,9,,,83.3,403.04999999999995,1240.0,29.125,24.125,87.21428571428571,5.2732,0.0041703959019672165,,0,,,0.0,,,0.0
2022-09-25,,0,,,,0,0,,,,,,,-0.990675249725465,-0.1362444478919698,9,,,76.125,383.29999999999995,1258.3249999999998,29.20357142857143,24.028571428571432,88.28571428571429,5.2758,0.005393044306812866,,0,,,0.0,,,0.0
2022-10-02,,0,,,,0,0,,,,,,,-0.9998678766536084,-0.016255129535149522,10,,,134.2,460.52500000000003,1285.925,28.135714285714283,23.753571428571426,90.85714285714286,5.3084,0.000565461605157136,,0,,,0.0,,,0.0
2022-10-09,,0,,,,0,0,,,,,,,-0.9945804760746727,0.10396959464707627,10,,,108.6,421.05,1289.05,29.189285714285717,23.639285714285716,90.78571428571429,5.2502,9.524353772616401e-05,,0,,,0.0,,,0.0
2022-10-16,,0,,,,0,0,,,,,,,-0.9748896198114074,0.22268863730322982,10,,,48.875,404.59999999999997,1240.0,28.885714285714283,22.54285714285714,81.21428571428571,5.3049,0.0060115300007586026,,0,,,0.0,,,0.0
2022-10-23,,0,,,,0,0,,,,,,,-0.9410804696806755,0.3381827162727261,10,,,79.85,393.7,1218.325,29.485714285714288,23.142857142857142,81.96428571428571,5.2974,0.004094165813715245,,0,,,0.0,,,0.0
2022-10-30,,0,,,,0,0,,,,,,,-0.8936426477968741,0.44877925312851974,10,,,31.375,306.2,1193.425,30.49642857142857,23.917857142857144,82.0,5.2279,-0.015164644714038111,,0,,,0.0,,,0.0
2022-11-06,,0,,,,0,0,,,,,,,-0.833263145893403,0.5528765953590633,11,,,16.625,205.975,1038.325,30.01071428571429,22.110714285714284,71.85714285714286,5.2058,-0.008456820692545164,,0,,,0.0,,,0.0
2022-11-13,,0,,,,0,0,,,,,,,-0.7608163763489766,0.6489672114053316,11,,,20.049999999999997,148.5,961.25,31.40714285714285,23.59285714285715,76.5,5.062,-0.04578785651001893,,0,,,0.0,,,0.0
2022-11-20,,0,,,,0,0,,,,,,,-0.6773515089992288,0.7356595226437754,11,,,55.3,152.225,924.425,29.928571428571423,23.603571428571428,88.21428571428571,5.0236,-0.05168573262355114,,0,,,0.0,,,0.0
2022-11-27,,0,,,,0,0,,,,,,,-0.5840772771211428,0.8116980561457271,11,,,58.825,153.725,902.05,28.889285714285716,23.539285714285715,88.85714285714286,4.992,-0.04512328085847095,,0,,,0.0,,,0.0
2022-12-04,,0,,,,0,0,,,,,,,-0.4823444726291631,0.8759816263621598,12,,,22.875,173.475,864.9749999999999,30.167857142857144,23.596428571428568,83.89285714285714,4.9498,-0.04917591916708286,,0,,,0.0,,,0.0
2022-12-11,,0,,,,0,0,,,,,,,-0.3736263839865089,0.9275792824277426,12,,,19.1,165.55,740.425,30.282142857142855,23.85,77.35714285714286,4.9889,-0.01444093243777167,,0,,,0.0,,,0.0
2022-12-18,,0,,,,0,0,,,,,,,-0.25949746012870334,0.9657437901362618,12,,,1.5750000000000002,109.725,660.725,29.092857142857145,21.675,66.5,5.0171,-0.0012938928258618976,,0,,,0.0,,,0.0
2022-12-25,,0,,,,0,0,,,,,,,-0.1416105093871293,0.9899224533422392,12,,,0.15,57.5,578.25,29.157142857142862,20.86785714285714,64.89285714285714,4.9654,-0.005328525641025705,,0,,,0.0,,,0.0
2023-01-01,,0,,,,0,0,,,,,,,-0.021672763616436087,0.9997651180738534,1,,,0.1,30.375000000000004,441.525,29.349999999999998,20.071428571428573,66.17857142857143,5.006,0.01135399410077187,,0,,,0.0,,,0.0
2023-01-08,,0,,,,0,0,,,,,,,0.12012289230803276,0.9927590295452128,1,,,2.175,4.325,338.05,28.928571428571427,22.442857142857143,62.92857142857143,4.9604,-0.005712682154382809,,0,,,0.0,,,0.0
2023-01-15,,0,,,,0,0,,,,,,,0.23850617198777344,0.9711409814871055,1,,,28.724999999999998,32.15,325.625,29.360714285714288,22.639285714285712,83.25,4.9156,-0.020230810627653417,,0,,,0.0,,,0.0
2023-01-22,,0,,,,0,0,,,,,,,0.35343541937821843,0.9354589271202359,1,,,0.3,31.424999999999997,254.2,30.696428571428573,21.75357142857143,68.64285714285714,4.8287,-0.027530511137068392,,0,,,0.0,,,0.0
2023-01-29,,0,,,,0,0,,,,,,,0.46324623590987735,0.8862296118474773,1,,,0.95,32.2,226.575,30.15,21.532142857142855,60.642857142857146,4.8449,-0.03218138234119061,,0,,,0.0,,,0.0
2023-02-05,,0,,,,0,0,,,,,,,0.5663483478265068,0.8241659717036285,2,,,24.85,56.725,225.45000000000002,30.33214285714286,21.92142857142857,72.5,4.9009,-0.011995000403193234,,0,,,0.0,,,0.0
2023-02-12,,0,,,,0,0,,,,,,,0.6612486364356777,0.7501668086578858,2,,,9.0,35.25,208.675,30.664285714285715,23.45,83.03571428571429,4.9504,0.007079501993652704,,0,,,0.0,,,0.0
2023-02-19,,0,,,,0,0,,,,,,,0.7465727613654504,0.6653037742168356,2,,,25.424999999999997,60.225,189.15,30.803571428571427,23.228571428571428,75.35714285714286,5.0274,0.04114979186944723,,0,,,0.0,,,0.0
2023-02-26,,0,,,,0,0,,,,,,,0.821085063680431,0.5708058498306605,2,,,1.1999999999999964,60.475,129.625,31.91428571428571,22.028571428571432,68.25,5.0302,0.03824640343453933,,0,,,0.0,,,0.0
2023-03-05,,0,,,,0,0,,,,,,,0.8837064606214575,0.46804154885639837,3,,,2.1499999999999964,43.0,107.92500000000001,32.53214285714286,22.857142857142858,61.464285714285715,5.0161,0.02350588667387621,,0,,,0.0,,,0.0
2023-03-12,,0,,,,0,0,,,,,,,0.933530072818355,0.3584990978283722,3,,,4.074999999999997,33.4,100.67500000000001,32.107142857142854,22.832142857142856,74.82142857142857,5.0432,0.018745959922430444,,0,,,0.0,,,0.0
2023-03-19,,0,,,,0,0,,,,,,,0.9698343576633864,0.24376488404946006,3,,,9.249999999999996,16.9,108.35000000000001,30.932142857142857,23.800000000000004,77.17857142857143,4.9573,-0.01394358913155902,,0,,,0.0,,,0.0
2023-03-26,,0,,,,0,0,,,,,,,0.9920935586486618,0.12550048162391395,3,,,2.7249999999999965,18.95,110.925,32.357142857142854,25.110714285714284,77.5,4.9777,-0.010436960757027602,,0,,,0.0,,,0.0
2023-04-02,,0,,,,0,0,,,,,,,0.9999853193408178,0.00541858863936743,4,,,23.724999999999998,40.074999999999996,134.55,32.18571428571429,25.289285714285715,77.89285714285714,4.9638,-0.01042642690536466,,0,,,0.0,,,0.0
2023-04-09,,0,,,,0,0,,,,,,,0.9933953517278383,-0.11474177602566749,4,,,23.95,62.025,156.075,33.38214285714286,25.592857142857145,75.82142857142857,4.9552,-0.017449238578680193,,0,,,0.0,,,0.0
2023-04-16,13.0,1,80.0,100.0,90.0,0,3,20.0,,,,,1.0,0.9724190913312905,-0.23324045707043928,4,135.0,45.0,19.799999999999997,71.675,147.35000000000002,33.14642857142857,26.25714285714286,78.89285714285714,4.9709,0.0027434288826579944,,0,90.0,,0.0,75.0,,0.0
2023-04-23,13.0,1,80.0,100.0,90.0,0,4,20.0,90.0,,90.0,0.0,2.0,0.9373603151147408,-0.34836136359819486,4,135.0,45.0,14.774999999999999,83.0,161.875,33.46071428571428,26.842857142857138,76.25,4.9896,0.00239066235409946,,0,75.0,,0.0,81.66666666666667,,0.0
2023-04-30,13.0,1,60.0,90.0,75.0,0,5,30.0,90.0,90.0,85.0,-0.1823215567939546,3.0,0.8887267422037195,-0.45843732144314286,4,115.0,40.0,62.699999999999996,122.64999999999999,223.625,32.38214285714285,25.539285714285715,82.32142857142857,4.9312,-0.006567549055159438,,0,81.66666666666667,,0.0,90.0,,0.0
2023-05-07,13.0,1,66.66666666666667,96.66666666666667,81.66666666666667,0,3,30.0,75.0,90.0,84.16666666666667,0.08515780834030696,4.0,0.8272226811273455,-0.5618742170882073,5,118.33333333333333,36.66666666666666,20.499999999999996,127.32499999999999,218.15,32.482142857142854,26.2,81.92857142857143,4.8839,-0.014388924765902478,,0,90.0,,0.0,130.0,,0.0
2023-05-14,13.0,1,80.0,100.0,90.0,0,5,20.0,81.66666666666667,75.0,84.16666666666667,0.09716374845364767,5.0,0.7537388300638258,-0.6571740835227871,5,130.0,40.0,32.599999999999994,139.975,241.7,32.55,25.821428571428573,79.57142857142857,4.8892,-0.016435655515097958,,0,130.0,,0.0,160.0,,0.0
2023-05-21,13.0,1,120.0,140.0,130.0,0,4,20.0,90.0,81.66666666666667,94.16666666666667,0.36772478012531734,6.0,0.6693393778020698,-0.7429567937124865,5,170.0,40.0,26.699999999999996,146.225,243.89999999999998,33.225,26.11428571428571,77.53571428571429,4.9058,-0.016794933461600103,,0,160.0,,0.0,160.0,,0.0
2023-05-28,13.0,1,140.0,180.0,160.0,0,5,40.0,130.0,90.0,115.41666666666667,0.20763936477824455,7.0,0.5752465922225328,-0.8179800475172747,5,200.0,40.0,43.224999999999994,128.725,286.175,31.914285714285715,25.82857142857143,81.32142857142857,4.9112,-0.004055807916936938,,0,160.0,,0.0,120.0,,0.0
2023-06-04,13.0,1,140.0,180.0,160.0,0,5,40.0,160.0,130.0,135.0,0.0,8.0,0.4728231194859959,-0.8811573626087066,6,200.0,40.0,59.724999999999994,163.45000000000002,343.625,31.22142857142857,25.599999999999998,82.64285714285714,4.8973,0.0027437089211492793,,0,120.0,,0.0,100.0,,0.0
2023-06-11,13.0,1,100.0,140.0,120.0,0,4,40.0,160.0,160.0,142.5,-0.2876820724517809,9.0,0.3635522502723814,-0.9315738088428033,6,165.0,45.0,149.425,283.40000000000003,485.625,28.607142857142858,24.87857142857143,88.39285714285714,4.8513,-0.007751779432217831,,0,100.0,,0.0,100.0,,0.0
2023-06-18,13.0,1,80.0,120.0,100.0,0,5,40.0,120.0,160.0,135.0,-0.1823215567939546,10.0,0.24901643885277955,-0.9684992582243312,6,145.0,45.0,61.42499999999999,321.875,540.15,30.314285714285713,25.36785714285714,83.82142857142857,4.8595,-0.009437808308532802,,0,100.0,,0.0,100.0,,0.0
2023-06-25,13.0,1,80.0,120.0,100.0,0,5,40.0,100.0,120.0,120.0,0.0,11.0,0.1308743860801995,-0.9913989585772879,6,145.0,45.0,27.224999999999994,315.975,565.1750000000001,31.667857142857144,25.13571428571429,82.35714285714286,4.9043,-0.001404951946571087,,0,100.0,,0.0,100.0,,0.0
2023-07-02,13.0,1,80.0,120.0,100.0,0,5,40.0,100.0,100.0,105.0,0.0,12.0,0.010837018181828733,-0.9999412777943146,7,145.0,45.0,58.25,306.975,600.0500000000001,31.22857142857143,25.210714285714285,83.25,4.8722,-0.005125273109672701,,0,100.0,,0.0,90.0,,0.0
2023-07-09,13.0,1,80.0,120.0,100.0,0,5,40.0,100.0,100.0,100.0,0.0,13.0,-0.10935729077348681,-0.9940025065132799,7,145.0,45.0,42.27499999999999,236.95000000000002,617.25,31.27142857142857,24.8,82.60714285714286,4.8694,0.0037309587120977206,,0,90.0,,0.0,90.0,,0.0
2023-07-16,13.0,1,80.0,100.0,90.0,0,5,20.0,100.0,100.0,97.5,-0.10536051565782628,14.0,-0.2279678939057896,-0.9736686496689512,7,135.0,45.0,63.375,218.725,658.5,30.95714285714286,24.95714285714286,83.5,4.8534,-0.0012552731762527358,,0,90.0,,0.0,110.0,,0.0
2023-07-23,13.0,1,80.0,100.0,90.0,0,5,20.0,90.0,100.0,95.0,0.0,15.0,-0.34327707946926905,-0.9392341809746114,7,135.0,45.0,172.29999999999998,348.9,817.9499999999999,28.828571428571426,24.482142857142858,89.25,4.7871,-0.023897396162551265,,0,110.0,,0.0,110.0,,0.0
2023-07-30,13.0,1,100.0,120.0,110.0,0,4,20.0,90.0,90.0,97.5,0.20067069546215124,16.0,-0.4536149466522629,-0.8911977783711451,7,155.0,45.0,154.275,466.15000000000003,905.125,29.317857142857143,24.760714285714283,87.67857142857143,4.8036,-0.014079881778252146,,0,110.0,,0.0,110.0,,0.0
2023-08-06,13.0,1,100.0,120.0,110.0,0,2,20.0,110.0,90.0,100.0,0.0,17.0,-0.5573835889821389,-0.830255102202564,8,155.0,45.0,69.04999999999998,485.125,954.4,29.792857142857144,24.900000000000002,85.82142857142857,4.8412,-0.00579126791801865,,0,110.0,,0.0,110.0,,0.0
2023-08-13,13.0,1,100.0,120.0,110.0,0,5,20.0,110.0,110.0,105.0,0.0,18.0,-0.6530802351124095,-0.7572887207040125,8,155.0,45.0,53.074999999999996,475.0,973.3000000000001,30.357142857142858,25.010714285714283,84.42857142857143,4.8436,-0.002019203032925243,,0,110.0,,0.0,110.0,,0.0
2023-08-20,13.0,1,100.0,120.0,110.0,0,4,20.0,110.0,110.0,110.0,0.0,19.0,-0.7393190118685713,-0.6733553287007383,8,155.0,45.0,67.39999999999999,395.25,1015.65,30.75357142857143,24.857142857142858,84.64285714285714,4.8506,0.013264815859288515,,0,110.0,,0.0,,,0.0
2023-08-27,13.0,1,100.0,120.0,110.0,0,1,20.0,110.0,110.0,110.0,0.0,20.0,-0.8148510143815274,-0.579670444616073,8,155.0,45.0,75.44999999999999,319.5,1043.575,30.832142857142856,24.767857142857142,84.28571428571429,4.8104,0.0014156049629443501,,0,,,0.0,,,0.0
2023-09-03,,0,,,,0,0,,,,,,,-0.8785823926541031,-0.4775908074054518,9,155.0,,103.69999999999999,318.92499999999995,1088.475,29.964285714285715,24.957142857142856,85.85714285714286,4.8191,-0.0045649838882921845,,0,,,0.0,,,0.0
2023-09-10,,0,,,,0,0,,,,,,,-0.9295901926320701,-0.36859472834302814,9,155.0,,121.875,389.27500000000003,1056.525,29.939285714285713,24.775000000000002,87.82142857142857,4.8421,-0.0003096870096622739,,0,,,0.0,,,0.0
2023-09-17,,0,,,,0,0,,,,,,,-0.9671357223702196,-0.2542606822051601,9,,,139.7,457.82500000000005,1146.05,28.967857142857138,24.47857142857143,89.03571428571429,4.9181,0.013915804230404394,,0,,,0.0,,,0.0
2023-09-24,,0,,,,0,0,,,,,,,-0.990675249725465,-0.1362444478919698,9,,,65.32499999999999,453.225,1181.8,30.814285714285717,24.12142857142857,89.14285714285714,4.9234,0.023490769998337102,,0,,,0.0,,,0.0
2023-10-01,,0,,,,0,0,,,,,,,-0.9998678766536084,-0.016255129535149522,10,,,152.025,513.15,1274.9750000000001,29.175,24.085714285714285,88.82142857142857,5.0004,0.03762113257662225,,0,,,0.0,,,0.0
2023-10-08,,0,,,,0,0,,,,,,,-0.9945804760746727,0.10396959464707627,10,,,89.05,485.325,1314.175,29.446428571428573,24.457142857142856,90.10714285714286,5.0638,0.04578591933252096,,0,,,0.0,,,0.0
2023-10-15,,0,,,,0,0,,,,,,,-0.9748896198114074,0.22268863730322982,10,,,60.199999999999996,401.84999999999997,1289.575,30.685714285714283,24.20357142857143,88.67857142857143,4.9745,0.011467843272808587,,0,,,0.0,,,0.0
2023-10-22,,0,,,,0,0,,,,,,,-0.9410804696806755,0.3381827162727261,10,,,78.475,401.425,1216.25,30.38571428571429,24.11785714285714,89.96428571428571,4.9914,0.013811593614168949,,0,,,0.0,,,0.0
2023-10-29,,0,,,,0,0,,,,,,,-0.8936426477968741,0.44877925312851974,10,,,44.8,283.55,1107.3,30.385714285714283,24.010714285714283,88.60714285714286,4.9478,-0.010519158467322653,,0,,,0.0,,,0.0
2023-11-05,,0,,,,0,0,,,,,,,-0.833263145893403,0.5528765953590633,11,,,48.675,259.55,1094.275,30.492857142857144,24.175000000000004,86.96428571428571,4.8669,-0.03888384217386143,,0,,,0.0,,,0.0
2023-11-12,,0,,,,0,0,,,,,,,-0.7608163763489766,0.6489672114053316,11,,,59.79999999999999,252.975,1097.375,30.439285714285713,24.05,90.14285714285714,4.9304,-0.008865212584179383,,0,,,0.0,,,0.0
2023-11-19,,0,,,,0,0,,,,,,,-0.6773515089992288,0.7356595226437754,11,,,33.14999999999999,206.25,1046.425,29.707142857142856,23.767857142857142,77.10714285714286,4.8547,-0.027387105822013758,,0,,,0.0,,,0.0
2023-11-26,,0,,,,0,0,,,,,,,-0.5840772771211428,0.8116980561457271,11,,,3.249999999999993,161.55,995.0250000000001,30.50714285714286,23.092857142857145,72.5,4.9548,0.0014147702008973084,,0,,,0.0,,,0.0
2023-12-03,,0,,,,0,0,,,,,,,-0.4823444726291631,0.8759816263621598,12,,,25.374999999999993,135.1,903.2,31.160714285714285,24.27142857142857,73.71428571428571,4.9192,0.010746060120405243,,0,,,0.0,,,0.0
2023-12-10,,0,,,,0,0,,,,,,,-0.3736263839865089,0.9275792824277426,12,,,20.499999999999993,103.2,801.725,31.61785714285714,23.742857142857144,81.03571428571429,4.9362,0.0011763751419764379,,0,,,0.0,,,0.0
2023-12-17,,0,,,,0,0,,,,,,,-0.25949746012870334,0.9657437901362618,12,,,3.874999999999993,53.675,677.125,32.51428571428571,23.89642857142857,75.5,4.8989,0.009104579067707563,,0,,,0.0,,,0.0
2023-12-24,,0,,,,0,0,,,,,,,-0.1416105093871293,0.9899224533422392,12,,,1.5499999999999932,53.949999999999996,611.725,29.946428571428573,22.678571428571427,62.535714285714285,4.8428,-0.022604343263098237,,0,,,0.0,,,0.0
2023-12-31,,0,,,,0,0,,,,,,,-0.021672763616436087,0.9997651180738534,12,,,0.7749999999999931,34.074999999999996,458.8,31.41428571428571,23.135714285714283,63.357142857142854,4.8368,-0.01675069116929573,,0,,,0.0,,,0.0
2024-01-07,,0,,,,0,0,,,,,,,0.12012289230803276,0.9927590295452128,1,,,1.8749999999999931,8.525,376.3,32.90357142857143,23.353571428571428,68.5,4.8629,-0.0148494793565902,,0,,,0.0,,,0.0
2024-01-14,,0,,,,0,0,,,,,,,0.23850617198777344,0.9711409814871055,1,,,5.824999999999993,12.25,319.575,32.482142857142854,23.114285714285717,76.28571428571429,4.8955,-0.0006940333544265265,,0,,,0.0,,,0.0
2024-01-21,,0,,,,0,0,,,,,,,0.35343541937821843,0.9354589271202359,1,,,3.2999999999999927,12.225,249.425,32.90357142857143,22.7,68.32142857142857,4.931,0.018212604278516453,,0,,,0.0,,,0.0
2024-01-28,,0,,,,0,0,,,,,,,0.46324623590987735,0.8862296118474773,1,,,18.749999999999993,30.299999999999997,208.225,31.571428571428573,23.574999999999996,69.32142857142857,4.9592,0.025305987429705468,,0,,,0.0,,,0.0
2024-02-04,,0,,,,0,0,,,,,,,0.5663483478265068,0.8241659717036285,2,,,8.999999999999993,36.9,179.675,31.485714285714284,23.682142857142853,79.32142857142857,4.9085,0.009377120648172976,,0,,,0.0,,,0.0
2024-02-11,,0,,,,0,0,,,,,,,0.6612486364356777,0.7501668086578858,2,,,14.974999999999994,49.37499999999999,134.15,32.18571428571429,24.032142857142862,79.17857142857143,4.9968,0.020692472678990992,,0,,,0.0,,,0.0
2024-02-18,,0,,,,0,0,,,,,,,0.7465727613654504,0.6653037742168356,2,,,8.299999999999994,53.875,117.35000000000001,32.71071428571428,23.553571428571427,71.28571428571429,5.0127,0.016568647333198072,,0,,,0.0,,,0.0
2024-02-25,,0,,,,0,0,,,,,,,0.821085063680431,0.5708058498306605,2,,,7.949999999999992,41.65,117.025,32.13928571428571,24.974999999999998,77.71428571428571,5.0035,0.008932892402000236,,0,,,0.0,,,0.0
2024-03-03,,0,,,,0,0,,,,,,,0.8837064606214575,0.46804154885639837,3,,,16.699999999999992,49.4,105.675,32.260714285714286,24.407142857142855,79.64285714285714,4.9956,0.017744728532137932,,0,,,0.0,,,0.0
2024-03-10,,0,,,,0,0,,,,,,,0.933530072818355,0.3584990978283722,3,,,10.699999999999992,47.95,103.52499999999999,32.88928571428572,25.485714285714288,78.14285714285714,4.9337,-0.012628081972462457,,0,,,0.0,,,0.0
2024-03-17,,0,,,,0,0,,,,,,,0.9698343576633864,0.24376488404946006,3,,,24.674999999999994,63.275,124.125,31.964285714285715,24.717857142857145,78.5,4.9825,-0.0060246972689368405,,0,,,0.0,,,0.0
2024-03-24,,0,,,,0,0,,,,,,,0.9920935586486618,0.12550048162391395,3,,,23.124999999999993,78.825,145.95000000000002,31.94285714285714,24.79642857142857,78.92857142857143,5.0224,0.0037773558509044403,,0,,,0.0,,,0.0
2024-03-31,,0,,,,0,0,,,,,,,0.9999853193408178,0.00541858863936743,3,,,18.974999999999994,82.89999999999999,163.25,32.971428571428575,25.860714285714288,78.0,5.0435,0.0095884378252864,,0,,,0.0,,,0.0
2024-04-07,,0,,,,0,0,,,,,,,0.9933953517278383,-0.11474177602566749,4,,,3.7749999999999932,75.375,166.05,34.353571428571435,26.657142857142855,73.78571428571429,5.0679,0.027200681030463914,,0,,,0.0,,,0.0
2024-04-14,,0,,,,0,0,,,,,,,0.9724190913312905,-0.23324045707043928,4,,,14.724999999999994,64.1,174.6,33.667857142857144,26.464285714285715,76.28571428571429,5.0397,0.011480180632212678,,0,,,0.0,,,0.0
2024-04-21,14.0,1,100.0,150.0,125.0,0,3,50.0,,,,,1.0,0.9373603151147408,-0.34836136359819486,4,200.0,75.0,8.149999999999993,47.75,173.85000000000002,34.09285714285714,27.028571428571432,72.82142857142857,5.0931,0.014076935329722762,,0,105.0,,0.0,80.0,,0.0
2024-04-28,14.0,1,92.0,118.0,105.0,0,5,26.0,125.0,,115.0,-0.1743533871447778,2.0,0.8887267422037195,-0.45843732144314286,4,168.0,63.0,6.049999999999993,39.925,166.325,34.846428571428575,27.467857142857138,72.71428571428571,5.0984,0.010885297908198588,,0,80.0,,0.0,75.0,,0.0
2024-05-05,14.0,1,70.0,90.0,80.0,0,5,20.0,105.0,125.0,103.33333333333333,-0.2719337154836418,3.0,0.8272226811273455,-0.5618742170882073,5,130.0,50.0,9.349999999999993,39.425,164.525,35.68928571428571,28.00714285714286,70.82142857142857,5.0793,0.0022494524359202295,,0,75.0,,0.0,85.0,,0.0
2024-05-12,14.0,1,70.0,80.0,75.0,0,3,10.0,80.0,105.0,96.25,-0.06453852113757118,4.0,0.7537388300638258,-0.6571740835227871,5,115.0,40.0,71.79999999999998,98.925,224.175,33.18571428571429,26.164285714285715,82.92857142857143,5.0824,0.008472726551183696,,0,85.0,,0.0,100.0,,0.0
2024-05-19,14.0,1,80.0,90.0,85.0,0,5,10.0,75.0,80.0,86.25,0.125163142954006,5.0,0.6693393778020698,-0.7429567937124865,5,120.0,35.0,73.02499999999999,163.5,288.575,32.28928571428571,25.878571428571426,85.17857142857143,5.0221,-0.013940429208144312,,0,100.0,,0.0,115.0,,0.0
2024-05-26,14.0,1,90.0,110.0,100.0,0,4,20.0,85.0,75.0,85.0,0.16251892949777494,6.0,0.5752465922225328,-0.8179800475172747,5,140.0,40.0,81.475,236.475,361.525,31.392857142857142,25.75357142857143,86.28571428571429,5.063,-0.00694335477796959,,0,115.0,,0.0,115.0,,0.0
2024-06-02,14.0,1,100.0,130.0,115.0,0,5,30.0,100.0,85.0,93.75,0.13976194237515863,7.0,0.4728231194859959,-0.8811573626087066,6,160.0,45.0,71.3,304.125,415.375,32.17857142857143,26.317857142857143,81.14285714285714,5.081,0.0003346917882385281,,0,115.0,,0.0,115.0,,0.0
2024-06-09,14.0,1,100.0,130.0,115.0,0,4,30.0,115.0,100.0,103.75,0.0,8.0,0.3635522502723814,-0.9315738088428033,6,160.0,45.0,54.82499999999999,302.075,452.75,32.21071428571428,26.050000000000004,79.42857142857143,5.0378,-0.008775381709428598,,0,115.0,,0.0,115.0,,0.0
2024-06-16,14.0,1,100.0,130.0,115.0,0,5,30.0,115.0,115.0,111.25,0.0,9.0,0.24901643885277955,-0.9684992582243312,6,160.0,45.0,68.12499999999999,285.72499999999997,500.475,31.357142857142858,25.442857142857143,82.64285714285714,5.0598,0.007506819856235358,,0,115.0,,0.0,115.0,,0.0
2024-06-23,14.0,1,100.0,130.0,115.0,0,5,30.0,115.0,115.0,115.0,0.0,10.0,0.1308743860801995,-0.9913989585772879,6,160.0,45.0,86.35,285.65,566.05,30.539285714285715,25.3,84.21428571428571,5.045,-0.003555204424254388,,0,115.0,,0.0,115.0,,0.0
2024-06-30,14.0,1,100.0,130.0,115.0,0,5,30.0,115.0,115.0,115.0,0.0,11.0,0.010837018181828733,-0.9999412777943146,6,160.0,45.0,118.975,357.85,667.5749999999999,29.571428571428573,24.63214285714286,88.5,5.0572,-0.004684117299744273,,0,115.0,,0.0,115.0,,0.0
2024-07-07,14.0,1,100.0,130.0,115.0,0,5,30.0,115.0,115.0,115.0,0.0,12.0,-0.10935729077348681,-0.9940025065132799,7,160.0,45.0,48.92499999999999,361.15000000000003,712.925,30.103571428571428,24.77857142857143,86.17857142857143,5.0339,-0.0007741474453133446,,0,115.0,,0.0,115.0,,0.0
2024-07-14,14.0,1,100.0,130.0,115.0,0,5,30.0,115.0,115.0,115.0,0.0,13.0,-0.2279678939057896,-0.9736686496689512,7,160.0,45.0,105.39999999999999,368.2,803.25,29.58571428571429,24.749999999999996,87.14285714285714,4.9842,-0.014941302027748016,,0,115.0,,0.0,115.0,,0.0
2024-07-21,14.0,1,100.0,130.0,115.0,0,5,30.0,115.0,115.0,115.0,0.0,14.0,-0.34327707946926905,-0.9392341809746114,7,160.0,45.0,159.825,483.275,952.9749999999999,28.960714285714285,24.58571428571429,90.28571428571429,4.9913,-0.01064420218037665,,0,115.0,,0.0,115.0,,0.0
2024-07-28,14.0,1,100.0,130.0,115.0,0,4,30.0,115.0,115.0,115.0,0.0,15.0,-0.4536149466522629,-0.8911977783711451,7,160.0,45.0,157.1,507.55,1106.475,29.12857142857143,24.75,89.67857142857143,4.9666,-0.017915051807324223,,0,115.0,,0.0,105.0,,0.0
2024-08-04,14.0,1,100.0,130.0,115.0,0,4,30.0,115.0,115.0,115.0,0.0,16.0,-0.5573835889821389,-0.830255102202564,8,160.0,45.0,88.475,520.025,1179.875,29.77857142857143,24.610714285714288,87.53571428571429,4.905,-0.02560638868471754,,0,105.0,,0.0,105.0,,0.0
2024-08-11,14.0,1,90.0,120.0,105.0,0,5,30.0,115.0,115.0,112.5,-0.09097177820572676,17.0,-0.6530802351124095,-0.7572887207040125,8,150.0,45.0,35.075,491.12499999999994,1125.75,30.849999999999998,24.978571428571428,84.78571428571429,4.9119,-0.014505838449500486,,0,105.0,,0.0,105.0,,0.0
2024-08-18,14.0,1,90.0,120.0,105.0,0,4,30.0,105.0,115.0,110.0,0.0,18.0,-0.7393190118685713,-0.6733553287007383,8,150.0,45.0,61.925,387.95,1129.8249999999998,31.05,25.196428571428573,85.17857142857143,4.8767,-0.022959950313545585,,0,105.0,,0.0,105.0,,0.0
2024-08-25,14.0,1,90.0,120.0,105.0,0,5,30.0,105.0,105.0,107.5,0.0,19.0,-0.8148510143815274,-0.579670444616073,8,150.0,45.0,39.325,280.29999999999995,1095.05,31.025,24.8,84.67857142857143,4.7965,-0.03424878186284375,,0,105.0,,0.0,105.0,,0.0
2024-09-01,14.0,1,90.0,120.0,105.0,0,5,30.0,105.0,105.0,105.0,0.0,20.0,-0.8785823926541031,-0.4775908074054518,9,150.0,45.0,69.35000000000001,224.85,1093.0500000000002,30.167857142857144,24.55,86.25,4.7771,-0.026075433231396605,,0,105.0,,0.0,105.0,,0.0
2024-09-08,14.0,1,90.0,120.0,105.0,0,5,30.0,105.0,105.0,105.0,0.0,21.0,-0.9295901926320701,-0.36859472834302814,9,150.0,45.0,135.625,318.925,1143.025,29.50357142857143,25.021428571428572,87.32142857142857,4.7334,-0.03634031637451918,,0,105.0,,0.0,,,0.0
2024-09-15,14.0,1,90.0,120.0,105.0,0,5,30.0,105.0,105.0,105.0,0.0,22.0,-0.9671357223702196,-0.2542606822051601,9,150.0,45.0,74.0,331.975,1174.9,30.125,24.907142857142855,86.92857142857143,4.7038,-0.035454303114811125,,0,,,0.0,,,0.0
2024-09-22,,0,,,,0,0,,,,,,,-0.990675249725465,-0.1362444478919698,9,150.0,,108.875,408.35,1181.875,29.25,24.585714285714285,89.42857142857143,4.6825,-0.02376733034504319,,0,,,0.0,,,0.0
2024-09-29,,0,,,,0,0,,,,,,,-0.9998678766536084,-0.016255129535149522,9,150.0,,41.4,377.275,1119.8,30.271428571428572,24.196428571428573,88.17857142857143,4.6191,-0.03307445940005427,,0,,,0.0,,,0.0
2024-10-06,,0,,,,0,0,,,,,,,-0.9945804760746727,0.10396959464707627,10,,,74.1,321.625,1147.525,30.560714285714283,24.271428571428572,88.07142857142857,4.7133,-0.004246419064520057,,0,,,0.0,,,0.0
2024-10-13,,0,,,,0,0,,,,,,,-0.9748896198114074,0.22268863730322982,10,,,73.475,329.55,1108.35,30.667857142857144,24.24642857142857,88.71428571428571,4.7158,0.002551128874526798,,0,,,0.0,,,0.0
2024-10-20,,0,,,,0,0,,,,,,,-0.9410804696806755,0.3381827162727261,10,,,95.64999999999999,325.55,1047.975,29.724999999999998,23.853571428571428,90.78571428571429,4.6709,-0.0024773091297385363,,0,,,0.0,,,0.0
2024-10-27,,0,,,,0,0,,,,,,,-0.8936426477968741,0.44877925312851974,10,,,53.35000000000001,301.35,917.65,30.967857142857145,23.678571428571427,85.64285714285714,4.7379,0.025719295966746714,,0,,,0.0,,,0.0
2024-11-03,,0,,,,0,0,,,,,,,-0.833263145893403,0.5528765953590633,11,,,39.9,281.575,896.475,30.682142857142857,23.782142857142855,85.10714285714286,4.7638,0.010714361487704993,,0,,,0.0,,,0.0
2024-11-10,,0,,,,0,0,,,,,,,-0.7608163763489766,0.6489672114053316,11,,,45.974999999999994,257.75,893.075,30.089285714285715,24.039285714285715,80.21428571428571,4.7512,0.00750667967259,,0,,,0.0,,,0.0
2024-11-17,,0,,,,0,0,,,,,,,-0.6773515089992288,0.7356595226437754,11,,,11.725000000000001,186.42499999999998,858.025,31.914285714285715,23.86785714285714,80.39285714285714,4.8189,0.03168554240082222,,0,,,0.0,,,0.0
2024-11-24,,0,,,,0,0,,,,,,,-0.5840772771211428,0.8116980561457271,11,,,15.324999999999998,126.64999999999999,834.375,31.925,24.521428571428572,72.35714285714286,4.7666,0.006057536039173694,,0,,,0.0,,,0.0
2024-12-01,,0,,,,0,0,,,,,,,-0.4823444726291631,0.8759816263621598,12,,,7.875,86.175,736.0,31.092857142857145,24.075,67.85714285714286,4.7352,-0.00600361056299592,,0,,,0.0,,,0.0
2024-12-08,,0,,,,0,0,,,,,,,-0.3736263839865089,0.9275792824277426,12,,,5.5249999999999995,46.949999999999996,635.7249999999999,31.917857142857144,23.903571428571432,70.78571428571429,4.6804,-0.014901498568782645,,0,,,0.0,,,0.0
2024-12-15,,0,,,,0,0,,,,,,,-0.25949746012870334,0.9657437901362618,12,,,59.05,92.27499999999999,618.9,29.85,23.95357142857143,74.14285714285714,4.6926,-0.02620930087779383,,0,,,0.0,,,0.0
2024-12-22,,0,,,,0,0,,,,,,,-0.1416105093871293,0.9899224533422392,12,,,2.5,82.5,520.8,29.071428571428573,21.88571428571429,65.5,4.7154,-0.010741408970754929,,0,,,0.0,,,0.0
2024-12-29,,0,,,,0,0,,,,,,,-0.021672763616436087,0.9997651180738534,12,,,8.475,75.55,485.17499999999995,29.760714285714283,22.417857142857144,65.96428571428571,4.66,-0.01588106099003206,,0,,,0.0,,,0.0
2025-01-05,,0,,,,0,0,,,,,,,0.12012289230803276,0.9927590295452128,1,,,0.075,73.35,413.375,30.239285714285717,22.057142857142853,63.392857142857146,4.7067,0.005619177848047219,,0,,,0.0,,,0.0
2025-01-12,,0,,,,0,0,,,,,,,0.23850617198777344,0.9711409814871055,1,,,0.025,37.2,339.5,29.671428571428574,20.946428571428573,61.785714285714285,4.7147,0.004709542684226298,,0,,,0.0,,,0.0
2025-01-19,,0,,,,0,0,,,,,,,0.35343541937821843,0.9354589271202359,1,,,0.07499999999999998,8.649999999999999,244.5,29.678571428571427,20.86785714285714,58.035714285714285,4.7025,-0.0027357170123425423,,0,,,0.0,,,0.0
2025-01-26,,0,,,,0,0,,,,,,,0.46324623590987735,0.8862296118474773,1,,,0.325,7.05,181.70000000000002,31.599999999999998,20.514285714285712,71.53571428571429,4.6475,-0.002682403433476477,,0,,,0.0,,,0.0
2025-02-02,,0,,,,0,0,,,,,,,0.5663483478265068,0.8241659717036285,2,,,4.75,5.25,150.375,30.467857142857145,20.599999999999998,68.14285714285714,4.6329,-0.015679775638982596,,0,,,0.0,,,0.0
2025-02-09,,0,,,,0,0,,,,,,,0.6612486364356777,0.7501668086578858,2,,,5.025,10.174999999999999,120.375,31.439285714285713,22.47142857142857,74.82142857142857,4.6175,-0.020616370076569024,,0,,,0.0,,,0.0
2025-02-16,,0,,,,0,0,,,,,,,0.7465727613654504,0.6653037742168356,2,,,3.325,13.425,109.475,32.31071428571429,22.36428571428571,72.78571428571429,4.628,-0.015842636895268436,,0,,,0.0,,,0.0
2025-02-23,,0,,,,0,0,,,,,,,0.821085063680431,0.5708058498306605,2,,,44.8,57.925000000000004,136.60000000000002,30.39642857142857,23.175000000000004,85.28571428571429,4.6334,-0.0030338891877353946,,0,,,0.0,,,0.0
2025-03-02,,0,,,,0,0,,,,,,,0.8837064606214575,0.46804154885639837,3,,,34.075,87.225,168.025,30.88571428571429,23.82857142857143,79.5,4.6933,0.01303719052861041,,0,,,0.0,,,0.0
2025-03-09,,0,,,,0,0,,,,,,,0.933530072818355,0.3584990978283722,3,,,28.025,111.55,190.275,31.375,23.946428571428573,80.46428571428571,4.6484,0.006691932864103967,,0,,,0.0,,,0.0
2025-03-16,,0,,,,0,0,,,,,,,0.9698343576633864,0.24376488404946006,3,,,32.824999999999996,142.2,161.79999999999998,31.660714285714285,24.25,82.57142857142857,4.6507,0.004904926534139875,,0,,,0.0,,,0.0
2025-03-23,,0,,,,0,0,,,,,,,0.9920935586486618,0.12550048162391395,3,,,15.0,119.425,176.79999999999998,31.764285714285716,22.953571428571426,70.5,4.6708,0.008071826304657526,,0,,,0.0,,,0.0
2025-03-30,,0,,,,0,0,,,,,,,0.9999853193408178,0.00541858863936743,3,,,13.049999999999999,91.32499999999999,181.375,32.27142857142857,24.57857142857143,79.85714285714286,4.6738,-0.004154859054396609,,0,,,0.0,,,0.0
2025-04-06,,0,,,,0,0,,,,,,,0.9933953517278383,-0.11474177602566749,4,,,52.0,120.67499999999998,233.3,31.178571428571427,24.446428571428573,84.32142857142857,4.6937,0.009745288701488608,,0,,,0.0,,,0.0
2025-04-13,,0,,,,0,0,,,,,,,0.9724190913312905,-0.23324045707043928,4,,,36.199999999999996,121.55,269.47499999999997,31.324999999999996,24.753571428571426,83.42857142857143,4.597,-0.011546648891564537,,0,,,0.0,,,0.0
2025-04-20,,0,,,,0,0,,,,,,,0.9373603151147408,-0.34836136359819486,4,,,56.5,157.75,325.9,31.550000000000004,24.83571428571429,84.67857142857143,4.5597,-0.02378607519054543,,0,,,0.0,,,0.0
2025-04-27,,0,,,,0,0,,,,,,,0.8887267422037195,-0.45843732144314286,4,,,43.574999999999996,195.64999999999998,365.575,32.19642857142857,25.28571428571428,81.42857142857143,4.6019,-0.015383627883092998,,0,,,0.0,,,0.0
2025-05-04,,0,,,,0,0,,,,,,,0.8272226811273455,-0.5618742170882073,5,,,40.675000000000004,179.05,404.87499999999994,32.075,24.117857142857144,84.67857142857143,4.5432,-0.03206425634360954,,0,,,0.0,,,0.0
2025-05-11,15.0,1,90.0,100.0,95.0,0,2,10.0,,,,,1.0,0.7537388300638258,-0.6571740835227871,5,135.0,40.0,52.375,199.25,452.325,31.246428571428574,25.29642857142857,85.5,4.5578,-0.008527300413313066,,0,95.0,,0.0,91.0,,0.0
2025-05-18,15.0,1,90.0,100.0,95.0,0,4,10.0,95.0,,95.0,0.0,2.0,0.6693393778020698,-0.7429567937124865,5,135.0,40.0,60.349999999999994,200.25,504.3,30.875,24.696428571428573,88.07142857142857,4.634,0.01629493168410212,,0,91.0,,0.0,85.0,,0.0
2025-05-25,15.0,1,86.0,96.0,91.0,0,5,10.0,95.0,95.0,93.66666666666667,-0.043017385083690816,3.0,0.5752465922225328,-0.8179800475172747,5,129.0,38.0,62.425,236.47500000000002,511.275,30.65,25.039285714285715,87.32142857142857,4.5296,-0.015710902018731265,,0,85.0,,0.0,85.0,,0.0
2025-06-01,15.0,1,80.0,90.0,85.0,0,5,10.0,91.0,95.0,91.5,-0.06820825002653358,4.0,0.4728231194859959,-0.8811573626087066,6,120.0,35.0,71.175,267.32500000000005,561.8000000000001,30.589285714285715,24.907142857142855,85.57142857142857,4.5654,0.004886423666138562,,0,85.0,,0.0,85.0,,0.0
2025-06-08,15.0,1,80.0,90.0,85.0,0,3,10.0,85.0,91.0,89.0,0.0,5.0,0.3635522502723814,-0.9315738088428033,6,110.0,25.0,59.449999999999996,273.825,595.125,31.007142857142856,25.267857142857142,84.67857142857143,4.5404,-0.003817631313352998,,0,85.0,,0.0,85.0,,0.0
2025-06-15,15.0,1,80.0,90.0,85.0,0,5,10.0,85.0,85.0,86.5,0.0,6.0,0.24901643885277955,-0.9684992582243312,6,108.5,23.5,117.89999999999999,325.175,668.9250000000001,29.910714285714285,24.989285714285717,86.0,4.5174,-0.02516184721622794,,0,85.0,,0.0,85.0,,0.0
2025-06-22,15.0,1,80.0,90.0,85.0,0,5,10.0,85.0,85.0,85.0,0.0,7.0,0.1308743860801995,-0.9913989585772879,6,107.5,22.5,59.474999999999994,328.55,724.8499999999999,31.35,24.978571428571428,82.53571428571429,4.5688,0.008654185800070602,,0,85.0,,0.0,85.0,,0.0
2025-06-29,15.0,1,80.0,90.0,85.0,0,5,10.0,85.0,85.0,85.0,0.0,8.0,0.010837018181828733,-0.9999412777943146,6,107.5,22.5,86.27499999999999,337.47499999999997,780.8000000000001,29.939285714285713,24.582142857142856,85.78571428571429,4.549,-0.0035922372628904853,,0,85.0,,0.0,85.0,,0.0
2025-07-06,15.0,1,80.0,90.0,85.0,0,5,10.0,85.0,85.0,85.0,0.0,9.0,-0.10935729077348681,-0.9940025065132799,7,107.5,22.5,67.575,348.575,811.1,30.228571428571428,24.489285714285717,84.71428571428571,4.5149,-0.005616245264734365,,0,85.0,,0.0,85.0,,0.0
2025-07-13,15.0,1,80.0,90.0,85.0,0,3,10.0,85.0,85.0,85.0,0.0,10.0,-0.2279678939057896,-0.9736686496689512,7,107.5,22.5,95.05,320.15,856.4250000000001,30.264285714285716,24.82857142857143,85.96428571428571,4.5286,0.002479302253508564,,0,85.0,,0.0,85.0,,0.0
2025-07-20,15.0,1,80.0,90.0,85.0,0,5,10.0,85.0,85.0,85.0,0.0,11.0,-0.34327707946926905,-0.9392341809746114,7,107.5,22.5,126.67500000000001,407.825,940.7,29.732142857142858,24.685714285714287,86.75,4.5069,-0.013548415338819897,,0,85.0,,0.0,85.0,,0.0
2025-07-27,15.0,1,80.0,90.0,85.0,0,5,10.0,85.0,85.0,85.0,0.0,12.0,-0.4536149466522629,-0.8911977783711451,7,107.5,22.5,62.95,371.375,958.125,30.432142857142853,25.90357142857143,82.21428571428571,4.5155,-0.0073642558804133396,,0,85.0,,0.0,85.0,,0.0
2025-08-03,15.0,1,80.0,90.0,85.0,0,4,10.0,85.0,85.0,85.0,0.0,13.0,-0.5573835889821389,-0.830255102202564,8,107.5,22.5,81.85,390.15000000000003,1000.0999999999999,31.378571428571426,25.46071428571429,82.64285714285714,4.555,0.00888170280626377,,0,85.0,,0.0,,,0.0
2025-08-10,15.0,1,80.0,90.0,85.0,0,3,10.0,85.0,85.0,85.0,0.0,14.0,-0.6530802351124095,-0.7572887207040125,8,107.5,22.5,42.05,341.17499999999995,980.325,31.871428571428574,25.228571428571428,81.0,4.506,-0.004990504791767769,,0,,,0.0,,,0.0
2025-08-17,,0,,,,0,0,,,,,,,-0.7393190118685713,-0.6733553287007383,8,107.5,,97.35,338.5,1024.625,29.553571428571427,24.37857142857143,84.21428571428571,4.5173,0.0023075728327675016,,0,,,0.0,,,0.0
2025-08-24,,0,,,,0,0,,,,,,,-0.8148510143815274,-0.579670444616073,8,107.5,,65.025,315.29999999999995,1022.0,30.232142857142858,23.957142857142856,83.67857142857143,4.5467,0.00690953382792614,,0,,,0.0,,,0.0
2025-08-31,,0,,,,0,0,,,,,,,-0.8785823926541031,-0.4775908074054518,8,,,110.25,324.29999999999995,1050.0249999999999,29.853571428571428,24.071428571428573,85.85714285714286,4.5409,-0.003095499451152617,,0,,,0.0,,,0.0
2025-09-07,,0,,,,0,0,,,,,,,-0.9295901926320701,-0.36859472834302814,9,,,73.075,363.975,1053.875,29.72857142857143,24.339285714285715,87.10714285714286,4.5078,0.000399467376830831,,0,,,0.0,,,0.0
2025-09-14,,0,,,,0,0,,,,,,,-0.9671357223702196,-0.2542606822051601,9,,,81.6,363.8,1048.4250000000002,29.532142857142862,24.082142857142856,88.42857142857143,4.4571,-0.013326544617359937,,0,,,0.0,,,0.0
2025-09-21,,0,,,,0,0,,,,,,,-0.990675249725465,-0.1362444478919698,9,,,83.725,362.475,1052.75,29.721428571428568,24.303571428571427,86.35714285714286,4.4809,-0.014472034662502575,,0,,,0.0,,,0.0
2025-09-28,,0,,,,0,0,,,,,,,-0.9998678766536084,-0.016255129535149522,9,,,111.10000000000001,391.97499999999997,1092.8249999999998,29.47142857142857,24.185714285714287,86.89285714285714,4.5206,-0.004470479420379148,,0,,,0.0,,,0.0
2025-10-05,,0,,,,0,0,,,,,,,-0.9945804760746727,0.10396959464707627,10,,,96.1,393.325,1104.1000000000001,30.5,23.90357142857143,86.78571428571429,4.5501,0.009383734859576665,,0,,,0.0,,,0.0
2025-10-12,,0,,,,0,0,,,,,,,-0.9748896198114074,0.22268863730322982,10,,,49.95,363.025,1065.2250000000001,30.95,23.96071428571429,86.0,4.5916,0.030176572210630193,,0,,,0.0,,,0.0
2025-10-19,,0,,,,0,0,,,,,,,-0.9410804696806755,0.3381827162727261,10,,,38.125,317.22499999999997,981.9499999999999,31.103571428571428,24.414285714285715,85.14285714285714,4.6003,0.026646432636300732,,0,,,0.0,,,0.0
2025-10-26,,0,,,,0,0,,,,,,,-0.8936426477968741,0.44877925312851974,10,,,34.925,240.95,938.2,30.910714285714285,24.38571428571429,77.92857142857143,4.5988,0.017298588682918226,,0,,,0.0,,,0.0
2025-11-02,,0,,,,0,0,,,,,,,-0.833263145893403,0.5528765953590633,11,,,89.6,227.04999999999998,972.125,29.328571428571426,23.949999999999996,86.0,4.5424,-0.001692270499549453,,0,,,0.0,,,0.0
2025-11-09,,0,,,,0,0,,,,,,,-0.7608163763489766,0.6489672114053316,11,,,47.85,224.95,957.8249999999999,30.235714285714288,23.907142857142862,87.10714285714286,4.5416,-0.010889450300548775,,0,,,0.0,,,0.0
2025-11-16,,0,,,,0,0,,,,,,,-0.6773515089992288,0.7356595226437754,11,,,26.150000000000002,206.725,902.1999999999999,30.910714285714285,23.517857142857142,81.75,4.566,-0.007456035475947198,,0,,,0.0,,,0.0
2025-11-23,,0,,,,0,0,,,,,,,-0.5840772771211428,0.8116980561457271,11,,,54.65,235.1,885.4749999999999,27.8,22.525,75.17857142857143,4.5641,-0.007545446638253406,,0,,,0.0,,,0.0
2025-11-30,,0,,,,0,0,,,,,,,-0.4823444726291631,0.8759816263621598,11,,,0.025,162.0,778.725,28.932142857142857,20.982142857142858,64.92857142857143,4.5502,0.0017171539274394299,,0,,,0.0,,,0.0
2025-12-07,,0,,,,0,0,,,,,,,-0.3736263839865089,0.9275792824277426,12,,,9.225000000000001,102.1,696.525,31.142857142857142,22.039285714285715,76.07142857142857,4.5055,-0.007948740531971143,,0,,,0.0,,,0.0
2025-12-14,,0,,,,0,0,,,,,,,-0.25949746012870334,0.9657437901362618,12,,,10.2,74.9,647.775,30.04642857142857,22.739285714285717,72.82142857142857,4.4708,-0.020849759088918174,,0,,,0.0,,,0.0
2025-12-21,,0,,,,0,0,,,,,,,-0.1416105093871293,0.9899224533422392,12,,,1.3250000000000002,20.775,560.0500000000001,31.224999999999998,22.971428571428568,68.10714285714286,4.4681,-0.02103371968186496,,0,,,0.0,,,0.0
2025-12-28,,0,,,,0,0,,,,,,,-0.021672763616436087,0.9997651180738534,12,,,1.275,22.025,429.02500000000003,31.614285714285717,23.232142857142858,69.53571428571429,4.4259,-0.027317480550305473,,0,,,0.0,,,0.0
2026-01-04,,0,,,,0,0,,,,,,,0.12012289230803276,0.9927590295452128,1,,,0.125,14.1,359.27500000000003,30.875,20.996428571428574,67.17857142857143,4.4883,-0.003817556320053206,,0,,,0.0,,,0.0
2026-01-11,,0,,,,0,0,,,,,,,0.23850617198777344,0.9711409814871055,1,,,0.25,6.8,308.77500000000003,28.967857142857145,20.24285714285714,60.17857142857143,4.5064,0.007962780710387474,,0,,,0.0,,,0.0
2026-01-18,,0,,,,0,0,,,,,,,0.35343541937821843,0.9354589271202359,1,,,3.975,5.625,267.775,30.457142857142856,20.892857142857142,73.46428571428571,4.5123,0.009892347977887628,,0,,,0.0,,,0.0
2026-01-25,,0,,,,0,0,,,,,,,0.46324623590987735,0.8862296118474773,1,,,7.674999999999999,12.775,245.25,30.75714285714286,21.439285714285717,70.5,4.4748,0.011048600284687904,,0,,,0.0,,,0.0
2026-02-01,,0,,,,0,0,,,,,,,0.5663483478265068,0.8241659717036285,2,,,3.575,15.575,153.725,31.267857142857142,21.282142857142855,74.17857142857143,4.5217,0.007441570305015244,,0,,,0.0,,,0.0
2026-02-08,,0,,,,0,0,,,,,,,0.6612486364356777,0.7501668086578858,2,,,11.575,26.8,122.35,31.125,22.610714285714288,74.03571428571429,4.554,0.01056275519261507,,0,,,0.0,,,0.0
2026-02-15,,0,,,,0,0,,,,,,,0.7465727613654504,0.6653037742168356,2,,,13.750000000000002,39.575,111.6,31.782142857142855,23.075,79.46428571428571,4.498,-0.0031691155286659445,,0,,,0.0,,,0.0
2026-02-22,,0,,,,0,0,,,,,,,0.821085063680431,0.5708058498306605,2,,,10.900000000000002,39.8,73.875,32.23571428571429,24.0,79.17857142857143,4.5168,0.009385894341646495,,0,,,0.0,,,0.0
2026-03-01,,0,,,,0,0,,,,,,,0.8837064606214575,0.46804154885639837,3,,,15.275,52.824999999999996,89.125,31.935714285714283,24.196428571428573,79.25,4.5326,0.0024105977840194193,,0,,,0.0,,,0.0
2026-03-08,,0,,,,0,0,,,,,,,0.933530072818355,0.3584990978283722,3,,,6.875000000000002,55.85,86.75,32.910714285714285,24.075,75.82142857142857,4.6309,0.016886253842775423,,0,,,0.0,,,0.0
2026-03-15,,0,,,,0,0,,,,,,,0.9698343576633864,0.24376488404946006,3,,,22.425,58.575,98.10000000000001,32.175000000000004,23.514285714285712,73.96428571428571,4.669,0.038016896398399114,,0,,,0.0,,,0.0
2026-03-22,,0,,,,0,0,,,,,,,0.9920935586486618,0.12550048162391395,3,,,17.3,63.824999999999996,114.8,31.4,23.90357142857143,79.0,4.7517,0.052005844845908644,,0,,,0.0,,,0.0
2026-03-29,,0,,,,0,0,,,,,,,0.9999853193408178,0.00541858863936743,3,,,8.150000000000002,58.625,121.85,31.95714285714286,24.746428571428574,77.57142857142857,4.7659,0.05147156157613719,,0,,,0.0,,,0.0
2026-04-05,,0,,,,0,0,,,,,,,0.9933953517278383,-0.11474177602566749,4,,,3.3250000000000024,54.625,125.05,32.971428571428575,25.26428571428571,75.0,4.7502,0.02576173098101897,,0,,,0.0,,,0.0
2026-04-12,,0,,,,0,0,,,,,,,0.9724190913312905,-0.23324045707043928,4,,,1.275000000000002,31.875,126.075,34.096428571428575,25.714285714285715,73.17857142857143,4.7009,0.006832298136645987,,0,,,0.0,,,0.0
2026-04-19,,0,,,,0,0,,,,,,,0.9373603151147408,-0.34836136359819486,4,,,14.950000000000003,32.825,134.525,34.003571428571426,26.614285714285717,73.78571428571429,4.7015,-0.010564640023570382,,0,,,0.0,,,0.0
2026-04-26,,0,,,,0,0,,,,,,,0.8887267422037195,-0.45843732144314286,4,,,18.525000000000002,39.95,147.175,32.753571428571426,25.675,76.03571428571429,4.7358,-0.006315701126754614,,0,,,0.0,,,0.0
2026-05-03,,0,,,,0,0,,,,,,,0.8272226811273455,-0.5618742170882073,5,,,25.325000000000003,60.525,169.375,33.4,25.860714285714288,76.21428571428571,4.7659,0.0033051239947792244,,0,,,0.0,,,0.0
2026-05-10,16.0,1,90.0,100.0,95.0,0,4,10.0,,,,,1.0,0.7537388300638258,-0.6571740835227871,5,135.0,40.0,55.6,114.425,211.0,32.06428571428572,25.353571428571428,84.03571428571429,4.7378,0.007849560722414939,,0,95.0,,0.0,95.0,,0.0
2026-05-17,16.0,1,90.0,100.0,95.0,0,4,10.0,95.0,,95.0,0.0,2.0,0.6693393778020698,-0.7429567937124865,5,135.0,40.0,51.275000000000006,158.12500000000003,249.025,31.935714285714287,25.678571428571427,83.07142857142857,4.797,0.020312666170370974,,0,95.0,,0.0,85.0,,0.0
2026-05-24,16.0,1,90.0,100.0,95.0,0,5,10.0,95.0,95.0,95.0,0.0,3.0,0.5752465922225328,-0.8179800475172747,5,135.0,40.0,60.175,194.67499999999998,296.34999999999997,31.300000000000004,25.9,83.10714285714286,4.807,0.015034418683221418,,0,85.0,,0.0,85.0,,0.0
2026-05-31,16.0,1,80.0,90.0,85.0,0,5,10.0,95.0,95.0,92.5,-0.11122563511022437,4.0,0.4728231194859959,-0.8811573626087066,5,115.0,30.0,44.2,216.37499999999997,329.34999999999997,32.04285714285714,25.892857142857142,82.57142857142857,4.8058,0.008371975912209617,,0,85.0,,0.0,85.0,,0.0
2026-06-07,16.0,1,80.0,90.0,85.0,0,3,10.0,85.0,95.0,90.0,0.0,5.0,0.3635522502723814,-0.9315738088428033,6,115.0,30.0,87.325,250.2,408.7,30.689285714285713,25.3,84.85714285714286,4.8236,0.01810967115538853,,0,85.0,,0.0,85.0,,0.0
2026-06-14,16.0,1,80.0,90.0,85.0,0,5,10.0,85.0,85.0,87.5,0.0,6.0,0.24901643885277955,-0.9684992582243312,6,115.0,30.0,63.025000000000006,267.40000000000003,446.725,31.917857142857144,25.22142857142857,84.28571428571429,4.8422,0.009422555764019291,,0,85.0,,0.0,85.0,,0.0
2026-06-21,16.0,1,80.0,90.0,85.0,0,5,10.0,85.0,85.0,85.0,0.0,7.0,0.1308743860801995,-0.9913989585772879,6,115.0,30.0,38.55000000000001,242.1,469.0,31.61785714285714,24.978571428571428,84.21428571428571,4.8543,0.009839816933638446,,0,85.0,,0.0,85.0,,0.0
2026-06-28,16.0,1,80.0,90.0,85.0,0,5,10.0,85.0,85.0,85.0,0.0,8.0,0.010837018181828733,-0.9999412777943146,6,115.0,30.0,43.47500000000001,254.85000000000002,506.725,32.21785714285714,25.589285714285715,80.17857142857143,4.9094,0.021557284947355315,,0,85.0,,0.0,85.0,,0.0
2026-07-05,16.0,1,80.0,90.0,85.0,0,5,10.0,85.0,85.0,85.0,0.0,9.0,-0.10935729077348681,-0.9940025065132799,7,115.0,30.0,135.425,310.04999999999995,638.575,30.253571428571426,24.88571428571429,86.42857142857143,4.8861,0.012957127456671325,,0,85.0,,0.0,80.0,,0.0
2026-07-12,16.0,1,80.0,90.0,85.0,0,5,10.0,85.0,85.0,85.0,0.0,10.0,-0.2279678939057896,-0.9736686496689512,7,115.0,30.0,72.625,295.725,709.4000000000001,31.275000000000002,25.67142857142857,80.0,4.9177,0.01559208624179087,,0,80.0,,0.0,80.0,,0.0
2026-07-19,16.0,1,75.0,85.0,80.0,0,5,10.0,85.0,85.0,83.75,-0.060624621816434854,11.0,-0.34327707946926905,-0.9392341809746114,7,110.0,30.0,86.75000000000001,349.6,777.25,30.842857142857145,24.839285714285715,83.57142857142857,4.9628,0.02235131738870688,,0,80.0,,0.0,80.0,,0.0
2026-07-26,16.0,1,75.0,85.0,80.0,0,5,10.0,80.0,85.0,82.5,0.0,12.0,-0.4536149466522629,-0.8911977783711451,7,110.0,30.0,62.825,376.27500000000003,824.9499999999999,31.48928571428571,24.896428571428572,80.78571428571429,4.9748,0.013321383468448245,,0,80.0,,0.0,80.0,,0.0
2026-08-02,16.0,1,75.0,85.0,80.0,0,2,10.0,80.0,80.0,81.25,0.0,13.0,-0.5573835889821389,-0.830255102202564,8,110.0,30.0,86.95000000000002,353.65000000000003,883.6,30.1,24.539285714285715,85.32142857142857,4.9569,0.014490084116166368,,0,80.0,,0.0,,,
2026-08-09,16.0,1,75.0,85.0,80.0,0,5,10.0,80.0,80.0,80.0,0.0,14.0,-0.6530802351124095,-0.7572887207040125,8,110.0,30.0,98.475,377.275,926.6500000000001,30.849999999999998,25.28571428571428,83.85714285714286,4.8988,-0.003843260060597542,,0,,,,,,
